###############################################################
#  Generated by:      Cadence Innovus 21.15-s110_1
#  OS:                Linux x86_64(Host ID cad16)
#  Generated on:      Mon Aug 10 11:19:22 2026
#  Design:            soc_top
#  Command:           report_timing -nworst 20 > ${PNR_ROOT}/reports/50_final_setup.rpt 
###############################################################
Path 1: MET Setup Check with Pin u_cpu_pc_reg[31]/CK 
Endpoint:   u_cpu_pc_reg[31]/D (^) checked with  leading edge of 'clk'
Beginpoint: u_cpu_ir_reg[6]/Q  (^) triggered by  leading edge of 'clk'
Path Groups: {clk}
Analysis View: av_ss
Other End Arrival Time          0.515
- Setup                         0.060
+ Phase Shift                  10.000
- Uncertainty                   0.200
= Required Time                10.255
- Arrival Time                 10.211
= Slack Time                    0.044
     Clock Rise Edge                 0.000
     + Clock Network Latency (Prop)  0.514
     = Beginpoint Arrival Time       0.514
     +------------------------------------------------------------------------------------------------------------+ 
     |                      Instance                      |     Arc      |   Cell    | Delay | Arrival | Required | 
     |                                                    |              |           |       |  Time   |   Time   | 
     |----------------------------------------------------+--------------+-----------+-------+---------+----------| 
     | u_cpu_ir_reg[6]                                    | CK ^         |           |       |   0.514 |    0.559 | 
     | u_cpu_ir_reg[6]                                    | CK ^ -> Q ^  | SDFFRXL   | 0.545 |   1.060 |    1.104 | 
     | g655025                                            | A1N ^ -> Y ^ | AOI2BB1X1 | 0.254 |   1.313 |    1.358 | 
     | g160898                                            | B ^ -> Y v   | NOR2X1    | 0.077 |   1.390 |    1.434 | 
     | g160890                                            | A v -> Y ^   | NOR2X1    | 0.125 |   1.516 |    1.560 | 
     | FE_OFC2349_n_8446                                  | A ^ -> Y v   | CLKINVX4  | 0.165 |   1.681 |    1.725 | 
     | g655054                                            | A1N v -> Y v | OAI2BB1X1 | 0.279 |   1.960 |    2.004 | 
     | FE_OFC512_n_8982                                   | A v -> Y v   | CLKBUFX6  | 0.295 |   2.255 |    2.299 | 
     | FE_OFC1727_n_8982                                  | A v -> Y ^   | INVX3     | 0.271 |   2.526 |    2.570 | 
     | g655049                                            | A0 ^ -> Y v  | AOI22X1   | 0.205 |   2.731 |    2.776 | 
     | u_cpu_u_alu_sub_16_33_Y_u_cpu_u_alu_add_15_33_g404 | A0 v -> Y ^  | OAI21X1   | 0.139 |   2.870 |    2.914 | 
     | 6                                                  |              |           |       |         |          | 
     | u_cpu_u_alu_sub_16_33_Y_u_cpu_u_alu_add_15_33_g403 | A1 ^ -> Y v  | AOI21X1   | 0.136 |   3.006 |    3.050 | 
     | 9                                                  |              |           |       |         |          | 
     | u_cpu_u_alu_sub_16_33_Y_u_cpu_u_alu_add_15_33_g403 | B v -> Y ^   | NOR2X1    | 0.083 |   3.089 |    3.133 | 
     | 4                                                  |              |           |       |         |          | 
     | u_cpu_u_alu_sub_16_33_Y_u_cpu_u_alu_add_15_33_g403 | B ^ -> Y v   | NOR2X1    | 0.061 |   3.150 |    3.194 | 
     | 2                                                  |              |           |       |         |          | 
     | u_cpu_u_alu_sub_16_33_Y_u_cpu_u_alu_add_15_33_g403 | B v -> Y ^   | NOR2X1    | 0.056 |   3.205 |    3.250 | 
     | 0                                                  |              |           |       |         |          | 
     | u_cpu_u_alu_sub_16_33_Y_u_cpu_u_alu_add_15_33_g402 | B ^ -> Y v   | NOR2X1    | 0.053 |   3.258 |    3.302 | 
     | 8                                                  |              |           |       |         |          | 
     | u_cpu_u_alu_sub_16_33_Y_u_cpu_u_alu_add_15_33_g402 | B v -> Y ^   | NOR2X1    | 0.055 |   3.312 |    3.357 | 
     | 6                                                  |              |           |       |         |          | 
     | u_cpu_u_alu_sub_16_33_Y_u_cpu_u_alu_add_15_33_g402 | B ^ -> Y v   | NOR2X1    | 0.078 |   3.391 |    3.435 | 
     | 4                                                  |              |           |       |         |          | 
     | u_cpu_u_alu_sub_16_33_Y_u_cpu_u_alu_add_15_33_g402 | B v -> Y ^   | NOR2X1    | 0.091 |   3.481 |    3.526 | 
     | 1                                                  |              |           |       |         |          | 
     | u_cpu_u_alu_sub_16_33_Y_u_cpu_u_alu_add_15_33_g401 | A1 ^ -> Y v  | AOI21X1   | 0.131 |   3.612 |    3.657 | 
     | 5                                                  |              |           |       |         |          | 
     | u_cpu_u_alu_sub_16_33_Y_u_cpu_u_alu_add_15_33_g401 | A1 v -> Y ^  | OAI21X1   | 0.128 |   3.741 |    3.785 | 
     | 1                                                  |              |           |       |         |          | 
     | g655048                                            | A1N ^ -> Y ^ | OAI2BB1X1 | 0.173 |   3.914 |    3.958 | 
     | u_cpu_u_alu_sub_16_33_Y_u_cpu_u_alu_add_15_33_g400 | A ^ -> Y v   | INVX1     | 0.050 |   3.963 |    4.008 | 
     | 7                                                  |              |           |       |         |          | 
     | u_cpu_u_alu_sub_16_33_Y_u_cpu_u_alu_add_15_33_g400 | A1 v -> Y ^  | OAI21X1   | 0.082 |   4.045 |    4.089 | 
     | 5                                                  |              |           |       |         |          | 
     | u_cpu_u_alu_sub_16_33_Y_u_cpu_u_alu_add_15_33_g400 | A1 ^ -> Y v  | AOI21X1   | 0.144 |   4.189 |    4.233 | 
     | 3                                                  |              |           |       |         |          | 
     | u_cpu_u_alu_sub_16_33_Y_u_cpu_u_alu_add_15_33_g400 | A1 v -> Y ^  | OAI21X1   | 0.128 |   4.317 |    4.361 | 
     | 0                                                  |              |           |       |         |          | 
     | u_cpu_u_alu_sub_16_33_Y_u_cpu_u_alu_add_15_33_g399 | A ^ -> Y v   | INVX1     | 0.066 |   4.382 |    4.427 | 
     | 9                                                  |              |           |       |         |          | 
     | u_cpu_u_alu_sub_16_33_Y_u_cpu_u_alu_add_15_33_g399 | B v -> Y ^   | NOR2X1    | 0.054 |   4.436 |    4.481 | 
     | 8                                                  |              |           |       |         |          | 
     | u_cpu_u_alu_sub_16_33_Y_u_cpu_u_alu_add_15_33_g399 | B ^ -> Y v   | NOR2X1    | 0.081 |   4.518 |    4.562 | 
     | 6                                                  |              |           |       |         |          | 
     | u_cpu_u_alu_sub_16_33_Y_u_cpu_u_alu_add_15_33_g399 | B v -> Y ^   | NOR2X1    | 0.090 |   4.608 |    4.652 | 
     | 5                                                  |              |           |       |         |          | 
     | u_cpu_u_alu_sub_16_33_Y_u_cpu_u_alu_add_15_33_g399 | B ^ -> Y v   | NAND2X1   | 0.081 |   4.688 |    4.733 | 
     | 1                                                  |              |           |       |         |          | 
     | u_cpu_u_alu_sub_16_33_Y_u_cpu_u_alu_add_15_33_g398 | B v -> Y ^   | NAND2X1   | 0.079 |   4.767 |    4.811 | 
     | 9                                                  |              |           |       |         |          | 
     | u_cpu_u_alu_sub_16_33_Y_u_cpu_u_alu_add_15_33_g398 | B ^ -> Y v   | NAND2X1   | 0.102 |   4.869 |    4.914 | 
     | 2                                                  |              |           |       |         |          | 
     | u_cpu_u_alu_sub_16_33_Y_u_cpu_u_alu_add_15_33_g397 | A1 v -> Y ^  | OAI21X1   | 0.179 |   5.048 |    5.093 | 
     | 6                                                  |              |           |       |         |          | 
     | u_cpu_u_alu_sub_16_33_Y_u_cpu_u_alu_add_15_33_g429 | B ^ -> Y v   | CLKXOR2X1 | 0.245 |   5.294 |    5.338 | 
     | 3                                                  |              |           |       |         |          | 
     | g655417                                            | B v -> Y ^   | NAND2X1   | 0.050 |   5.344 |    5.388 | 
     | g655035                                            | C ^ -> Y v   | NAND3X2   | 0.197 |   5.541 |    5.585 | 
     | g165559                                            | A v -> Y ^   | NOR2X1    | 0.151 |   5.691 |    5.736 | 
     | g655026                                            | D ^ -> Y v   | NAND4BBX2 | 0.168 |   5.859 |    5.903 | 
     | g165557                                            | A v -> Y ^   | NOR2X1    | 0.130 |   5.989 |    6.034 | 
     | g165556                                            | A ^ -> Y v   | NAND2X1   | 0.073 |   6.062 |    6.107 | 
     | g165555                                            | B v -> Y ^   | NOR2X1    | 0.099 |   6.161 |    6.206 | 
     | g165554                                            | B0 ^ -> Y v  | AOI2BB1X1 | 0.100 |   6.261 |    6.305 | 
     | g165553                                            | B v -> Y ^   | NOR2X4    | 0.098 |   6.359 |    6.404 | 
     | g165550                                            | S0 ^ -> Y ^  | MX2X1     | 0.198 |   6.557 |    6.601 | 
     | g655045                                            | A1 ^ -> Y ^  | OA21X1    | 0.162 |   6.720 |    6.764 | 
     | u_cpu_add_167_30_Y_u_cpu_add_165_34_Y_u_cpu_add_16 | B ^ -> Y v   | NOR2X1    | 0.055 |   6.775 |    6.819 | 
     | 3_30_g913                                          |              |           |       |         |          | 
     | u_cpu_add_167_30_Y_u_cpu_add_165_34_Y_u_cpu_add_16 | B v -> Y ^   | NOR2X1    | 0.066 |   6.841 |    6.885 | 
     | 3_30_g911                                          |              |           |       |         |          | 
     | u_cpu_add_167_30_Y_u_cpu_add_165_34_Y_u_cpu_add_16 | B ^ -> Y v   | NOR2X2    | 0.055 |   6.895 |    6.940 | 
     | 3_30_g909                                          |              |           |       |         |          | 
     | u_cpu_add_167_30_Y_u_cpu_add_165_34_Y_u_cpu_add_16 | B0 v -> Y ^  | AOI2BB1X1 | 0.074 |   6.970 |    7.014 | 
     | 3_30_g907                                          |              |           |       |         |          | 
     | u_cpu_add_167_30_Y_u_cpu_add_165_34_Y_u_cpu_add_16 | B ^ -> Y v   | NOR2X2    | 0.062 |   7.031 |    7.076 | 
     | 3_30_g905                                          |              |           |       |         |          | 
     | u_cpu_add_167_30_Y_u_cpu_add_165_34_Y_u_cpu_add_16 | B0 v -> Y ^  | AOI2BB1X1 | 0.085 |   7.116 |    7.161 | 
     | 3_30_g903                                          |              |           |       |         |          | 
     | g655044                                            | B0 ^ -> Y v  | AOI21X2   | 0.064 |   7.180 |    7.225 | 
     | u_cpu_add_167_30_Y_u_cpu_add_165_34_Y_u_cpu_add_16 | B0 v -> Y ^  | AOI2BB1X1 | 0.081 |   7.261 |    7.305 | 
     | 3_30_g899                                          |              |           |       |         |          | 
     | u_cpu_add_167_30_Y_u_cpu_add_165_34_Y_u_cpu_add_16 | B ^ -> Y v   | NOR2X1    | 0.067 |   7.328 |    7.372 | 
     | 3_30_g897                                          |              |           |       |         |          | 
     | g655043                                            | A1N v -> Y v | AOI2BB1X2 | 0.161 |   7.489 |    7.533 | 
     | u_cpu_add_167_30_Y_u_cpu_add_165_34_Y_u_cpu_add_16 | B0 v -> Y ^  | AOI2BB1X2 | 0.079 |   7.568 |    7.612 | 
     | 3_30_g891                                          |              |           |       |         |          | 
     | u_cpu_add_167_30_Y_u_cpu_add_165_34_Y_u_cpu_add_16 | B ^ -> Y v   | NOR2X4    | 0.051 |   7.619 |    7.663 | 
     | 3_30_g889                                          |              |           |       |         |          | 
     | u_cpu_add_167_30_Y_u_cpu_add_165_34_Y_u_cpu_add_16 | B v -> Y ^   | NOR2X2    | 0.057 |   7.676 |    7.720 | 
     | 3_30_g887                                          |              |           |       |         |          | 
     | u_cpu_add_167_30_Y_u_cpu_add_165_34_Y_u_cpu_add_16 | B ^ -> Y v   | NOR2X4    | 0.050 |   7.726 |    7.770 | 
     | 3_30_g885                                          |              |           |       |         |          | 
     | u_cpu_add_167_30_Y_u_cpu_add_165_34_Y_u_cpu_add_16 | B v -> Y ^   | NOR2X2    | 0.056 |   7.782 |    7.827 | 
     | 3_30_g883                                          |              |           |       |         |          | 
     | u_cpu_add_167_30_Y_u_cpu_add_165_34_Y_u_cpu_add_16 | B ^ -> Y v   | NOR2X4    | 0.049 |   7.831 |    7.875 | 
     | 3_30_g881                                          |              |           |       |         |          | 
     | u_cpu_add_167_30_Y_u_cpu_add_165_34_Y_u_cpu_add_16 | B0 v -> Y ^  | AOI2BB1X2 | 0.069 |   7.900 |    7.945 | 
     | 3_30_g879                                          |              |           |       |         |          | 
     | u_cpu_add_167_30_Y_u_cpu_add_165_34_Y_u_cpu_add_16 | B ^ -> Y v   | NOR2X4    | 0.055 |   7.955 |    7.999 | 
     | 3_30_g877                                          |              |           |       |         |          | 
     | u_cpu_add_167_30_Y_u_cpu_add_165_34_Y_u_cpu_add_16 | B0 v -> Y ^  | AOI2BB1X4 | 0.056 |   8.011 |    8.055 | 
     | 3_30_g875                                          |              |           |       |         |          | 
     | u_cpu_add_167_30_Y_u_cpu_add_165_34_Y_u_cpu_add_16 | B ^ -> Y v   | NOR2X4    | 0.050 |   8.061 |    8.105 | 
     | 3_30_g873                                          |              |           |       |         |          | 
     | u_cpu_add_167_30_Y_u_cpu_add_165_34_Y_u_cpu_add_16 | B v -> Y ^   | NOR2X4    | 0.049 |   8.109 |    8.154 | 
     | 3_30_g871                                          |              |           |       |         |          | 
     | u_cpu_add_167_30_Y_u_cpu_add_165_34_Y_u_cpu_add_16 | B ^ -> Y v   | NOR2X4    | 0.043 |   8.153 |    8.197 | 
     | 3_30_g869                                          |              |           |       |         |          | 
     | u_cpu_add_167_30_Y_u_cpu_add_165_34_Y_u_cpu_add_16 | B0 v -> Y ^  | AOI2BB1X4 | 0.057 |   8.209 |    8.253 | 
     | 3_30_g867                                          |              |           |       |         |          | 
     | u_cpu_add_167_30_Y_u_cpu_add_165_34_Y_u_cpu_add_16 | B ^ -> Y v   | NOR2X4    | 0.045 |   8.254 |    8.298 | 
     | 3_30_g865                                          |              |           |       |         |          | 
     | u_cpu_add_167_30_Y_u_cpu_add_165_34_Y_u_cpu_add_16 | B v -> Y ^   | NOR2X4    | 0.045 |   8.299 |    8.343 | 
     | 3_30_g863                                          |              |           |       |         |          | 
     | u_cpu_add_167_30_Y_u_cpu_add_165_34_Y_u_cpu_add_16 | B ^ -> Y v   | NOR2X4    | 0.038 |   8.337 |    8.382 | 
     | 3_30_g861                                          |              |           |       |         |          | 
     | u_cpu_add_167_30_Y_u_cpu_add_165_34_Y_u_cpu_add_16 | B0 v -> Y ^  | AOI2BB1X2 | 0.069 |   8.406 |    8.450 | 
     | 3_30_g859                                          |              |           |       |         |          | 
     | u_cpu_add_167_30_Y_u_cpu_add_165_34_Y_u_cpu_add_16 | B ^ -> Y v   | NOR2X4    | 0.055 |   8.461 |    8.505 | 
     | 3_30_g857                                          |              |           |       |         |          | 
     | u_cpu_add_167_30_Y_u_cpu_add_165_34_Y_u_cpu_add_16 | B0 v -> Y ^  | AOI2BB1X4 | 0.063 |   8.524 |    8.568 | 
     | 3_30_g855                                          |              |           |       |         |          | 
     | u_cpu_add_167_30_Y_u_cpu_add_165_34_Y_u_cpu_add_16 | B ^ -> Y v   | NOR2X6    | 0.047 |   8.571 |    8.615 | 
     | 3_30_g853                                          |              |           |       |         |          | 
     | u_cpu_add_167_30_Y_u_cpu_add_165_34_Y_u_cpu_add_16 | B v -> Y ^   | NOR2X4    | 0.044 |   8.615 |    8.659 | 
     | 3_30_g851                                          |              |           |       |         |          | 
     | u_cpu_add_167_30_Y_u_cpu_add_165_34_Y_u_cpu_add_16 | B ^ -> Y v   | NOR2X4    | 0.044 |   8.659 |    8.704 | 
     | 3_30_g849                                          |              |           |       |         |          | 
     | u_cpu_add_167_30_Y_u_cpu_add_165_34_Y_u_cpu_add_16 | B v -> Y ^   | NOR2X4    | 0.048 |   8.707 |    8.751 | 
     | 3_30_g848                                          |              |           |       |         |          | 
     | u_cpu_add_167_30_Y_u_cpu_add_165_34_Y_u_cpu_add_16 | B ^ -> Y v   | NOR2X4    | 0.044 |   8.750 |    8.795 | 
     | 3_30_g846                                          |              |           |       |         |          | 
     | u_cpu_add_167_30_Y_u_cpu_add_165_34_Y_u_cpu_add_16 | B0 v -> Y ^  | AOI2BB1X4 | 0.060 |   8.811 |    8.855 | 
     | 3_30_g845                                          |              |           |       |         |          | 
     | u_cpu_add_167_30_Y_u_cpu_add_165_34_Y_u_cpu_add_16 | B ^ -> Y v   | NOR2X4    | 0.047 |   8.858 |    8.902 | 
     | 3_30_g843                                          |              |           |       |         |          | 
     | g655480                                            | B0 v -> Y ^  | AOI2BB1X4 | 0.058 |   8.916 |    8.961 | 
     | u_cpu_add_167_30_Y_u_cpu_add_165_34_Y_u_cpu_add_16 | B ^ -> Y v   | NOR2X4    | 0.048 |   8.964 |    9.008 | 
     | 3_30_g840                                          |              |           |       |         |          | 
     | u_cpu_add_167_30_Y_u_cpu_add_165_34_Y_u_cpu_add_16 | B v -> Y ^   | NOR2X4    | 0.044 |   9.008 |    9.052 | 
     | 3_30_g839                                          |              |           |       |         |          | 
     | u_cpu_add_167_30_Y_u_cpu_add_165_34_Y_u_cpu_add_16 | B ^ -> Y v   | NOR2X4    | 0.042 |   9.050 |    9.094 | 
     | 3_30_g837                                          |              |           |       |         |          | 
     | u_cpu_add_167_30_Y_u_cpu_add_165_34_Y_u_cpu_add_16 | B0 v -> Y ^  | AOI2BB1X4 | 0.063 |   9.113 |    9.157 | 
     | 3_30_g836                                          |              |           |       |         |          | 
     | u_cpu_add_167_30_Y_u_cpu_add_165_34_Y_u_cpu_add_16 | B ^ -> Y v   | NOR2X6    | 0.048 |   9.160 |    9.205 | 
     | 3_30_g834                                          |              |           |       |         |          | 
     | u_cpu_add_167_30_Y_u_cpu_add_165_34_Y_u_cpu_add_16 | B0 v -> Y ^  | AOI2BB1X4 | 0.062 |   9.222 |    9.266 | 
     | 3_30_g833                                          |              |           |       |         |          | 
     | u_cpu_add_167_30_Y_u_cpu_add_165_34_Y_u_cpu_add_16 | B ^ -> Y v   | NOR2X6    | 0.049 |   9.271 |    9.316 | 
     | 3_30_g831                                          |              |           |       |         |          | 
     | u_cpu_add_167_30_Y_u_cpu_add_165_34_Y_u_cpu_add_16 | B v -> Y ^   | NOR2X4    | 0.046 |   9.317 |    9.362 | 
     | 3_30_g830                                          |              |           |       |         |          | 
     | u_cpu_add_167_30_Y_u_cpu_add_165_34_Y_u_cpu_add_16 | B ^ -> Y v   | NOR2X4    | 0.042 |   9.359 |    9.404 | 
     | 3_30_g828                                          |              |           |       |         |          | 
     | u_cpu_add_167_30_Y_u_cpu_add_165_34_Y_u_cpu_add_16 | B0 v -> Y ^  | AOI2BB1X4 | 0.060 |   9.419 |    9.464 | 
     | 3_30_g827                                          |              |           |       |         |          | 
     | u_cpu_add_167_30_Y_u_cpu_add_165_34_Y_u_cpu_add_16 | B ^ -> Y v   | NOR2X6    | 0.045 |   9.464 |    9.508 | 
     | 3_30_g825                                          |              |           |       |         |          | 
     | u_cpu_add_167_30_Y_u_cpu_add_165_34_Y_u_cpu_add_16 | B v -> Y ^   | NOR2X4    | 0.050 |   9.514 |    9.558 | 
     | 3_30_g824                                          |              |           |       |         |          | 
     | u_cpu_add_167_30_Y_u_cpu_add_165_34_Y_u_cpu_add_16 | B ^ -> Y v   | NOR2X6    | 0.044 |   9.558 |    9.602 | 
     | 3_30_g822                                          |              |           |       |         |          | 
     | u_cpu_add_167_30_Y_u_cpu_add_165_34_Y_u_cpu_add_16 | B0 v -> Y ^  | AOI2BB1X4 | 0.062 |   9.620 |    9.664 | 
     | 3_30_g821                                          |              |           |       |         |          | 
     | u_cpu_add_167_30_Y_u_cpu_add_165_34_Y_u_cpu_add_16 | B ^ -> Y v   | NOR2X6    | 0.046 |   9.666 |    9.710 | 
     | 3_30_g819                                          |              |           |       |         |          | 
     | u_cpu_add_167_30_Y_u_cpu_add_165_34_Y_u_cpu_add_16 | B v -> Y ^   | NOR2X4    | 0.043 |   9.709 |    9.754 | 
     | 3_30_g818                                          |              |           |       |         |          | 
     | u_cpu_add_167_30_Y_u_cpu_add_165_34_Y_u_cpu_add_16 | B ^ -> Y v   | NOR2X4    | 0.042 |   9.751 |    9.795 | 
     | 3_30_g816                                          |              |           |       |         |          | 
     | g655057                                            | B0 v -> Y ^  | AOI2BB1X4 | 0.066 |   9.817 |    9.861 | 
     | g655056                                            | A ^ -> Y v   | NOR2X6    | 0.053 |   9.870 |    9.914 | 
     | u_cpu_add_167_30_Y_u_cpu_add_165_34_Y_u_cpu_add_16 | B0 v -> Y ^  | AOI2BB1X4 | 0.057 |   9.927 |    9.971 | 
     | 3_30_g812                                          |              |           |       |         |          | 
     | u_cpu_add_167_30_Y_u_cpu_add_165_34_Y_u_cpu_add_16 | B ^ -> Y v   | NOR2X4    | 0.038 |   9.965 |   10.009 | 
     | 3_30_g810                                          |              |           |       |         |          | 
     | u_cpu_add_167_30_Y_u_cpu_add_165_34_Y_u_cpu_add_16 | B v -> Y ^   | CLKXOR2X1 | 0.132 |  10.097 |   10.141 | 
     | 3_30_g809                                          |              |           |       |         |          | 
     | g641353                                            | B ^ -> Y v   | NAND2X1   | 0.062 |  10.159 |   10.203 | 
     | g653712                                            | B v -> Y ^   | NAND2X1   | 0.052 |  10.211 |   10.255 | 
     | u_cpu_pc_reg[31]                                   | D ^          | DFFRHQX1  | 0.000 |  10.211 |   10.255 | 
     +------------------------------------------------------------------------------------------------------------+ 
Path 2: MET Setup Check with Pin u_cpu_pc_reg[31]/CK 
Endpoint:   u_cpu_pc_reg[31]/D (^) checked with  leading edge of 'clk'
Beginpoint: u_cpu_ir_reg[6]/Q  (^) triggered by  leading edge of 'clk'
Path Groups: {clk}
Analysis View: av_ss
Other End Arrival Time          0.515
- Setup                         0.060
+ Phase Shift                  10.000
- Uncertainty                   0.200
= Required Time                10.255
- Arrival Time                 10.210
= Slack Time                    0.045
     Clock Rise Edge                 0.000
     + Clock Network Latency (Prop)  0.514
     = Beginpoint Arrival Time       0.514
     +------------------------------------------------------------------------------------------------------------+ 
     |                      Instance                      |     Arc      |   Cell    | Delay | Arrival | Required | 
     |                                                    |              |           |       |  Time   |   Time   | 
     |----------------------------------------------------+--------------+-----------+-------+---------+----------| 
     | u_cpu_ir_reg[6]                                    | CK ^         |           |       |   0.514 |    0.560 | 
     | u_cpu_ir_reg[6]                                    | CK ^ -> Q ^  | SDFFRXL   | 0.545 |   1.060 |    1.105 | 
     | g655025                                            | A1N ^ -> Y ^ | AOI2BB1X1 | 0.254 |   1.313 |    1.359 | 
     | g160898                                            | B ^ -> Y v   | NOR2X1    | 0.077 |   1.390 |    1.435 | 
     | g160890                                            | A v -> Y ^   | NOR2X1    | 0.125 |   1.516 |    1.561 | 
     | FE_OFC2349_n_8446                                  | A ^ -> Y v   | CLKINVX4  | 0.165 |   1.681 |    1.726 | 
     | g655053                                            | A1N v -> Y v | OAI2BB1X1 | 0.263 |   1.944 |    1.989 | 
     | FE_OFC511_n_8980                                   | A v -> Y v   | BUFX8     | 0.268 |   2.212 |    2.257 | 
     | FE_OFC2432_n_8980                                  | A v -> Y ^   | INVX3     | 0.174 |   2.386 |    2.431 | 
     | u_cpu_u_alu_sub_16_33_Y_u_cpu_u_alu_add_15_33_g417 | A0 ^ -> Y v  | OAI22X1   | 0.158 |   2.544 |    2.589 | 
     | 0                                                  |              |           |       |         |          | 
     | u_cpu_u_alu_sub_16_33_Y_u_cpu_u_alu_add_15_33_g411 | B v -> Y ^   | NOR2X1    | 0.115 |   2.659 |    2.704 | 
     | 5                                                  |              |           |       |         |          | 
     | u_cpu_u_alu_sub_16_33_Y_u_cpu_u_alu_add_15_33_g404 | A1 ^ -> Y v  | OAI21X1   | 0.133 |   2.792 |    2.837 | 
     | 6                                                  |              |           |       |         |          | 
     | u_cpu_u_alu_sub_16_33_Y_u_cpu_u_alu_add_15_33_g403 | A1 v -> Y ^  | AOI21X1   | 0.129 |   2.921 |    2.967 | 
     | 9                                                  |              |           |       |         |          | 
     | u_cpu_u_alu_sub_16_33_Y_u_cpu_u_alu_add_15_33_g403 | B ^ -> Y v   | NOR2X1    | 0.069 |   2.991 |    3.036 | 
     | 4                                                  |              |           |       |         |          | 
     | u_cpu_u_alu_sub_16_33_Y_u_cpu_u_alu_add_15_33_g403 | B v -> Y ^   | NOR2X1    | 0.076 |   3.067 |    3.112 | 
     | 2                                                  |              |           |       |         |          | 
     | u_cpu_u_alu_sub_16_33_Y_u_cpu_u_alu_add_15_33_g403 | B ^ -> Y v   | NOR2X1    | 0.066 |   3.133 |    3.178 | 
     | 0                                                  |              |           |       |         |          | 
     | u_cpu_u_alu_sub_16_33_Y_u_cpu_u_alu_add_15_33_g402 | B v -> Y ^   | NOR2X1    | 0.063 |   3.196 |    3.241 | 
     | 8                                                  |              |           |       |         |          | 
     | u_cpu_u_alu_sub_16_33_Y_u_cpu_u_alu_add_15_33_g402 | B ^ -> Y v   | NOR2X1    | 0.058 |   3.254 |    3.299 | 
     | 6                                                  |              |           |       |         |          | 
     | u_cpu_u_alu_sub_16_33_Y_u_cpu_u_alu_add_15_33_g402 | B v -> Y ^   | NOR2X1    | 0.106 |   3.359 |    3.405 | 
     | 4                                                  |              |           |       |         |          | 
     | u_cpu_u_alu_sub_16_33_Y_u_cpu_u_alu_add_15_33_g402 | B ^ -> Y v   | NOR2X1    | 0.099 |   3.459 |    3.504 | 
     | 1                                                  |              |           |       |         |          | 
     | u_cpu_u_alu_sub_16_33_Y_u_cpu_u_alu_add_15_33_g401 | A1 v -> Y ^  | AOI21X1   | 0.108 |   3.567 |    3.612 | 
     | 5                                                  |              |           |       |         |          | 
     | u_cpu_u_alu_sub_16_33_Y_u_cpu_u_alu_add_15_33_g401 | A1 ^ -> Y v  | OAI21X1   | 0.135 |   3.702 |    3.747 | 
     | 1                                                  |              |           |       |         |          | 
     | g655048                                            | A1N v -> Y v | OAI2BB1X1 | 0.171 |   3.873 |    3.919 | 
     | u_cpu_u_alu_sub_16_33_Y_u_cpu_u_alu_add_15_33_g400 | A v -> Y ^   | INVX1     | 0.072 |   3.945 |    3.990 | 
     | 7                                                  |              |           |       |         |          | 
     | u_cpu_u_alu_sub_16_33_Y_u_cpu_u_alu_add_15_33_g400 | A1 ^ -> Y v  | OAI21X1   | 0.095 |   4.040 |    4.085 | 
     | 5                                                  |              |           |       |         |          | 
     | u_cpu_u_alu_sub_16_33_Y_u_cpu_u_alu_add_15_33_g400 | A1 v -> Y ^  | AOI21X1   | 0.136 |   4.176 |    4.221 | 
     | 3                                                  |              |           |       |         |          | 
     | u_cpu_u_alu_sub_16_33_Y_u_cpu_u_alu_add_15_33_g400 | A1 ^ -> Y v  | OAI21X1   | 0.134 |   4.309 |    4.355 | 
     | 0                                                  |              |           |       |         |          | 
     | u_cpu_u_alu_sub_16_33_Y_u_cpu_u_alu_add_15_33_g399 | A v -> Y ^   | INVX1     | 0.065 |   4.375 |    4.420 | 
     | 9                                                  |              |           |       |         |          | 
     | u_cpu_u_alu_sub_16_33_Y_u_cpu_u_alu_add_15_33_g399 | B ^ -> Y v   | NOR2X1    | 0.038 |   4.412 |    4.458 | 
     | 8                                                  |              |           |       |         |          | 
     | u_cpu_u_alu_sub_16_33_Y_u_cpu_u_alu_add_15_33_g399 | B v -> Y ^   | NOR2X1    | 0.105 |   4.518 |    4.563 | 
     | 6                                                  |              |           |       |         |          | 
     | u_cpu_u_alu_sub_16_33_Y_u_cpu_u_alu_add_15_33_g399 | B ^ -> Y v   | NOR2X1    | 0.097 |   4.615 |    4.660 | 
     | 5                                                  |              |           |       |         |          | 
     | u_cpu_u_alu_sub_16_33_Y_u_cpu_u_alu_add_15_33_g399 | B v -> Y ^   | NAND2X1   | 0.046 |   4.661 |    4.706 | 
     | 1                                                  |              |           |       |         |          | 
     | u_cpu_u_alu_sub_16_33_Y_u_cpu_u_alu_add_15_33_g398 | B ^ -> Y v   | NAND2X1   | 0.129 |   4.790 |    4.835 | 
     | 9                                                  |              |           |       |         |          | 
     | u_cpu_u_alu_sub_16_33_Y_u_cpu_u_alu_add_15_33_g398 | B v -> Y ^   | NAND2X1   | 0.110 |   4.899 |    4.945 | 
     | 2                                                  |              |           |       |         |          | 
     | u_cpu_u_alu_sub_16_33_Y_u_cpu_u_alu_add_15_33_g397 | A1 ^ -> Y v  | OAI21X1   | 0.184 |   5.083 |    5.128 | 
     | 6                                                  |              |           |       |         |          | 
     | u_cpu_u_alu_sub_16_33_Y_u_cpu_u_alu_add_15_33_g429 | B v -> Y v   | CLKXOR2X1 | 0.210 |   5.293 |    5.338 | 
     | 3                                                  |              |           |       |         |          | 
     | g655417                                            | B v -> Y ^   | NAND2X1   | 0.050 |   5.343 |    5.388 | 
     | g655035                                            | C ^ -> Y v   | NAND3X2   | 0.197 |   5.540 |    5.585 | 
     | g165559                                            | A v -> Y ^   | NOR2X1    | 0.151 |   5.690 |    5.736 | 
     | g655026                                            | D ^ -> Y v   | NAND4BBX2 | 0.168 |   5.858 |    5.903 | 
     | g165557                                            | A v -> Y ^   | NOR2X1    | 0.130 |   5.988 |    6.034 | 
     | g165556                                            | A ^ -> Y v   | NAND2X1   | 0.073 |   6.061 |    6.107 | 
     | g165555                                            | B v -> Y ^   | NOR2X1    | 0.099 |   6.160 |    6.206 | 
     | g165554                                            | B0 ^ -> Y v  | AOI2BB1X1 | 0.100 |   6.260 |    6.305 | 
     | g165553                                            | B v -> Y ^   | NOR2X4    | 0.098 |   6.358 |    6.404 | 
     | g165550                                            | S0 ^ -> Y ^  | MX2X1     | 0.198 |   6.556 |    6.601 | 
     | g655045                                            | A1 ^ -> Y ^  | OA21X1    | 0.162 |   6.719 |    6.764 | 
     | u_cpu_add_167_30_Y_u_cpu_add_165_34_Y_u_cpu_add_16 | B ^ -> Y v   | NOR2X1    | 0.055 |   6.774 |    6.819 | 
     | 3_30_g913                                          |              |           |       |         |          | 
     | u_cpu_add_167_30_Y_u_cpu_add_165_34_Y_u_cpu_add_16 | B v -> Y ^   | NOR2X1    | 0.066 |   6.840 |    6.885 | 
     | 3_30_g911                                          |              |           |       |         |          | 
     | u_cpu_add_167_30_Y_u_cpu_add_165_34_Y_u_cpu_add_16 | B ^ -> Y v   | NOR2X2    | 0.055 |   6.894 |    6.940 | 
     | 3_30_g909                                          |              |           |       |         |          | 
     | u_cpu_add_167_30_Y_u_cpu_add_165_34_Y_u_cpu_add_16 | B0 v -> Y ^  | AOI2BB1X1 | 0.074 |   6.969 |    7.014 | 
     | 3_30_g907                                          |              |           |       |         |          | 
     | u_cpu_add_167_30_Y_u_cpu_add_165_34_Y_u_cpu_add_16 | B ^ -> Y v   | NOR2X2    | 0.062 |   7.030 |    7.076 | 
     | 3_30_g905                                          |              |           |       |         |          | 
     | u_cpu_add_167_30_Y_u_cpu_add_165_34_Y_u_cpu_add_16 | B0 v -> Y ^  | AOI2BB1X1 | 0.085 |   7.115 |    7.161 | 
     | 3_30_g903                                          |              |           |       |         |          | 
     | g655044                                            | B0 ^ -> Y v  | AOI21X2   | 0.064 |   7.179 |    7.225 | 
     | u_cpu_add_167_30_Y_u_cpu_add_165_34_Y_u_cpu_add_16 | B0 v -> Y ^  | AOI2BB1X1 | 0.081 |   7.260 |    7.305 | 
     | 3_30_g899                                          |              |           |       |         |          | 
     | u_cpu_add_167_30_Y_u_cpu_add_165_34_Y_u_cpu_add_16 | B ^ -> Y v   | NOR2X1    | 0.067 |   7.327 |    7.372 | 
     | 3_30_g897                                          |              |           |       |         |          | 
     | g655043                                            | A1N v -> Y v | AOI2BB1X2 | 0.161 |   7.488 |    7.533 | 
     | u_cpu_add_167_30_Y_u_cpu_add_165_34_Y_u_cpu_add_16 | B0 v -> Y ^  | AOI2BB1X2 | 0.079 |   7.567 |    7.612 | 
     | 3_30_g891                                          |              |           |       |         |          | 
     | u_cpu_add_167_30_Y_u_cpu_add_165_34_Y_u_cpu_add_16 | B ^ -> Y v   | NOR2X4    | 0.051 |   7.618 |    7.663 | 
     | 3_30_g889                                          |              |           |       |         |          | 
     | u_cpu_add_167_30_Y_u_cpu_add_165_34_Y_u_cpu_add_16 | B v -> Y ^   | NOR2X2    | 0.057 |   7.675 |    7.720 | 
     | 3_30_g887                                          |              |           |       |         |          | 
     | u_cpu_add_167_30_Y_u_cpu_add_165_34_Y_u_cpu_add_16 | B ^ -> Y v   | NOR2X4    | 0.050 |   7.725 |    7.770 | 
     | 3_30_g885                                          |              |           |       |         |          | 
     | u_cpu_add_167_30_Y_u_cpu_add_165_34_Y_u_cpu_add_16 | B v -> Y ^   | NOR2X2    | 0.056 |   7.781 |    7.827 | 
     | 3_30_g883                                          |              |           |       |         |          | 
     | u_cpu_add_167_30_Y_u_cpu_add_165_34_Y_u_cpu_add_16 | B ^ -> Y v   | NOR2X4    | 0.049 |   7.830 |    7.875 | 
     | 3_30_g881                                          |              |           |       |         |          | 
     | u_cpu_add_167_30_Y_u_cpu_add_165_34_Y_u_cpu_add_16 | B0 v -> Y ^  | AOI2BB1X2 | 0.069 |   7.899 |    7.945 | 
     | 3_30_g879                                          |              |           |       |         |          | 
     | u_cpu_add_167_30_Y_u_cpu_add_165_34_Y_u_cpu_add_16 | B ^ -> Y v   | NOR2X4    | 0.055 |   7.954 |    7.999 | 
     | 3_30_g877                                          |              |           |       |         |          | 
     | u_cpu_add_167_30_Y_u_cpu_add_165_34_Y_u_cpu_add_16 | B0 v -> Y ^  | AOI2BB1X4 | 0.056 |   8.010 |    8.055 | 
     | 3_30_g875                                          |              |           |       |         |          | 
     | u_cpu_add_167_30_Y_u_cpu_add_165_34_Y_u_cpu_add_16 | B ^ -> Y v   | NOR2X4    | 0.050 |   8.060 |    8.105 | 
     | 3_30_g873                                          |              |           |       |         |          | 
     | u_cpu_add_167_30_Y_u_cpu_add_165_34_Y_u_cpu_add_16 | B v -> Y ^   | NOR2X4    | 0.049 |   8.108 |    8.154 | 
     | 3_30_g871                                          |              |           |       |         |          | 
     | u_cpu_add_167_30_Y_u_cpu_add_165_34_Y_u_cpu_add_16 | B ^ -> Y v   | NOR2X4    | 0.043 |   8.152 |    8.197 | 
     | 3_30_g869                                          |              |           |       |         |          | 
     | u_cpu_add_167_30_Y_u_cpu_add_165_34_Y_u_cpu_add_16 | B0 v -> Y ^  | AOI2BB1X4 | 0.057 |   8.208 |    8.253 | 
     | 3_30_g867                                          |              |           |       |         |          | 
     | u_cpu_add_167_30_Y_u_cpu_add_165_34_Y_u_cpu_add_16 | B ^ -> Y v   | NOR2X4    | 0.045 |   8.253 |    8.298 | 
     | 3_30_g865                                          |              |           |       |         |          | 
     | u_cpu_add_167_30_Y_u_cpu_add_165_34_Y_u_cpu_add_16 | B v -> Y ^   | NOR2X4    | 0.045 |   8.298 |    8.343 | 
     | 3_30_g863                                          |              |           |       |         |          | 
     | u_cpu_add_167_30_Y_u_cpu_add_165_34_Y_u_cpu_add_16 | B ^ -> Y v   | NOR2X4    | 0.038 |   8.336 |    8.382 | 
     | 3_30_g861                                          |              |           |       |         |          | 
     | u_cpu_add_167_30_Y_u_cpu_add_165_34_Y_u_cpu_add_16 | B0 v -> Y ^  | AOI2BB1X2 | 0.069 |   8.405 |    8.450 | 
     | 3_30_g859                                          |              |           |       |         |          | 
     | u_cpu_add_167_30_Y_u_cpu_add_165_34_Y_u_cpu_add_16 | B ^ -> Y v   | NOR2X4    | 0.055 |   8.460 |    8.505 | 
     | 3_30_g857                                          |              |           |       |         |          | 
     | u_cpu_add_167_30_Y_u_cpu_add_165_34_Y_u_cpu_add_16 | B0 v -> Y ^  | AOI2BB1X4 | 0.063 |   8.523 |    8.568 | 
     | 3_30_g855                                          |              |           |       |         |          | 
     | u_cpu_add_167_30_Y_u_cpu_add_165_34_Y_u_cpu_add_16 | B ^ -> Y v   | NOR2X6    | 0.047 |   8.570 |    8.615 | 
     | 3_30_g853                                          |              |           |       |         |          | 
     | u_cpu_add_167_30_Y_u_cpu_add_165_34_Y_u_cpu_add_16 | B v -> Y ^   | NOR2X4    | 0.044 |   8.614 |    8.659 | 
     | 3_30_g851                                          |              |           |       |         |          | 
     | u_cpu_add_167_30_Y_u_cpu_add_165_34_Y_u_cpu_add_16 | B ^ -> Y v   | NOR2X4    | 0.044 |   8.658 |    8.704 | 
     | 3_30_g849                                          |              |           |       |         |          | 
     | u_cpu_add_167_30_Y_u_cpu_add_165_34_Y_u_cpu_add_16 | B v -> Y ^   | NOR2X4    | 0.048 |   8.706 |    8.751 | 
     | 3_30_g848                                          |              |           |       |         |          | 
     | u_cpu_add_167_30_Y_u_cpu_add_165_34_Y_u_cpu_add_16 | B ^ -> Y v   | NOR2X4    | 0.044 |   8.749 |    8.795 | 
     | 3_30_g846                                          |              |           |       |         |          | 
     | u_cpu_add_167_30_Y_u_cpu_add_165_34_Y_u_cpu_add_16 | B0 v -> Y ^  | AOI2BB1X4 | 0.060 |   8.810 |    8.855 | 
     | 3_30_g845                                          |              |           |       |         |          | 
     | u_cpu_add_167_30_Y_u_cpu_add_165_34_Y_u_cpu_add_16 | B ^ -> Y v   | NOR2X4    | 0.047 |   8.857 |    8.902 | 
     | 3_30_g843                                          |              |           |       |         |          | 
     | g655480                                            | B0 v -> Y ^  | AOI2BB1X4 | 0.058 |   8.915 |    8.961 | 
     | u_cpu_add_167_30_Y_u_cpu_add_165_34_Y_u_cpu_add_16 | B ^ -> Y v   | NOR2X4    | 0.048 |   8.963 |    9.008 | 
     | 3_30_g840                                          |              |           |       |         |          | 
     | u_cpu_add_167_30_Y_u_cpu_add_165_34_Y_u_cpu_add_16 | B v -> Y ^   | NOR2X4    | 0.044 |   9.007 |    9.052 | 
     | 3_30_g839                                          |              |           |       |         |          | 
     | u_cpu_add_167_30_Y_u_cpu_add_165_34_Y_u_cpu_add_16 | B ^ -> Y v   | NOR2X4    | 0.042 |   9.049 |    9.094 | 
     | 3_30_g837                                          |              |           |       |         |          | 
     | u_cpu_add_167_30_Y_u_cpu_add_165_34_Y_u_cpu_add_16 | B0 v -> Y ^  | AOI2BB1X4 | 0.063 |   9.112 |    9.157 | 
     | 3_30_g836                                          |              |           |       |         |          | 
     | u_cpu_add_167_30_Y_u_cpu_add_165_34_Y_u_cpu_add_16 | B ^ -> Y v   | NOR2X6    | 0.048 |   9.159 |    9.205 | 
     | 3_30_g834                                          |              |           |       |         |          | 
     | u_cpu_add_167_30_Y_u_cpu_add_165_34_Y_u_cpu_add_16 | B0 v -> Y ^  | AOI2BB1X4 | 0.062 |   9.221 |    9.266 | 
     | 3_30_g833                                          |              |           |       |         |          | 
     | u_cpu_add_167_30_Y_u_cpu_add_165_34_Y_u_cpu_add_16 | B ^ -> Y v   | NOR2X6    | 0.049 |   9.270 |    9.316 | 
     | 3_30_g831                                          |              |           |       |         |          | 
     | u_cpu_add_167_30_Y_u_cpu_add_165_34_Y_u_cpu_add_16 | B v -> Y ^   | NOR2X4    | 0.046 |   9.316 |    9.362 | 
     | 3_30_g830                                          |              |           |       |         |          | 
     | u_cpu_add_167_30_Y_u_cpu_add_165_34_Y_u_cpu_add_16 | B ^ -> Y v   | NOR2X4    | 0.042 |   9.358 |    9.404 | 
     | 3_30_g828                                          |              |           |       |         |          | 
     | u_cpu_add_167_30_Y_u_cpu_add_165_34_Y_u_cpu_add_16 | B0 v -> Y ^  | AOI2BB1X4 | 0.060 |   9.418 |    9.464 | 
     | 3_30_g827                                          |              |           |       |         |          | 
     | u_cpu_add_167_30_Y_u_cpu_add_165_34_Y_u_cpu_add_16 | B ^ -> Y v   | NOR2X6    | 0.045 |   9.463 |    9.508 | 
     | 3_30_g825                                          |              |           |       |         |          | 
     | u_cpu_add_167_30_Y_u_cpu_add_165_34_Y_u_cpu_add_16 | B v -> Y ^   | NOR2X4    | 0.050 |   9.513 |    9.558 | 
     | 3_30_g824                                          |              |           |       |         |          | 
     | u_cpu_add_167_30_Y_u_cpu_add_165_34_Y_u_cpu_add_16 | B ^ -> Y v   | NOR2X6    | 0.044 |   9.557 |    9.602 | 
     | 3_30_g822                                          |              |           |       |         |          | 
     | u_cpu_add_167_30_Y_u_cpu_add_165_34_Y_u_cpu_add_16 | B0 v -> Y ^  | AOI2BB1X4 | 0.062 |   9.619 |    9.664 | 
     | 3_30_g821                                          |              |           |       |         |          | 
     | u_cpu_add_167_30_Y_u_cpu_add_165_34_Y_u_cpu_add_16 | B ^ -> Y v   | NOR2X6    | 0.046 |   9.665 |    9.710 | 
     | 3_30_g819                                          |              |           |       |         |          | 
     | u_cpu_add_167_30_Y_u_cpu_add_165_34_Y_u_cpu_add_16 | B v -> Y ^   | NOR2X4    | 0.043 |   9.708 |    9.754 | 
     | 3_30_g818                                          |              |           |       |         |          | 
     | u_cpu_add_167_30_Y_u_cpu_add_165_34_Y_u_cpu_add_16 | B ^ -> Y v   | NOR2X4    | 0.042 |   9.750 |    9.795 | 
     | 3_30_g816                                          |              |           |       |         |          | 
     | g655057                                            | B0 v -> Y ^  | AOI2BB1X4 | 0.066 |   9.816 |    9.861 | 
     | g655056                                            | A ^ -> Y v   | NOR2X6    | 0.053 |   9.869 |    9.914 | 
     | u_cpu_add_167_30_Y_u_cpu_add_165_34_Y_u_cpu_add_16 | B0 v -> Y ^  | AOI2BB1X4 | 0.057 |   9.926 |    9.971 | 
     | 3_30_g812                                          |              |           |       |         |          | 
     | u_cpu_add_167_30_Y_u_cpu_add_165_34_Y_u_cpu_add_16 | B ^ -> Y v   | NOR2X4    | 0.038 |   9.964 |   10.009 | 
     | 3_30_g810                                          |              |           |       |         |          | 
     | u_cpu_add_167_30_Y_u_cpu_add_165_34_Y_u_cpu_add_16 | B v -> Y ^   | CLKXOR2X1 | 0.132 |  10.096 |   10.141 | 
     | 3_30_g809                                          |              |           |       |         |          | 
     | g641353                                            | B ^ -> Y v   | NAND2X1   | 0.062 |  10.158 |   10.203 | 
     | g653712                                            | B v -> Y ^   | NAND2X1   | 0.052 |  10.210 |   10.255 | 
     | u_cpu_pc_reg[31]                                   | D ^          | DFFRHQX1  | 0.000 |  10.210 |   10.255 | 
     +------------------------------------------------------------------------------------------------------------+ 
Path 3: MET Setup Check with Pin u_cpu_pc_reg[31]/CK 
Endpoint:   u_cpu_pc_reg[31]/D (^) checked with  leading edge of 'clk'
Beginpoint: u_cpu_ir_reg[6]/Q  (^) triggered by  leading edge of 'clk'
Path Groups: {clk}
Analysis View: av_ss
Other End Arrival Time          0.515
- Setup                         0.060
+ Phase Shift                  10.000
- Uncertainty                   0.200
= Required Time                10.255
- Arrival Time                 10.198
= Slack Time                    0.057
     Clock Rise Edge                 0.000
     + Clock Network Latency (Prop)  0.514
     = Beginpoint Arrival Time       0.514
     +------------------------------------------------------------------------------------------------------------+ 
     |                      Instance                      |     Arc      |   Cell    | Delay | Arrival | Required | 
     |                                                    |              |           |       |  Time   |   Time   | 
     |----------------------------------------------------+--------------+-----------+-------+---------+----------| 
     | u_cpu_ir_reg[6]                                    | CK ^         |           |       |   0.514 |    0.571 | 
     | u_cpu_ir_reg[6]                                    | CK ^ -> Q ^  | SDFFRXL   | 0.545 |   1.060 |    1.117 | 
     | g655025                                            | A1N ^ -> Y ^ | AOI2BB1X1 | 0.254 |   1.313 |    1.370 | 
     | g160898                                            | B ^ -> Y v   | NOR2X1    | 0.077 |   1.390 |    1.447 | 
     | g160890                                            | A v -> Y ^   | NOR2X1    | 0.125 |   1.516 |    1.573 | 
     | FE_OFC2349_n_8446                                  | A ^ -> Y v   | CLKINVX4  | 0.165 |   1.681 |    1.738 | 
     | g655053                                            | A1N v -> Y v | OAI2BB1X1 | 0.263 |   1.944 |    2.001 | 
     | FE_OFC511_n_8980                                   | A v -> Y v   | BUFX8     | 0.268 |   2.212 |    2.269 | 
     | FE_OFC2432_n_8980                                  | A v -> Y ^   | INVX3     | 0.174 |   2.386 |    2.443 | 
     | u_cpu_u_alu_sub_16_33_Y_u_cpu_u_alu_add_15_33_g417 | A0 ^ -> Y v  | OAI22X1   | 0.158 |   2.544 |    2.601 | 
     | 0                                                  |              |           |       |         |          | 
     | u_cpu_u_alu_sub_16_33_Y_u_cpu_u_alu_add_15_33_g411 | B v -> Y ^   | NOR2X1    | 0.115 |   2.659 |    2.716 | 
     | 5                                                  |              |           |       |         |          | 
     | u_cpu_u_alu_sub_16_33_Y_u_cpu_u_alu_add_15_33_g404 | A1 ^ -> Y v  | OAI21X1   | 0.133 |   2.792 |    2.849 | 
     | 6                                                  |              |           |       |         |          | 
     | u_cpu_u_alu_sub_16_33_Y_u_cpu_u_alu_add_15_33_g403 | A1 v -> Y ^  | AOI21X1   | 0.129 |   2.921 |    2.978 | 
     | 9                                                  |              |           |       |         |          | 
     | u_cpu_u_alu_sub_16_33_Y_u_cpu_u_alu_add_15_33_g403 | B ^ -> Y v   | NOR2X1    | 0.069 |   2.991 |    3.048 | 
     | 4                                                  |              |           |       |         |          | 
     | u_cpu_u_alu_sub_16_33_Y_u_cpu_u_alu_add_15_33_g403 | B v -> Y ^   | NOR2X1    | 0.076 |   3.067 |    3.124 | 
     | 2                                                  |              |           |       |         |          | 
     | u_cpu_u_alu_sub_16_33_Y_u_cpu_u_alu_add_15_33_g403 | B ^ -> Y v   | NOR2X1    | 0.066 |   3.133 |    3.190 | 
     | 0                                                  |              |           |       |         |          | 
     | u_cpu_u_alu_sub_16_33_Y_u_cpu_u_alu_add_15_33_g402 | B v -> Y ^   | NOR2X1    | 0.063 |   3.196 |    3.253 | 
     | 8                                                  |              |           |       |         |          | 
     | u_cpu_u_alu_sub_16_33_Y_u_cpu_u_alu_add_15_33_g402 | B ^ -> Y v   | NOR2X1    | 0.058 |   3.254 |    3.311 | 
     | 6                                                  |              |           |       |         |          | 
     | u_cpu_u_alu_sub_16_33_Y_u_cpu_u_alu_add_15_33_g402 | B v -> Y ^   | NOR2X1    | 0.106 |   3.359 |    3.416 | 
     | 4                                                  |              |           |       |         |          | 
     | u_cpu_u_alu_sub_16_33_Y_u_cpu_u_alu_add_15_33_g402 | B ^ -> Y v   | NOR2X1    | 0.099 |   3.459 |    3.516 | 
     | 1                                                  |              |           |       |         |          | 
     | u_cpu_u_alu_sub_16_33_Y_u_cpu_u_alu_add_15_33_g401 | A1 v -> Y ^  | AOI21X1   | 0.108 |   3.567 |    3.624 | 
     | 5                                                  |              |           |       |         |          | 
     | u_cpu_u_alu_sub_16_33_Y_u_cpu_u_alu_add_15_33_g401 | A1 ^ -> Y v  | OAI21X1   | 0.135 |   3.702 |    3.759 | 
     | 1                                                  |              |           |       |         |          | 
     | g655048                                            | A1N v -> Y v | OAI2BB1X1 | 0.171 |   3.873 |    3.930 | 
     | u_cpu_u_alu_sub_16_33_Y_u_cpu_u_alu_add_15_33_g400 | A v -> Y ^   | INVX1     | 0.072 |   3.945 |    4.002 | 
     | 7                                                  |              |           |       |         |          | 
     | u_cpu_u_alu_sub_16_33_Y_u_cpu_u_alu_add_15_33_g400 | A1 ^ -> Y v  | OAI21X1   | 0.095 |   4.040 |    4.097 | 
     | 5                                                  |              |           |       |         |          | 
     | u_cpu_u_alu_sub_16_33_Y_u_cpu_u_alu_add_15_33_g400 | A1 v -> Y ^  | AOI21X1   | 0.136 |   4.176 |    4.233 | 
     | 3                                                  |              |           |       |         |          | 
     | u_cpu_u_alu_sub_16_33_Y_u_cpu_u_alu_add_15_33_g400 | A1 ^ -> Y v  | OAI21X1   | 0.134 |   4.309 |    4.366 | 
     | 0                                                  |              |           |       |         |          | 
     | u_cpu_u_alu_sub_16_33_Y_u_cpu_u_alu_add_15_33_g399 | A v -> Y ^   | INVX1     | 0.065 |   4.375 |    4.432 | 
     | 9                                                  |              |           |       |         |          | 
     | u_cpu_u_alu_sub_16_33_Y_u_cpu_u_alu_add_15_33_g399 | B ^ -> Y v   | NOR2X1    | 0.038 |   4.412 |    4.469 | 
     | 8                                                  |              |           |       |         |          | 
     | u_cpu_u_alu_sub_16_33_Y_u_cpu_u_alu_add_15_33_g399 | B v -> Y ^   | NOR2X1    | 0.105 |   4.518 |    4.575 | 
     | 6                                                  |              |           |       |         |          | 
     | u_cpu_u_alu_sub_16_33_Y_u_cpu_u_alu_add_15_33_g399 | B ^ -> Y v   | NOR2X1    | 0.097 |   4.615 |    4.672 | 
     | 5                                                  |              |           |       |         |          | 
     | u_cpu_u_alu_sub_16_33_Y_u_cpu_u_alu_add_15_33_g399 | B v -> Y ^   | NAND2X1   | 0.046 |   4.661 |    4.718 | 
     | 1                                                  |              |           |       |         |          | 
     | u_cpu_u_alu_sub_16_33_Y_u_cpu_u_alu_add_15_33_g398 | B ^ -> Y v   | NAND2X1   | 0.129 |   4.790 |    4.847 | 
     | 9                                                  |              |           |       |         |          | 
     | u_cpu_u_alu_sub_16_33_Y_u_cpu_u_alu_add_15_33_g398 | B v -> Y ^   | NAND2X1   | 0.110 |   4.899 |    4.956 | 
     | 2                                                  |              |           |       |         |          | 
     | u_cpu_u_alu_sub_16_33_Y_u_cpu_u_alu_add_15_33_g397 | A1 ^ -> Y v  | OAI21X1   | 0.184 |   5.083 |    5.140 | 
     | 6                                                  |              |           |       |         |          | 
     | u_cpu_u_alu_sub_16_33_Y_u_cpu_u_alu_add_15_33_g655 | A1 v -> Y ^  | AOI21X1   | 0.146 |   5.229 |    5.286 | 
     | 409                                                |              |           |       |         |          | 
     | u_cpu_u_alu_sub_16_33_Y_u_cpu_u_alu_add_15_33_g430 | B ^ -> Y v   | XNOR2X1   | 0.157 |   5.386 |    5.443 | 
     | 7                                                  |              |           |       |         |          | 
     | g165624                                            | A1 v -> Y ^  | AOI21X1   | 0.198 |   5.583 |    5.640 | 
     | g655026                                            | C ^ -> Y v   | NAND4BBX2 | 0.263 |   5.846 |    5.903 | 
     | g165557                                            | A v -> Y ^   | NOR2X1    | 0.130 |   5.977 |    6.034 | 
     | g165556                                            | A ^ -> Y v   | NAND2X1   | 0.073 |   6.050 |    6.107 | 
     | g165555                                            | B v -> Y ^   | NOR2X1    | 0.099 |   6.149 |    6.206 | 
     | g165554                                            | B0 ^ -> Y v  | AOI2BB1X1 | 0.100 |   6.248 |    6.305 | 
     | g165553                                            | B v -> Y ^   | NOR2X4    | 0.098 |   6.347 |    6.404 | 
     | g165550                                            | S0 ^ -> Y ^  | MX2X1     | 0.198 |   6.544 |    6.601 | 
     | g655045                                            | A1 ^ -> Y ^  | OA21X1    | 0.162 |   6.707 |    6.764 | 
     | u_cpu_add_167_30_Y_u_cpu_add_165_34_Y_u_cpu_add_16 | B ^ -> Y v   | NOR2X1    | 0.055 |   6.762 |    6.819 | 
     | 3_30_g913                                          |              |           |       |         |          | 
     | u_cpu_add_167_30_Y_u_cpu_add_165_34_Y_u_cpu_add_16 | B v -> Y ^   | NOR2X1    | 0.066 |   6.828 |    6.885 | 
     | 3_30_g911                                          |              |           |       |         |          | 
     | u_cpu_add_167_30_Y_u_cpu_add_165_34_Y_u_cpu_add_16 | B ^ -> Y v   | NOR2X2    | 0.055 |   6.883 |    6.940 | 
     | 3_30_g909                                          |              |           |       |         |          | 
     | u_cpu_add_167_30_Y_u_cpu_add_165_34_Y_u_cpu_add_16 | B0 v -> Y ^  | AOI2BB1X1 | 0.074 |   6.957 |    7.014 | 
     | 3_30_g907                                          |              |           |       |         |          | 
     | u_cpu_add_167_30_Y_u_cpu_add_165_34_Y_u_cpu_add_16 | B ^ -> Y v   | NOR2X2    | 0.062 |   7.019 |    7.076 | 
     | 3_30_g905                                          |              |           |       |         |          | 
     | u_cpu_add_167_30_Y_u_cpu_add_165_34_Y_u_cpu_add_16 | B0 v -> Y ^  | AOI2BB1X1 | 0.085 |   7.104 |    7.161 | 
     | 3_30_g903                                          |              |           |       |         |          | 
     | g655044                                            | B0 ^ -> Y v  | AOI21X2   | 0.064 |   7.168 |    7.225 | 
     | u_cpu_add_167_30_Y_u_cpu_add_165_34_Y_u_cpu_add_16 | B0 v -> Y ^  | AOI2BB1X1 | 0.081 |   7.248 |    7.305 | 
     | 3_30_g899                                          |              |           |       |         |          | 
     | u_cpu_add_167_30_Y_u_cpu_add_165_34_Y_u_cpu_add_16 | B ^ -> Y v   | NOR2X1    | 0.067 |   7.315 |    7.372 | 
     | 3_30_g897                                          |              |           |       |         |          | 
     | g655043                                            | A1N v -> Y v | AOI2BB1X2 | 0.161 |   7.476 |    7.533 | 
     | u_cpu_add_167_30_Y_u_cpu_add_165_34_Y_u_cpu_add_16 | B0 v -> Y ^  | AOI2BB1X2 | 0.079 |   7.555 |    7.612 | 
     | 3_30_g891                                          |              |           |       |         |          | 
     | u_cpu_add_167_30_Y_u_cpu_add_165_34_Y_u_cpu_add_16 | B ^ -> Y v   | NOR2X4    | 0.051 |   7.606 |    7.663 | 
     | 3_30_g889                                          |              |           |       |         |          | 
     | u_cpu_add_167_30_Y_u_cpu_add_165_34_Y_u_cpu_add_16 | B v -> Y ^   | NOR2X2    | 0.057 |   7.663 |    7.720 | 
     | 3_30_g887                                          |              |           |       |         |          | 
     | u_cpu_add_167_30_Y_u_cpu_add_165_34_Y_u_cpu_add_16 | B ^ -> Y v   | NOR2X4    | 0.050 |   7.713 |    7.770 | 
     | 3_30_g885                                          |              |           |       |         |          | 
     | u_cpu_add_167_30_Y_u_cpu_add_165_34_Y_u_cpu_add_16 | B v -> Y ^   | NOR2X2    | 0.056 |   7.770 |    7.827 | 
     | 3_30_g883                                          |              |           |       |         |          | 
     | u_cpu_add_167_30_Y_u_cpu_add_165_34_Y_u_cpu_add_16 | B ^ -> Y v   | NOR2X4    | 0.049 |   7.818 |    7.875 | 
     | 3_30_g881                                          |              |           |       |         |          | 
     | u_cpu_add_167_30_Y_u_cpu_add_165_34_Y_u_cpu_add_16 | B0 v -> Y ^  | AOI2BB1X2 | 0.069 |   7.888 |    7.945 | 
     | 3_30_g879                                          |              |           |       |         |          | 
     | u_cpu_add_167_30_Y_u_cpu_add_165_34_Y_u_cpu_add_16 | B ^ -> Y v   | NOR2X4    | 0.055 |   7.942 |    7.999 | 
     | 3_30_g877                                          |              |           |       |         |          | 
     | u_cpu_add_167_30_Y_u_cpu_add_165_34_Y_u_cpu_add_16 | B0 v -> Y ^  | AOI2BB1X4 | 0.056 |   7.998 |    8.055 | 
     | 3_30_g875                                          |              |           |       |         |          | 
     | u_cpu_add_167_30_Y_u_cpu_add_165_34_Y_u_cpu_add_16 | B ^ -> Y v   | NOR2X4    | 0.050 |   8.048 |    8.105 | 
     | 3_30_g873                                          |              |           |       |         |          | 
     | u_cpu_add_167_30_Y_u_cpu_add_165_34_Y_u_cpu_add_16 | B v -> Y ^   | NOR2X4    | 0.049 |   8.097 |    8.154 | 
     | 3_30_g871                                          |              |           |       |         |          | 
     | u_cpu_add_167_30_Y_u_cpu_add_165_34_Y_u_cpu_add_16 | B ^ -> Y v   | NOR2X4    | 0.043 |   8.140 |    8.197 | 
     | 3_30_g869                                          |              |           |       |         |          | 
     | u_cpu_add_167_30_Y_u_cpu_add_165_34_Y_u_cpu_add_16 | B0 v -> Y ^  | AOI2BB1X4 | 0.057 |   8.196 |    8.253 | 
     | 3_30_g867                                          |              |           |       |         |          | 
     | u_cpu_add_167_30_Y_u_cpu_add_165_34_Y_u_cpu_add_16 | B ^ -> Y v   | NOR2X4    | 0.045 |   8.241 |    8.298 | 
     | 3_30_g865                                          |              |           |       |         |          | 
     | u_cpu_add_167_30_Y_u_cpu_add_165_34_Y_u_cpu_add_16 | B v -> Y ^   | NOR2X4    | 0.045 |   8.286 |    8.343 | 
     | 3_30_g863                                          |              |           |       |         |          | 
     | u_cpu_add_167_30_Y_u_cpu_add_165_34_Y_u_cpu_add_16 | B ^ -> Y v   | NOR2X4    | 0.038 |   8.325 |    8.382 | 
     | 3_30_g861                                          |              |           |       |         |          | 
     | u_cpu_add_167_30_Y_u_cpu_add_165_34_Y_u_cpu_add_16 | B0 v -> Y ^  | AOI2BB1X2 | 0.069 |   8.393 |    8.450 | 
     | 3_30_g859                                          |              |           |       |         |          | 
     | u_cpu_add_167_30_Y_u_cpu_add_165_34_Y_u_cpu_add_16 | B ^ -> Y v   | NOR2X4    | 0.055 |   8.448 |    8.505 | 
     | 3_30_g857                                          |              |           |       |         |          | 
     | u_cpu_add_167_30_Y_u_cpu_add_165_34_Y_u_cpu_add_16 | B0 v -> Y ^  | AOI2BB1X4 | 0.063 |   8.511 |    8.568 | 
     | 3_30_g855                                          |              |           |       |         |          | 
     | u_cpu_add_167_30_Y_u_cpu_add_165_34_Y_u_cpu_add_16 | B ^ -> Y v   | NOR2X6    | 0.047 |   8.558 |    8.615 | 
     | 3_30_g853                                          |              |           |       |         |          | 
     | u_cpu_add_167_30_Y_u_cpu_add_165_34_Y_u_cpu_add_16 | B v -> Y ^   | NOR2X4    | 0.044 |   8.602 |    8.659 | 
     | 3_30_g851                                          |              |           |       |         |          | 
     | u_cpu_add_167_30_Y_u_cpu_add_165_34_Y_u_cpu_add_16 | B ^ -> Y v   | NOR2X4    | 0.044 |   8.647 |    8.704 | 
     | 3_30_g849                                          |              |           |       |         |          | 
     | u_cpu_add_167_30_Y_u_cpu_add_165_34_Y_u_cpu_add_16 | B v -> Y ^   | NOR2X4    | 0.048 |   8.694 |    8.751 | 
     | 3_30_g848                                          |              |           |       |         |          | 
     | u_cpu_add_167_30_Y_u_cpu_add_165_34_Y_u_cpu_add_16 | B ^ -> Y v   | NOR2X4    | 0.044 |   8.738 |    8.795 | 
     | 3_30_g846                                          |              |           |       |         |          | 
     | u_cpu_add_167_30_Y_u_cpu_add_165_34_Y_u_cpu_add_16 | B0 v -> Y ^  | AOI2BB1X4 | 0.060 |   8.798 |    8.855 | 
     | 3_30_g845                                          |              |           |       |         |          | 
     | u_cpu_add_167_30_Y_u_cpu_add_165_34_Y_u_cpu_add_16 | B ^ -> Y v   | NOR2X4    | 0.047 |   8.845 |    8.902 | 
     | 3_30_g843                                          |              |           |       |         |          | 
     | g655480                                            | B0 v -> Y ^  | AOI2BB1X4 | 0.058 |   8.904 |    8.961 | 
     | u_cpu_add_167_30_Y_u_cpu_add_165_34_Y_u_cpu_add_16 | B ^ -> Y v   | NOR2X4    | 0.048 |   8.951 |    9.008 | 
     | 3_30_g840                                          |              |           |       |         |          | 
     | u_cpu_add_167_30_Y_u_cpu_add_165_34_Y_u_cpu_add_16 | B v -> Y ^   | NOR2X4    | 0.044 |   8.995 |    9.052 | 
     | 3_30_g839                                          |              |           |       |         |          | 
     | u_cpu_add_167_30_Y_u_cpu_add_165_34_Y_u_cpu_add_16 | B ^ -> Y v   | NOR2X4    | 0.042 |   9.037 |    9.094 | 
     | 3_30_g837                                          |              |           |       |         |          | 
     | u_cpu_add_167_30_Y_u_cpu_add_165_34_Y_u_cpu_add_16 | B0 v -> Y ^  | AOI2BB1X4 | 0.063 |   9.100 |    9.157 | 
     | 3_30_g836                                          |              |           |       |         |          | 
     | u_cpu_add_167_30_Y_u_cpu_add_165_34_Y_u_cpu_add_16 | B ^ -> Y v   | NOR2X6    | 0.048 |   9.148 |    9.205 | 
     | 3_30_g834                                          |              |           |       |         |          | 
     | u_cpu_add_167_30_Y_u_cpu_add_165_34_Y_u_cpu_add_16 | B0 v -> Y ^  | AOI2BB1X4 | 0.062 |   9.209 |    9.266 | 
     | 3_30_g833                                          |              |           |       |         |          | 
     | u_cpu_add_167_30_Y_u_cpu_add_165_34_Y_u_cpu_add_16 | B ^ -> Y v   | NOR2X6    | 0.049 |   9.259 |    9.316 | 
     | 3_30_g831                                          |              |           |       |         |          | 
     | u_cpu_add_167_30_Y_u_cpu_add_165_34_Y_u_cpu_add_16 | B v -> Y ^   | NOR2X4    | 0.046 |   9.305 |    9.362 | 
     | 3_30_g830                                          |              |           |       |         |          | 
     | u_cpu_add_167_30_Y_u_cpu_add_165_34_Y_u_cpu_add_16 | B ^ -> Y v   | NOR2X4    | 0.042 |   9.347 |    9.404 | 
     | 3_30_g828                                          |              |           |       |         |          | 
     | u_cpu_add_167_30_Y_u_cpu_add_165_34_Y_u_cpu_add_16 | B0 v -> Y ^  | AOI2BB1X4 | 0.060 |   9.407 |    9.464 | 
     | 3_30_g827                                          |              |           |       |         |          | 
     | u_cpu_add_167_30_Y_u_cpu_add_165_34_Y_u_cpu_add_16 | B ^ -> Y v   | NOR2X6    | 0.045 |   9.451 |    9.508 | 
     | 3_30_g825                                          |              |           |       |         |          | 
     | u_cpu_add_167_30_Y_u_cpu_add_165_34_Y_u_cpu_add_16 | B v -> Y ^   | NOR2X4    | 0.050 |   9.501 |    9.558 | 
     | 3_30_g824                                          |              |           |       |         |          | 
     | u_cpu_add_167_30_Y_u_cpu_add_165_34_Y_u_cpu_add_16 | B ^ -> Y v   | NOR2X6    | 0.044 |   9.545 |    9.602 | 
     | 3_30_g822                                          |              |           |       |         |          | 
     | u_cpu_add_167_30_Y_u_cpu_add_165_34_Y_u_cpu_add_16 | B0 v -> Y ^  | AOI2BB1X4 | 0.062 |   9.607 |    9.664 | 
     | 3_30_g821                                          |              |           |       |         |          | 
     | u_cpu_add_167_30_Y_u_cpu_add_165_34_Y_u_cpu_add_16 | B ^ -> Y v   | NOR2X6    | 0.046 |   9.653 |    9.710 | 
     | 3_30_g819                                          |              |           |       |         |          | 
     | u_cpu_add_167_30_Y_u_cpu_add_165_34_Y_u_cpu_add_16 | B v -> Y ^   | NOR2X4    | 0.043 |   9.697 |    9.754 | 
     | 3_30_g818                                          |              |           |       |         |          | 
     | u_cpu_add_167_30_Y_u_cpu_add_165_34_Y_u_cpu_add_16 | B ^ -> Y v   | NOR2X4    | 0.042 |   9.738 |    9.795 | 
     | 3_30_g816                                          |              |           |       |         |          | 
     | g655057                                            | B0 v -> Y ^  | AOI2BB1X4 | 0.066 |   9.804 |    9.861 | 
     | g655056                                            | A ^ -> Y v   | NOR2X6    | 0.053 |   9.857 |    9.914 | 
     | u_cpu_add_167_30_Y_u_cpu_add_165_34_Y_u_cpu_add_16 | B0 v -> Y ^  | AOI2BB1X4 | 0.057 |   9.914 |    9.971 | 
     | 3_30_g812                                          |              |           |       |         |          | 
     | u_cpu_add_167_30_Y_u_cpu_add_165_34_Y_u_cpu_add_16 | B ^ -> Y v   | NOR2X4    | 0.038 |   9.952 |   10.009 | 
     | 3_30_g810                                          |              |           |       |         |          | 
     | u_cpu_add_167_30_Y_u_cpu_add_165_34_Y_u_cpu_add_16 | B v -> Y ^   | CLKXOR2X1 | 0.132 |  10.084 |   10.141 | 
     | 3_30_g809                                          |              |           |       |         |          | 
     | g641353                                            | B ^ -> Y v   | NAND2X1   | 0.062 |  10.146 |   10.203 | 
     | g653712                                            | B v -> Y ^   | NAND2X1   | 0.052 |  10.198 |   10.255 | 
     | u_cpu_pc_reg[31]                                   | D ^          | DFFRHQX1  | 0.000 |  10.198 |   10.255 | 
     +------------------------------------------------------------------------------------------------------------+ 
Path 4: MET Setup Check with Pin u_cpu_pc_reg[31]/CK 
Endpoint:   u_cpu_pc_reg[31]/D (^) checked with  leading edge of 'clk'
Beginpoint: u_cpu_ir_reg[6]/Q  (^) triggered by  leading edge of 'clk'
Path Groups: {clk}
Analysis View: av_ss
Other End Arrival Time          0.515
- Setup                         0.060
+ Phase Shift                  10.000
- Uncertainty                   0.200
= Required Time                10.255
- Arrival Time                 10.190
= Slack Time                    0.065
     Clock Rise Edge                 0.000
     + Clock Network Latency (Prop)  0.514
     = Beginpoint Arrival Time       0.514
     +------------------------------------------------------------------------------------------------------------+ 
     |                      Instance                      |     Arc      |   Cell    | Delay | Arrival | Required | 
     |                                                    |              |           |       |  Time   |   Time   | 
     |----------------------------------------------------+--------------+-----------+-------+---------+----------| 
     | u_cpu_ir_reg[6]                                    | CK ^         |           |       |   0.514 |    0.579 | 
     | u_cpu_ir_reg[6]                                    | CK ^ -> Q ^  | SDFFRXL   | 0.545 |   1.060 |    1.125 | 
     | g655025                                            | A1N ^ -> Y ^ | AOI2BB1X1 | 0.254 |   1.313 |    1.379 | 
     | g160898                                            | B ^ -> Y v   | NOR2X1    | 0.077 |   1.390 |    1.455 | 
     | g160890                                            | A v -> Y ^   | NOR2X1    | 0.125 |   1.516 |    1.581 | 
     | FE_OFC2349_n_8446                                  | A ^ -> Y v   | CLKINVX4  | 0.165 |   1.681 |    1.746 | 
     | g655054                                            | A1N v -> Y v | OAI2BB1X1 | 0.279 |   1.960 |    2.025 | 
     | FE_OFC512_n_8982                                   | A v -> Y v   | CLKBUFX6  | 0.295 |   2.255 |    2.320 | 
     | FE_OFC1727_n_8982                                  | A v -> Y ^   | INVX3     | 0.271 |   2.526 |    2.591 | 
     | g655049                                            | A0 ^ -> Y v  | AOI22X1   | 0.205 |   2.731 |    2.796 | 
     | u_cpu_u_alu_sub_16_33_Y_u_cpu_u_alu_add_15_33_g404 | A0 v -> Y ^  | OAI21X1   | 0.139 |   2.870 |    2.935 | 
     | 6                                                  |              |           |       |         |          | 
     | u_cpu_u_alu_sub_16_33_Y_u_cpu_u_alu_add_15_33_g403 | A1 ^ -> Y v  | AOI21X1   | 0.136 |   3.006 |    3.071 | 
     | 9                                                  |              |           |       |         |          | 
     | u_cpu_u_alu_sub_16_33_Y_u_cpu_u_alu_add_15_33_g403 | B v -> Y ^   | NOR2X1    | 0.083 |   3.089 |    3.154 | 
     | 4                                                  |              |           |       |         |          | 
     | u_cpu_u_alu_sub_16_33_Y_u_cpu_u_alu_add_15_33_g403 | B ^ -> Y v   | NOR2X1    | 0.061 |   3.150 |    3.215 | 
     | 2                                                  |              |           |       |         |          | 
     | u_cpu_u_alu_sub_16_33_Y_u_cpu_u_alu_add_15_33_g403 | B v -> Y ^   | NOR2X1    | 0.056 |   3.205 |    3.270 | 
     | 0                                                  |              |           |       |         |          | 
     | u_cpu_u_alu_sub_16_33_Y_u_cpu_u_alu_add_15_33_g402 | B ^ -> Y v   | NOR2X1    | 0.053 |   3.258 |    3.323 | 
     | 8                                                  |              |           |       |         |          | 
     | u_cpu_u_alu_sub_16_33_Y_u_cpu_u_alu_add_15_33_g402 | B v -> Y ^   | NOR2X1    | 0.055 |   3.312 |    3.378 | 
     | 6                                                  |              |           |       |         |          | 
     | u_cpu_u_alu_sub_16_33_Y_u_cpu_u_alu_add_15_33_g402 | B ^ -> Y v   | NOR2X1    | 0.078 |   3.391 |    3.456 | 
     | 4                                                  |              |           |       |         |          | 
     | u_cpu_u_alu_sub_16_33_Y_u_cpu_u_alu_add_15_33_g402 | B v -> Y ^   | NOR2X1    | 0.091 |   3.481 |    3.546 | 
     | 1                                                  |              |           |       |         |          | 
     | u_cpu_u_alu_sub_16_33_Y_u_cpu_u_alu_add_15_33_g401 | A1 ^ -> Y v  | AOI21X1   | 0.131 |   3.612 |    3.677 | 
     | 5                                                  |              |           |       |         |          | 
     | u_cpu_u_alu_sub_16_33_Y_u_cpu_u_alu_add_15_33_g401 | A1 v -> Y ^  | OAI21X1   | 0.128 |   3.741 |    3.806 | 
     | 1                                                  |              |           |       |         |          | 
     | g655048                                            | A1N ^ -> Y ^ | OAI2BB1X1 | 0.173 |   3.914 |    3.979 | 
     | u_cpu_u_alu_sub_16_33_Y_u_cpu_u_alu_add_15_33_g400 | A ^ -> Y v   | INVX1     | 0.050 |   3.963 |    4.028 | 
     | 7                                                  |              |           |       |         |          | 
     | u_cpu_u_alu_sub_16_33_Y_u_cpu_u_alu_add_15_33_g400 | A1 v -> Y ^  | OAI21X1   | 0.082 |   4.045 |    4.110 | 
     | 5                                                  |              |           |       |         |          | 
     | u_cpu_u_alu_sub_16_33_Y_u_cpu_u_alu_add_15_33_g400 | A1 ^ -> Y v  | AOI21X1   | 0.144 |   4.189 |    4.254 | 
     | 3                                                  |              |           |       |         |          | 
     | u_cpu_u_alu_sub_16_33_Y_u_cpu_u_alu_add_15_33_g400 | A1 v -> Y ^  | OAI21X1   | 0.128 |   4.317 |    4.382 | 
     | 0                                                  |              |           |       |         |          | 
     | u_cpu_u_alu_sub_16_33_Y_u_cpu_u_alu_add_15_33_g399 | A ^ -> Y v   | INVX1     | 0.066 |   4.382 |    4.447 | 
     | 9                                                  |              |           |       |         |          | 
     | u_cpu_u_alu_sub_16_33_Y_u_cpu_u_alu_add_15_33_g399 | B v -> Y ^   | NOR2X1    | 0.054 |   4.436 |    4.501 | 
     | 8                                                  |              |           |       |         |          | 
     | u_cpu_u_alu_sub_16_33_Y_u_cpu_u_alu_add_15_33_g399 | B ^ -> Y v   | NOR2X1    | 0.081 |   4.518 |    4.583 | 
     | 6                                                  |              |           |       |         |          | 
     | u_cpu_u_alu_sub_16_33_Y_u_cpu_u_alu_add_15_33_g399 | B v -> Y ^   | NOR2X1    | 0.090 |   4.608 |    4.673 | 
     | 5                                                  |              |           |       |         |          | 
     | u_cpu_u_alu_sub_16_33_Y_u_cpu_u_alu_add_15_33_g399 | B ^ -> Y v   | NAND2X1   | 0.081 |   4.688 |    4.753 | 
     | 1                                                  |              |           |       |         |          | 
     | u_cpu_u_alu_sub_16_33_Y_u_cpu_u_alu_add_15_33_g398 | B v -> Y ^   | NAND2X1   | 0.079 |   4.767 |    4.832 | 
     | 9                                                  |              |           |       |         |          | 
     | u_cpu_u_alu_sub_16_33_Y_u_cpu_u_alu_add_15_33_g398 | B ^ -> Y v   | NAND2X1   | 0.102 |   4.869 |    4.934 | 
     | 2                                                  |              |           |       |         |          | 
     | u_cpu_u_alu_sub_16_33_Y_u_cpu_u_alu_add_15_33_g397 | A1 v -> Y ^  | OAI21X1   | 0.179 |   5.048 |    5.114 | 
     | 6                                                  |              |           |       |         |          | 
     | u_cpu_u_alu_sub_16_33_Y_u_cpu_u_alu_add_15_33_g429 | B ^ -> Y v   | CLKXOR2X1 | 0.245 |   5.294 |    5.359 | 
     | 3                                                  |              |           |       |         |          | 
     | g655417                                            | B v -> Y ^   | NAND2X1   | 0.050 |   5.344 |    5.409 | 
     | g655035                                            | C ^ -> Y v   | NAND3X2   | 0.197 |   5.541 |    5.606 | 
     | g165559                                            | A v -> Y ^   | NOR2X1    | 0.151 |   5.691 |    5.757 | 
     | g655026                                            | D ^ -> Y v   | NAND4BBX2 | 0.168 |   5.859 |    5.924 | 
     | g165557                                            | A v -> Y ^   | NOR2X1    | 0.130 |   5.989 |    6.054 | 
     | g165556                                            | A ^ -> Y v   | NAND2X1   | 0.073 |   6.062 |    6.127 | 
     | g165555                                            | B v -> Y ^   | NOR2X1    | 0.099 |   6.161 |    6.226 | 
     | g165554                                            | B0 ^ -> Y v  | AOI2BB1X1 | 0.100 |   6.261 |    6.326 | 
     | g165553                                            | B v -> Y ^   | NOR2X4    | 0.098 |   6.359 |    6.424 | 
     | g165550                                            | S0 ^ -> Y v  | MX2X1     | 0.238 |   6.598 |    6.663 | 
     | g655045                                            | A1 v -> Y v  | OA21X1    | 0.157 |   6.755 |    6.820 | 
     | u_cpu_add_167_30_Y_u_cpu_add_165_34_Y_u_cpu_add_16 | B v -> Y ^   | NOR2X1    | 0.080 |   6.835 |    6.900 | 
     | 3_30_g913                                          |              |           |       |         |          | 
     | u_cpu_add_167_30_Y_u_cpu_add_165_34_Y_u_cpu_add_16 | B ^ -> Y v   | NOR2X1    | 0.070 |   6.905 |    6.970 | 
     | 3_30_g911                                          |              |           |       |         |          | 
     | u_cpu_add_167_30_Y_u_cpu_add_165_34_Y_u_cpu_add_16 | B v -> Y ^   | NOR2X2    | 0.054 |   6.959 |    7.024 | 
     | 3_30_g909                                          |              |           |       |         |          | 
     | u_cpu_add_167_30_Y_u_cpu_add_165_34_Y_u_cpu_add_16 | B0 ^ -> Y v  | AOI2BB1X1 | 0.061 |   7.020 |    7.085 | 
     | 3_30_g907                                          |              |           |       |         |          | 
     | u_cpu_add_167_30_Y_u_cpu_add_165_34_Y_u_cpu_add_16 | B v -> Y ^   | NOR2X2    | 0.062 |   7.082 |    7.147 | 
     | 3_30_g905                                          |              |           |       |         |          | 
     | u_cpu_add_167_30_Y_u_cpu_add_165_34_Y_u_cpu_add_16 | B0 ^ -> Y v  | AOI2BB1X1 | 0.069 |   7.150 |    7.215 | 
     | 3_30_g903                                          |              |           |       |         |          | 
     | g655044                                            | B0 v -> Y ^  | AOI21X2   | 0.062 |   7.213 |    7.278 | 
     | u_cpu_add_167_30_Y_u_cpu_add_165_34_Y_u_cpu_add_16 | B0 ^ -> Y v  | AOI2BB1X1 | 0.056 |   7.269 |    7.334 | 
     | 3_30_g899                                          |              |           |       |         |          | 
     | u_cpu_add_167_30_Y_u_cpu_add_165_34_Y_u_cpu_add_16 | B v -> Y ^   | NOR2X1    | 0.078 |   7.347 |    7.412 | 
     | 3_30_g897                                          |              |           |       |         |          | 
     | g655043                                            | A1N ^ -> Y ^ | AOI2BB1X2 | 0.155 |   7.502 |    7.567 | 
     | u_cpu_add_167_30_Y_u_cpu_add_165_34_Y_u_cpu_add_16 | B0 ^ -> Y v  | AOI2BB1X2 | 0.070 |   7.572 |    7.637 | 
     | 3_30_g891                                          |              |           |       |         |          | 
     | u_cpu_add_167_30_Y_u_cpu_add_165_34_Y_u_cpu_add_16 | B v -> Y ^   | NOR2X4    | 0.054 |   7.626 |    7.691 | 
     | 3_30_g889                                          |              |           |       |         |          | 
     | u_cpu_add_167_30_Y_u_cpu_add_165_34_Y_u_cpu_add_16 | B ^ -> Y v   | NOR2X2    | 0.049 |   7.675 |    7.740 | 
     | 3_30_g887                                          |              |           |       |         |          | 
     | u_cpu_add_167_30_Y_u_cpu_add_165_34_Y_u_cpu_add_16 | B v -> Y ^   | NOR2X4    | 0.049 |   7.724 |    7.789 | 
     | 3_30_g885                                          |              |           |       |         |          | 
     | u_cpu_add_167_30_Y_u_cpu_add_165_34_Y_u_cpu_add_16 | B ^ -> Y v   | NOR2X2    | 0.048 |   7.772 |    7.837 | 
     | 3_30_g883                                          |              |           |       |         |          | 
     | u_cpu_add_167_30_Y_u_cpu_add_165_34_Y_u_cpu_add_16 | B v -> Y ^   | NOR2X4    | 0.048 |   7.820 |    7.885 | 
     | 3_30_g881                                          |              |           |       |         |          | 
     | u_cpu_add_167_30_Y_u_cpu_add_165_34_Y_u_cpu_add_16 | B0 ^ -> Y v  | AOI2BB1X2 | 0.052 |   7.872 |    7.937 | 
     | 3_30_g879                                          |              |           |       |         |          | 
     | u_cpu_add_167_30_Y_u_cpu_add_165_34_Y_u_cpu_add_16 | B v -> Y ^   | NOR2X4    | 0.058 |   7.930 |    7.995 | 
     | 3_30_g877                                          |              |           |       |         |          | 
     | u_cpu_add_167_30_Y_u_cpu_add_165_34_Y_u_cpu_add_16 | B0 ^ -> Y v  | AOI2BB1X4 | 0.047 |   7.977 |    8.042 | 
     | 3_30_g875                                          |              |           |       |         |          | 
     | u_cpu_add_167_30_Y_u_cpu_add_165_34_Y_u_cpu_add_16 | B v -> Y ^   | NOR2X4    | 0.063 |   8.039 |    8.105 | 
     | 3_30_g873                                          |              |           |       |         |          | 
     | u_cpu_add_167_30_Y_u_cpu_add_165_34_Y_u_cpu_add_16 | B ^ -> Y v   | NOR2X4    | 0.050 |   8.090 |    8.155 | 
     | 3_30_g871                                          |              |           |       |         |          | 
     | u_cpu_add_167_30_Y_u_cpu_add_165_34_Y_u_cpu_add_16 | B v -> Y ^   | NOR2X4    | 0.057 |   8.147 |    8.212 | 
     | 3_30_g869                                          |              |           |       |         |          | 
     | u_cpu_add_167_30_Y_u_cpu_add_165_34_Y_u_cpu_add_16 | B0 ^ -> Y v  | AOI2BB1X4 | 0.048 |   8.194 |    8.260 | 
     | 3_30_g867                                          |              |           |       |         |          | 
     | u_cpu_add_167_30_Y_u_cpu_add_165_34_Y_u_cpu_add_16 | B v -> Y ^   | NOR2X4    | 0.054 |   8.248 |    8.313 | 
     | 3_30_g865                                          |              |           |       |         |          | 
     | u_cpu_add_167_30_Y_u_cpu_add_165_34_Y_u_cpu_add_16 | B ^ -> Y v   | NOR2X4    | 0.043 |   8.292 |    8.357 | 
     | 3_30_g863                                          |              |           |       |         |          | 
     | u_cpu_add_167_30_Y_u_cpu_add_165_34_Y_u_cpu_add_16 | B v -> Y ^   | NOR2X4    | 0.047 |   8.338 |    8.403 | 
     | 3_30_g861                                          |              |           |       |         |          | 
     | u_cpu_add_167_30_Y_u_cpu_add_165_34_Y_u_cpu_add_16 | B0 ^ -> Y v  | AOI2BB1X2 | 0.050 |   8.389 |    8.454 | 
     | 3_30_g859                                          |              |           |       |         |          | 
     | u_cpu_add_167_30_Y_u_cpu_add_165_34_Y_u_cpu_add_16 | B v -> Y ^   | NOR2X4    | 0.058 |   8.447 |    8.512 | 
     | 3_30_g857                                          |              |           |       |         |          | 
     | u_cpu_add_167_30_Y_u_cpu_add_165_34_Y_u_cpu_add_16 | B0 ^ -> Y v  | AOI2BB1X4 | 0.051 |   8.498 |    8.563 | 
     | 3_30_g855                                          |              |           |       |         |          | 
     | u_cpu_add_167_30_Y_u_cpu_add_165_34_Y_u_cpu_add_16 | B v -> Y ^   | NOR2X6    | 0.052 |   8.549 |    8.614 | 
     | 3_30_g853                                          |              |           |       |         |          | 
     | u_cpu_add_167_30_Y_u_cpu_add_165_34_Y_u_cpu_add_16 | B ^ -> Y v   | NOR2X4    | 0.041 |   8.590 |    8.655 | 
     | 3_30_g851                                          |              |           |       |         |          | 
     | u_cpu_add_167_30_Y_u_cpu_add_165_34_Y_u_cpu_add_16 | B v -> Y ^   | NOR2X4    | 0.057 |   8.647 |    8.712 | 
     | 3_30_g849                                          |              |           |       |         |          | 
     | u_cpu_add_167_30_Y_u_cpu_add_165_34_Y_u_cpu_add_16 | B ^ -> Y v   | NOR2X4    | 0.048 |   8.694 |    8.759 | 
     | 3_30_g848                                          |              |           |       |         |          | 
     | u_cpu_add_167_30_Y_u_cpu_add_165_34_Y_u_cpu_add_16 | B v -> Y ^   | NOR2X4    | 0.055 |   8.749 |    8.814 | 
     | 3_30_g846                                          |              |           |       |         |          | 
     | u_cpu_add_167_30_Y_u_cpu_add_165_34_Y_u_cpu_add_16 | B0 ^ -> Y v  | AOI2BB1X4 | 0.050 |   8.799 |    8.864 | 
     | 3_30_g845                                          |              |           |       |         |          | 
     | u_cpu_add_167_30_Y_u_cpu_add_165_34_Y_u_cpu_add_16 | B v -> Y ^   | NOR2X4    | 0.055 |   8.854 |    8.919 | 
     | 3_30_g843                                          |              |           |       |         |          | 
     | g655480                                            | B0 ^ -> Y v  | AOI2BB1X4 | 0.048 |   8.902 |    8.967 | 
     | u_cpu_add_167_30_Y_u_cpu_add_165_34_Y_u_cpu_add_16 | B v -> Y ^   | NOR2X4    | 0.057 |   8.959 |    9.024 | 
     | 3_30_g840                                          |              |           |       |         |          | 
     | u_cpu_add_167_30_Y_u_cpu_add_165_34_Y_u_cpu_add_16 | B ^ -> Y v   | NOR2X4    | 0.044 |   9.003 |    9.069 | 
     | 3_30_g839                                          |              |           |       |         |          | 
     | u_cpu_add_167_30_Y_u_cpu_add_165_34_Y_u_cpu_add_16 | B v -> Y ^   | NOR2X4    | 0.053 |   9.057 |    9.122 | 
     | 3_30_g837                                          |              |           |       |         |          | 
     | u_cpu_add_167_30_Y_u_cpu_add_165_34_Y_u_cpu_add_16 | B0 ^ -> Y v  | AOI2BB1X4 | 0.051 |   9.107 |    9.173 | 
     | 3_30_g836                                          |              |           |       |         |          | 
     | u_cpu_add_167_30_Y_u_cpu_add_165_34_Y_u_cpu_add_16 | B v -> Y ^   | NOR2X6    | 0.052 |   9.160 |    9.225 | 
     | 3_30_g834                                          |              |           |       |         |          | 
     | u_cpu_add_167_30_Y_u_cpu_add_165_34_Y_u_cpu_add_16 | B0 ^ -> Y v  | AOI2BB1X4 | 0.048 |   9.208 |    9.273 | 
     | 3_30_g833                                          |              |           |       |         |          | 
     | u_cpu_add_167_30_Y_u_cpu_add_165_34_Y_u_cpu_add_16 | B v -> Y ^   | NOR2X6    | 0.057 |   9.265 |    9.330 | 
     | 3_30_g831                                          |              |           |       |         |          | 
     | u_cpu_add_167_30_Y_u_cpu_add_165_34_Y_u_cpu_add_16 | B ^ -> Y v   | NOR2X4    | 0.044 |   9.309 |    9.374 | 
     | 3_30_g830                                          |              |           |       |         |          | 
     | u_cpu_add_167_30_Y_u_cpu_add_165_34_Y_u_cpu_add_16 | B v -> Y ^   | NOR2X4    | 0.053 |   9.362 |    9.427 | 
     | 3_30_g828                                          |              |           |       |         |          | 
     | u_cpu_add_167_30_Y_u_cpu_add_165_34_Y_u_cpu_add_16 | B0 ^ -> Y v  | AOI2BB1X4 | 0.049 |   9.410 |    9.475 | 
     | 3_30_g827                                          |              |           |       |         |          | 
     | u_cpu_add_167_30_Y_u_cpu_add_165_34_Y_u_cpu_add_16 | B v -> Y ^   | NOR2X6    | 0.050 |   9.460 |    9.525 | 
     | 3_30_g825                                          |              |           |       |         |          | 
     | u_cpu_add_167_30_Y_u_cpu_add_165_34_Y_u_cpu_add_16 | B ^ -> Y v   | NOR2X4    | 0.043 |   9.503 |    9.568 | 
     | 3_30_g824                                          |              |           |       |         |          | 
     | u_cpu_add_167_30_Y_u_cpu_add_165_34_Y_u_cpu_add_16 | B v -> Y ^   | NOR2X6    | 0.049 |   9.552 |    9.617 | 
     | 3_30_g822                                          |              |           |       |         |          | 
     | u_cpu_add_167_30_Y_u_cpu_add_165_34_Y_u_cpu_add_16 | B0 ^ -> Y v  | AOI2BB1X4 | 0.048 |   9.599 |    9.664 | 
     | 3_30_g821                                          |              |           |       |         |          | 
     | u_cpu_add_167_30_Y_u_cpu_add_165_34_Y_u_cpu_add_16 | B v -> Y ^   | NOR2X6    | 0.050 |   9.649 |    9.714 | 
     | 3_30_g819                                          |              |           |       |         |          | 
     | u_cpu_add_167_30_Y_u_cpu_add_165_34_Y_u_cpu_add_16 | B ^ -> Y v   | NOR2X4    | 0.039 |   9.688 |    9.753 | 
     | 3_30_g818                                          |              |           |       |         |          | 
     | u_cpu_add_167_30_Y_u_cpu_add_165_34_Y_u_cpu_add_16 | B v -> Y ^   | NOR2X4    | 0.051 |   9.739 |    9.805 | 
     | 3_30_g816                                          |              |           |       |         |          | 
     | g655057                                            | B0 ^ -> Y v  | AOI2BB1X4 | 0.052 |   9.792 |    9.857 | 
     | g655056                                            | A v -> Y ^   | NOR2X6    | 0.059 |   9.851 |    9.916 | 
     | u_cpu_add_167_30_Y_u_cpu_add_165_34_Y_u_cpu_add_16 | B0 ^ -> Y v  | AOI2BB1X4 | 0.047 |   9.898 |    9.963 | 
     | 3_30_g812                                          |              |           |       |         |          | 
     | u_cpu_add_167_30_Y_u_cpu_add_165_34_Y_u_cpu_add_16 | B v -> Y ^   | NOR2X4    | 0.041 |   9.939 |   10.004 | 
     | 3_30_g810                                          |              |           |       |         |          | 
     | u_cpu_add_167_30_Y_u_cpu_add_165_34_Y_u_cpu_add_16 | B ^ -> Y ^   | CLKXOR2X1 | 0.137 |  10.076 |   10.141 | 
     | 3_30_g809                                          |              |           |       |         |          | 
     | g641353                                            | B ^ -> Y v   | NAND2X1   | 0.062 |  10.138 |   10.203 | 
     | g653712                                            | B v -> Y ^   | NAND2X1   | 0.052 |  10.190 |   10.255 | 
     | u_cpu_pc_reg[31]                                   | D ^          | DFFRHQX1  | 0.000 |  10.190 |   10.255 | 
     +------------------------------------------------------------------------------------------------------------+ 
Path 5: MET Setup Check with Pin u_cpu_pc_reg[31]/CK 
Endpoint:   u_cpu_pc_reg[31]/D (^) checked with  leading edge of 'clk'
Beginpoint: u_cpu_ir_reg[6]/Q  (^) triggered by  leading edge of 'clk'
Path Groups: {clk}
Analysis View: av_ss
Other End Arrival Time          0.515
- Setup                         0.060
+ Phase Shift                  10.000
- Uncertainty                   0.200
= Required Time                10.255
- Arrival Time                 10.189
= Slack Time                    0.066
     Clock Rise Edge                 0.000
     + Clock Network Latency (Prop)  0.514
     = Beginpoint Arrival Time       0.514
     +------------------------------------------------------------------------------------------------------------+ 
     |                      Instance                      |     Arc      |   Cell    | Delay | Arrival | Required | 
     |                                                    |              |           |       |  Time   |   Time   | 
     |----------------------------------------------------+--------------+-----------+-------+---------+----------| 
     | u_cpu_ir_reg[6]                                    | CK ^         |           |       |   0.514 |    0.580 | 
     | u_cpu_ir_reg[6]                                    | CK ^ -> Q ^  | SDFFRXL   | 0.545 |   1.060 |    1.126 | 
     | g655025                                            | A1N ^ -> Y ^ | AOI2BB1X1 | 0.254 |   1.313 |    1.380 | 
     | g160898                                            | B ^ -> Y v   | NOR2X1    | 0.077 |   1.390 |    1.456 | 
     | g160890                                            | A v -> Y ^   | NOR2X1    | 0.125 |   1.516 |    1.582 | 
     | FE_OFC2349_n_8446                                  | A ^ -> Y v   | CLKINVX4  | 0.165 |   1.681 |    1.747 | 
     | g655053                                            | A1N v -> Y v | OAI2BB1X1 | 0.263 |   1.944 |    2.010 | 
     | FE_OFC511_n_8980                                   | A v -> Y v   | BUFX8     | 0.268 |   2.212 |    2.278 | 
     | FE_OFC2432_n_8980                                  | A v -> Y ^   | INVX3     | 0.174 |   2.386 |    2.452 | 
     | u_cpu_u_alu_sub_16_33_Y_u_cpu_u_alu_add_15_33_g417 | A0 ^ -> Y v  | OAI22X1   | 0.158 |   2.544 |    2.610 | 
     | 0                                                  |              |           |       |         |          | 
     | u_cpu_u_alu_sub_16_33_Y_u_cpu_u_alu_add_15_33_g411 | B v -> Y ^   | NOR2X1    | 0.115 |   2.659 |    2.725 | 
     | 5                                                  |              |           |       |         |          | 
     | u_cpu_u_alu_sub_16_33_Y_u_cpu_u_alu_add_15_33_g404 | A1 ^ -> Y v  | OAI21X1   | 0.133 |   2.792 |    2.858 | 
     | 6                                                  |              |           |       |         |          | 
     | u_cpu_u_alu_sub_16_33_Y_u_cpu_u_alu_add_15_33_g403 | A1 v -> Y ^  | AOI21X1   | 0.129 |   2.921 |    2.987 | 
     | 9                                                  |              |           |       |         |          | 
     | u_cpu_u_alu_sub_16_33_Y_u_cpu_u_alu_add_15_33_g403 | B ^ -> Y v   | NOR2X1    | 0.069 |   2.991 |    3.057 | 
     | 4                                                  |              |           |       |         |          | 
     | u_cpu_u_alu_sub_16_33_Y_u_cpu_u_alu_add_15_33_g403 | B v -> Y ^   | NOR2X1    | 0.076 |   3.067 |    3.133 | 
     | 2                                                  |              |           |       |         |          | 
     | u_cpu_u_alu_sub_16_33_Y_u_cpu_u_alu_add_15_33_g403 | B ^ -> Y v   | NOR2X1    | 0.066 |   3.133 |    3.199 | 
     | 0                                                  |              |           |       |         |          | 
     | u_cpu_u_alu_sub_16_33_Y_u_cpu_u_alu_add_15_33_g402 | B v -> Y ^   | NOR2X1    | 0.063 |   3.196 |    3.262 | 
     | 8                                                  |              |           |       |         |          | 
     | u_cpu_u_alu_sub_16_33_Y_u_cpu_u_alu_add_15_33_g402 | B ^ -> Y v   | NOR2X1    | 0.058 |   3.254 |    3.320 | 
     | 6                                                  |              |           |       |         |          | 
     | u_cpu_u_alu_sub_16_33_Y_u_cpu_u_alu_add_15_33_g402 | B v -> Y ^   | NOR2X1    | 0.106 |   3.359 |    3.425 | 
     | 4                                                  |              |           |       |         |          | 
     | u_cpu_u_alu_sub_16_33_Y_u_cpu_u_alu_add_15_33_g402 | B ^ -> Y v   | NOR2X1    | 0.099 |   3.459 |    3.525 | 
     | 1                                                  |              |           |       |         |          | 
     | u_cpu_u_alu_sub_16_33_Y_u_cpu_u_alu_add_15_33_g401 | A1 v -> Y ^  | AOI21X1   | 0.108 |   3.567 |    3.633 | 
     | 5                                                  |              |           |       |         |          | 
     | u_cpu_u_alu_sub_16_33_Y_u_cpu_u_alu_add_15_33_g401 | A1 ^ -> Y v  | OAI21X1   | 0.135 |   3.702 |    3.768 | 
     | 1                                                  |              |           |       |         |          | 
     | g655048                                            | A1N v -> Y v | OAI2BB1X1 | 0.171 |   3.873 |    3.940 | 
     | u_cpu_u_alu_sub_16_33_Y_u_cpu_u_alu_add_15_33_g400 | A v -> Y ^   | INVX1     | 0.072 |   3.945 |    4.011 | 
     | 7                                                  |              |           |       |         |          | 
     | u_cpu_u_alu_sub_16_33_Y_u_cpu_u_alu_add_15_33_g400 | A1 ^ -> Y v  | OAI21X1   | 0.095 |   4.040 |    4.106 | 
     | 5                                                  |              |           |       |         |          | 
     | u_cpu_u_alu_sub_16_33_Y_u_cpu_u_alu_add_15_33_g400 | A1 v -> Y ^  | AOI21X1   | 0.136 |   4.176 |    4.242 | 
     | 3                                                  |              |           |       |         |          | 
     | u_cpu_u_alu_sub_16_33_Y_u_cpu_u_alu_add_15_33_g400 | A1 ^ -> Y v  | OAI21X1   | 0.134 |   4.309 |    4.376 | 
     | 0                                                  |              |           |       |         |          | 
     | u_cpu_u_alu_sub_16_33_Y_u_cpu_u_alu_add_15_33_g399 | A v -> Y ^   | INVX1     | 0.065 |   4.375 |    4.441 | 
     | 9                                                  |              |           |       |         |          | 
     | u_cpu_u_alu_sub_16_33_Y_u_cpu_u_alu_add_15_33_g399 | B ^ -> Y v   | NOR2X1    | 0.038 |   4.412 |    4.479 | 
     | 8                                                  |              |           |       |         |          | 
     | u_cpu_u_alu_sub_16_33_Y_u_cpu_u_alu_add_15_33_g399 | B v -> Y ^   | NOR2X1    | 0.105 |   4.518 |    4.584 | 
     | 6                                                  |              |           |       |         |          | 
     | u_cpu_u_alu_sub_16_33_Y_u_cpu_u_alu_add_15_33_g399 | B ^ -> Y v   | NOR2X1    | 0.097 |   4.615 |    4.681 | 
     | 5                                                  |              |           |       |         |          | 
     | u_cpu_u_alu_sub_16_33_Y_u_cpu_u_alu_add_15_33_g399 | B v -> Y ^   | NAND2X1   | 0.046 |   4.661 |    4.727 | 
     | 1                                                  |              |           |       |         |          | 
     | u_cpu_u_alu_sub_16_33_Y_u_cpu_u_alu_add_15_33_g398 | B ^ -> Y v   | NAND2X1   | 0.129 |   4.790 |    4.856 | 
     | 9                                                  |              |           |       |         |          | 
     | u_cpu_u_alu_sub_16_33_Y_u_cpu_u_alu_add_15_33_g398 | B v -> Y ^   | NAND2X1   | 0.110 |   4.899 |    4.966 | 
     | 2                                                  |              |           |       |         |          | 
     | u_cpu_u_alu_sub_16_33_Y_u_cpu_u_alu_add_15_33_g397 | A1 ^ -> Y v  | OAI21X1   | 0.184 |   5.083 |    5.149 | 
     | 6                                                  |              |           |       |         |          | 
     | u_cpu_u_alu_sub_16_33_Y_u_cpu_u_alu_add_15_33_g429 | B v -> Y v   | CLKXOR2X1 | 0.210 |   5.293 |    5.359 | 
     | 3                                                  |              |           |       |         |          | 
     | g655417                                            | B v -> Y ^   | NAND2X1   | 0.050 |   5.343 |    5.409 | 
     | g655035                                            | C ^ -> Y v   | NAND3X2   | 0.197 |   5.540 |    5.606 | 
     | g165559                                            | A v -> Y ^   | NOR2X1    | 0.151 |   5.690 |    5.757 | 
     | g655026                                            | D ^ -> Y v   | NAND4BBX2 | 0.168 |   5.858 |    5.924 | 
     | g165557                                            | A v -> Y ^   | NOR2X1    | 0.130 |   5.988 |    6.054 | 
     | g165556                                            | A ^ -> Y v   | NAND2X1   | 0.073 |   6.061 |    6.127 | 
     | g165555                                            | B v -> Y ^   | NOR2X1    | 0.099 |   6.160 |    6.226 | 
     | g165554                                            | B0 ^ -> Y v  | AOI2BB1X1 | 0.100 |   6.260 |    6.326 | 
     | g165553                                            | B v -> Y ^   | NOR2X4    | 0.098 |   6.358 |    6.424 | 
     | g165550                                            | S0 ^ -> Y v  | MX2X1     | 0.238 |   6.597 |    6.663 | 
     | g655045                                            | A1 v -> Y v  | OA21X1    | 0.157 |   6.754 |    6.820 | 
     | u_cpu_add_167_30_Y_u_cpu_add_165_34_Y_u_cpu_add_16 | B v -> Y ^   | NOR2X1    | 0.080 |   6.834 |    6.900 | 
     | 3_30_g913                                          |              |           |       |         |          | 
     | u_cpu_add_167_30_Y_u_cpu_add_165_34_Y_u_cpu_add_16 | B ^ -> Y v   | NOR2X1    | 0.070 |   6.904 |    6.970 | 
     | 3_30_g911                                          |              |           |       |         |          | 
     | u_cpu_add_167_30_Y_u_cpu_add_165_34_Y_u_cpu_add_16 | B v -> Y ^   | NOR2X2    | 0.054 |   6.958 |    7.024 | 
     | 3_30_g909                                          |              |           |       |         |          | 
     | u_cpu_add_167_30_Y_u_cpu_add_165_34_Y_u_cpu_add_16 | B0 ^ -> Y v  | AOI2BB1X1 | 0.061 |   7.019 |    7.085 | 
     | 3_30_g907                                          |              |           |       |         |          | 
     | u_cpu_add_167_30_Y_u_cpu_add_165_34_Y_u_cpu_add_16 | B v -> Y ^   | NOR2X2    | 0.062 |   7.081 |    7.147 | 
     | 3_30_g905                                          |              |           |       |         |          | 
     | u_cpu_add_167_30_Y_u_cpu_add_165_34_Y_u_cpu_add_16 | B0 ^ -> Y v  | AOI2BB1X1 | 0.069 |   7.149 |    7.215 | 
     | 3_30_g903                                          |              |           |       |         |          | 
     | g655044                                            | B0 v -> Y ^  | AOI21X2   | 0.062 |   7.212 |    7.278 | 
     | u_cpu_add_167_30_Y_u_cpu_add_165_34_Y_u_cpu_add_16 | B0 ^ -> Y v  | AOI2BB1X1 | 0.056 |   7.268 |    7.334 | 
     | 3_30_g899                                          |              |           |       |         |          | 
     | u_cpu_add_167_30_Y_u_cpu_add_165_34_Y_u_cpu_add_16 | B v -> Y ^   | NOR2X1    | 0.078 |   7.346 |    7.412 | 
     | 3_30_g897                                          |              |           |       |         |          | 
     | g655043                                            | A1N ^ -> Y ^ | AOI2BB1X2 | 0.155 |   7.501 |    7.567 | 
     | u_cpu_add_167_30_Y_u_cpu_add_165_34_Y_u_cpu_add_16 | B0 ^ -> Y v  | AOI2BB1X2 | 0.070 |   7.571 |    7.637 | 
     | 3_30_g891                                          |              |           |       |         |          | 
     | u_cpu_add_167_30_Y_u_cpu_add_165_34_Y_u_cpu_add_16 | B v -> Y ^   | NOR2X4    | 0.054 |   7.625 |    7.691 | 
     | 3_30_g889                                          |              |           |       |         |          | 
     | u_cpu_add_167_30_Y_u_cpu_add_165_34_Y_u_cpu_add_16 | B ^ -> Y v   | NOR2X2    | 0.049 |   7.674 |    7.740 | 
     | 3_30_g887                                          |              |           |       |         |          | 
     | u_cpu_add_167_30_Y_u_cpu_add_165_34_Y_u_cpu_add_16 | B v -> Y ^   | NOR2X4    | 0.049 |   7.723 |    7.789 | 
     | 3_30_g885                                          |              |           |       |         |          | 
     | u_cpu_add_167_30_Y_u_cpu_add_165_34_Y_u_cpu_add_16 | B ^ -> Y v   | NOR2X2    | 0.048 |   7.771 |    7.837 | 
     | 3_30_g883                                          |              |           |       |         |          | 
     | u_cpu_add_167_30_Y_u_cpu_add_165_34_Y_u_cpu_add_16 | B v -> Y ^   | NOR2X4    | 0.048 |   7.819 |    7.885 | 
     | 3_30_g881                                          |              |           |       |         |          | 
     | u_cpu_add_167_30_Y_u_cpu_add_165_34_Y_u_cpu_add_16 | B0 ^ -> Y v  | AOI2BB1X2 | 0.052 |   7.871 |    7.937 | 
     | 3_30_g879                                          |              |           |       |         |          | 
     | u_cpu_add_167_30_Y_u_cpu_add_165_34_Y_u_cpu_add_16 | B v -> Y ^   | NOR2X4    | 0.058 |   7.929 |    7.995 | 
     | 3_30_g877                                          |              |           |       |         |          | 
     | u_cpu_add_167_30_Y_u_cpu_add_165_34_Y_u_cpu_add_16 | B0 ^ -> Y v  | AOI2BB1X4 | 0.047 |   7.976 |    8.042 | 
     | 3_30_g875                                          |              |           |       |         |          | 
     | u_cpu_add_167_30_Y_u_cpu_add_165_34_Y_u_cpu_add_16 | B v -> Y ^   | NOR2X4    | 0.063 |   8.038 |    8.105 | 
     | 3_30_g873                                          |              |           |       |         |          | 
     | u_cpu_add_167_30_Y_u_cpu_add_165_34_Y_u_cpu_add_16 | B ^ -> Y v   | NOR2X4    | 0.050 |   8.089 |    8.155 | 
     | 3_30_g871                                          |              |           |       |         |          | 
     | u_cpu_add_167_30_Y_u_cpu_add_165_34_Y_u_cpu_add_16 | B v -> Y ^   | NOR2X4    | 0.057 |   8.146 |    8.212 | 
     | 3_30_g869                                          |              |           |       |         |          | 
     | u_cpu_add_167_30_Y_u_cpu_add_165_34_Y_u_cpu_add_16 | B0 ^ -> Y v  | AOI2BB1X4 | 0.048 |   8.193 |    8.260 | 
     | 3_30_g867                                          |              |           |       |         |          | 
     | u_cpu_add_167_30_Y_u_cpu_add_165_34_Y_u_cpu_add_16 | B v -> Y ^   | NOR2X4    | 0.054 |   8.247 |    8.313 | 
     | 3_30_g865                                          |              |           |       |         |          | 
     | u_cpu_add_167_30_Y_u_cpu_add_165_34_Y_u_cpu_add_16 | B ^ -> Y v   | NOR2X4    | 0.043 |   8.291 |    8.357 | 
     | 3_30_g863                                          |              |           |       |         |          | 
     | u_cpu_add_167_30_Y_u_cpu_add_165_34_Y_u_cpu_add_16 | B v -> Y ^   | NOR2X4    | 0.047 |   8.337 |    8.403 | 
     | 3_30_g861                                          |              |           |       |         |          | 
     | u_cpu_add_167_30_Y_u_cpu_add_165_34_Y_u_cpu_add_16 | B0 ^ -> Y v  | AOI2BB1X2 | 0.050 |   8.388 |    8.454 | 
     | 3_30_g859                                          |              |           |       |         |          | 
     | u_cpu_add_167_30_Y_u_cpu_add_165_34_Y_u_cpu_add_16 | B v -> Y ^   | NOR2X4    | 0.058 |   8.446 |    8.512 | 
     | 3_30_g857                                          |              |           |       |         |          | 
     | u_cpu_add_167_30_Y_u_cpu_add_165_34_Y_u_cpu_add_16 | B0 ^ -> Y v  | AOI2BB1X4 | 0.051 |   8.497 |    8.563 | 
     | 3_30_g855                                          |              |           |       |         |          | 
     | u_cpu_add_167_30_Y_u_cpu_add_165_34_Y_u_cpu_add_16 | B v -> Y ^   | NOR2X6    | 0.052 |   8.548 |    8.614 | 
     | 3_30_g853                                          |              |           |       |         |          | 
     | u_cpu_add_167_30_Y_u_cpu_add_165_34_Y_u_cpu_add_16 | B ^ -> Y v   | NOR2X4    | 0.041 |   8.589 |    8.655 | 
     | 3_30_g851                                          |              |           |       |         |          | 
     | u_cpu_add_167_30_Y_u_cpu_add_165_34_Y_u_cpu_add_16 | B v -> Y ^   | NOR2X4    | 0.057 |   8.646 |    8.712 | 
     | 3_30_g849                                          |              |           |       |         |          | 
     | u_cpu_add_167_30_Y_u_cpu_add_165_34_Y_u_cpu_add_16 | B ^ -> Y v   | NOR2X4    | 0.048 |   8.693 |    8.759 | 
     | 3_30_g848                                          |              |           |       |         |          | 
     | u_cpu_add_167_30_Y_u_cpu_add_165_34_Y_u_cpu_add_16 | B v -> Y ^   | NOR2X4    | 0.055 |   8.748 |    8.814 | 
     | 3_30_g846                                          |              |           |       |         |          | 
     | u_cpu_add_167_30_Y_u_cpu_add_165_34_Y_u_cpu_add_16 | B0 ^ -> Y v  | AOI2BB1X4 | 0.050 |   8.798 |    8.864 | 
     | 3_30_g845                                          |              |           |       |         |          | 
     | u_cpu_add_167_30_Y_u_cpu_add_165_34_Y_u_cpu_add_16 | B v -> Y ^   | NOR2X4    | 0.055 |   8.853 |    8.919 | 
     | 3_30_g843                                          |              |           |       |         |          | 
     | g655480                                            | B0 ^ -> Y v  | AOI2BB1X4 | 0.048 |   8.901 |    8.967 | 
     | u_cpu_add_167_30_Y_u_cpu_add_165_34_Y_u_cpu_add_16 | B v -> Y ^   | NOR2X4    | 0.057 |   8.958 |    9.024 | 
     | 3_30_g840                                          |              |           |       |         |          | 
     | u_cpu_add_167_30_Y_u_cpu_add_165_34_Y_u_cpu_add_16 | B ^ -> Y v   | NOR2X4    | 0.044 |   9.002 |    9.069 | 
     | 3_30_g839                                          |              |           |       |         |          | 
     | u_cpu_add_167_30_Y_u_cpu_add_165_34_Y_u_cpu_add_16 | B v -> Y ^   | NOR2X4    | 0.053 |   9.056 |    9.122 | 
     | 3_30_g837                                          |              |           |       |         |          | 
     | u_cpu_add_167_30_Y_u_cpu_add_165_34_Y_u_cpu_add_16 | B0 ^ -> Y v  | AOI2BB1X4 | 0.051 |   9.106 |    9.173 | 
     | 3_30_g836                                          |              |           |       |         |          | 
     | u_cpu_add_167_30_Y_u_cpu_add_165_34_Y_u_cpu_add_16 | B v -> Y ^   | NOR2X6    | 0.052 |   9.159 |    9.225 | 
     | 3_30_g834                                          |              |           |       |         |          | 
     | u_cpu_add_167_30_Y_u_cpu_add_165_34_Y_u_cpu_add_16 | B0 ^ -> Y v  | AOI2BB1X4 | 0.048 |   9.207 |    9.273 | 
     | 3_30_g833                                          |              |           |       |         |          | 
     | u_cpu_add_167_30_Y_u_cpu_add_165_34_Y_u_cpu_add_16 | B v -> Y ^   | NOR2X6    | 0.057 |   9.264 |    9.330 | 
     | 3_30_g831                                          |              |           |       |         |          | 
     | u_cpu_add_167_30_Y_u_cpu_add_165_34_Y_u_cpu_add_16 | B ^ -> Y v   | NOR2X4    | 0.044 |   9.308 |    9.374 | 
     | 3_30_g830                                          |              |           |       |         |          | 
     | u_cpu_add_167_30_Y_u_cpu_add_165_34_Y_u_cpu_add_16 | B v -> Y ^   | NOR2X4    | 0.053 |   9.361 |    9.427 | 
     | 3_30_g828                                          |              |           |       |         |          | 
     | u_cpu_add_167_30_Y_u_cpu_add_165_34_Y_u_cpu_add_16 | B0 ^ -> Y v  | AOI2BB1X4 | 0.049 |   9.409 |    9.475 | 
     | 3_30_g827                                          |              |           |       |         |          | 
     | u_cpu_add_167_30_Y_u_cpu_add_165_34_Y_u_cpu_add_16 | B v -> Y ^   | NOR2X6    | 0.050 |   9.459 |    9.525 | 
     | 3_30_g825                                          |              |           |       |         |          | 
     | u_cpu_add_167_30_Y_u_cpu_add_165_34_Y_u_cpu_add_16 | B ^ -> Y v   | NOR2X4    | 0.043 |   9.502 |    9.568 | 
     | 3_30_g824                                          |              |           |       |         |          | 
     | u_cpu_add_167_30_Y_u_cpu_add_165_34_Y_u_cpu_add_16 | B v -> Y ^   | NOR2X6    | 0.049 |   9.551 |    9.617 | 
     | 3_30_g822                                          |              |           |       |         |          | 
     | u_cpu_add_167_30_Y_u_cpu_add_165_34_Y_u_cpu_add_16 | B0 ^ -> Y v  | AOI2BB1X4 | 0.048 |   9.598 |    9.664 | 
     | 3_30_g821                                          |              |           |       |         |          | 
     | u_cpu_add_167_30_Y_u_cpu_add_165_34_Y_u_cpu_add_16 | B v -> Y ^   | NOR2X6    | 0.050 |   9.648 |    9.714 | 
     | 3_30_g819                                          |              |           |       |         |          | 
     | u_cpu_add_167_30_Y_u_cpu_add_165_34_Y_u_cpu_add_16 | B ^ -> Y v   | NOR2X4    | 0.039 |   9.687 |    9.753 | 
     | 3_30_g818                                          |              |           |       |         |          | 
     | u_cpu_add_167_30_Y_u_cpu_add_165_34_Y_u_cpu_add_16 | B v -> Y ^   | NOR2X4    | 0.051 |   9.738 |    9.805 | 
     | 3_30_g816                                          |              |           |       |         |          | 
     | g655057                                            | B0 ^ -> Y v  | AOI2BB1X4 | 0.052 |   9.791 |    9.857 | 
     | g655056                                            | A v -> Y ^   | NOR2X6    | 0.059 |   9.850 |    9.916 | 
     | u_cpu_add_167_30_Y_u_cpu_add_165_34_Y_u_cpu_add_16 | B0 ^ -> Y v  | AOI2BB1X4 | 0.047 |   9.897 |    9.963 | 
     | 3_30_g812                                          |              |           |       |         |          | 
     | u_cpu_add_167_30_Y_u_cpu_add_165_34_Y_u_cpu_add_16 | B v -> Y ^   | NOR2X4    | 0.041 |   9.938 |   10.004 | 
     | 3_30_g810                                          |              |           |       |         |          | 
     | u_cpu_add_167_30_Y_u_cpu_add_165_34_Y_u_cpu_add_16 | B ^ -> Y ^   | CLKXOR2X1 | 0.137 |  10.075 |   10.141 | 
     | 3_30_g809                                          |              |           |       |         |          | 
     | g641353                                            | B ^ -> Y v   | NAND2X1   | 0.062 |  10.137 |   10.203 | 
     | g653712                                            | B v -> Y ^   | NAND2X1   | 0.052 |  10.189 |   10.255 | 
     | u_cpu_pc_reg[31]                                   | D ^          | DFFRHQX1  | 0.000 |  10.189 |   10.255 | 
     +------------------------------------------------------------------------------------------------------------+ 
Path 6: MET Setup Check with Pin u_cpu_pc_reg[31]/CK 
Endpoint:   u_cpu_pc_reg[31]/D (^) checked with  leading edge of 'clk'
Beginpoint: u_cpu_ir_reg[6]/Q  (^) triggered by  leading edge of 'clk'
Path Groups: {clk}
Analysis View: av_ss
Other End Arrival Time          0.515
- Setup                         0.060
+ Phase Shift                  10.000
- Uncertainty                   0.200
= Required Time                10.255
- Arrival Time                 10.188
= Slack Time                    0.067
     Clock Rise Edge                 0.000
     + Clock Network Latency (Prop)  0.514
     = Beginpoint Arrival Time       0.514
     +------------------------------------------------------------------------------------------------------------+ 
     |                      Instance                      |     Arc      |   Cell    | Delay | Arrival | Required | 
     |                                                    |              |           |       |  Time   |   Time   | 
     |----------------------------------------------------+--------------+-----------+-------+---------+----------| 
     | u_cpu_ir_reg[6]                                    | CK ^         |           |       |   0.514 |    0.581 | 
     | u_cpu_ir_reg[6]                                    | CK ^ -> Q ^  | SDFFRXL   | 0.545 |   1.060 |    1.127 | 
     | g655025                                            | A1N ^ -> Y ^ | AOI2BB1X1 | 0.254 |   1.313 |    1.380 | 
     | g160898                                            | B ^ -> Y v   | NOR2X1    | 0.077 |   1.390 |    1.457 | 
     | g160890                                            | A v -> Y ^   | NOR2X1    | 0.125 |   1.516 |    1.582 | 
     | FE_OFC2349_n_8446                                  | A ^ -> Y v   | CLKINVX4  | 0.165 |   1.681 |    1.748 | 
     | g655054                                            | A1N v -> Y v | OAI2BB1X1 | 0.279 |   1.960 |    2.027 | 
     | FE_OFC512_n_8982                                   | A v -> Y v   | CLKBUFX6  | 0.295 |   2.255 |    2.322 | 
     | FE_OFC1727_n_8982                                  | A v -> Y ^   | INVX3     | 0.271 |   2.526 |    2.593 | 
     | g655049                                            | A0 ^ -> Y v  | AOI22X1   | 0.205 |   2.731 |    2.798 | 
     | u_cpu_u_alu_sub_16_33_Y_u_cpu_u_alu_add_15_33_g404 | A0 v -> Y ^  | OAI21X1   | 0.139 |   2.870 |    2.937 | 
     | 6                                                  |              |           |       |         |          | 
     | u_cpu_u_alu_sub_16_33_Y_u_cpu_u_alu_add_15_33_g403 | A1 ^ -> Y v  | AOI21X1   | 0.136 |   3.006 |    3.073 | 
     | 9                                                  |              |           |       |         |          | 
     | u_cpu_u_alu_sub_16_33_Y_u_cpu_u_alu_add_15_33_g403 | B v -> Y ^   | NOR2X1    | 0.083 |   3.089 |    3.156 | 
     | 4                                                  |              |           |       |         |          | 
     | u_cpu_u_alu_sub_16_33_Y_u_cpu_u_alu_add_15_33_g403 | B ^ -> Y v   | NOR2X1    | 0.061 |   3.150 |    3.216 | 
     | 2                                                  |              |           |       |         |          | 
     | u_cpu_u_alu_sub_16_33_Y_u_cpu_u_alu_add_15_33_g403 | B v -> Y ^   | NOR2X1    | 0.056 |   3.205 |    3.272 | 
     | 0                                                  |              |           |       |         |          | 
     | u_cpu_u_alu_sub_16_33_Y_u_cpu_u_alu_add_15_33_g402 | B ^ -> Y v   | NOR2X1    | 0.053 |   3.258 |    3.325 | 
     | 8                                                  |              |           |       |         |          | 
     | u_cpu_u_alu_sub_16_33_Y_u_cpu_u_alu_add_15_33_g402 | B v -> Y ^   | NOR2X1    | 0.055 |   3.312 |    3.379 | 
     | 6                                                  |              |           |       |         |          | 
     | u_cpu_u_alu_sub_16_33_Y_u_cpu_u_alu_add_15_33_g402 | B ^ -> Y v   | NOR2X1    | 0.078 |   3.391 |    3.458 | 
     | 4                                                  |              |           |       |         |          | 
     | u_cpu_u_alu_sub_16_33_Y_u_cpu_u_alu_add_15_33_g402 | B v -> Y ^   | NOR2X1    | 0.091 |   3.481 |    3.548 | 
     | 1                                                  |              |           |       |         |          | 
     | u_cpu_u_alu_sub_16_33_Y_u_cpu_u_alu_add_15_33_g401 | A1 ^ -> Y v  | AOI21X1   | 0.131 |   3.612 |    3.679 | 
     | 5                                                  |              |           |       |         |          | 
     | u_cpu_u_alu_sub_16_33_Y_u_cpu_u_alu_add_15_33_g401 | A1 v -> Y ^  | OAI21X1   | 0.128 |   3.741 |    3.808 | 
     | 1                                                  |              |           |       |         |          | 
     | g655048                                            | A1N ^ -> Y ^ | OAI2BB1X1 | 0.173 |   3.914 |    3.980 | 
     | u_cpu_u_alu_sub_16_33_Y_u_cpu_u_alu_add_15_33_g400 | A ^ -> Y v   | INVX1     | 0.050 |   3.963 |    4.030 | 
     | 7                                                  |              |           |       |         |          | 
     | u_cpu_u_alu_sub_16_33_Y_u_cpu_u_alu_add_15_33_g400 | A1 v -> Y ^  | OAI21X1   | 0.082 |   4.045 |    4.112 | 
     | 5                                                  |              |           |       |         |          | 
     | u_cpu_u_alu_sub_16_33_Y_u_cpu_u_alu_add_15_33_g400 | A1 ^ -> Y v  | AOI21X1   | 0.144 |   4.189 |    4.256 | 
     | 3                                                  |              |           |       |         |          | 
     | u_cpu_u_alu_sub_16_33_Y_u_cpu_u_alu_add_15_33_g400 | A1 v -> Y ^  | OAI21X1   | 0.128 |   4.317 |    4.384 | 
     | 0                                                  |              |           |       |         |          | 
     | u_cpu_u_alu_sub_16_33_Y_u_cpu_u_alu_add_15_33_g399 | A ^ -> Y v   | INVX1     | 0.066 |   4.382 |    4.449 | 
     | 9                                                  |              |           |       |         |          | 
     | u_cpu_u_alu_sub_16_33_Y_u_cpu_u_alu_add_15_33_g399 | B v -> Y ^   | NOR2X1    | 0.054 |   4.436 |    4.503 | 
     | 8                                                  |              |           |       |         |          | 
     | u_cpu_u_alu_sub_16_33_Y_u_cpu_u_alu_add_15_33_g399 | B ^ -> Y v   | NOR2X1    | 0.081 |   4.518 |    4.585 | 
     | 6                                                  |              |           |       |         |          | 
     | u_cpu_u_alu_sub_16_33_Y_u_cpu_u_alu_add_15_33_g399 | B v -> Y ^   | NOR2X1    | 0.090 |   4.608 |    4.675 | 
     | 5                                                  |              |           |       |         |          | 
     | u_cpu_u_alu_sub_16_33_Y_u_cpu_u_alu_add_15_33_g399 | B ^ -> Y v   | NAND2X1   | 0.081 |   4.688 |    4.755 | 
     | 1                                                  |              |           |       |         |          | 
     | u_cpu_u_alu_sub_16_33_Y_u_cpu_u_alu_add_15_33_g398 | B v -> Y ^   | NAND2X1   | 0.079 |   4.767 |    4.834 | 
     | 9                                                  |              |           |       |         |          | 
     | u_cpu_u_alu_sub_16_33_Y_u_cpu_u_alu_add_15_33_g398 | B ^ -> Y v   | NAND2X1   | 0.102 |   4.869 |    4.936 | 
     | 2                                                  |              |           |       |         |          | 
     | u_cpu_u_alu_sub_16_33_Y_u_cpu_u_alu_add_15_33_g397 | A1 v -> Y ^  | OAI21X1   | 0.179 |   5.048 |    5.115 | 
     | 6                                                  |              |           |       |         |          | 
     | u_cpu_u_alu_sub_16_33_Y_u_cpu_u_alu_add_15_33_g429 | B ^ -> Y v   | CLKXOR2X1 | 0.245 |   5.294 |    5.361 | 
     | 3                                                  |              |           |       |         |          | 
     | g655417                                            | B v -> Y ^   | NAND2X1   | 0.050 |   5.344 |    5.411 | 
     | g655035                                            | C ^ -> Y v   | NAND3X2   | 0.197 |   5.541 |    5.608 | 
     | g165559                                            | A v -> Y ^   | NOR2X1    | 0.151 |   5.691 |    5.758 | 
     | g655026                                            | D ^ -> Y v   | NAND4BBX2 | 0.168 |   5.859 |    5.926 | 
     | g165557                                            | A v -> Y ^   | NOR2X1    | 0.130 |   5.989 |    6.056 | 
     | g165556                                            | A ^ -> Y v   | NAND2X1   | 0.073 |   6.062 |    6.129 | 
     | g165555                                            | B v -> Y ^   | NOR2X1    | 0.099 |   6.161 |    6.228 | 
     | g165554                                            | B0 ^ -> Y v  | AOI2BB1X1 | 0.100 |   6.261 |    6.328 | 
     | g165553                                            | B v -> Y ^   | NOR2X4    | 0.098 |   6.359 |    6.426 | 
     | g165550                                            | S0 ^ -> Y ^  | MX2X1     | 0.198 |   6.557 |    6.624 | 
     | u_cpu_add_167_30_Y_u_cpu_add_165_34_Y_u_cpu_add_16 | B ^ -> Y ^   | AND2X1    | 0.140 |   6.697 |    6.764 | 
     | 3_30_g975                                          |              |           |       |         |          | 
     | u_cpu_add_167_30_Y_u_cpu_add_165_34_Y_u_cpu_add_16 | A ^ -> Y v   | NOR2X1    | 0.055 |   6.752 |    6.819 | 
     | 3_30_g913                                          |              |           |       |         |          | 
     | u_cpu_add_167_30_Y_u_cpu_add_165_34_Y_u_cpu_add_16 | B v -> Y ^   | NOR2X1    | 0.066 |   6.818 |    6.885 | 
     | 3_30_g911                                          |              |           |       |         |          | 
     | u_cpu_add_167_30_Y_u_cpu_add_165_34_Y_u_cpu_add_16 | B ^ -> Y v   | NOR2X2    | 0.055 |   6.873 |    6.940 | 
     | 3_30_g909                                          |              |           |       |         |          | 
     | u_cpu_add_167_30_Y_u_cpu_add_165_34_Y_u_cpu_add_16 | B0 v -> Y ^  | AOI2BB1X1 | 0.074 |   6.947 |    7.014 | 
     | 3_30_g907                                          |              |           |       |         |          | 
     | u_cpu_add_167_30_Y_u_cpu_add_165_34_Y_u_cpu_add_16 | B ^ -> Y v   | NOR2X2    | 0.062 |   7.009 |    7.076 | 
     | 3_30_g905                                          |              |           |       |         |          | 
     | u_cpu_add_167_30_Y_u_cpu_add_165_34_Y_u_cpu_add_16 | B0 v -> Y ^  | AOI2BB1X1 | 0.085 |   7.094 |    7.161 | 
     | 3_30_g903                                          |              |           |       |         |          | 
     | g655044                                            | B0 ^ -> Y v  | AOI21X2   | 0.064 |   7.158 |    7.225 | 
     | u_cpu_add_167_30_Y_u_cpu_add_165_34_Y_u_cpu_add_16 | B0 v -> Y ^  | AOI2BB1X1 | 0.081 |   7.238 |    7.305 | 
     | 3_30_g899                                          |              |           |       |         |          | 
     | u_cpu_add_167_30_Y_u_cpu_add_165_34_Y_u_cpu_add_16 | B ^ -> Y v   | NOR2X1    | 0.067 |   7.305 |    7.372 | 
     | 3_30_g897                                          |              |           |       |         |          | 
     | g655043                                            | A1N v -> Y v | AOI2BB1X2 | 0.161 |   7.466 |    7.533 | 
     | u_cpu_add_167_30_Y_u_cpu_add_165_34_Y_u_cpu_add_16 | B0 v -> Y ^  | AOI2BB1X2 | 0.079 |   7.545 |    7.612 | 
     | 3_30_g891                                          |              |           |       |         |          | 
     | u_cpu_add_167_30_Y_u_cpu_add_165_34_Y_u_cpu_add_16 | B ^ -> Y v   | NOR2X4    | 0.051 |   7.596 |    7.663 | 
     | 3_30_g889                                          |              |           |       |         |          | 
     | u_cpu_add_167_30_Y_u_cpu_add_165_34_Y_u_cpu_add_16 | B v -> Y ^   | NOR2X2    | 0.057 |   7.654 |    7.720 | 
     | 3_30_g887                                          |              |           |       |         |          | 
     | u_cpu_add_167_30_Y_u_cpu_add_165_34_Y_u_cpu_add_16 | B ^ -> Y v   | NOR2X4    | 0.050 |   7.703 |    7.770 | 
     | 3_30_g885                                          |              |           |       |         |          | 
     | u_cpu_add_167_30_Y_u_cpu_add_165_34_Y_u_cpu_add_16 | B v -> Y ^   | NOR2X2    | 0.056 |   7.760 |    7.827 | 
     | 3_30_g883                                          |              |           |       |         |          | 
     | u_cpu_add_167_30_Y_u_cpu_add_165_34_Y_u_cpu_add_16 | B ^ -> Y v   | NOR2X4    | 0.049 |   7.809 |    7.875 | 
     | 3_30_g881                                          |              |           |       |         |          | 
     | u_cpu_add_167_30_Y_u_cpu_add_165_34_Y_u_cpu_add_16 | B0 v -> Y ^  | AOI2BB1X2 | 0.069 |   7.878 |    7.945 | 
     | 3_30_g879                                          |              |           |       |         |          | 
     | u_cpu_add_167_30_Y_u_cpu_add_165_34_Y_u_cpu_add_16 | B ^ -> Y v   | NOR2X4    | 0.055 |   7.932 |    7.999 | 
     | 3_30_g877                                          |              |           |       |         |          | 
     | u_cpu_add_167_30_Y_u_cpu_add_165_34_Y_u_cpu_add_16 | B0 v -> Y ^  | AOI2BB1X4 | 0.056 |   7.988 |    8.055 | 
     | 3_30_g875                                          |              |           |       |         |          | 
     | u_cpu_add_167_30_Y_u_cpu_add_165_34_Y_u_cpu_add_16 | B ^ -> Y v   | NOR2X4    | 0.050 |   8.038 |    8.105 | 
     | 3_30_g873                                          |              |           |       |         |          | 
     | u_cpu_add_167_30_Y_u_cpu_add_165_34_Y_u_cpu_add_16 | B v -> Y ^   | NOR2X4    | 0.049 |   8.087 |    8.154 | 
     | 3_30_g871                                          |              |           |       |         |          | 
     | u_cpu_add_167_30_Y_u_cpu_add_165_34_Y_u_cpu_add_16 | B ^ -> Y v   | NOR2X4    | 0.043 |   8.130 |    8.197 | 
     | 3_30_g869                                          |              |           |       |         |          | 
     | u_cpu_add_167_30_Y_u_cpu_add_165_34_Y_u_cpu_add_16 | B0 v -> Y ^  | AOI2BB1X4 | 0.057 |   8.187 |    8.253 | 
     | 3_30_g867                                          |              |           |       |         |          | 
     | u_cpu_add_167_30_Y_u_cpu_add_165_34_Y_u_cpu_add_16 | B ^ -> Y v   | NOR2X4    | 0.045 |   8.231 |    8.298 | 
     | 3_30_g865                                          |              |           |       |         |          | 
     | u_cpu_add_167_30_Y_u_cpu_add_165_34_Y_u_cpu_add_16 | B v -> Y ^   | NOR2X4    | 0.045 |   8.276 |    8.343 | 
     | 3_30_g863                                          |              |           |       |         |          | 
     | u_cpu_add_167_30_Y_u_cpu_add_165_34_Y_u_cpu_add_16 | B ^ -> Y v   | NOR2X4    | 0.038 |   8.315 |    8.382 | 
     | 3_30_g861                                          |              |           |       |         |          | 
     | u_cpu_add_167_30_Y_u_cpu_add_165_34_Y_u_cpu_add_16 | B0 v -> Y ^  | AOI2BB1X2 | 0.069 |   8.383 |    8.450 | 
     | 3_30_g859                                          |              |           |       |         |          | 
     | u_cpu_add_167_30_Y_u_cpu_add_165_34_Y_u_cpu_add_16 | B ^ -> Y v   | NOR2X4    | 0.055 |   8.438 |    8.505 | 
     | 3_30_g857                                          |              |           |       |         |          | 
     | u_cpu_add_167_30_Y_u_cpu_add_165_34_Y_u_cpu_add_16 | B0 v -> Y ^  | AOI2BB1X4 | 0.063 |   8.501 |    8.568 | 
     | 3_30_g855                                          |              |           |       |         |          | 
     | u_cpu_add_167_30_Y_u_cpu_add_165_34_Y_u_cpu_add_16 | B ^ -> Y v   | NOR2X6    | 0.047 |   8.548 |    8.615 | 
     | 3_30_g853                                          |              |           |       |         |          | 
     | u_cpu_add_167_30_Y_u_cpu_add_165_34_Y_u_cpu_add_16 | B v -> Y ^   | NOR2X4    | 0.044 |   8.592 |    8.659 | 
     | 3_30_g851                                          |              |           |       |         |          | 
     | u_cpu_add_167_30_Y_u_cpu_add_165_34_Y_u_cpu_add_16 | B ^ -> Y v   | NOR2X4    | 0.044 |   8.637 |    8.704 | 
     | 3_30_g849                                          |              |           |       |         |          | 
     | u_cpu_add_167_30_Y_u_cpu_add_165_34_Y_u_cpu_add_16 | B v -> Y ^   | NOR2X4    | 0.048 |   8.684 |    8.751 | 
     | 3_30_g848                                          |              |           |       |         |          | 
     | u_cpu_add_167_30_Y_u_cpu_add_165_34_Y_u_cpu_add_16 | B ^ -> Y v   | NOR2X4    | 0.044 |   8.728 |    8.795 | 
     | 3_30_g846                                          |              |           |       |         |          | 
     | u_cpu_add_167_30_Y_u_cpu_add_165_34_Y_u_cpu_add_16 | B0 v -> Y ^  | AOI2BB1X4 | 0.060 |   8.788 |    8.855 | 
     | 3_30_g845                                          |              |           |       |         |          | 
     | u_cpu_add_167_30_Y_u_cpu_add_165_34_Y_u_cpu_add_16 | B ^ -> Y v   | NOR2X4    | 0.047 |   8.835 |    8.902 | 
     | 3_30_g843                                          |              |           |       |         |          | 
     | g655480                                            | B0 v -> Y ^  | AOI2BB1X4 | 0.058 |   8.894 |    8.961 | 
     | u_cpu_add_167_30_Y_u_cpu_add_165_34_Y_u_cpu_add_16 | B ^ -> Y v   | NOR2X4    | 0.048 |   8.941 |    9.008 | 
     | 3_30_g840                                          |              |           |       |         |          | 
     | u_cpu_add_167_30_Y_u_cpu_add_165_34_Y_u_cpu_add_16 | B v -> Y ^   | NOR2X4    | 0.044 |   8.985 |    9.052 | 
     | 3_30_g839                                          |              |           |       |         |          | 
     | u_cpu_add_167_30_Y_u_cpu_add_165_34_Y_u_cpu_add_16 | B ^ -> Y v   | NOR2X4    | 0.042 |   9.028 |    9.094 | 
     | 3_30_g837                                          |              |           |       |         |          | 
     | u_cpu_add_167_30_Y_u_cpu_add_165_34_Y_u_cpu_add_16 | B0 v -> Y ^  | AOI2BB1X4 | 0.063 |   9.090 |    9.157 | 
     | 3_30_g836                                          |              |           |       |         |          | 
     | u_cpu_add_167_30_Y_u_cpu_add_165_34_Y_u_cpu_add_16 | B ^ -> Y v   | NOR2X6    | 0.048 |   9.138 |    9.205 | 
     | 3_30_g834                                          |              |           |       |         |          | 
     | u_cpu_add_167_30_Y_u_cpu_add_165_34_Y_u_cpu_add_16 | B0 v -> Y ^  | AOI2BB1X4 | 0.062 |   9.200 |    9.266 | 
     | 3_30_g833                                          |              |           |       |         |          | 
     | u_cpu_add_167_30_Y_u_cpu_add_165_34_Y_u_cpu_add_16 | B ^ -> Y v   | NOR2X6    | 0.049 |   9.249 |    9.316 | 
     | 3_30_g831                                          |              |           |       |         |          | 
     | u_cpu_add_167_30_Y_u_cpu_add_165_34_Y_u_cpu_add_16 | B v -> Y ^   | NOR2X4    | 0.046 |   9.295 |    9.362 | 
     | 3_30_g830                                          |              |           |       |         |          | 
     | u_cpu_add_167_30_Y_u_cpu_add_165_34_Y_u_cpu_add_16 | B ^ -> Y v   | NOR2X4    | 0.042 |   9.337 |    9.404 | 
     | 3_30_g828                                          |              |           |       |         |          | 
     | u_cpu_add_167_30_Y_u_cpu_add_165_34_Y_u_cpu_add_16 | B0 v -> Y ^  | AOI2BB1X4 | 0.060 |   9.397 |    9.464 | 
     | 3_30_g827                                          |              |           |       |         |          | 
     | u_cpu_add_167_30_Y_u_cpu_add_165_34_Y_u_cpu_add_16 | B ^ -> Y v   | NOR2X6    | 0.045 |   9.441 |    9.508 | 
     | 3_30_g825                                          |              |           |       |         |          | 
     | u_cpu_add_167_30_Y_u_cpu_add_165_34_Y_u_cpu_add_16 | B v -> Y ^   | NOR2X4    | 0.050 |   9.491 |    9.558 | 
     | 3_30_g824                                          |              |           |       |         |          | 
     | u_cpu_add_167_30_Y_u_cpu_add_165_34_Y_u_cpu_add_16 | B ^ -> Y v   | NOR2X6    | 0.044 |   9.536 |    9.602 | 
     | 3_30_g822                                          |              |           |       |         |          | 
     | u_cpu_add_167_30_Y_u_cpu_add_165_34_Y_u_cpu_add_16 | B0 v -> Y ^  | AOI2BB1X4 | 0.062 |   9.598 |    9.664 | 
     | 3_30_g821                                          |              |           |       |         |          | 
     | u_cpu_add_167_30_Y_u_cpu_add_165_34_Y_u_cpu_add_16 | B ^ -> Y v   | NOR2X6    | 0.046 |   9.643 |    9.710 | 
     | 3_30_g819                                          |              |           |       |         |          | 
     | u_cpu_add_167_30_Y_u_cpu_add_165_34_Y_u_cpu_add_16 | B v -> Y ^   | NOR2X4    | 0.043 |   9.687 |    9.754 | 
     | 3_30_g818                                          |              |           |       |         |          | 
     | u_cpu_add_167_30_Y_u_cpu_add_165_34_Y_u_cpu_add_16 | B ^ -> Y v   | NOR2X4    | 0.042 |   9.728 |    9.795 | 
     | 3_30_g816                                          |              |           |       |         |          | 
     | g655057                                            | B0 v -> Y ^  | AOI2BB1X4 | 0.066 |   9.794 |    9.861 | 
     | g655056                                            | A ^ -> Y v   | NOR2X6    | 0.053 |   9.848 |    9.914 | 
     | u_cpu_add_167_30_Y_u_cpu_add_165_34_Y_u_cpu_add_16 | B0 v -> Y ^  | AOI2BB1X4 | 0.057 |   9.904 |    9.971 | 
     | 3_30_g812                                          |              |           |       |         |          | 
     | u_cpu_add_167_30_Y_u_cpu_add_165_34_Y_u_cpu_add_16 | B ^ -> Y v   | NOR2X4    | 0.038 |   9.943 |   10.009 | 
     | 3_30_g810                                          |              |           |       |         |          | 
     | u_cpu_add_167_30_Y_u_cpu_add_165_34_Y_u_cpu_add_16 | B v -> Y ^   | CLKXOR2X1 | 0.132 |  10.074 |   10.141 | 
     | 3_30_g809                                          |              |           |       |         |          | 
     | g641353                                            | B ^ -> Y v   | NAND2X1   | 0.062 |  10.136 |   10.203 | 
     | g653712                                            | B v -> Y ^   | NAND2X1   | 0.052 |  10.188 |   10.255 | 
     | u_cpu_pc_reg[31]                                   | D ^          | DFFRHQX1  | 0.000 |  10.188 |   10.255 | 
     +------------------------------------------------------------------------------------------------------------+ 
Path 7: MET Setup Check with Pin u_cpu_pc_reg[31]/CK 
Endpoint:   u_cpu_pc_reg[31]/D (^) checked with  leading edge of 'clk'
Beginpoint: u_cpu_ir_reg[6]/Q  (^) triggered by  leading edge of 'clk'
Path Groups: {clk}
Analysis View: av_ss
Other End Arrival Time          0.515
- Setup                         0.060
+ Phase Shift                  10.000
- Uncertainty                   0.200
= Required Time                10.255
- Arrival Time                 10.187
= Slack Time                    0.068
     Clock Rise Edge                 0.000
     + Clock Network Latency (Prop)  0.514
     = Beginpoint Arrival Time       0.514
     +------------------------------------------------------------------------------------------------------------+ 
     |                      Instance                      |     Arc      |   Cell    | Delay | Arrival | Required | 
     |                                                    |              |           |       |  Time   |   Time   | 
     |----------------------------------------------------+--------------+-----------+-------+---------+----------| 
     | u_cpu_ir_reg[6]                                    | CK ^         |           |       |   0.514 |    0.582 | 
     | u_cpu_ir_reg[6]                                    | CK ^ -> Q ^  | SDFFRXL   | 0.545 |   1.060 |    1.128 | 
     | g655025                                            | A1N ^ -> Y ^ | AOI2BB1X1 | 0.254 |   1.313 |    1.381 | 
     | g160898                                            | B ^ -> Y v   | NOR2X1    | 0.077 |   1.390 |    1.458 | 
     | g160890                                            | A v -> Y ^   | NOR2X1    | 0.125 |   1.516 |    1.583 | 
     | FE_OFC2349_n_8446                                  | A ^ -> Y v   | CLKINVX4  | 0.165 |   1.681 |    1.749 | 
     | g655053                                            | A1N v -> Y v | OAI2BB1X1 | 0.263 |   1.944 |    2.012 | 
     | FE_OFC511_n_8980                                   | A v -> Y v   | BUFX8     | 0.268 |   2.212 |    2.280 | 
     | FE_OFC2432_n_8980                                  | A v -> Y ^   | INVX3     | 0.174 |   2.386 |    2.453 | 
     | u_cpu_u_alu_sub_16_33_Y_u_cpu_u_alu_add_15_33_g417 | A0 ^ -> Y v  | OAI22X1   | 0.158 |   2.544 |    2.611 | 
     | 0                                                  |              |           |       |         |          | 
     | u_cpu_u_alu_sub_16_33_Y_u_cpu_u_alu_add_15_33_g411 | B v -> Y ^   | NOR2X1    | 0.115 |   2.659 |    2.727 | 
     | 5                                                  |              |           |       |         |          | 
     | u_cpu_u_alu_sub_16_33_Y_u_cpu_u_alu_add_15_33_g404 | A1 ^ -> Y v  | OAI21X1   | 0.133 |   2.792 |    2.860 | 
     | 6                                                  |              |           |       |         |          | 
     | u_cpu_u_alu_sub_16_33_Y_u_cpu_u_alu_add_15_33_g403 | A1 v -> Y ^  | AOI21X1   | 0.129 |   2.921 |    2.989 | 
     | 9                                                  |              |           |       |         |          | 
     | u_cpu_u_alu_sub_16_33_Y_u_cpu_u_alu_add_15_33_g403 | B ^ -> Y v   | NOR2X1    | 0.069 |   2.991 |    3.059 | 
     | 4                                                  |              |           |       |         |          | 
     | u_cpu_u_alu_sub_16_33_Y_u_cpu_u_alu_add_15_33_g403 | B v -> Y ^   | NOR2X1    | 0.076 |   3.067 |    3.135 | 
     | 2                                                  |              |           |       |         |          | 
     | u_cpu_u_alu_sub_16_33_Y_u_cpu_u_alu_add_15_33_g403 | B ^ -> Y v   | NOR2X1    | 0.066 |   3.133 |    3.201 | 
     | 0                                                  |              |           |       |         |          | 
     | u_cpu_u_alu_sub_16_33_Y_u_cpu_u_alu_add_15_33_g402 | B v -> Y ^   | NOR2X1    | 0.063 |   3.196 |    3.264 | 
     | 8                                                  |              |           |       |         |          | 
     | u_cpu_u_alu_sub_16_33_Y_u_cpu_u_alu_add_15_33_g402 | B ^ -> Y v   | NOR2X1    | 0.058 |   3.254 |    3.322 | 
     | 6                                                  |              |           |       |         |          | 
     | u_cpu_u_alu_sub_16_33_Y_u_cpu_u_alu_add_15_33_g402 | B v -> Y ^   | NOR2X1    | 0.106 |   3.359 |    3.427 | 
     | 4                                                  |              |           |       |         |          | 
     | u_cpu_u_alu_sub_16_33_Y_u_cpu_u_alu_add_15_33_g402 | B ^ -> Y v   | NOR2X1    | 0.099 |   3.459 |    3.526 | 
     | 1                                                  |              |           |       |         |          | 
     | u_cpu_u_alu_sub_16_33_Y_u_cpu_u_alu_add_15_33_g401 | A1 v -> Y ^  | AOI21X1   | 0.108 |   3.567 |    3.635 | 
     | 5                                                  |              |           |       |         |          | 
     | u_cpu_u_alu_sub_16_33_Y_u_cpu_u_alu_add_15_33_g401 | A1 ^ -> Y v  | OAI21X1   | 0.135 |   3.702 |    3.770 | 
     | 1                                                  |              |           |       |         |          | 
     | g655048                                            | A1N v -> Y v | OAI2BB1X1 | 0.171 |   3.873 |    3.941 | 
     | u_cpu_u_alu_sub_16_33_Y_u_cpu_u_alu_add_15_33_g400 | A v -> Y ^   | INVX1     | 0.072 |   3.945 |    4.013 | 
     | 7                                                  |              |           |       |         |          | 
     | u_cpu_u_alu_sub_16_33_Y_u_cpu_u_alu_add_15_33_g400 | A1 ^ -> Y v  | OAI21X1   | 0.095 |   4.040 |    4.108 | 
     | 5                                                  |              |           |       |         |          | 
     | u_cpu_u_alu_sub_16_33_Y_u_cpu_u_alu_add_15_33_g400 | A1 v -> Y ^  | AOI21X1   | 0.136 |   4.176 |    4.244 | 
     | 3                                                  |              |           |       |         |          | 
     | u_cpu_u_alu_sub_16_33_Y_u_cpu_u_alu_add_15_33_g400 | A1 ^ -> Y v  | OAI21X1   | 0.134 |   4.309 |    4.377 | 
     | 0                                                  |              |           |       |         |          | 
     | u_cpu_u_alu_sub_16_33_Y_u_cpu_u_alu_add_15_33_g399 | A v -> Y ^   | INVX1     | 0.065 |   4.375 |    4.443 | 
     | 9                                                  |              |           |       |         |          | 
     | u_cpu_u_alu_sub_16_33_Y_u_cpu_u_alu_add_15_33_g399 | B ^ -> Y v   | NOR2X1    | 0.038 |   4.412 |    4.480 | 
     | 8                                                  |              |           |       |         |          | 
     | u_cpu_u_alu_sub_16_33_Y_u_cpu_u_alu_add_15_33_g399 | B v -> Y ^   | NOR2X1    | 0.105 |   4.518 |    4.585 | 
     | 6                                                  |              |           |       |         |          | 
     | u_cpu_u_alu_sub_16_33_Y_u_cpu_u_alu_add_15_33_g399 | B ^ -> Y v   | NOR2X1    | 0.097 |   4.615 |    4.683 | 
     | 5                                                  |              |           |       |         |          | 
     | u_cpu_u_alu_sub_16_33_Y_u_cpu_u_alu_add_15_33_g399 | B v -> Y ^   | NAND2X1   | 0.046 |   4.661 |    4.729 | 
     | 1                                                  |              |           |       |         |          | 
     | u_cpu_u_alu_sub_16_33_Y_u_cpu_u_alu_add_15_33_g398 | B ^ -> Y v   | NAND2X1   | 0.129 |   4.790 |    4.857 | 
     | 9                                                  |              |           |       |         |          | 
     | u_cpu_u_alu_sub_16_33_Y_u_cpu_u_alu_add_15_33_g398 | B v -> Y ^   | NAND2X1   | 0.110 |   4.899 |    4.967 | 
     | 2                                                  |              |           |       |         |          | 
     | u_cpu_u_alu_sub_16_33_Y_u_cpu_u_alu_add_15_33_g397 | A1 ^ -> Y v  | OAI21X1   | 0.184 |   5.083 |    5.151 | 
     | 6                                                  |              |           |       |         |          | 
     | u_cpu_u_alu_sub_16_33_Y_u_cpu_u_alu_add_15_33_g429 | B v -> Y v   | CLKXOR2X1 | 0.210 |   5.293 |    5.361 | 
     | 3                                                  |              |           |       |         |          | 
     | g655417                                            | B v -> Y ^   | NAND2X1   | 0.050 |   5.343 |    5.411 | 
     | g655035                                            | C ^ -> Y v   | NAND3X2   | 0.197 |   5.540 |    5.608 | 
     | g165559                                            | A v -> Y ^   | NOR2X1    | 0.151 |   5.690 |    5.758 | 
     | g655026                                            | D ^ -> Y v   | NAND4BBX2 | 0.168 |   5.858 |    5.926 | 
     | g165557                                            | A v -> Y ^   | NOR2X1    | 0.130 |   5.988 |    6.056 | 
     | g165556                                            | A ^ -> Y v   | NAND2X1   | 0.073 |   6.061 |    6.129 | 
     | g165555                                            | B v -> Y ^   | NOR2X1    | 0.099 |   6.160 |    6.228 | 
     | g165554                                            | B0 ^ -> Y v  | AOI2BB1X1 | 0.100 |   6.260 |    6.328 | 
     | g165553                                            | B v -> Y ^   | NOR2X4    | 0.098 |   6.358 |    6.426 | 
     | g165550                                            | S0 ^ -> Y ^  | MX2X1     | 0.198 |   6.556 |    6.624 | 
     | u_cpu_add_167_30_Y_u_cpu_add_165_34_Y_u_cpu_add_16 | B ^ -> Y ^   | AND2X1    | 0.140 |   6.696 |    6.764 | 
     | 3_30_g975                                          |              |           |       |         |          | 
     | u_cpu_add_167_30_Y_u_cpu_add_165_34_Y_u_cpu_add_16 | A ^ -> Y v   | NOR2X1    | 0.055 |   6.751 |    6.819 | 
     | 3_30_g913                                          |              |           |       |         |          | 
     | u_cpu_add_167_30_Y_u_cpu_add_165_34_Y_u_cpu_add_16 | B v -> Y ^   | NOR2X1    | 0.066 |   6.817 |    6.885 | 
     | 3_30_g911                                          |              |           |       |         |          | 
     | u_cpu_add_167_30_Y_u_cpu_add_165_34_Y_u_cpu_add_16 | B ^ -> Y v   | NOR2X2    | 0.055 |   6.872 |    6.940 | 
     | 3_30_g909                                          |              |           |       |         |          | 
     | u_cpu_add_167_30_Y_u_cpu_add_165_34_Y_u_cpu_add_16 | B0 v -> Y ^  | AOI2BB1X1 | 0.074 |   6.946 |    7.014 | 
     | 3_30_g907                                          |              |           |       |         |          | 
     | u_cpu_add_167_30_Y_u_cpu_add_165_34_Y_u_cpu_add_16 | B ^ -> Y v   | NOR2X2    | 0.062 |   7.008 |    7.076 | 
     | 3_30_g905                                          |              |           |       |         |          | 
     | u_cpu_add_167_30_Y_u_cpu_add_165_34_Y_u_cpu_add_16 | B0 v -> Y ^  | AOI2BB1X1 | 0.085 |   7.093 |    7.161 | 
     | 3_30_g903                                          |              |           |       |         |          | 
     | g655044                                            | B0 ^ -> Y v  | AOI21X2   | 0.064 |   7.157 |    7.225 | 
     | u_cpu_add_167_30_Y_u_cpu_add_165_34_Y_u_cpu_add_16 | B0 v -> Y ^  | AOI2BB1X1 | 0.081 |   7.237 |    7.305 | 
     | 3_30_g899                                          |              |           |       |         |          | 
     | u_cpu_add_167_30_Y_u_cpu_add_165_34_Y_u_cpu_add_16 | B ^ -> Y v   | NOR2X1    | 0.067 |   7.304 |    7.372 | 
     | 3_30_g897                                          |              |           |       |         |          | 
     | g655043                                            | A1N v -> Y v | AOI2BB1X2 | 0.161 |   7.465 |    7.533 | 
     | u_cpu_add_167_30_Y_u_cpu_add_165_34_Y_u_cpu_add_16 | B0 v -> Y ^  | AOI2BB1X2 | 0.079 |   7.544 |    7.612 | 
     | 3_30_g891                                          |              |           |       |         |          | 
     | u_cpu_add_167_30_Y_u_cpu_add_165_34_Y_u_cpu_add_16 | B ^ -> Y v   | NOR2X4    | 0.051 |   7.595 |    7.663 | 
     | 3_30_g889                                          |              |           |       |         |          | 
     | u_cpu_add_167_30_Y_u_cpu_add_165_34_Y_u_cpu_add_16 | B v -> Y ^   | NOR2X2    | 0.057 |   7.653 |    7.720 | 
     | 3_30_g887                                          |              |           |       |         |          | 
     | u_cpu_add_167_30_Y_u_cpu_add_165_34_Y_u_cpu_add_16 | B ^ -> Y v   | NOR2X4    | 0.050 |   7.702 |    7.770 | 
     | 3_30_g885                                          |              |           |       |         |          | 
     | u_cpu_add_167_30_Y_u_cpu_add_165_34_Y_u_cpu_add_16 | B v -> Y ^   | NOR2X2    | 0.056 |   7.759 |    7.827 | 
     | 3_30_g883                                          |              |           |       |         |          | 
     | u_cpu_add_167_30_Y_u_cpu_add_165_34_Y_u_cpu_add_16 | B ^ -> Y v   | NOR2X4    | 0.049 |   7.808 |    7.875 | 
     | 3_30_g881                                          |              |           |       |         |          | 
     | u_cpu_add_167_30_Y_u_cpu_add_165_34_Y_u_cpu_add_16 | B0 v -> Y ^  | AOI2BB1X2 | 0.069 |   7.877 |    7.945 | 
     | 3_30_g879                                          |              |           |       |         |          | 
     | u_cpu_add_167_30_Y_u_cpu_add_165_34_Y_u_cpu_add_16 | B ^ -> Y v   | NOR2X4    | 0.055 |   7.931 |    7.999 | 
     | 3_30_g877                                          |              |           |       |         |          | 
     | u_cpu_add_167_30_Y_u_cpu_add_165_34_Y_u_cpu_add_16 | B0 v -> Y ^  | AOI2BB1X4 | 0.056 |   7.987 |    8.055 | 
     | 3_30_g875                                          |              |           |       |         |          | 
     | u_cpu_add_167_30_Y_u_cpu_add_165_34_Y_u_cpu_add_16 | B ^ -> Y v   | NOR2X4    | 0.050 |   8.037 |    8.105 | 
     | 3_30_g873                                          |              |           |       |         |          | 
     | u_cpu_add_167_30_Y_u_cpu_add_165_34_Y_u_cpu_add_16 | B v -> Y ^   | NOR2X4    | 0.049 |   8.086 |    8.154 | 
     | 3_30_g871                                          |              |           |       |         |          | 
     | u_cpu_add_167_30_Y_u_cpu_add_165_34_Y_u_cpu_add_16 | B ^ -> Y v   | NOR2X4    | 0.043 |   8.129 |    8.197 | 
     | 3_30_g869                                          |              |           |       |         |          | 
     | u_cpu_add_167_30_Y_u_cpu_add_165_34_Y_u_cpu_add_16 | B0 v -> Y ^  | AOI2BB1X4 | 0.057 |   8.186 |    8.253 | 
     | 3_30_g867                                          |              |           |       |         |          | 
     | u_cpu_add_167_30_Y_u_cpu_add_165_34_Y_u_cpu_add_16 | B ^ -> Y v   | NOR2X4    | 0.045 |   8.230 |    8.298 | 
     | 3_30_g865                                          |              |           |       |         |          | 
     | u_cpu_add_167_30_Y_u_cpu_add_165_34_Y_u_cpu_add_16 | B v -> Y ^   | NOR2X4    | 0.045 |   8.275 |    8.343 | 
     | 3_30_g863                                          |              |           |       |         |          | 
     | u_cpu_add_167_30_Y_u_cpu_add_165_34_Y_u_cpu_add_16 | B ^ -> Y v   | NOR2X4    | 0.038 |   8.314 |    8.382 | 
     | 3_30_g861                                          |              |           |       |         |          | 
     | u_cpu_add_167_30_Y_u_cpu_add_165_34_Y_u_cpu_add_16 | B0 v -> Y ^  | AOI2BB1X2 | 0.069 |   8.382 |    8.450 | 
     | 3_30_g859                                          |              |           |       |         |          | 
     | u_cpu_add_167_30_Y_u_cpu_add_165_34_Y_u_cpu_add_16 | B ^ -> Y v   | NOR2X4    | 0.055 |   8.437 |    8.505 | 
     | 3_30_g857                                          |              |           |       |         |          | 
     | u_cpu_add_167_30_Y_u_cpu_add_165_34_Y_u_cpu_add_16 | B0 v -> Y ^  | AOI2BB1X4 | 0.063 |   8.500 |    8.568 | 
     | 3_30_g855                                          |              |           |       |         |          | 
     | u_cpu_add_167_30_Y_u_cpu_add_165_34_Y_u_cpu_add_16 | B ^ -> Y v   | NOR2X6    | 0.047 |   8.547 |    8.615 | 
     | 3_30_g853                                          |              |           |       |         |          | 
     | u_cpu_add_167_30_Y_u_cpu_add_165_34_Y_u_cpu_add_16 | B v -> Y ^   | NOR2X4    | 0.044 |   8.591 |    8.659 | 
     | 3_30_g851                                          |              |           |       |         |          | 
     | u_cpu_add_167_30_Y_u_cpu_add_165_34_Y_u_cpu_add_16 | B ^ -> Y v   | NOR2X4    | 0.044 |   8.636 |    8.704 | 
     | 3_30_g849                                          |              |           |       |         |          | 
     | u_cpu_add_167_30_Y_u_cpu_add_165_34_Y_u_cpu_add_16 | B v -> Y ^   | NOR2X4    | 0.048 |   8.683 |    8.751 | 
     | 3_30_g848                                          |              |           |       |         |          | 
     | u_cpu_add_167_30_Y_u_cpu_add_165_34_Y_u_cpu_add_16 | B ^ -> Y v   | NOR2X4    | 0.044 |   8.727 |    8.795 | 
     | 3_30_g846                                          |              |           |       |         |          | 
     | u_cpu_add_167_30_Y_u_cpu_add_165_34_Y_u_cpu_add_16 | B0 v -> Y ^  | AOI2BB1X4 | 0.060 |   8.787 |    8.855 | 
     | 3_30_g845                                          |              |           |       |         |          | 
     | u_cpu_add_167_30_Y_u_cpu_add_165_34_Y_u_cpu_add_16 | B ^ -> Y v   | NOR2X4    | 0.047 |   8.834 |    8.902 | 
     | 3_30_g843                                          |              |           |       |         |          | 
     | g655480                                            | B0 v -> Y ^  | AOI2BB1X4 | 0.058 |   8.893 |    8.961 | 
     | u_cpu_add_167_30_Y_u_cpu_add_165_34_Y_u_cpu_add_16 | B ^ -> Y v   | NOR2X4    | 0.048 |   8.940 |    9.008 | 
     | 3_30_g840                                          |              |           |       |         |          | 
     | u_cpu_add_167_30_Y_u_cpu_add_165_34_Y_u_cpu_add_16 | B v -> Y ^   | NOR2X4    | 0.044 |   8.984 |    9.052 | 
     | 3_30_g839                                          |              |           |       |         |          | 
     | u_cpu_add_167_30_Y_u_cpu_add_165_34_Y_u_cpu_add_16 | B ^ -> Y v   | NOR2X4    | 0.042 |   9.027 |    9.094 | 
     | 3_30_g837                                          |              |           |       |         |          | 
     | u_cpu_add_167_30_Y_u_cpu_add_165_34_Y_u_cpu_add_16 | B0 v -> Y ^  | AOI2BB1X4 | 0.063 |   9.089 |    9.157 | 
     | 3_30_g836                                          |              |           |       |         |          | 
     | u_cpu_add_167_30_Y_u_cpu_add_165_34_Y_u_cpu_add_16 | B ^ -> Y v   | NOR2X6    | 0.048 |   9.137 |    9.205 | 
     | 3_30_g834                                          |              |           |       |         |          | 
     | u_cpu_add_167_30_Y_u_cpu_add_165_34_Y_u_cpu_add_16 | B0 v -> Y ^  | AOI2BB1X4 | 0.062 |   9.199 |    9.266 | 
     | 3_30_g833                                          |              |           |       |         |          | 
     | u_cpu_add_167_30_Y_u_cpu_add_165_34_Y_u_cpu_add_16 | B ^ -> Y v   | NOR2X6    | 0.049 |   9.248 |    9.316 | 
     | 3_30_g831                                          |              |           |       |         |          | 
     | u_cpu_add_167_30_Y_u_cpu_add_165_34_Y_u_cpu_add_16 | B v -> Y ^   | NOR2X4    | 0.046 |   9.294 |    9.362 | 
     | 3_30_g830                                          |              |           |       |         |          | 
     | u_cpu_add_167_30_Y_u_cpu_add_165_34_Y_u_cpu_add_16 | B ^ -> Y v   | NOR2X4    | 0.042 |   9.336 |    9.404 | 
     | 3_30_g828                                          |              |           |       |         |          | 
     | u_cpu_add_167_30_Y_u_cpu_add_165_34_Y_u_cpu_add_16 | B0 v -> Y ^  | AOI2BB1X4 | 0.060 |   9.396 |    9.464 | 
     | 3_30_g827                                          |              |           |       |         |          | 
     | u_cpu_add_167_30_Y_u_cpu_add_165_34_Y_u_cpu_add_16 | B ^ -> Y v   | NOR2X6    | 0.045 |   9.440 |    9.508 | 
     | 3_30_g825                                          |              |           |       |         |          | 
     | u_cpu_add_167_30_Y_u_cpu_add_165_34_Y_u_cpu_add_16 | B v -> Y ^   | NOR2X4    | 0.050 |   9.490 |    9.558 | 
     | 3_30_g824                                          |              |           |       |         |          | 
     | u_cpu_add_167_30_Y_u_cpu_add_165_34_Y_u_cpu_add_16 | B ^ -> Y v   | NOR2X6    | 0.044 |   9.535 |    9.602 | 
     | 3_30_g822                                          |              |           |       |         |          | 
     | u_cpu_add_167_30_Y_u_cpu_add_165_34_Y_u_cpu_add_16 | B0 v -> Y ^  | AOI2BB1X4 | 0.062 |   9.597 |    9.664 | 
     | 3_30_g821                                          |              |           |       |         |          | 
     | u_cpu_add_167_30_Y_u_cpu_add_165_34_Y_u_cpu_add_16 | B ^ -> Y v   | NOR2X6    | 0.046 |   9.642 |    9.710 | 
     | 3_30_g819                                          |              |           |       |         |          | 
     | u_cpu_add_167_30_Y_u_cpu_add_165_34_Y_u_cpu_add_16 | B v -> Y ^   | NOR2X4    | 0.043 |   9.686 |    9.754 | 
     | 3_30_g818                                          |              |           |       |         |          | 
     | u_cpu_add_167_30_Y_u_cpu_add_165_34_Y_u_cpu_add_16 | B ^ -> Y v   | NOR2X4    | 0.042 |   9.727 |    9.795 | 
     | 3_30_g816                                          |              |           |       |         |          | 
     | g655057                                            | B0 v -> Y ^  | AOI2BB1X4 | 0.066 |   9.793 |    9.861 | 
     | g655056                                            | A ^ -> Y v   | NOR2X6    | 0.053 |   9.847 |    9.914 | 
     | u_cpu_add_167_30_Y_u_cpu_add_165_34_Y_u_cpu_add_16 | B0 v -> Y ^  | AOI2BB1X4 | 0.057 |   9.903 |    9.971 | 
     | 3_30_g812                                          |              |           |       |         |          | 
     | u_cpu_add_167_30_Y_u_cpu_add_165_34_Y_u_cpu_add_16 | B ^ -> Y v   | NOR2X4    | 0.038 |   9.942 |   10.009 | 
     | 3_30_g810                                          |              |           |       |         |          | 
     | u_cpu_add_167_30_Y_u_cpu_add_165_34_Y_u_cpu_add_16 | B v -> Y ^   | CLKXOR2X1 | 0.132 |  10.073 |   10.141 | 
     | 3_30_g809                                          |              |           |       |         |          | 
     | g641353                                            | B ^ -> Y v   | NAND2X1   | 0.062 |  10.135 |   10.203 | 
     | g653712                                            | B v -> Y ^   | NAND2X1   | 0.052 |  10.187 |   10.255 | 
     | u_cpu_pc_reg[31]                                   | D ^          | DFFRHQX1  | 0.000 |  10.187 |   10.255 | 
     +------------------------------------------------------------------------------------------------------------+ 
Path 8: MET Setup Check with Pin u_cpu_pc_reg[31]/CK 
Endpoint:   u_cpu_pc_reg[31]/D (^) checked with  leading edge of 'clk'
Beginpoint: u_cpu_ir_reg[6]/Q  (^) triggered by  leading edge of 'clk'
Path Groups: {clk}
Analysis View: av_ss
Other End Arrival Time          0.515
- Setup                         0.060
+ Phase Shift                  10.000
- Uncertainty                   0.200
= Required Time                10.255
- Arrival Time                 10.180
= Slack Time                    0.075
     Clock Rise Edge                 0.000
     + Clock Network Latency (Prop)  0.514
     = Beginpoint Arrival Time       0.514
     +------------------------------------------------------------------------------------------------------------+ 
     |                      Instance                      |     Arc      |   Cell    | Delay | Arrival | Required | 
     |                                                    |              |           |       |  Time   |   Time   | 
     |----------------------------------------------------+--------------+-----------+-------+---------+----------| 
     | u_cpu_ir_reg[6]                                    | CK ^         |           |       |   0.514 |    0.589 | 
     | u_cpu_ir_reg[6]                                    | CK ^ -> Q ^  | SDFFRXL   | 0.545 |   1.060 |    1.134 | 
     | g655025                                            | A1N ^ -> Y ^ | AOI2BB1X1 | 0.254 |   1.313 |    1.388 | 
     | g160898                                            | B ^ -> Y v   | NOR2X1    | 0.077 |   1.390 |    1.465 | 
     | g160890                                            | A v -> Y ^   | NOR2X1    | 0.125 |   1.516 |    1.590 | 
     | FE_OFC2349_n_8446                                  | A ^ -> Y v   | CLKINVX4  | 0.165 |   1.681 |    1.756 | 
     | g655053                                            | A1N v -> Y v | OAI2BB1X1 | 0.263 |   1.944 |    2.019 | 
     | FE_OFC511_n_8980                                   | A v -> Y v   | BUFX8     | 0.268 |   2.212 |    2.287 | 
     | FE_OFC2432_n_8980                                  | A v -> Y ^   | INVX3     | 0.174 |   2.386 |    2.460 | 
     | u_cpu_u_alu_sub_16_33_Y_u_cpu_u_alu_add_15_33_g417 | A0 ^ -> Y v  | OAI22X1   | 0.158 |   2.544 |    2.618 | 
     | 0                                                  |              |           |       |         |          | 
     | u_cpu_u_alu_sub_16_33_Y_u_cpu_u_alu_add_15_33_g411 | B v -> Y ^   | NOR2X1    | 0.115 |   2.659 |    2.734 | 
     | 5                                                  |              |           |       |         |          | 
     | u_cpu_u_alu_sub_16_33_Y_u_cpu_u_alu_add_15_33_g404 | A1 ^ -> Y v  | OAI21X1   | 0.133 |   2.792 |    2.867 | 
     | 6                                                  |              |           |       |         |          | 
     | u_cpu_u_alu_sub_16_33_Y_u_cpu_u_alu_add_15_33_g403 | A1 v -> Y ^  | AOI21X1   | 0.129 |   2.921 |    2.996 | 
     | 9                                                  |              |           |       |         |          | 
     | u_cpu_u_alu_sub_16_33_Y_u_cpu_u_alu_add_15_33_g403 | B ^ -> Y v   | NOR2X1    | 0.069 |   2.991 |    3.066 | 
     | 4                                                  |              |           |       |         |          | 
     | u_cpu_u_alu_sub_16_33_Y_u_cpu_u_alu_add_15_33_g403 | B v -> Y ^   | NOR2X1    | 0.076 |   3.067 |    3.142 | 
     | 2                                                  |              |           |       |         |          | 
     | u_cpu_u_alu_sub_16_33_Y_u_cpu_u_alu_add_15_33_g403 | B ^ -> Y v   | NOR2X1    | 0.066 |   3.133 |    3.208 | 
     | 0                                                  |              |           |       |         |          | 
     | u_cpu_u_alu_sub_16_33_Y_u_cpu_u_alu_add_15_33_g402 | B v -> Y ^   | NOR2X1    | 0.063 |   3.196 |    3.271 | 
     | 8                                                  |              |           |       |         |          | 
     | u_cpu_u_alu_sub_16_33_Y_u_cpu_u_alu_add_15_33_g402 | B ^ -> Y v   | NOR2X1    | 0.058 |   3.254 |    3.328 | 
     | 6                                                  |              |           |       |         |          | 
     | u_cpu_u_alu_sub_16_33_Y_u_cpu_u_alu_add_15_33_g402 | B v -> Y ^   | NOR2X1    | 0.106 |   3.359 |    3.434 | 
     | 4                                                  |              |           |       |         |          | 
     | u_cpu_u_alu_sub_16_33_Y_u_cpu_u_alu_add_15_33_g402 | B ^ -> Y v   | NOR2X1    | 0.099 |   3.459 |    3.533 | 
     | 1                                                  |              |           |       |         |          | 
     | u_cpu_u_alu_sub_16_33_Y_u_cpu_u_alu_add_15_33_g401 | A1 v -> Y ^  | AOI21X1   | 0.108 |   3.567 |    3.642 | 
     | 5                                                  |              |           |       |         |          | 
     | u_cpu_u_alu_sub_16_33_Y_u_cpu_u_alu_add_15_33_g401 | A1 ^ -> Y v  | OAI21X1   | 0.135 |   3.702 |    3.777 | 
     | 1                                                  |              |           |       |         |          | 
     | g655048                                            | A1N v -> Y v | OAI2BB1X1 | 0.171 |   3.873 |    3.948 | 
     | u_cpu_u_alu_sub_16_33_Y_u_cpu_u_alu_add_15_33_g400 | A v -> Y ^   | INVX1     | 0.072 |   3.945 |    4.020 | 
     | 7                                                  |              |           |       |         |          | 
     | u_cpu_u_alu_sub_16_33_Y_u_cpu_u_alu_add_15_33_g400 | A1 ^ -> Y v  | OAI21X1   | 0.095 |   4.040 |    4.115 | 
     | 5                                                  |              |           |       |         |          | 
     | u_cpu_u_alu_sub_16_33_Y_u_cpu_u_alu_add_15_33_g400 | A1 v -> Y ^  | AOI21X1   | 0.136 |   4.176 |    4.251 | 
     | 3                                                  |              |           |       |         |          | 
     | u_cpu_u_alu_sub_16_33_Y_u_cpu_u_alu_add_15_33_g400 | A1 ^ -> Y v  | OAI21X1   | 0.134 |   4.309 |    4.384 | 
     | 0                                                  |              |           |       |         |          | 
     | u_cpu_u_alu_sub_16_33_Y_u_cpu_u_alu_add_15_33_g399 | A v -> Y ^   | INVX1     | 0.065 |   4.375 |    4.449 | 
     | 9                                                  |              |           |       |         |          | 
     | u_cpu_u_alu_sub_16_33_Y_u_cpu_u_alu_add_15_33_g399 | B ^ -> Y v   | NOR2X1    | 0.038 |   4.412 |    4.487 | 
     | 8                                                  |              |           |       |         |          | 
     | u_cpu_u_alu_sub_16_33_Y_u_cpu_u_alu_add_15_33_g399 | B v -> Y ^   | NOR2X1    | 0.105 |   4.518 |    4.592 | 
     | 6                                                  |              |           |       |         |          | 
     | u_cpu_u_alu_sub_16_33_Y_u_cpu_u_alu_add_15_33_g399 | B ^ -> Y v   | NOR2X1    | 0.097 |   4.615 |    4.690 | 
     | 5                                                  |              |           |       |         |          | 
     | u_cpu_u_alu_sub_16_33_Y_u_cpu_u_alu_add_15_33_g399 | B v -> Y ^   | NAND2X1   | 0.046 |   4.661 |    4.736 | 
     | 1                                                  |              |           |       |         |          | 
     | u_cpu_u_alu_sub_16_33_Y_u_cpu_u_alu_add_15_33_g398 | B ^ -> Y v   | NAND2X1   | 0.129 |   4.790 |    4.864 | 
     | 9                                                  |              |           |       |         |          | 
     | u_cpu_u_alu_sub_16_33_Y_u_cpu_u_alu_add_15_33_g398 | B v -> Y ^   | NAND2X1   | 0.110 |   4.899 |    4.974 | 
     | 2                                                  |              |           |       |         |          | 
     | u_cpu_u_alu_sub_16_33_Y_u_cpu_u_alu_add_15_33_g397 | B ^ -> Y v   | NAND2X1   | 0.099 |   4.998 |    5.073 | 
     | 9                                                  |              |           |       |         |          | 
     | u_cpu_u_alu_sub_16_33_Y_u_cpu_u_alu_add_15_33_g655 | A v -> Y ^   | INVX1     | 0.063 |   5.062 |    5.136 | 
     | 407                                                |              |           |       |         |          | 
     | u_cpu_u_alu_sub_16_33_Y_u_cpu_u_alu_add_15_33_g396 | A1 ^ -> Y v  | OAI21X1   | 0.075 |   5.137 |    5.212 | 
     | 9                                                  |              |           |       |         |          | 
     | u_cpu_u_alu_sub_16_33_Y_u_cpu_u_alu_add_15_33_g396 | B v -> Y v   | XNOR2X1   | 0.147 |   5.284 |    5.359 | 
     | 2                                                  |              |           |       |         |          | 
     | g165976                                            | B v -> Y ^   | NAND2X1   | 0.046 |   5.330 |    5.405 | 
     | g655037                                            | C ^ -> Y v   | NAND3X2   | 0.176 |   5.506 |    5.581 | 
     | g655026                                            | BN v -> Y v  | NAND4BBX2 | 0.323 |   5.828 |    5.903 | 
     | g165557                                            | A v -> Y ^   | NOR2X1    | 0.130 |   5.959 |    6.034 | 
     | g165556                                            | A ^ -> Y v   | NAND2X1   | 0.073 |   6.032 |    6.107 | 
     | g165555                                            | B v -> Y ^   | NOR2X1    | 0.099 |   6.131 |    6.206 | 
     | g165554                                            | B0 ^ -> Y v  | AOI2BB1X1 | 0.100 |   6.231 |    6.305 | 
     | g165553                                            | B v -> Y ^   | NOR2X4    | 0.098 |   6.329 |    6.404 | 
     | g165550                                            | S0 ^ -> Y ^  | MX2X1     | 0.198 |   6.527 |    6.601 | 
     | g655045                                            | A1 ^ -> Y ^  | OA21X1    | 0.162 |   6.689 |    6.764 | 
     | u_cpu_add_167_30_Y_u_cpu_add_165_34_Y_u_cpu_add_16 | B ^ -> Y v   | NOR2X1    | 0.055 |   6.744 |    6.819 | 
     | 3_30_g913                                          |              |           |       |         |          | 
     | u_cpu_add_167_30_Y_u_cpu_add_165_34_Y_u_cpu_add_16 | B v -> Y ^   | NOR2X1    | 0.066 |   6.810 |    6.885 | 
     | 3_30_g911                                          |              |           |       |         |          | 
     | u_cpu_add_167_30_Y_u_cpu_add_165_34_Y_u_cpu_add_16 | B ^ -> Y v   | NOR2X2    | 0.055 |   6.865 |    6.940 | 
     | 3_30_g909                                          |              |           |       |         |          | 
     | u_cpu_add_167_30_Y_u_cpu_add_165_34_Y_u_cpu_add_16 | B0 v -> Y ^  | AOI2BB1X1 | 0.074 |   6.939 |    7.014 | 
     | 3_30_g907                                          |              |           |       |         |          | 
     | u_cpu_add_167_30_Y_u_cpu_add_165_34_Y_u_cpu_add_16 | B ^ -> Y v   | NOR2X2    | 0.062 |   7.001 |    7.076 | 
     | 3_30_g905                                          |              |           |       |         |          | 
     | u_cpu_add_167_30_Y_u_cpu_add_165_34_Y_u_cpu_add_16 | B0 v -> Y ^  | AOI2BB1X1 | 0.085 |   7.086 |    7.161 | 
     | 3_30_g903                                          |              |           |       |         |          | 
     | g655044                                            | B0 ^ -> Y v  | AOI21X2   | 0.064 |   7.150 |    7.225 | 
     | u_cpu_add_167_30_Y_u_cpu_add_165_34_Y_u_cpu_add_16 | B0 v -> Y ^  | AOI2BB1X1 | 0.081 |   7.230 |    7.305 | 
     | 3_30_g899                                          |              |           |       |         |          | 
     | u_cpu_add_167_30_Y_u_cpu_add_165_34_Y_u_cpu_add_16 | B ^ -> Y v   | NOR2X1    | 0.067 |   7.297 |    7.372 | 
     | 3_30_g897                                          |              |           |       |         |          | 
     | g655043                                            | A1N v -> Y v | AOI2BB1X2 | 0.161 |   7.458 |    7.533 | 
     | u_cpu_add_167_30_Y_u_cpu_add_165_34_Y_u_cpu_add_16 | B0 v -> Y ^  | AOI2BB1X2 | 0.079 |   7.537 |    7.612 | 
     | 3_30_g891                                          |              |           |       |         |          | 
     | u_cpu_add_167_30_Y_u_cpu_add_165_34_Y_u_cpu_add_16 | B ^ -> Y v   | NOR2X4    | 0.051 |   7.588 |    7.663 | 
     | 3_30_g889                                          |              |           |       |         |          | 
     | u_cpu_add_167_30_Y_u_cpu_add_165_34_Y_u_cpu_add_16 | B v -> Y ^   | NOR2X2    | 0.057 |   7.646 |    7.720 | 
     | 3_30_g887                                          |              |           |       |         |          | 
     | u_cpu_add_167_30_Y_u_cpu_add_165_34_Y_u_cpu_add_16 | B ^ -> Y v   | NOR2X4    | 0.050 |   7.695 |    7.770 | 
     | 3_30_g885                                          |              |           |       |         |          | 
     | u_cpu_add_167_30_Y_u_cpu_add_165_34_Y_u_cpu_add_16 | B v -> Y ^   | NOR2X2    | 0.056 |   7.752 |    7.827 | 
     | 3_30_g883                                          |              |           |       |         |          | 
     | u_cpu_add_167_30_Y_u_cpu_add_165_34_Y_u_cpu_add_16 | B ^ -> Y v   | NOR2X4    | 0.049 |   7.801 |    7.875 | 
     | 3_30_g881                                          |              |           |       |         |          | 
     | u_cpu_add_167_30_Y_u_cpu_add_165_34_Y_u_cpu_add_16 | B0 v -> Y ^  | AOI2BB1X2 | 0.069 |   7.870 |    7.945 | 
     | 3_30_g879                                          |              |           |       |         |          | 
     | u_cpu_add_167_30_Y_u_cpu_add_165_34_Y_u_cpu_add_16 | B ^ -> Y v   | NOR2X4    | 0.055 |   7.924 |    7.999 | 
     | 3_30_g877                                          |              |           |       |         |          | 
     | u_cpu_add_167_30_Y_u_cpu_add_165_34_Y_u_cpu_add_16 | B0 v -> Y ^  | AOI2BB1X4 | 0.056 |   7.981 |    8.055 | 
     | 3_30_g875                                          |              |           |       |         |          | 
     | u_cpu_add_167_30_Y_u_cpu_add_165_34_Y_u_cpu_add_16 | B ^ -> Y v   | NOR2X4    | 0.050 |   8.030 |    8.105 | 
     | 3_30_g873                                          |              |           |       |         |          | 
     | u_cpu_add_167_30_Y_u_cpu_add_165_34_Y_u_cpu_add_16 | B v -> Y ^   | NOR2X4    | 0.049 |   8.079 |    8.154 | 
     | 3_30_g871                                          |              |           |       |         |          | 
     | u_cpu_add_167_30_Y_u_cpu_add_165_34_Y_u_cpu_add_16 | B ^ -> Y v   | NOR2X4    | 0.043 |   8.122 |    8.197 | 
     | 3_30_g869                                          |              |           |       |         |          | 
     | u_cpu_add_167_30_Y_u_cpu_add_165_34_Y_u_cpu_add_16 | B0 v -> Y ^  | AOI2BB1X4 | 0.057 |   8.179 |    8.253 | 
     | 3_30_g867                                          |              |           |       |         |          | 
     | u_cpu_add_167_30_Y_u_cpu_add_165_34_Y_u_cpu_add_16 | B ^ -> Y v   | NOR2X4    | 0.045 |   8.223 |    8.298 | 
     | 3_30_g865                                          |              |           |       |         |          | 
     | u_cpu_add_167_30_Y_u_cpu_add_165_34_Y_u_cpu_add_16 | B v -> Y ^   | NOR2X4    | 0.045 |   8.268 |    8.343 | 
     | 3_30_g863                                          |              |           |       |         |          | 
     | u_cpu_add_167_30_Y_u_cpu_add_165_34_Y_u_cpu_add_16 | B ^ -> Y v   | NOR2X4    | 0.038 |   8.307 |    8.382 | 
     | 3_30_g861                                          |              |           |       |         |          | 
     | u_cpu_add_167_30_Y_u_cpu_add_165_34_Y_u_cpu_add_16 | B0 v -> Y ^  | AOI2BB1X2 | 0.069 |   8.375 |    8.450 | 
     | 3_30_g859                                          |              |           |       |         |          | 
     | u_cpu_add_167_30_Y_u_cpu_add_165_34_Y_u_cpu_add_16 | B ^ -> Y v   | NOR2X4    | 0.055 |   8.431 |    8.505 | 
     | 3_30_g857                                          |              |           |       |         |          | 
     | u_cpu_add_167_30_Y_u_cpu_add_165_34_Y_u_cpu_add_16 | B0 v -> Y ^  | AOI2BB1X4 | 0.063 |   8.493 |    8.568 | 
     | 3_30_g855                                          |              |           |       |         |          | 
     | u_cpu_add_167_30_Y_u_cpu_add_165_34_Y_u_cpu_add_16 | B ^ -> Y v   | NOR2X6    | 0.047 |   8.540 |    8.615 | 
     | 3_30_g853                                          |              |           |       |         |          | 
     | u_cpu_add_167_30_Y_u_cpu_add_165_34_Y_u_cpu_add_16 | B v -> Y ^   | NOR2X4    | 0.044 |   8.584 |    8.659 | 
     | 3_30_g851                                          |              |           |       |         |          | 
     | u_cpu_add_167_30_Y_u_cpu_add_165_34_Y_u_cpu_add_16 | B ^ -> Y v   | NOR2X4    | 0.044 |   8.629 |    8.704 | 
     | 3_30_g849                                          |              |           |       |         |          | 
     | u_cpu_add_167_30_Y_u_cpu_add_165_34_Y_u_cpu_add_16 | B v -> Y ^   | NOR2X4    | 0.048 |   8.676 |    8.751 | 
     | 3_30_g848                                          |              |           |       |         |          | 
     | u_cpu_add_167_30_Y_u_cpu_add_165_34_Y_u_cpu_add_16 | B ^ -> Y v   | NOR2X4    | 0.044 |   8.720 |    8.795 | 
     | 3_30_g846                                          |              |           |       |         |          | 
     | u_cpu_add_167_30_Y_u_cpu_add_165_34_Y_u_cpu_add_16 | B0 v -> Y ^  | AOI2BB1X4 | 0.060 |   8.780 |    8.855 | 
     | 3_30_g845                                          |              |           |       |         |          | 
     | u_cpu_add_167_30_Y_u_cpu_add_165_34_Y_u_cpu_add_16 | B ^ -> Y v   | NOR2X4    | 0.047 |   8.828 |    8.902 | 
     | 3_30_g843                                          |              |           |       |         |          | 
     | g655480                                            | B0 v -> Y ^  | AOI2BB1X4 | 0.058 |   8.886 |    8.961 | 
     | u_cpu_add_167_30_Y_u_cpu_add_165_34_Y_u_cpu_add_16 | B ^ -> Y v   | NOR2X4    | 0.048 |   8.933 |    9.008 | 
     | 3_30_g840                                          |              |           |       |         |          | 
     | u_cpu_add_167_30_Y_u_cpu_add_165_34_Y_u_cpu_add_16 | B v -> Y ^   | NOR2X4    | 0.044 |   8.978 |    9.052 | 
     | 3_30_g839                                          |              |           |       |         |          | 
     | u_cpu_add_167_30_Y_u_cpu_add_165_34_Y_u_cpu_add_16 | B ^ -> Y v   | NOR2X4    | 0.042 |   9.020 |    9.094 | 
     | 3_30_g837                                          |              |           |       |         |          | 
     | u_cpu_add_167_30_Y_u_cpu_add_165_34_Y_u_cpu_add_16 | B0 v -> Y ^  | AOI2BB1X4 | 0.063 |   9.082 |    9.157 | 
     | 3_30_g836                                          |              |           |       |         |          | 
     | u_cpu_add_167_30_Y_u_cpu_add_165_34_Y_u_cpu_add_16 | B ^ -> Y v   | NOR2X6    | 0.048 |   9.130 |    9.205 | 
     | 3_30_g834                                          |              |           |       |         |          | 
     | u_cpu_add_167_30_Y_u_cpu_add_165_34_Y_u_cpu_add_16 | B0 v -> Y ^  | AOI2BB1X4 | 0.062 |   9.192 |    9.266 | 
     | 3_30_g833                                          |              |           |       |         |          | 
     | u_cpu_add_167_30_Y_u_cpu_add_165_34_Y_u_cpu_add_16 | B ^ -> Y v   | NOR2X6    | 0.049 |   9.241 |    9.316 | 
     | 3_30_g831                                          |              |           |       |         |          | 
     | u_cpu_add_167_30_Y_u_cpu_add_165_34_Y_u_cpu_add_16 | B v -> Y ^   | NOR2X4    | 0.046 |   9.287 |    9.362 | 
     | 3_30_g830                                          |              |           |       |         |          | 
     | u_cpu_add_167_30_Y_u_cpu_add_165_34_Y_u_cpu_add_16 | B ^ -> Y v   | NOR2X4    | 0.042 |   9.329 |    9.404 | 
     | 3_30_g828                                          |              |           |       |         |          | 
     | u_cpu_add_167_30_Y_u_cpu_add_165_34_Y_u_cpu_add_16 | B0 v -> Y ^  | AOI2BB1X4 | 0.060 |   9.389 |    9.464 | 
     | 3_30_g827                                          |              |           |       |         |          | 
     | u_cpu_add_167_30_Y_u_cpu_add_165_34_Y_u_cpu_add_16 | B ^ -> Y v   | NOR2X6    | 0.045 |   9.433 |    9.508 | 
     | 3_30_g825                                          |              |           |       |         |          | 
     | u_cpu_add_167_30_Y_u_cpu_add_165_34_Y_u_cpu_add_16 | B v -> Y ^   | NOR2X4    | 0.050 |   9.483 |    9.558 | 
     | 3_30_g824                                          |              |           |       |         |          | 
     | u_cpu_add_167_30_Y_u_cpu_add_165_34_Y_u_cpu_add_16 | B ^ -> Y v   | NOR2X6    | 0.044 |   9.528 |    9.602 | 
     | 3_30_g822                                          |              |           |       |         |          | 
     | u_cpu_add_167_30_Y_u_cpu_add_165_34_Y_u_cpu_add_16 | B0 v -> Y ^  | AOI2BB1X4 | 0.062 |   9.590 |    9.664 | 
     | 3_30_g821                                          |              |           |       |         |          | 
     | u_cpu_add_167_30_Y_u_cpu_add_165_34_Y_u_cpu_add_16 | B ^ -> Y v   | NOR2X6    | 0.046 |   9.635 |    9.710 | 
     | 3_30_g819                                          |              |           |       |         |          | 
     | u_cpu_add_167_30_Y_u_cpu_add_165_34_Y_u_cpu_add_16 | B v -> Y ^   | NOR2X4    | 0.043 |   9.679 |    9.754 | 
     | 3_30_g818                                          |              |           |       |         |          | 
     | u_cpu_add_167_30_Y_u_cpu_add_165_34_Y_u_cpu_add_16 | B ^ -> Y v   | NOR2X4    | 0.042 |   9.720 |    9.795 | 
     | 3_30_g816                                          |              |           |       |         |          | 
     | g655057                                            | B0 v -> Y ^  | AOI2BB1X4 | 0.066 |   9.787 |    9.861 | 
     | g655056                                            | A ^ -> Y v   | NOR2X6    | 0.053 |   9.840 |    9.914 | 
     | u_cpu_add_167_30_Y_u_cpu_add_165_34_Y_u_cpu_add_16 | B0 v -> Y ^  | AOI2BB1X4 | 0.057 |   9.897 |    9.971 | 
     | 3_30_g812                                          |              |           |       |         |          | 
     | u_cpu_add_167_30_Y_u_cpu_add_165_34_Y_u_cpu_add_16 | B ^ -> Y v   | NOR2X4    | 0.038 |   9.935 |   10.009 | 
     | 3_30_g810                                          |              |           |       |         |          | 
     | u_cpu_add_167_30_Y_u_cpu_add_165_34_Y_u_cpu_add_16 | B v -> Y ^   | CLKXOR2X1 | 0.132 |  10.066 |   10.141 | 
     | 3_30_g809                                          |              |           |       |         |          | 
     | g641353                                            | B ^ -> Y v   | NAND2X1   | 0.062 |  10.128 |   10.203 | 
     | g653712                                            | B v -> Y ^   | NAND2X1   | 0.052 |  10.180 |   10.255 | 
     | u_cpu_pc_reg[31]                                   | D ^          | DFFRHQX1  | 0.000 |  10.180 |   10.255 | 
     +------------------------------------------------------------------------------------------------------------+ 
Path 9: MET Setup Check with Pin u_cpu_pc_reg[31]/CK 
Endpoint:   u_cpu_pc_reg[31]/D (^) checked with  leading edge of 'clk'
Beginpoint: u_cpu_ir_reg[6]/Q  (^) triggered by  leading edge of 'clk'
Path Groups: {clk}
Analysis View: av_ss
Other End Arrival Time          0.515
- Setup                         0.060
+ Phase Shift                  10.000
- Uncertainty                   0.200
= Required Time                10.255
- Arrival Time                 10.177
= Slack Time                    0.078
     Clock Rise Edge                 0.000
     + Clock Network Latency (Prop)  0.514
     = Beginpoint Arrival Time       0.514
     +------------------------------------------------------------------------------------------------------------+ 
     |                      Instance                      |     Arc      |   Cell    | Delay | Arrival | Required | 
     |                                                    |              |           |       |  Time   |   Time   | 
     |----------------------------------------------------+--------------+-----------+-------+---------+----------| 
     | u_cpu_ir_reg[6]                                    | CK ^         |           |       |   0.514 |    0.592 | 
     | u_cpu_ir_reg[6]                                    | CK ^ -> Q ^  | SDFFRXL   | 0.545 |   1.060 |    1.137 | 
     | g655025                                            | A1N ^ -> Y ^ | AOI2BB1X1 | 0.254 |   1.313 |    1.391 | 
     | g160898                                            | B ^ -> Y v   | NOR2X1    | 0.077 |   1.390 |    1.468 | 
     | g160890                                            | A v -> Y ^   | NOR2X1    | 0.125 |   1.516 |    1.593 | 
     | FE_OFC2349_n_8446                                  | A ^ -> Y v   | CLKINVX4  | 0.165 |   1.681 |    1.759 | 
     | g655053                                            | A1N v -> Y v | OAI2BB1X1 | 0.263 |   1.944 |    2.022 | 
     | FE_OFC511_n_8980                                   | A v -> Y v   | BUFX8     | 0.268 |   2.212 |    2.290 | 
     | FE_OFC2432_n_8980                                  | A v -> Y ^   | INVX3     | 0.174 |   2.386 |    2.463 | 
     | u_cpu_u_alu_sub_16_33_Y_u_cpu_u_alu_add_15_33_g417 | A0 ^ -> Y v  | OAI22X1   | 0.158 |   2.544 |    2.621 | 
     | 0                                                  |              |           |       |         |          | 
     | u_cpu_u_alu_sub_16_33_Y_u_cpu_u_alu_add_15_33_g411 | B v -> Y ^   | NOR2X1    | 0.115 |   2.659 |    2.737 | 
     | 5                                                  |              |           |       |         |          | 
     | u_cpu_u_alu_sub_16_33_Y_u_cpu_u_alu_add_15_33_g404 | A1 ^ -> Y v  | OAI21X1   | 0.133 |   2.792 |    2.870 | 
     | 6                                                  |              |           |       |         |          | 
     | u_cpu_u_alu_sub_16_33_Y_u_cpu_u_alu_add_15_33_g403 | A1 v -> Y ^  | AOI21X1   | 0.129 |   2.921 |    2.999 | 
     | 9                                                  |              |           |       |         |          | 
     | u_cpu_u_alu_sub_16_33_Y_u_cpu_u_alu_add_15_33_g403 | B ^ -> Y v   | NOR2X1    | 0.069 |   2.991 |    3.069 | 
     | 4                                                  |              |           |       |         |          | 
     | u_cpu_u_alu_sub_16_33_Y_u_cpu_u_alu_add_15_33_g403 | B v -> Y ^   | NOR2X1    | 0.076 |   3.067 |    3.145 | 
     | 2                                                  |              |           |       |         |          | 
     | u_cpu_u_alu_sub_16_33_Y_u_cpu_u_alu_add_15_33_g403 | B ^ -> Y v   | NOR2X1    | 0.066 |   3.133 |    3.211 | 
     | 0                                                  |              |           |       |         |          | 
     | u_cpu_u_alu_sub_16_33_Y_u_cpu_u_alu_add_15_33_g402 | B v -> Y ^   | NOR2X1    | 0.063 |   3.196 |    3.274 | 
     | 8                                                  |              |           |       |         |          | 
     | u_cpu_u_alu_sub_16_33_Y_u_cpu_u_alu_add_15_33_g402 | B ^ -> Y v   | NOR2X1    | 0.058 |   3.254 |    3.331 | 
     | 6                                                  |              |           |       |         |          | 
     | u_cpu_u_alu_sub_16_33_Y_u_cpu_u_alu_add_15_33_g402 | B v -> Y ^   | NOR2X1    | 0.106 |   3.359 |    3.437 | 
     | 4                                                  |              |           |       |         |          | 
     | u_cpu_u_alu_sub_16_33_Y_u_cpu_u_alu_add_15_33_g402 | B ^ -> Y v   | NOR2X1    | 0.099 |   3.459 |    3.536 | 
     | 1                                                  |              |           |       |         |          | 
     | u_cpu_u_alu_sub_16_33_Y_u_cpu_u_alu_add_15_33_g401 | A1 v -> Y ^  | AOI21X1   | 0.108 |   3.567 |    3.645 | 
     | 5                                                  |              |           |       |         |          | 
     | u_cpu_u_alu_sub_16_33_Y_u_cpu_u_alu_add_15_33_g401 | A1 ^ -> Y v  | OAI21X1   | 0.135 |   3.702 |    3.780 | 
     | 1                                                  |              |           |       |         |          | 
     | g655048                                            | A1N v -> Y v | OAI2BB1X1 | 0.171 |   3.873 |    3.951 | 
     | u_cpu_u_alu_sub_16_33_Y_u_cpu_u_alu_add_15_33_g400 | A v -> Y ^   | INVX1     | 0.072 |   3.945 |    4.023 | 
     | 7                                                  |              |           |       |         |          | 
     | u_cpu_u_alu_sub_16_33_Y_u_cpu_u_alu_add_15_33_g400 | A1 ^ -> Y v  | OAI21X1   | 0.095 |   4.040 |    4.118 | 
     | 5                                                  |              |           |       |         |          | 
     | u_cpu_u_alu_sub_16_33_Y_u_cpu_u_alu_add_15_33_g400 | A1 v -> Y ^  | AOI21X1   | 0.136 |   4.176 |    4.254 | 
     | 3                                                  |              |           |       |         |          | 
     | u_cpu_u_alu_sub_16_33_Y_u_cpu_u_alu_add_15_33_g400 | A1 ^ -> Y v  | OAI21X1   | 0.134 |   4.309 |    4.387 | 
     | 0                                                  |              |           |       |         |          | 
     | u_cpu_u_alu_sub_16_33_Y_u_cpu_u_alu_add_15_33_g399 | A v -> Y ^   | INVX1     | 0.065 |   4.375 |    4.452 | 
     | 9                                                  |              |           |       |         |          | 
     | u_cpu_u_alu_sub_16_33_Y_u_cpu_u_alu_add_15_33_g399 | B ^ -> Y v   | NOR2X1    | 0.038 |   4.412 |    4.490 | 
     | 8                                                  |              |           |       |         |          | 
     | u_cpu_u_alu_sub_16_33_Y_u_cpu_u_alu_add_15_33_g399 | B v -> Y ^   | NOR2X1    | 0.105 |   4.518 |    4.595 | 
     | 6                                                  |              |           |       |         |          | 
     | u_cpu_u_alu_sub_16_33_Y_u_cpu_u_alu_add_15_33_g399 | B ^ -> Y v   | NOR2X1    | 0.097 |   4.615 |    4.693 | 
     | 5                                                  |              |           |       |         |          | 
     | u_cpu_u_alu_sub_16_33_Y_u_cpu_u_alu_add_15_33_g399 | B v -> Y ^   | NAND2X1   | 0.046 |   4.661 |    4.739 | 
     | 1                                                  |              |           |       |         |          | 
     | u_cpu_u_alu_sub_16_33_Y_u_cpu_u_alu_add_15_33_g398 | B ^ -> Y v   | NAND2X1   | 0.129 |   4.790 |    4.867 | 
     | 9                                                  |              |           |       |         |          | 
     | u_cpu_u_alu_sub_16_33_Y_u_cpu_u_alu_add_15_33_g398 | B v -> Y ^   | NAND2X1   | 0.110 |   4.899 |    4.977 | 
     | 2                                                  |              |           |       |         |          | 
     | u_cpu_u_alu_sub_16_33_Y_u_cpu_u_alu_add_15_33_g397 | A1 ^ -> Y v  | OAI21X1   | 0.184 |   5.083 |    5.161 | 
     | 6                                                  |              |           |       |         |          | 
     | u_cpu_u_alu_sub_16_33_Y_u_cpu_u_alu_add_15_33_g655 | A1 v -> Y ^  | AOI21X1   | 0.146 |   5.229 |    5.307 | 
     | 409                                                |              |           |       |         |          | 
     | u_cpu_u_alu_sub_16_33_Y_u_cpu_u_alu_add_15_33_g430 | B ^ -> Y v   | XNOR2X1   | 0.157 |   5.386 |    5.464 | 
     | 7                                                  |              |           |       |         |          | 
     | g165624                                            | A1 v -> Y ^  | AOI21X1   | 0.198 |   5.583 |    5.661 | 
     | g655026                                            | C ^ -> Y v   | NAND4BBX2 | 0.263 |   5.846 |    5.924 | 
     | g165557                                            | A v -> Y ^   | NOR2X1    | 0.130 |   5.977 |    6.054 | 
     | g165556                                            | A ^ -> Y v   | NAND2X1   | 0.073 |   6.050 |    6.127 | 
     | g165555                                            | B v -> Y ^   | NOR2X1    | 0.099 |   6.149 |    6.226 | 
     | g165554                                            | B0 ^ -> Y v  | AOI2BB1X1 | 0.100 |   6.248 |    6.326 | 
     | g165553                                            | B v -> Y ^   | NOR2X4    | 0.098 |   6.347 |    6.424 | 
     | g165550                                            | S0 ^ -> Y v  | MX2X1     | 0.238 |   6.585 |    6.663 | 
     | g655045                                            | A1 v -> Y v  | OA21X1    | 0.157 |   6.742 |    6.820 | 
     | u_cpu_add_167_30_Y_u_cpu_add_165_34_Y_u_cpu_add_16 | B v -> Y ^   | NOR2X1    | 0.080 |   6.822 |    6.900 | 
     | 3_30_g913                                          |              |           |       |         |          | 
     | u_cpu_add_167_30_Y_u_cpu_add_165_34_Y_u_cpu_add_16 | B ^ -> Y v   | NOR2X1    | 0.070 |   6.892 |    6.970 | 
     | 3_30_g911                                          |              |           |       |         |          | 
     | u_cpu_add_167_30_Y_u_cpu_add_165_34_Y_u_cpu_add_16 | B v -> Y ^   | NOR2X2    | 0.054 |   6.946 |    7.024 | 
     | 3_30_g909                                          |              |           |       |         |          | 
     | u_cpu_add_167_30_Y_u_cpu_add_165_34_Y_u_cpu_add_16 | B0 ^ -> Y v  | AOI2BB1X1 | 0.061 |   7.007 |    7.085 | 
     | 3_30_g907                                          |              |           |       |         |          | 
     | u_cpu_add_167_30_Y_u_cpu_add_165_34_Y_u_cpu_add_16 | B v -> Y ^   | NOR2X2    | 0.062 |   7.069 |    7.147 | 
     | 3_30_g905                                          |              |           |       |         |          | 
     | u_cpu_add_167_30_Y_u_cpu_add_165_34_Y_u_cpu_add_16 | B0 ^ -> Y v  | AOI2BB1X1 | 0.069 |   7.138 |    7.215 | 
     | 3_30_g903                                          |              |           |       |         |          | 
     | g655044                                            | B0 v -> Y ^  | AOI21X2   | 0.062 |   7.200 |    7.278 | 
     | u_cpu_add_167_30_Y_u_cpu_add_165_34_Y_u_cpu_add_16 | B0 ^ -> Y v  | AOI2BB1X1 | 0.056 |   7.256 |    7.334 | 
     | 3_30_g899                                          |              |           |       |         |          | 
     | u_cpu_add_167_30_Y_u_cpu_add_165_34_Y_u_cpu_add_16 | B v -> Y ^   | NOR2X1    | 0.078 |   7.334 |    7.412 | 
     | 3_30_g897                                          |              |           |       |         |          | 
     | g655043                                            | A1N ^ -> Y ^ | AOI2BB1X2 | 0.155 |   7.490 |    7.567 | 
     | u_cpu_add_167_30_Y_u_cpu_add_165_34_Y_u_cpu_add_16 | B0 ^ -> Y v  | AOI2BB1X2 | 0.070 |   7.559 |    7.637 | 
     | 3_30_g891                                          |              |           |       |         |          | 
     | u_cpu_add_167_30_Y_u_cpu_add_165_34_Y_u_cpu_add_16 | B v -> Y ^   | NOR2X4    | 0.054 |   7.614 |    7.691 | 
     | 3_30_g889                                          |              |           |       |         |          | 
     | u_cpu_add_167_30_Y_u_cpu_add_165_34_Y_u_cpu_add_16 | B ^ -> Y v   | NOR2X2    | 0.049 |   7.663 |    7.740 | 
     | 3_30_g887                                          |              |           |       |         |          | 
     | u_cpu_add_167_30_Y_u_cpu_add_165_34_Y_u_cpu_add_16 | B v -> Y ^   | NOR2X4    | 0.049 |   7.712 |    7.789 | 
     | 3_30_g885                                          |              |           |       |         |          | 
     | u_cpu_add_167_30_Y_u_cpu_add_165_34_Y_u_cpu_add_16 | B ^ -> Y v   | NOR2X2    | 0.048 |   7.759 |    7.837 | 
     | 3_30_g883                                          |              |           |       |         |          | 
     | u_cpu_add_167_30_Y_u_cpu_add_165_34_Y_u_cpu_add_16 | B v -> Y ^   | NOR2X4    | 0.048 |   7.807 |    7.885 | 
     | 3_30_g881                                          |              |           |       |         |          | 
     | u_cpu_add_167_30_Y_u_cpu_add_165_34_Y_u_cpu_add_16 | B0 ^ -> Y v  | AOI2BB1X2 | 0.052 |   7.859 |    7.937 | 
     | 3_30_g879                                          |              |           |       |         |          | 
     | u_cpu_add_167_30_Y_u_cpu_add_165_34_Y_u_cpu_add_16 | B v -> Y ^   | NOR2X4    | 0.058 |   7.917 |    7.995 | 
     | 3_30_g877                                          |              |           |       |         |          | 
     | u_cpu_add_167_30_Y_u_cpu_add_165_34_Y_u_cpu_add_16 | B0 ^ -> Y v  | AOI2BB1X4 | 0.047 |   7.964 |    8.042 | 
     | 3_30_g875                                          |              |           |       |         |          | 
     | u_cpu_add_167_30_Y_u_cpu_add_165_34_Y_u_cpu_add_16 | B v -> Y ^   | NOR2X4    | 0.063 |   8.027 |    8.105 | 
     | 3_30_g873                                          |              |           |       |         |          | 
     | u_cpu_add_167_30_Y_u_cpu_add_165_34_Y_u_cpu_add_16 | B ^ -> Y v   | NOR2X4    | 0.050 |   8.077 |    8.155 | 
     | 3_30_g871                                          |              |           |       |         |          | 
     | u_cpu_add_167_30_Y_u_cpu_add_165_34_Y_u_cpu_add_16 | B v -> Y ^   | NOR2X4    | 0.057 |   8.134 |    8.212 | 
     | 3_30_g869                                          |              |           |       |         |          | 
     | u_cpu_add_167_30_Y_u_cpu_add_165_34_Y_u_cpu_add_16 | B0 ^ -> Y v  | AOI2BB1X4 | 0.048 |   8.182 |    8.260 | 
     | 3_30_g867                                          |              |           |       |         |          | 
     | u_cpu_add_167_30_Y_u_cpu_add_165_34_Y_u_cpu_add_16 | B v -> Y ^   | NOR2X4    | 0.054 |   8.235 |    8.313 | 
     | 3_30_g865                                          |              |           |       |         |          | 
     | u_cpu_add_167_30_Y_u_cpu_add_165_34_Y_u_cpu_add_16 | B ^ -> Y v   | NOR2X4    | 0.043 |   8.279 |    8.357 | 
     | 3_30_g863                                          |              |           |       |         |          | 
     | u_cpu_add_167_30_Y_u_cpu_add_165_34_Y_u_cpu_add_16 | B v -> Y ^   | NOR2X4    | 0.047 |   8.325 |    8.403 | 
     | 3_30_g861                                          |              |           |       |         |          | 
     | u_cpu_add_167_30_Y_u_cpu_add_165_34_Y_u_cpu_add_16 | B0 ^ -> Y v  | AOI2BB1X2 | 0.050 |   8.376 |    8.454 | 
     | 3_30_g859                                          |              |           |       |         |          | 
     | u_cpu_add_167_30_Y_u_cpu_add_165_34_Y_u_cpu_add_16 | B v -> Y ^   | NOR2X4    | 0.058 |   8.434 |    8.512 | 
     | 3_30_g857                                          |              |           |       |         |          | 
     | u_cpu_add_167_30_Y_u_cpu_add_165_34_Y_u_cpu_add_16 | B0 ^ -> Y v  | AOI2BB1X4 | 0.051 |   8.485 |    8.563 | 
     | 3_30_g855                                          |              |           |       |         |          | 
     | u_cpu_add_167_30_Y_u_cpu_add_165_34_Y_u_cpu_add_16 | B v -> Y ^   | NOR2X6    | 0.052 |   8.537 |    8.614 | 
     | 3_30_g853                                          |              |           |       |         |          | 
     | u_cpu_add_167_30_Y_u_cpu_add_165_34_Y_u_cpu_add_16 | B ^ -> Y v   | NOR2X4    | 0.041 |   8.577 |    8.655 | 
     | 3_30_g851                                          |              |           |       |         |          | 
     | u_cpu_add_167_30_Y_u_cpu_add_165_34_Y_u_cpu_add_16 | B v -> Y ^   | NOR2X4    | 0.057 |   8.634 |    8.712 | 
     | 3_30_g849                                          |              |           |       |         |          | 
     | u_cpu_add_167_30_Y_u_cpu_add_165_34_Y_u_cpu_add_16 | B ^ -> Y v   | NOR2X4    | 0.048 |   8.681 |    8.759 | 
     | 3_30_g848                                          |              |           |       |         |          | 
     | u_cpu_add_167_30_Y_u_cpu_add_165_34_Y_u_cpu_add_16 | B v -> Y ^   | NOR2X4    | 0.055 |   8.736 |    8.814 | 
     | 3_30_g846                                          |              |           |       |         |          | 
     | u_cpu_add_167_30_Y_u_cpu_add_165_34_Y_u_cpu_add_16 | B0 ^ -> Y v  | AOI2BB1X4 | 0.050 |   8.786 |    8.864 | 
     | 3_30_g845                                          |              |           |       |         |          | 
     | u_cpu_add_167_30_Y_u_cpu_add_165_34_Y_u_cpu_add_16 | B v -> Y ^   | NOR2X4    | 0.055 |   8.841 |    8.919 | 
     | 3_30_g843                                          |              |           |       |         |          | 
     | g655480                                            | B0 ^ -> Y v  | AOI2BB1X4 | 0.048 |   8.889 |    8.967 | 
     | u_cpu_add_167_30_Y_u_cpu_add_165_34_Y_u_cpu_add_16 | B v -> Y ^   | NOR2X4    | 0.057 |   8.946 |    9.024 | 
     | 3_30_g840                                          |              |           |       |         |          | 
     | u_cpu_add_167_30_Y_u_cpu_add_165_34_Y_u_cpu_add_16 | B ^ -> Y v   | NOR2X4    | 0.044 |   8.991 |    9.069 | 
     | 3_30_g839                                          |              |           |       |         |          | 
     | u_cpu_add_167_30_Y_u_cpu_add_165_34_Y_u_cpu_add_16 | B v -> Y ^   | NOR2X4    | 0.053 |   9.044 |    9.122 | 
     | 3_30_g837                                          |              |           |       |         |          | 
     | u_cpu_add_167_30_Y_u_cpu_add_165_34_Y_u_cpu_add_16 | B0 ^ -> Y v  | AOI2BB1X4 | 0.051 |   9.095 |    9.173 | 
     | 3_30_g836                                          |              |           |       |         |          | 
     | u_cpu_add_167_30_Y_u_cpu_add_165_34_Y_u_cpu_add_16 | B v -> Y ^   | NOR2X6    | 0.052 |   9.147 |    9.225 | 
     | 3_30_g834                                          |              |           |       |         |          | 
     | u_cpu_add_167_30_Y_u_cpu_add_165_34_Y_u_cpu_add_16 | B0 ^ -> Y v  | AOI2BB1X4 | 0.048 |   9.195 |    9.273 | 
     | 3_30_g833                                          |              |           |       |         |          | 
     | u_cpu_add_167_30_Y_u_cpu_add_165_34_Y_u_cpu_add_16 | B v -> Y ^   | NOR2X6    | 0.057 |   9.252 |    9.330 | 
     | 3_30_g831                                          |              |           |       |         |          | 
     | u_cpu_add_167_30_Y_u_cpu_add_165_34_Y_u_cpu_add_16 | B ^ -> Y v   | NOR2X4    | 0.044 |   9.296 |    9.374 | 
     | 3_30_g830                                          |              |           |       |         |          | 
     | u_cpu_add_167_30_Y_u_cpu_add_165_34_Y_u_cpu_add_16 | B v -> Y ^   | NOR2X4    | 0.053 |   9.349 |    9.427 | 
     | 3_30_g828                                          |              |           |       |         |          | 
     | u_cpu_add_167_30_Y_u_cpu_add_165_34_Y_u_cpu_add_16 | B0 ^ -> Y v  | AOI2BB1X4 | 0.049 |   9.398 |    9.475 | 
     | 3_30_g827                                          |              |           |       |         |          | 
     | u_cpu_add_167_30_Y_u_cpu_add_165_34_Y_u_cpu_add_16 | B v -> Y ^   | NOR2X6    | 0.050 |   9.447 |    9.525 | 
     | 3_30_g825                                          |              |           |       |         |          | 
     | u_cpu_add_167_30_Y_u_cpu_add_165_34_Y_u_cpu_add_16 | B ^ -> Y v   | NOR2X4    | 0.043 |   9.490 |    9.568 | 
     | 3_30_g824                                          |              |           |       |         |          | 
     | u_cpu_add_167_30_Y_u_cpu_add_165_34_Y_u_cpu_add_16 | B v -> Y ^   | NOR2X6    | 0.049 |   9.539 |    9.617 | 
     | 3_30_g822                                          |              |           |       |         |          | 
     | u_cpu_add_167_30_Y_u_cpu_add_165_34_Y_u_cpu_add_16 | B0 ^ -> Y v  | AOI2BB1X4 | 0.048 |   9.586 |    9.664 | 
     | 3_30_g821                                          |              |           |       |         |          | 
     | u_cpu_add_167_30_Y_u_cpu_add_165_34_Y_u_cpu_add_16 | B v -> Y ^   | NOR2X6    | 0.050 |   9.636 |    9.714 | 
     | 3_30_g819                                          |              |           |       |         |          | 
     | u_cpu_add_167_30_Y_u_cpu_add_165_34_Y_u_cpu_add_16 | B ^ -> Y v   | NOR2X4    | 0.039 |   9.676 |    9.753 | 
     | 3_30_g818                                          |              |           |       |         |          | 
     | u_cpu_add_167_30_Y_u_cpu_add_165_34_Y_u_cpu_add_16 | B v -> Y ^   | NOR2X4    | 0.051 |   9.727 |    9.805 | 
     | 3_30_g816                                          |              |           |       |         |          | 
     | g655057                                            | B0 ^ -> Y v  | AOI2BB1X4 | 0.052 |   9.779 |    9.857 | 
     | g655056                                            | A v -> Y ^   | NOR2X6    | 0.059 |   9.838 |    9.916 | 
     | u_cpu_add_167_30_Y_u_cpu_add_165_34_Y_u_cpu_add_16 | B0 ^ -> Y v  | AOI2BB1X4 | 0.047 |   9.885 |    9.963 | 
     | 3_30_g812                                          |              |           |       |         |          | 
     | u_cpu_add_167_30_Y_u_cpu_add_165_34_Y_u_cpu_add_16 | B v -> Y ^   | NOR2X4    | 0.041 |   9.926 |   10.004 | 
     | 3_30_g810                                          |              |           |       |         |          | 
     | u_cpu_add_167_30_Y_u_cpu_add_165_34_Y_u_cpu_add_16 | B ^ -> Y ^   | CLKXOR2X1 | 0.137 |  10.063 |   10.141 | 
     | 3_30_g809                                          |              |           |       |         |          | 
     | g641353                                            | B ^ -> Y v   | NAND2X1   | 0.062 |  10.125 |   10.203 | 
     | g653712                                            | B v -> Y ^   | NAND2X1   | 0.052 |  10.177 |   10.255 | 
     | u_cpu_pc_reg[31]                                   | D ^          | DFFRHQX1  | 0.000 |  10.177 |   10.255 | 
     +------------------------------------------------------------------------------------------------------------+ 
Path 10: MET Setup Check with Pin u_cpu_pc_reg[31]/CK 
Endpoint:   u_cpu_pc_reg[31]/D (^) checked with  leading edge of 'clk'
Beginpoint: u_cpu_ir_reg[6]/Q  (^) triggered by  leading edge of 'clk'
Path Groups: {clk}
Analysis View: av_ss
Other End Arrival Time          0.515
- Setup                         0.060
+ Phase Shift                  10.000
- Uncertainty                   0.200
= Required Time                10.255
- Arrival Time                 10.177
= Slack Time                    0.078
     Clock Rise Edge                 0.000
     + Clock Network Latency (Prop)  0.514
     = Beginpoint Arrival Time       0.514
     +------------------------------------------------------------------------------------------------------------+ 
     |                      Instance                      |     Arc      |   Cell    | Delay | Arrival | Required | 
     |                                                    |              |           |       |  Time   |   Time   | 
     |----------------------------------------------------+--------------+-----------+-------+---------+----------| 
     | u_cpu_ir_reg[6]                                    | CK ^         |           |       |   0.514 |    0.592 | 
     | u_cpu_ir_reg[6]                                    | CK ^ -> Q ^  | SDFFRXL   | 0.545 |   1.060 |    1.137 | 
     | g655025                                            | A1N ^ -> Y ^ | AOI2BB1X1 | 0.254 |   1.313 |    1.391 | 
     | g160898                                            | B ^ -> Y v   | NOR2X1    | 0.077 |   1.390 |    1.468 | 
     | g160890                                            | A v -> Y ^   | NOR2X1    | 0.125 |   1.516 |    1.593 | 
     | FE_OFC2349_n_8446                                  | A ^ -> Y v   | CLKINVX4  | 0.165 |   1.681 |    1.759 | 
     | g655053                                            | A1N v -> Y v | OAI2BB1X1 | 0.263 |   1.944 |    2.022 | 
     | FE_OFC511_n_8980                                   | A v -> Y v   | BUFX8     | 0.268 |   2.212 |    2.290 | 
     | FE_OFC2432_n_8980                                  | A v -> Y ^   | INVX3     | 0.174 |   2.386 |    2.463 | 
     | u_cpu_u_alu_sub_16_33_Y_u_cpu_u_alu_add_15_33_g417 | A0 ^ -> Y v  | OAI22X1   | 0.158 |   2.544 |    2.621 | 
     | 0                                                  |              |           |       |         |          | 
     | u_cpu_u_alu_sub_16_33_Y_u_cpu_u_alu_add_15_33_g411 | B v -> Y ^   | NOR2X1    | 0.115 |   2.659 |    2.737 | 
     | 5                                                  |              |           |       |         |          | 
     | u_cpu_u_alu_sub_16_33_Y_u_cpu_u_alu_add_15_33_g404 | A1 ^ -> Y v  | OAI21X1   | 0.133 |   2.792 |    2.870 | 
     | 6                                                  |              |           |       |         |          | 
     | u_cpu_u_alu_sub_16_33_Y_u_cpu_u_alu_add_15_33_g403 | A1 v -> Y ^  | AOI21X1   | 0.129 |   2.921 |    2.999 | 
     | 9                                                  |              |           |       |         |          | 
     | u_cpu_u_alu_sub_16_33_Y_u_cpu_u_alu_add_15_33_g403 | B ^ -> Y v   | NOR2X1    | 0.069 |   2.991 |    3.069 | 
     | 4                                                  |              |           |       |         |          | 
     | u_cpu_u_alu_sub_16_33_Y_u_cpu_u_alu_add_15_33_g403 | B v -> Y ^   | NOR2X1    | 0.076 |   3.067 |    3.145 | 
     | 2                                                  |              |           |       |         |          | 
     | u_cpu_u_alu_sub_16_33_Y_u_cpu_u_alu_add_15_33_g403 | B ^ -> Y v   | NOR2X1    | 0.066 |   3.133 |    3.211 | 
     | 0                                                  |              |           |       |         |          | 
     | u_cpu_u_alu_sub_16_33_Y_u_cpu_u_alu_add_15_33_g402 | B v -> Y ^   | NOR2X1    | 0.063 |   3.196 |    3.274 | 
     | 8                                                  |              |           |       |         |          | 
     | u_cpu_u_alu_sub_16_33_Y_u_cpu_u_alu_add_15_33_g402 | B ^ -> Y v   | NOR2X1    | 0.058 |   3.254 |    3.331 | 
     | 6                                                  |              |           |       |         |          | 
     | u_cpu_u_alu_sub_16_33_Y_u_cpu_u_alu_add_15_33_g402 | B v -> Y ^   | NOR2X1    | 0.106 |   3.359 |    3.437 | 
     | 4                                                  |              |           |       |         |          | 
     | u_cpu_u_alu_sub_16_33_Y_u_cpu_u_alu_add_15_33_g402 | B ^ -> Y v   | NOR2X1    | 0.099 |   3.459 |    3.536 | 
     | 1                                                  |              |           |       |         |          | 
     | u_cpu_u_alu_sub_16_33_Y_u_cpu_u_alu_add_15_33_g401 | A1 v -> Y ^  | AOI21X1   | 0.108 |   3.567 |    3.645 | 
     | 5                                                  |              |           |       |         |          | 
     | u_cpu_u_alu_sub_16_33_Y_u_cpu_u_alu_add_15_33_g401 | A1 ^ -> Y v  | OAI21X1   | 0.135 |   3.702 |    3.780 | 
     | 1                                                  |              |           |       |         |          | 
     | g655048                                            | A1N v -> Y v | OAI2BB1X1 | 0.171 |   3.873 |    3.951 | 
     | u_cpu_u_alu_sub_16_33_Y_u_cpu_u_alu_add_15_33_g400 | A v -> Y ^   | INVX1     | 0.072 |   3.945 |    4.023 | 
     | 7                                                  |              |           |       |         |          | 
     | u_cpu_u_alu_sub_16_33_Y_u_cpu_u_alu_add_15_33_g400 | A1 ^ -> Y v  | OAI21X1   | 0.095 |   4.040 |    4.118 | 
     | 5                                                  |              |           |       |         |          | 
     | u_cpu_u_alu_sub_16_33_Y_u_cpu_u_alu_add_15_33_g400 | A1 v -> Y ^  | AOI21X1   | 0.136 |   4.176 |    4.254 | 
     | 3                                                  |              |           |       |         |          | 
     | u_cpu_u_alu_sub_16_33_Y_u_cpu_u_alu_add_15_33_g400 | A1 ^ -> Y v  | OAI21X1   | 0.134 |   4.309 |    4.387 | 
     | 0                                                  |              |           |       |         |          | 
     | u_cpu_u_alu_sub_16_33_Y_u_cpu_u_alu_add_15_33_g399 | A v -> Y ^   | INVX1     | 0.065 |   4.375 |    4.452 | 
     | 9                                                  |              |           |       |         |          | 
     | u_cpu_u_alu_sub_16_33_Y_u_cpu_u_alu_add_15_33_g399 | B ^ -> Y v   | NOR2X1    | 0.038 |   4.412 |    4.490 | 
     | 8                                                  |              |           |       |         |          | 
     | u_cpu_u_alu_sub_16_33_Y_u_cpu_u_alu_add_15_33_g399 | B v -> Y ^   | NOR2X1    | 0.105 |   4.518 |    4.595 | 
     | 6                                                  |              |           |       |         |          | 
     | u_cpu_u_alu_sub_16_33_Y_u_cpu_u_alu_add_15_33_g399 | B ^ -> Y v   | NOR2X1    | 0.097 |   4.615 |    4.693 | 
     | 5                                                  |              |           |       |         |          | 
     | u_cpu_u_alu_sub_16_33_Y_u_cpu_u_alu_add_15_33_g399 | B v -> Y ^   | NAND2X1   | 0.046 |   4.661 |    4.739 | 
     | 1                                                  |              |           |       |         |          | 
     | u_cpu_u_alu_sub_16_33_Y_u_cpu_u_alu_add_15_33_g398 | B ^ -> Y v   | NAND2X1   | 0.129 |   4.790 |    4.867 | 
     | 9                                                  |              |           |       |         |          | 
     | u_cpu_u_alu_sub_16_33_Y_u_cpu_u_alu_add_15_33_g398 | B v -> Y ^   | NAND2X1   | 0.110 |   4.899 |    4.977 | 
     | 2                                                  |              |           |       |         |          | 
     | u_cpu_u_alu_sub_16_33_Y_u_cpu_u_alu_add_15_33_g397 | A1 ^ -> Y v  | OAI21X1   | 0.184 |   5.083 |    5.161 | 
     | 6                                                  |              |           |       |         |          | 
     | u_cpu_u_alu_sub_16_33_Y_u_cpu_u_alu_add_15_33_g396 | A1 v -> Y ^  | AOI21X1   | 0.148 |   5.232 |    5.309 | 
     | 5                                                  |              |           |       |         |          | 
     | u_cpu_u_alu_sub_16_33_Y_u_cpu_u_alu_add_15_33_g430 | B ^ -> Y v   | XNOR2X1   | 0.161 |   5.393 |    5.470 | 
     | 5                                                  |              |           |       |         |          | 
     | g655399                                            | B v -> Y ^   | NAND2X1   | 0.049 |   5.441 |    5.519 | 
     | g655033                                            | C ^ -> Y v   | NAND3X2   | 0.181 |   5.623 |    5.700 | 
     | g165580                                            | A v -> Y ^   | NOR2X1    | 0.129 |   5.752 |    5.830 | 
     | g165576                                            | B ^ -> Y v   | NAND2X1   | 0.128 |   5.880 |    5.957 | 
     | g165574                                            | B v -> Y ^   | NOR2X1    | 0.089 |   5.968 |    6.046 | 
     | g165556                                            | B ^ -> Y v   | NAND2X1   | 0.061 |   6.029 |    6.107 | 
     | g165555                                            | B v -> Y ^   | NOR2X1    | 0.099 |   6.128 |    6.206 | 
     | g165554                                            | B0 ^ -> Y v  | AOI2BB1X1 | 0.100 |   6.228 |    6.305 | 
     | g165553                                            | B v -> Y ^   | NOR2X4    | 0.098 |   6.326 |    6.404 | 
     | g165550                                            | S0 ^ -> Y ^  | MX2X1     | 0.198 |   6.524 |    6.601 | 
     | g655045                                            | A1 ^ -> Y ^  | OA21X1    | 0.162 |   6.686 |    6.764 | 
     | u_cpu_add_167_30_Y_u_cpu_add_165_34_Y_u_cpu_add_16 | B ^ -> Y v   | NOR2X1    | 0.055 |   6.741 |    6.819 | 
     | 3_30_g913                                          |              |           |       |         |          | 
     | u_cpu_add_167_30_Y_u_cpu_add_165_34_Y_u_cpu_add_16 | B v -> Y ^   | NOR2X1    | 0.066 |   6.807 |    6.885 | 
     | 3_30_g911                                          |              |           |       |         |          | 
     | u_cpu_add_167_30_Y_u_cpu_add_165_34_Y_u_cpu_add_16 | B ^ -> Y v   | NOR2X2    | 0.055 |   6.862 |    6.940 | 
     | 3_30_g909                                          |              |           |       |         |          | 
     | u_cpu_add_167_30_Y_u_cpu_add_165_34_Y_u_cpu_add_16 | B0 v -> Y ^  | AOI2BB1X1 | 0.074 |   6.936 |    7.014 | 
     | 3_30_g907                                          |              |           |       |         |          | 
     | u_cpu_add_167_30_Y_u_cpu_add_165_34_Y_u_cpu_add_16 | B ^ -> Y v   | NOR2X2    | 0.062 |   6.998 |    7.076 | 
     | 3_30_g905                                          |              |           |       |         |          | 
     | u_cpu_add_167_30_Y_u_cpu_add_165_34_Y_u_cpu_add_16 | B0 v -> Y ^  | AOI2BB1X1 | 0.085 |   7.083 |    7.161 | 
     | 3_30_g903                                          |              |           |       |         |          | 
     | g655044                                            | B0 ^ -> Y v  | AOI21X2   | 0.064 |   7.147 |    7.225 | 
     | u_cpu_add_167_30_Y_u_cpu_add_165_34_Y_u_cpu_add_16 | B0 v -> Y ^  | AOI2BB1X1 | 0.081 |   7.227 |    7.305 | 
     | 3_30_g899                                          |              |           |       |         |          | 
     | u_cpu_add_167_30_Y_u_cpu_add_165_34_Y_u_cpu_add_16 | B ^ -> Y v   | NOR2X1    | 0.067 |   7.294 |    7.372 | 
     | 3_30_g897                                          |              |           |       |         |          | 
     | g655043                                            | A1N v -> Y v | AOI2BB1X2 | 0.161 |   7.455 |    7.533 | 
     | u_cpu_add_167_30_Y_u_cpu_add_165_34_Y_u_cpu_add_16 | B0 v -> Y ^  | AOI2BB1X2 | 0.079 |   7.534 |    7.612 | 
     | 3_30_g891                                          |              |           |       |         |          | 
     | u_cpu_add_167_30_Y_u_cpu_add_165_34_Y_u_cpu_add_16 | B ^ -> Y v   | NOR2X4    | 0.051 |   7.585 |    7.663 | 
     | 3_30_g889                                          |              |           |       |         |          | 
     | u_cpu_add_167_30_Y_u_cpu_add_165_34_Y_u_cpu_add_16 | B v -> Y ^   | NOR2X2    | 0.057 |   7.643 |    7.720 | 
     | 3_30_g887                                          |              |           |       |         |          | 
     | u_cpu_add_167_30_Y_u_cpu_add_165_34_Y_u_cpu_add_16 | B ^ -> Y v   | NOR2X4    | 0.050 |   7.692 |    7.770 | 
     | 3_30_g885                                          |              |           |       |         |          | 
     | u_cpu_add_167_30_Y_u_cpu_add_165_34_Y_u_cpu_add_16 | B v -> Y ^   | NOR2X2    | 0.056 |   7.749 |    7.827 | 
     | 3_30_g883                                          |              |           |       |         |          | 
     | u_cpu_add_167_30_Y_u_cpu_add_165_34_Y_u_cpu_add_16 | B ^ -> Y v   | NOR2X4    | 0.049 |   7.798 |    7.875 | 
     | 3_30_g881                                          |              |           |       |         |          | 
     | u_cpu_add_167_30_Y_u_cpu_add_165_34_Y_u_cpu_add_16 | B0 v -> Y ^  | AOI2BB1X2 | 0.069 |   7.867 |    7.945 | 
     | 3_30_g879                                          |              |           |       |         |          | 
     | u_cpu_add_167_30_Y_u_cpu_add_165_34_Y_u_cpu_add_16 | B ^ -> Y v   | NOR2X4    | 0.055 |   7.921 |    7.999 | 
     | 3_30_g877                                          |              |           |       |         |          | 
     | u_cpu_add_167_30_Y_u_cpu_add_165_34_Y_u_cpu_add_16 | B0 v -> Y ^  | AOI2BB1X4 | 0.056 |   7.978 |    8.055 | 
     | 3_30_g875                                          |              |           |       |         |          | 
     | u_cpu_add_167_30_Y_u_cpu_add_165_34_Y_u_cpu_add_16 | B ^ -> Y v   | NOR2X4    | 0.050 |   8.027 |    8.105 | 
     | 3_30_g873                                          |              |           |       |         |          | 
     | u_cpu_add_167_30_Y_u_cpu_add_165_34_Y_u_cpu_add_16 | B v -> Y ^   | NOR2X4    | 0.049 |   8.076 |    8.154 | 
     | 3_30_g871                                          |              |           |       |         |          | 
     | u_cpu_add_167_30_Y_u_cpu_add_165_34_Y_u_cpu_add_16 | B ^ -> Y v   | NOR2X4    | 0.043 |   8.119 |    8.197 | 
     | 3_30_g869                                          |              |           |       |         |          | 
     | u_cpu_add_167_30_Y_u_cpu_add_165_34_Y_u_cpu_add_16 | B0 v -> Y ^  | AOI2BB1X4 | 0.057 |   8.176 |    8.253 | 
     | 3_30_g867                                          |              |           |       |         |          | 
     | u_cpu_add_167_30_Y_u_cpu_add_165_34_Y_u_cpu_add_16 | B ^ -> Y v   | NOR2X4    | 0.045 |   8.220 |    8.298 | 
     | 3_30_g865                                          |              |           |       |         |          | 
     | u_cpu_add_167_30_Y_u_cpu_add_165_34_Y_u_cpu_add_16 | B v -> Y ^   | NOR2X4    | 0.045 |   8.265 |    8.343 | 
     | 3_30_g863                                          |              |           |       |         |          | 
     | u_cpu_add_167_30_Y_u_cpu_add_165_34_Y_u_cpu_add_16 | B ^ -> Y v   | NOR2X4    | 0.038 |   8.304 |    8.382 | 
     | 3_30_g861                                          |              |           |       |         |          | 
     | u_cpu_add_167_30_Y_u_cpu_add_165_34_Y_u_cpu_add_16 | B0 v -> Y ^  | AOI2BB1X2 | 0.069 |   8.372 |    8.450 | 
     | 3_30_g859                                          |              |           |       |         |          | 
     | u_cpu_add_167_30_Y_u_cpu_add_165_34_Y_u_cpu_add_16 | B ^ -> Y v   | NOR2X4    | 0.055 |   8.428 |    8.505 | 
     | 3_30_g857                                          |              |           |       |         |          | 
     | u_cpu_add_167_30_Y_u_cpu_add_165_34_Y_u_cpu_add_16 | B0 v -> Y ^  | AOI2BB1X4 | 0.063 |   8.490 |    8.568 | 
     | 3_30_g855                                          |              |           |       |         |          | 
     | u_cpu_add_167_30_Y_u_cpu_add_165_34_Y_u_cpu_add_16 | B ^ -> Y v   | NOR2X6    | 0.047 |   8.537 |    8.615 | 
     | 3_30_g853                                          |              |           |       |         |          | 
     | u_cpu_add_167_30_Y_u_cpu_add_165_34_Y_u_cpu_add_16 | B v -> Y ^   | NOR2X4    | 0.044 |   8.581 |    8.659 | 
     | 3_30_g851                                          |              |           |       |         |          | 
     | u_cpu_add_167_30_Y_u_cpu_add_165_34_Y_u_cpu_add_16 | B ^ -> Y v   | NOR2X4    | 0.044 |   8.626 |    8.704 | 
     | 3_30_g849                                          |              |           |       |         |          | 
     | u_cpu_add_167_30_Y_u_cpu_add_165_34_Y_u_cpu_add_16 | B v -> Y ^   | NOR2X4    | 0.048 |   8.673 |    8.751 | 
     | 3_30_g848                                          |              |           |       |         |          | 
     | u_cpu_add_167_30_Y_u_cpu_add_165_34_Y_u_cpu_add_16 | B ^ -> Y v   | NOR2X4    | 0.044 |   8.717 |    8.795 | 
     | 3_30_g846                                          |              |           |       |         |          | 
     | u_cpu_add_167_30_Y_u_cpu_add_165_34_Y_u_cpu_add_16 | B0 v -> Y ^  | AOI2BB1X4 | 0.060 |   8.777 |    8.855 | 
     | 3_30_g845                                          |              |           |       |         |          | 
     | u_cpu_add_167_30_Y_u_cpu_add_165_34_Y_u_cpu_add_16 | B ^ -> Y v   | NOR2X4    | 0.047 |   8.825 |    8.902 | 
     | 3_30_g843                                          |              |           |       |         |          | 
     | g655480                                            | B0 v -> Y ^  | AOI2BB1X4 | 0.058 |   8.883 |    8.961 | 
     | u_cpu_add_167_30_Y_u_cpu_add_165_34_Y_u_cpu_add_16 | B ^ -> Y v   | NOR2X4    | 0.048 |   8.930 |    9.008 | 
     | 3_30_g840                                          |              |           |       |         |          | 
     | u_cpu_add_167_30_Y_u_cpu_add_165_34_Y_u_cpu_add_16 | B v -> Y ^   | NOR2X4    | 0.044 |   8.975 |    9.052 | 
     | 3_30_g839                                          |              |           |       |         |          | 
     | u_cpu_add_167_30_Y_u_cpu_add_165_34_Y_u_cpu_add_16 | B ^ -> Y v   | NOR2X4    | 0.042 |   9.017 |    9.094 | 
     | 3_30_g837                                          |              |           |       |         |          | 
     | u_cpu_add_167_30_Y_u_cpu_add_165_34_Y_u_cpu_add_16 | B0 v -> Y ^  | AOI2BB1X4 | 0.063 |   9.079 |    9.157 | 
     | 3_30_g836                                          |              |           |       |         |          | 
     | u_cpu_add_167_30_Y_u_cpu_add_165_34_Y_u_cpu_add_16 | B ^ -> Y v   | NOR2X6    | 0.048 |   9.127 |    9.205 | 
     | 3_30_g834                                          |              |           |       |         |          | 
     | u_cpu_add_167_30_Y_u_cpu_add_165_34_Y_u_cpu_add_16 | B0 v -> Y ^  | AOI2BB1X4 | 0.062 |   9.189 |    9.266 | 
     | 3_30_g833                                          |              |           |       |         |          | 
     | u_cpu_add_167_30_Y_u_cpu_add_165_34_Y_u_cpu_add_16 | B ^ -> Y v   | NOR2X6    | 0.049 |   9.238 |    9.316 | 
     | 3_30_g831                                          |              |           |       |         |          | 
     | u_cpu_add_167_30_Y_u_cpu_add_165_34_Y_u_cpu_add_16 | B v -> Y ^   | NOR2X4    | 0.046 |   9.284 |    9.362 | 
     | 3_30_g830                                          |              |           |       |         |          | 
     | u_cpu_add_167_30_Y_u_cpu_add_165_34_Y_u_cpu_add_16 | B ^ -> Y v   | NOR2X4    | 0.042 |   9.326 |    9.404 | 
     | 3_30_g828                                          |              |           |       |         |          | 
     | u_cpu_add_167_30_Y_u_cpu_add_165_34_Y_u_cpu_add_16 | B0 v -> Y ^  | AOI2BB1X4 | 0.060 |   9.386 |    9.464 | 
     | 3_30_g827                                          |              |           |       |         |          | 
     | u_cpu_add_167_30_Y_u_cpu_add_165_34_Y_u_cpu_add_16 | B ^ -> Y v   | NOR2X6    | 0.045 |   9.430 |    9.508 | 
     | 3_30_g825                                          |              |           |       |         |          | 
     | u_cpu_add_167_30_Y_u_cpu_add_165_34_Y_u_cpu_add_16 | B v -> Y ^   | NOR2X4    | 0.050 |   9.480 |    9.558 | 
     | 3_30_g824                                          |              |           |       |         |          | 
     | u_cpu_add_167_30_Y_u_cpu_add_165_34_Y_u_cpu_add_16 | B ^ -> Y v   | NOR2X6    | 0.044 |   9.525 |    9.602 | 
     | 3_30_g822                                          |              |           |       |         |          | 
     | u_cpu_add_167_30_Y_u_cpu_add_165_34_Y_u_cpu_add_16 | B0 v -> Y ^  | AOI2BB1X4 | 0.062 |   9.587 |    9.664 | 
     | 3_30_g821                                          |              |           |       |         |          | 
     | u_cpu_add_167_30_Y_u_cpu_add_165_34_Y_u_cpu_add_16 | B ^ -> Y v   | NOR2X6    | 0.046 |   9.632 |    9.710 | 
     | 3_30_g819                                          |              |           |       |         |          | 
     | u_cpu_add_167_30_Y_u_cpu_add_165_34_Y_u_cpu_add_16 | B v -> Y ^   | NOR2X4    | 0.043 |   9.676 |    9.754 | 
     | 3_30_g818                                          |              |           |       |         |          | 
     | u_cpu_add_167_30_Y_u_cpu_add_165_34_Y_u_cpu_add_16 | B ^ -> Y v   | NOR2X4    | 0.042 |   9.717 |    9.795 | 
     | 3_30_g816                                          |              |           |       |         |          | 
     | g655057                                            | B0 v -> Y ^  | AOI2BB1X4 | 0.066 |   9.784 |    9.861 | 
     | g655056                                            | A ^ -> Y v   | NOR2X6    | 0.053 |   9.837 |    9.914 | 
     | u_cpu_add_167_30_Y_u_cpu_add_165_34_Y_u_cpu_add_16 | B0 v -> Y ^  | AOI2BB1X4 | 0.057 |   9.894 |    9.971 | 
     | 3_30_g812                                          |              |           |       |         |          | 
     | u_cpu_add_167_30_Y_u_cpu_add_165_34_Y_u_cpu_add_16 | B ^ -> Y v   | NOR2X4    | 0.038 |   9.932 |   10.009 | 
     | 3_30_g810                                          |              |           |       |         |          | 
     | u_cpu_add_167_30_Y_u_cpu_add_165_34_Y_u_cpu_add_16 | B v -> Y ^   | CLKXOR2X1 | 0.132 |  10.063 |   10.141 | 
     | 3_30_g809                                          |              |           |       |         |          | 
     | g641353                                            | B ^ -> Y v   | NAND2X1   | 0.062 |  10.125 |   10.203 | 
     | g653712                                            | B v -> Y ^   | NAND2X1   | 0.052 |  10.177 |   10.255 | 
     | u_cpu_pc_reg[31]                                   | D ^          | DFFRHQX1  | 0.000 |  10.177 |   10.255 | 
     +------------------------------------------------------------------------------------------------------------+ 
Path 11: MET Setup Check with Pin u_cpu_pc_reg[31]/CK 
Endpoint:   u_cpu_pc_reg[31]/D (^) checked with  leading edge of 'clk'
Beginpoint: u_cpu_ir_reg[6]/Q  (^) triggered by  leading edge of 'clk'
Path Groups: {clk}
Analysis View: av_ss
Other End Arrival Time          0.515
- Setup                         0.060
+ Phase Shift                  10.000
- Uncertainty                   0.200
= Required Time                10.255
- Arrival Time                 10.175
= Slack Time                    0.080
     Clock Rise Edge                 0.000
     + Clock Network Latency (Prop)  0.514
     = Beginpoint Arrival Time       0.514
     +------------------------------------------------------------------------------------------------------------+ 
     |                      Instance                      |     Arc      |   Cell    | Delay | Arrival | Required | 
     |                                                    |              |           |       |  Time   |   Time   | 
     |----------------------------------------------------+--------------+-----------+-------+---------+----------| 
     | u_cpu_ir_reg[6]                                    | CK ^         |           |       |   0.514 |    0.594 | 
     | u_cpu_ir_reg[6]                                    | CK ^ -> Q ^  | SDFFRXL   | 0.545 |   1.060 |    1.139 | 
     | g655025                                            | A1N ^ -> Y ^ | AOI2BB1X1 | 0.254 |   1.313 |    1.393 | 
     | g160898                                            | B ^ -> Y v   | NOR2X1    | 0.077 |   1.390 |    1.470 | 
     | g160890                                            | A v -> Y ^   | NOR2X1    | 0.125 |   1.516 |    1.595 | 
     | FE_OFC2349_n_8446                                  | A ^ -> Y v   | CLKINVX4  | 0.165 |   1.681 |    1.760 | 
     | g655053                                            | A1N v -> Y v | OAI2BB1X1 | 0.263 |   1.944 |    2.023 | 
     | FE_OFC511_n_8980                                   | A v -> Y v   | BUFX8     | 0.268 |   2.212 |    2.291 | 
     | FE_OFC2432_n_8980                                  | A v -> Y ^   | INVX3     | 0.174 |   2.386 |    2.465 | 
     | u_cpu_u_alu_sub_16_33_Y_u_cpu_u_alu_add_15_33_g417 | A0 ^ -> Y v  | OAI22X1   | 0.158 |   2.544 |    2.623 | 
     | 0                                                  |              |           |       |         |          | 
     | u_cpu_u_alu_sub_16_33_Y_u_cpu_u_alu_add_15_33_g411 | B v -> Y ^   | NOR2X1    | 0.115 |   2.659 |    2.739 | 
     | 5                                                  |              |           |       |         |          | 
     | u_cpu_u_alu_sub_16_33_Y_u_cpu_u_alu_add_15_33_g404 | A1 ^ -> Y v  | OAI21X1   | 0.133 |   2.792 |    2.872 | 
     | 6                                                  |              |           |       |         |          | 
     | u_cpu_u_alu_sub_16_33_Y_u_cpu_u_alu_add_15_33_g403 | A1 v -> Y ^  | AOI21X1   | 0.129 |   2.921 |    3.001 | 
     | 9                                                  |              |           |       |         |          | 
     | u_cpu_u_alu_sub_16_33_Y_u_cpu_u_alu_add_15_33_g403 | B ^ -> Y v   | NOR2X1    | 0.069 |   2.991 |    3.070 | 
     | 4                                                  |              |           |       |         |          | 
     | u_cpu_u_alu_sub_16_33_Y_u_cpu_u_alu_add_15_33_g403 | B v -> Y ^   | NOR2X1    | 0.076 |   3.067 |    3.147 | 
     | 2                                                  |              |           |       |         |          | 
     | u_cpu_u_alu_sub_16_33_Y_u_cpu_u_alu_add_15_33_g403 | B ^ -> Y v   | NOR2X1    | 0.066 |   3.133 |    3.212 | 
     | 0                                                  |              |           |       |         |          | 
     | u_cpu_u_alu_sub_16_33_Y_u_cpu_u_alu_add_15_33_g402 | B v -> Y ^   | NOR2X1    | 0.063 |   3.196 |    3.275 | 
     | 8                                                  |              |           |       |         |          | 
     | u_cpu_u_alu_sub_16_33_Y_u_cpu_u_alu_add_15_33_g402 | B ^ -> Y v   | NOR2X1    | 0.058 |   3.254 |    3.333 | 
     | 6                                                  |              |           |       |         |          | 
     | u_cpu_u_alu_sub_16_33_Y_u_cpu_u_alu_add_15_33_g402 | B v -> Y ^   | NOR2X1    | 0.106 |   3.359 |    3.439 | 
     | 4                                                  |              |           |       |         |          | 
     | u_cpu_u_alu_sub_16_33_Y_u_cpu_u_alu_add_15_33_g402 | B ^ -> Y v   | NOR2X1    | 0.099 |   3.459 |    3.538 | 
     | 1                                                  |              |           |       |         |          | 
     | u_cpu_u_alu_sub_16_33_Y_u_cpu_u_alu_add_15_33_g401 | A1 v -> Y ^  | AOI21X1   | 0.108 |   3.567 |    3.646 | 
     | 5                                                  |              |           |       |         |          | 
     | u_cpu_u_alu_sub_16_33_Y_u_cpu_u_alu_add_15_33_g401 | A1 ^ -> Y v  | OAI21X1   | 0.135 |   3.702 |    3.782 | 
     | 1                                                  |              |           |       |         |          | 
     | g655048                                            | A1N v -> Y v | OAI2BB1X1 | 0.171 |   3.873 |    3.953 | 
     | u_cpu_u_alu_sub_16_33_Y_u_cpu_u_alu_add_15_33_g400 | A v -> Y ^   | INVX1     | 0.072 |   3.945 |    4.025 | 
     | 7                                                  |              |           |       |         |          | 
     | u_cpu_u_alu_sub_16_33_Y_u_cpu_u_alu_add_15_33_g400 | A1 ^ -> Y v  | OAI21X1   | 0.095 |   4.040 |    4.119 | 
     | 5                                                  |              |           |       |         |          | 
     | u_cpu_u_alu_sub_16_33_Y_u_cpu_u_alu_add_15_33_g400 | A1 v -> Y ^  | AOI21X1   | 0.136 |   4.176 |    4.255 | 
     | 3                                                  |              |           |       |         |          | 
     | u_cpu_u_alu_sub_16_33_Y_u_cpu_u_alu_add_15_33_g400 | A1 ^ -> Y v  | OAI21X1   | 0.134 |   4.309 |    4.389 | 
     | 0                                                  |              |           |       |         |          | 
     | u_cpu_u_alu_sub_16_33_Y_u_cpu_u_alu_add_15_33_g399 | A v -> Y ^   | INVX1     | 0.065 |   4.375 |    4.454 | 
     | 9                                                  |              |           |       |         |          | 
     | u_cpu_u_alu_sub_16_33_Y_u_cpu_u_alu_add_15_33_g399 | B ^ -> Y v   | NOR2X1    | 0.038 |   4.412 |    4.492 | 
     | 8                                                  |              |           |       |         |          | 
     | u_cpu_u_alu_sub_16_33_Y_u_cpu_u_alu_add_15_33_g399 | B v -> Y ^   | NOR2X1    | 0.105 |   4.518 |    4.597 | 
     | 6                                                  |              |           |       |         |          | 
     | u_cpu_u_alu_sub_16_33_Y_u_cpu_u_alu_add_15_33_g399 | B ^ -> Y v   | NOR2X1    | 0.097 |   4.615 |    4.695 | 
     | 5                                                  |              |           |       |         |          | 
     | u_cpu_u_alu_sub_16_33_Y_u_cpu_u_alu_add_15_33_g399 | B v -> Y ^   | NAND2X1   | 0.046 |   4.661 |    4.740 | 
     | 1                                                  |              |           |       |         |          | 
     | u_cpu_u_alu_sub_16_33_Y_u_cpu_u_alu_add_15_33_g398 | B ^ -> Y v   | NAND2X1   | 0.129 |   4.790 |    4.869 | 
     | 9                                                  |              |           |       |         |          | 
     | u_cpu_u_alu_sub_16_33_Y_u_cpu_u_alu_add_15_33_g398 | B v -> Y ^   | NAND2X1   | 0.110 |   4.899 |    4.979 | 
     | 2                                                  |              |           |       |         |          | 
     | u_cpu_u_alu_sub_16_33_Y_u_cpu_u_alu_add_15_33_g397 | A1 ^ -> Y v  | OAI21X1   | 0.184 |   5.083 |    5.163 | 
     | 6                                                  |              |           |       |         |          | 
     | u_cpu_u_alu_sub_16_33_Y_u_cpu_u_alu_add_15_33_g655 | A1 v -> Y ^  | AOI21X1   | 0.146 |   5.229 |    5.308 | 
     | 409                                                |              |           |       |         |          | 
     | u_cpu_u_alu_sub_16_33_Y_u_cpu_u_alu_add_15_33_g430 | B ^ -> Y v   | XNOR2X1   | 0.157 |   5.386 |    5.465 | 
     | 7                                                  |              |           |       |         |          | 
     | g165624                                            | A1 v -> Y ^  | AOI21X1   | 0.198 |   5.583 |    5.663 | 
     | g655026                                            | C ^ -> Y v   | NAND4BBX2 | 0.263 |   5.846 |    5.926 | 
     | g165557                                            | A v -> Y ^   | NOR2X1    | 0.130 |   5.977 |    6.056 | 
     | g165556                                            | A ^ -> Y v   | NAND2X1   | 0.073 |   6.050 |    6.129 | 
     | g165555                                            | B v -> Y ^   | NOR2X1    | 0.099 |   6.149 |    6.228 | 
     | g165554                                            | B0 ^ -> Y v  | AOI2BB1X1 | 0.100 |   6.248 |    6.328 | 
     | g165553                                            | B v -> Y ^   | NOR2X4    | 0.098 |   6.347 |    6.426 | 
     | g165550                                            | S0 ^ -> Y ^  | MX2X1     | 0.198 |   6.544 |    6.624 | 
     | u_cpu_add_167_30_Y_u_cpu_add_165_34_Y_u_cpu_add_16 | B ^ -> Y ^   | AND2X1    | 0.140 |   6.685 |    6.764 | 
     | 3_30_g975                                          |              |           |       |         |          | 
     | u_cpu_add_167_30_Y_u_cpu_add_165_34_Y_u_cpu_add_16 | A ^ -> Y v   | NOR2X1    | 0.055 |   6.739 |    6.819 | 
     | 3_30_g913                                          |              |           |       |         |          | 
     | u_cpu_add_167_30_Y_u_cpu_add_165_34_Y_u_cpu_add_16 | B v -> Y ^   | NOR2X1    | 0.066 |   6.806 |    6.885 | 
     | 3_30_g911                                          |              |           |       |         |          | 
     | u_cpu_add_167_30_Y_u_cpu_add_165_34_Y_u_cpu_add_16 | B ^ -> Y v   | NOR2X2    | 0.055 |   6.860 |    6.940 | 
     | 3_30_g909                                          |              |           |       |         |          | 
     | u_cpu_add_167_30_Y_u_cpu_add_165_34_Y_u_cpu_add_16 | B0 v -> Y ^  | AOI2BB1X1 | 0.074 |   6.934 |    7.014 | 
     | 3_30_g907                                          |              |           |       |         |          | 
     | u_cpu_add_167_30_Y_u_cpu_add_165_34_Y_u_cpu_add_16 | B ^ -> Y v   | NOR2X2    | 0.062 |   6.996 |    7.076 | 
     | 3_30_g905                                          |              |           |       |         |          | 
     | u_cpu_add_167_30_Y_u_cpu_add_165_34_Y_u_cpu_add_16 | B0 v -> Y ^  | AOI2BB1X1 | 0.085 |   7.081 |    7.161 | 
     | 3_30_g903                                          |              |           |       |         |          | 
     | g655044                                            | B0 ^ -> Y v  | AOI21X2   | 0.064 |   7.145 |    7.225 | 
     | u_cpu_add_167_30_Y_u_cpu_add_165_34_Y_u_cpu_add_16 | B0 v -> Y ^  | AOI2BB1X1 | 0.081 |   7.226 |    7.305 | 
     | 3_30_g899                                          |              |           |       |         |          | 
     | u_cpu_add_167_30_Y_u_cpu_add_165_34_Y_u_cpu_add_16 | B ^ -> Y v   | NOR2X1    | 0.067 |   7.292 |    7.372 | 
     | 3_30_g897                                          |              |           |       |         |          | 
     | g655043                                            | A1N v -> Y v | AOI2BB1X2 | 0.161 |   7.453 |    7.533 | 
     | u_cpu_add_167_30_Y_u_cpu_add_165_34_Y_u_cpu_add_16 | B0 v -> Y ^  | AOI2BB1X2 | 0.079 |   7.532 |    7.612 | 
     | 3_30_g891                                          |              |           |       |         |          | 
     | u_cpu_add_167_30_Y_u_cpu_add_165_34_Y_u_cpu_add_16 | B ^ -> Y v   | NOR2X4    | 0.051 |   7.584 |    7.663 | 
     | 3_30_g889                                          |              |           |       |         |          | 
     | u_cpu_add_167_30_Y_u_cpu_add_165_34_Y_u_cpu_add_16 | B v -> Y ^   | NOR2X2    | 0.057 |   7.641 |    7.720 | 
     | 3_30_g887                                          |              |           |       |         |          | 
     | u_cpu_add_167_30_Y_u_cpu_add_165_34_Y_u_cpu_add_16 | B ^ -> Y v   | NOR2X4    | 0.050 |   7.691 |    7.770 | 
     | 3_30_g885                                          |              |           |       |         |          | 
     | u_cpu_add_167_30_Y_u_cpu_add_165_34_Y_u_cpu_add_16 | B v -> Y ^   | NOR2X2    | 0.056 |   7.747 |    7.827 | 
     | 3_30_g883                                          |              |           |       |         |          | 
     | u_cpu_add_167_30_Y_u_cpu_add_165_34_Y_u_cpu_add_16 | B ^ -> Y v   | NOR2X4    | 0.049 |   7.796 |    7.875 | 
     | 3_30_g881                                          |              |           |       |         |          | 
     | u_cpu_add_167_30_Y_u_cpu_add_165_34_Y_u_cpu_add_16 | B0 v -> Y ^  | AOI2BB1X2 | 0.069 |   7.865 |    7.945 | 
     | 3_30_g879                                          |              |           |       |         |          | 
     | u_cpu_add_167_30_Y_u_cpu_add_165_34_Y_u_cpu_add_16 | B ^ -> Y v   | NOR2X4    | 0.055 |   7.920 |    7.999 | 
     | 3_30_g877                                          |              |           |       |         |          | 
     | u_cpu_add_167_30_Y_u_cpu_add_165_34_Y_u_cpu_add_16 | B0 v -> Y ^  | AOI2BB1X4 | 0.056 |   7.976 |    8.055 | 
     | 3_30_g875                                          |              |           |       |         |          | 
     | u_cpu_add_167_30_Y_u_cpu_add_165_34_Y_u_cpu_add_16 | B ^ -> Y v   | NOR2X4    | 0.050 |   8.025 |    8.105 | 
     | 3_30_g873                                          |              |           |       |         |          | 
     | u_cpu_add_167_30_Y_u_cpu_add_165_34_Y_u_cpu_add_16 | B v -> Y ^   | NOR2X4    | 0.049 |   8.074 |    8.154 | 
     | 3_30_g871                                          |              |           |       |         |          | 
     | u_cpu_add_167_30_Y_u_cpu_add_165_34_Y_u_cpu_add_16 | B ^ -> Y v   | NOR2X4    | 0.043 |   8.117 |    8.197 | 
     | 3_30_g869                                          |              |           |       |         |          | 
     | u_cpu_add_167_30_Y_u_cpu_add_165_34_Y_u_cpu_add_16 | B0 v -> Y ^  | AOI2BB1X4 | 0.057 |   8.174 |    8.253 | 
     | 3_30_g867                                          |              |           |       |         |          | 
     | u_cpu_add_167_30_Y_u_cpu_add_165_34_Y_u_cpu_add_16 | B ^ -> Y v   | NOR2X4    | 0.045 |   8.218 |    8.298 | 
     | 3_30_g865                                          |              |           |       |         |          | 
     | u_cpu_add_167_30_Y_u_cpu_add_165_34_Y_u_cpu_add_16 | B v -> Y ^   | NOR2X4    | 0.045 |   8.264 |    8.343 | 
     | 3_30_g863                                          |              |           |       |         |          | 
     | u_cpu_add_167_30_Y_u_cpu_add_165_34_Y_u_cpu_add_16 | B ^ -> Y v   | NOR2X4    | 0.038 |   8.302 |    8.382 | 
     | 3_30_g861                                          |              |           |       |         |          | 
     | u_cpu_add_167_30_Y_u_cpu_add_165_34_Y_u_cpu_add_16 | B0 v -> Y ^  | AOI2BB1X2 | 0.069 |   8.371 |    8.450 | 
     | 3_30_g859                                          |              |           |       |         |          | 
     | u_cpu_add_167_30_Y_u_cpu_add_165_34_Y_u_cpu_add_16 | B ^ -> Y v   | NOR2X4    | 0.055 |   8.426 |    8.505 | 
     | 3_30_g857                                          |              |           |       |         |          | 
     | u_cpu_add_167_30_Y_u_cpu_add_165_34_Y_u_cpu_add_16 | B0 v -> Y ^  | AOI2BB1X4 | 0.063 |   8.489 |    8.568 | 
     | 3_30_g855                                          |              |           |       |         |          | 
     | u_cpu_add_167_30_Y_u_cpu_add_165_34_Y_u_cpu_add_16 | B ^ -> Y v   | NOR2X6    | 0.047 |   8.536 |    8.615 | 
     | 3_30_g853                                          |              |           |       |         |          | 
     | u_cpu_add_167_30_Y_u_cpu_add_165_34_Y_u_cpu_add_16 | B v -> Y ^   | NOR2X4    | 0.044 |   8.580 |    8.659 | 
     | 3_30_g851                                          |              |           |       |         |          | 
     | u_cpu_add_167_30_Y_u_cpu_add_165_34_Y_u_cpu_add_16 | B ^ -> Y v   | NOR2X4    | 0.044 |   8.624 |    8.704 | 
     | 3_30_g849                                          |              |           |       |         |          | 
     | u_cpu_add_167_30_Y_u_cpu_add_165_34_Y_u_cpu_add_16 | B v -> Y ^   | NOR2X4    | 0.048 |   8.671 |    8.751 | 
     | 3_30_g848                                          |              |           |       |         |          | 
     | u_cpu_add_167_30_Y_u_cpu_add_165_34_Y_u_cpu_add_16 | B ^ -> Y v   | NOR2X4    | 0.044 |   8.715 |    8.795 | 
     | 3_30_g846                                          |              |           |       |         |          | 
     | u_cpu_add_167_30_Y_u_cpu_add_165_34_Y_u_cpu_add_16 | B0 v -> Y ^  | AOI2BB1X4 | 0.060 |   8.775 |    8.855 | 
     | 3_30_g845                                          |              |           |       |         |          | 
     | u_cpu_add_167_30_Y_u_cpu_add_165_34_Y_u_cpu_add_16 | B ^ -> Y v   | NOR2X4    | 0.047 |   8.823 |    8.902 | 
     | 3_30_g843                                          |              |           |       |         |          | 
     | g655480                                            | B0 v -> Y ^  | AOI2BB1X4 | 0.058 |   8.881 |    8.961 | 
     | u_cpu_add_167_30_Y_u_cpu_add_165_34_Y_u_cpu_add_16 | B ^ -> Y v   | NOR2X4    | 0.048 |   8.929 |    9.008 | 
     | 3_30_g840                                          |              |           |       |         |          | 
     | u_cpu_add_167_30_Y_u_cpu_add_165_34_Y_u_cpu_add_16 | B v -> Y ^   | NOR2X4    | 0.044 |   8.973 |    9.052 | 
     | 3_30_g839                                          |              |           |       |         |          | 
     | u_cpu_add_167_30_Y_u_cpu_add_165_34_Y_u_cpu_add_16 | B ^ -> Y v   | NOR2X4    | 0.042 |   9.015 |    9.094 | 
     | 3_30_g837                                          |              |           |       |         |          | 
     | u_cpu_add_167_30_Y_u_cpu_add_165_34_Y_u_cpu_add_16 | B0 v -> Y ^  | AOI2BB1X4 | 0.063 |   9.077 |    9.157 | 
     | 3_30_g836                                          |              |           |       |         |          | 
     | u_cpu_add_167_30_Y_u_cpu_add_165_34_Y_u_cpu_add_16 | B ^ -> Y v   | NOR2X6    | 0.048 |   9.125 |    9.205 | 
     | 3_30_g834                                          |              |           |       |         |          | 
     | u_cpu_add_167_30_Y_u_cpu_add_165_34_Y_u_cpu_add_16 | B0 v -> Y ^  | AOI2BB1X4 | 0.062 |   9.187 |    9.266 | 
     | 3_30_g833                                          |              |           |       |         |          | 
     | u_cpu_add_167_30_Y_u_cpu_add_165_34_Y_u_cpu_add_16 | B ^ -> Y v   | NOR2X6    | 0.049 |   9.236 |    9.316 | 
     | 3_30_g831                                          |              |           |       |         |          | 
     | u_cpu_add_167_30_Y_u_cpu_add_165_34_Y_u_cpu_add_16 | B v -> Y ^   | NOR2X4    | 0.046 |   9.282 |    9.362 | 
     | 3_30_g830                                          |              |           |       |         |          | 
     | u_cpu_add_167_30_Y_u_cpu_add_165_34_Y_u_cpu_add_16 | B ^ -> Y v   | NOR2X4    | 0.042 |   9.324 |    9.404 | 
     | 3_30_g828                                          |              |           |       |         |          | 
     | u_cpu_add_167_30_Y_u_cpu_add_165_34_Y_u_cpu_add_16 | B0 v -> Y ^  | AOI2BB1X4 | 0.060 |   9.384 |    9.464 | 
     | 3_30_g827                                          |              |           |       |         |          | 
     | u_cpu_add_167_30_Y_u_cpu_add_165_34_Y_u_cpu_add_16 | B ^ -> Y v   | NOR2X6    | 0.045 |   9.429 |    9.508 | 
     | 3_30_g825                                          |              |           |       |         |          | 
     | u_cpu_add_167_30_Y_u_cpu_add_165_34_Y_u_cpu_add_16 | B v -> Y ^   | NOR2X4    | 0.050 |   9.478 |    9.558 | 
     | 3_30_g824                                          |              |           |       |         |          | 
     | u_cpu_add_167_30_Y_u_cpu_add_165_34_Y_u_cpu_add_16 | B ^ -> Y v   | NOR2X6    | 0.044 |   9.523 |    9.602 | 
     | 3_30_g822                                          |              |           |       |         |          | 
     | u_cpu_add_167_30_Y_u_cpu_add_165_34_Y_u_cpu_add_16 | B0 v -> Y ^  | AOI2BB1X4 | 0.062 |   9.585 |    9.664 | 
     | 3_30_g821                                          |              |           |       |         |          | 
     | u_cpu_add_167_30_Y_u_cpu_add_165_34_Y_u_cpu_add_16 | B ^ -> Y v   | NOR2X6    | 0.046 |   9.631 |    9.710 | 
     | 3_30_g819                                          |              |           |       |         |          | 
     | u_cpu_add_167_30_Y_u_cpu_add_165_34_Y_u_cpu_add_16 | B v -> Y ^   | NOR2X4    | 0.043 |   9.674 |    9.754 | 
     | 3_30_g818                                          |              |           |       |         |          | 
     | u_cpu_add_167_30_Y_u_cpu_add_165_34_Y_u_cpu_add_16 | B ^ -> Y v   | NOR2X4    | 0.042 |   9.716 |    9.795 | 
     | 3_30_g816                                          |              |           |       |         |          | 
     | g655057                                            | B0 v -> Y ^  | AOI2BB1X4 | 0.066 |   9.782 |    9.861 | 
     | g655056                                            | A ^ -> Y v   | NOR2X6    | 0.053 |   9.835 |    9.914 | 
     | u_cpu_add_167_30_Y_u_cpu_add_165_34_Y_u_cpu_add_16 | B0 v -> Y ^  | AOI2BB1X4 | 0.057 |   9.892 |    9.971 | 
     | 3_30_g812                                          |              |           |       |         |          | 
     | u_cpu_add_167_30_Y_u_cpu_add_165_34_Y_u_cpu_add_16 | B ^ -> Y v   | NOR2X4    | 0.038 |   9.930 |   10.009 | 
     | 3_30_g810                                          |              |           |       |         |          | 
     | u_cpu_add_167_30_Y_u_cpu_add_165_34_Y_u_cpu_add_16 | B v -> Y ^   | CLKXOR2X1 | 0.132 |  10.061 |   10.141 | 
     | 3_30_g809                                          |              |           |       |         |          | 
     | g641353                                            | B ^ -> Y v   | NAND2X1   | 0.062 |  10.123 |   10.203 | 
     | g653712                                            | B v -> Y ^   | NAND2X1   | 0.052 |  10.175 |   10.255 | 
     | u_cpu_pc_reg[31]                                   | D ^          | DFFRHQX1  | 0.000 |  10.175 |   10.255 | 
     +------------------------------------------------------------------------------------------------------------+ 
Path 12: MET Setup Check with Pin u_cpu_pc_reg[31]/CK 
Endpoint:   u_cpu_pc_reg[31]/D (^) checked with  leading edge of 'clk'
Beginpoint: u_cpu_ir_reg[6]/QN (^) triggered by  leading edge of 'clk'
Path Groups: {clk}
Analysis View: av_ss
Other End Arrival Time          0.515
- Setup                         0.060
+ Phase Shift                  10.000
- Uncertainty                   0.200
= Required Time                10.255
- Arrival Time                 10.168
= Slack Time                    0.087
     Clock Rise Edge                 0.000
     + Clock Network Latency (Prop)  0.514
     = Beginpoint Arrival Time       0.514
     +------------------------------------------------------------------------------------------------------------+ 
     |                      Instance                      |     Arc      |   Cell    | Delay | Arrival | Required | 
     |                                                    |              |           |       |  Time   |   Time   | 
     |----------------------------------------------------+--------------+-----------+-------+---------+----------| 
     | u_cpu_ir_reg[6]                                    | CK ^         |           |       |   0.514 |    0.602 | 
     | u_cpu_ir_reg[6]                                    | CK ^ -> QN ^ | SDFFRXL   | 0.464 |   0.979 |    1.066 | 
     | g160919                                            | B ^ -> Y ^   | AND2X1    | 0.200 |   1.179 |    1.266 | 
     | g655243                                            | B ^ -> Y v   | NAND2X1   | 0.154 |   1.333 |    1.421 | 
     | g160904                                            | B v -> Y v   | OR2X1     | 0.274 |   1.607 |    1.695 | 
     | g160896                                            | B v -> Y ^   | NOR2BX1   | 0.118 |   1.725 |    1.812 | 
     | g655055                                            | B0 ^ -> Y v  | AOI21X1   | 0.052 |   1.777 |    1.865 | 
     | g655054                                            | B0 v -> Y ^  | OAI2BB1X1 | 0.113 |   1.890 |    1.978 | 
     | FE_OFC512_n_8982                                   | A ^ -> Y ^   | CLKBUFX6  | 0.228 |   2.119 |    2.206 | 
     | FE_OFC1727_n_8982                                  | A ^ -> Y v   | INVX3     | 0.279 |   2.398 |    2.485 | 
     | g655049                                            | A0 v -> Y ^  | AOI22X1   | 0.200 |   2.598 |    2.685 | 
     | u_cpu_u_alu_sub_16_33_Y_u_cpu_u_alu_add_15_33_g404 | A0 ^ -> Y v  | OAI21X1   | 0.152 |   2.750 |    2.837 | 
     | 6                                                  |              |           |       |         |          | 
     | u_cpu_u_alu_sub_16_33_Y_u_cpu_u_alu_add_15_33_g403 | A1 v -> Y ^  | AOI21X1   | 0.129 |   2.879 |    2.967 | 
     | 9                                                  |              |           |       |         |          | 
     | u_cpu_u_alu_sub_16_33_Y_u_cpu_u_alu_add_15_33_g403 | B ^ -> Y v   | NOR2X1    | 0.069 |   2.949 |    3.036 | 
     | 4                                                  |              |           |       |         |          | 
     | u_cpu_u_alu_sub_16_33_Y_u_cpu_u_alu_add_15_33_g403 | B v -> Y ^   | NOR2X1    | 0.076 |   3.025 |    3.112 | 
     | 2                                                  |              |           |       |         |          | 
     | u_cpu_u_alu_sub_16_33_Y_u_cpu_u_alu_add_15_33_g403 | B ^ -> Y v   | NOR2X1    | 0.066 |   3.091 |    3.178 | 
     | 0                                                  |              |           |       |         |          | 
     | u_cpu_u_alu_sub_16_33_Y_u_cpu_u_alu_add_15_33_g402 | B v -> Y ^   | NOR2X1    | 0.063 |   3.154 |    3.241 | 
     | 8                                                  |              |           |       |         |          | 
     | u_cpu_u_alu_sub_16_33_Y_u_cpu_u_alu_add_15_33_g402 | B ^ -> Y v   | NOR2X1    | 0.058 |   3.212 |    3.299 | 
     | 6                                                  |              |           |       |         |          | 
     | u_cpu_u_alu_sub_16_33_Y_u_cpu_u_alu_add_15_33_g402 | B v -> Y ^   | NOR2X1    | 0.106 |   3.317 |    3.405 | 
     | 4                                                  |              |           |       |         |          | 
     | u_cpu_u_alu_sub_16_33_Y_u_cpu_u_alu_add_15_33_g402 | B ^ -> Y v   | NOR2X1    | 0.099 |   3.416 |    3.504 | 
     | 1                                                  |              |           |       |         |          | 
     | u_cpu_u_alu_sub_16_33_Y_u_cpu_u_alu_add_15_33_g401 | A1 v -> Y ^  | AOI21X1   | 0.108 |   3.525 |    3.612 | 
     | 5                                                  |              |           |       |         |          | 
     | u_cpu_u_alu_sub_16_33_Y_u_cpu_u_alu_add_15_33_g401 | A1 ^ -> Y v  | OAI21X1   | 0.135 |   3.660 |    3.747 | 
     | 1                                                  |              |           |       |         |          | 
     | g655048                                            | A1N v -> Y v | OAI2BB1X1 | 0.171 |   3.831 |    3.919 | 
     | u_cpu_u_alu_sub_16_33_Y_u_cpu_u_alu_add_15_33_g400 | A v -> Y ^   | INVX1     | 0.072 |   3.903 |    3.990 | 
     | 7                                                  |              |           |       |         |          | 
     | u_cpu_u_alu_sub_16_33_Y_u_cpu_u_alu_add_15_33_g400 | A1 ^ -> Y v  | OAI21X1   | 0.095 |   3.998 |    4.085 | 
     | 5                                                  |              |           |       |         |          | 
     | u_cpu_u_alu_sub_16_33_Y_u_cpu_u_alu_add_15_33_g400 | A1 v -> Y ^  | AOI21X1   | 0.136 |   4.134 |    4.221 | 
     | 3                                                  |              |           |       |         |          | 
     | u_cpu_u_alu_sub_16_33_Y_u_cpu_u_alu_add_15_33_g400 | A1 ^ -> Y v  | OAI21X1   | 0.134 |   4.267 |    4.355 | 
     | 0                                                  |              |           |       |         |          | 
     | u_cpu_u_alu_sub_16_33_Y_u_cpu_u_alu_add_15_33_g399 | A v -> Y ^   | INVX1     | 0.065 |   4.333 |    4.420 | 
     | 9                                                  |              |           |       |         |          | 
     | u_cpu_u_alu_sub_16_33_Y_u_cpu_u_alu_add_15_33_g399 | B ^ -> Y v   | NOR2X1    | 0.038 |   4.370 |    4.458 | 
     | 8                                                  |              |           |       |         |          | 
     | u_cpu_u_alu_sub_16_33_Y_u_cpu_u_alu_add_15_33_g399 | B v -> Y ^   | NOR2X1    | 0.105 |   4.475 |    4.563 | 
     | 6                                                  |              |           |       |         |          | 
     | u_cpu_u_alu_sub_16_33_Y_u_cpu_u_alu_add_15_33_g399 | B ^ -> Y v   | NOR2X1    | 0.097 |   4.573 |    4.660 | 
     | 5                                                  |              |           |       |         |          | 
     | u_cpu_u_alu_sub_16_33_Y_u_cpu_u_alu_add_15_33_g399 | B v -> Y ^   | NAND2X1   | 0.046 |   4.619 |    4.706 | 
     | 1                                                  |              |           |       |         |          | 
     | u_cpu_u_alu_sub_16_33_Y_u_cpu_u_alu_add_15_33_g398 | B ^ -> Y v   | NAND2X1   | 0.129 |   4.747 |    4.835 | 
     | 9                                                  |              |           |       |         |          | 
     | u_cpu_u_alu_sub_16_33_Y_u_cpu_u_alu_add_15_33_g398 | B v -> Y ^   | NAND2X1   | 0.110 |   4.857 |    4.945 | 
     | 2                                                  |              |           |       |         |          | 
     | u_cpu_u_alu_sub_16_33_Y_u_cpu_u_alu_add_15_33_g397 | A1 ^ -> Y v  | OAI21X1   | 0.184 |   5.041 |    5.128 | 
     | 6                                                  |              |           |       |         |          | 
     | u_cpu_u_alu_sub_16_33_Y_u_cpu_u_alu_add_15_33_g429 | B v -> Y v   | CLKXOR2X1 | 0.210 |   5.251 |    5.338 | 
     | 3                                                  |              |           |       |         |          | 
     | g655417                                            | B v -> Y ^   | NAND2X1   | 0.050 |   5.301 |    5.388 | 
     | g655035                                            | C ^ -> Y v   | NAND3X2   | 0.197 |   5.498 |    5.585 | 
     | g165559                                            | A v -> Y ^   | NOR2X1    | 0.151 |   5.648 |    5.736 | 
     | g655026                                            | D ^ -> Y v   | NAND4BBX2 | 0.168 |   5.816 |    5.903 | 
     | g165557                                            | A v -> Y ^   | NOR2X1    | 0.130 |   5.946 |    6.034 | 
     | g165556                                            | A ^ -> Y v   | NAND2X1   | 0.073 |   6.019 |    6.107 | 
     | g165555                                            | B v -> Y ^   | NOR2X1    | 0.099 |   6.118 |    6.206 | 
     | g165554                                            | B0 ^ -> Y v  | AOI2BB1X1 | 0.100 |   6.218 |    6.305 | 
     | g165553                                            | B v -> Y ^   | NOR2X4    | 0.098 |   6.316 |    6.404 | 
     | g165550                                            | S0 ^ -> Y ^  | MX2X1     | 0.198 |   6.514 |    6.601 | 
     | g655045                                            | A1 ^ -> Y ^  | OA21X1    | 0.162 |   6.676 |    6.764 | 
     | u_cpu_add_167_30_Y_u_cpu_add_165_34_Y_u_cpu_add_16 | B ^ -> Y v   | NOR2X1    | 0.055 |   6.732 |    6.819 | 
     | 3_30_g913                                          |              |           |       |         |          | 
     | u_cpu_add_167_30_Y_u_cpu_add_165_34_Y_u_cpu_add_16 | B v -> Y ^   | NOR2X1    | 0.066 |   6.798 |    6.885 | 
     | 3_30_g911                                          |              |           |       |         |          | 
     | u_cpu_add_167_30_Y_u_cpu_add_165_34_Y_u_cpu_add_16 | B ^ -> Y v   | NOR2X2    | 0.055 |   6.852 |    6.940 | 
     | 3_30_g909                                          |              |           |       |         |          | 
     | u_cpu_add_167_30_Y_u_cpu_add_165_34_Y_u_cpu_add_16 | B0 v -> Y ^  | AOI2BB1X1 | 0.074 |   6.927 |    7.014 | 
     | 3_30_g907                                          |              |           |       |         |          | 
     | u_cpu_add_167_30_Y_u_cpu_add_165_34_Y_u_cpu_add_16 | B ^ -> Y v   | NOR2X2    | 0.062 |   6.988 |    7.076 | 
     | 3_30_g905                                          |              |           |       |         |          | 
     | u_cpu_add_167_30_Y_u_cpu_add_165_34_Y_u_cpu_add_16 | B0 v -> Y ^  | AOI2BB1X1 | 0.085 |   7.073 |    7.161 | 
     | 3_30_g903                                          |              |           |       |         |          | 
     | g655044                                            | B0 ^ -> Y v  | AOI21X2   | 0.064 |   7.137 |    7.225 | 
     | u_cpu_add_167_30_Y_u_cpu_add_165_34_Y_u_cpu_add_16 | B0 v -> Y ^  | AOI2BB1X1 | 0.081 |   7.218 |    7.305 | 
     | 3_30_g899                                          |              |           |       |         |          | 
     | u_cpu_add_167_30_Y_u_cpu_add_165_34_Y_u_cpu_add_16 | B ^ -> Y v   | NOR2X1    | 0.067 |   7.284 |    7.372 | 
     | 3_30_g897                                          |              |           |       |         |          | 
     | g655043                                            | A1N v -> Y v | AOI2BB1X2 | 0.161 |   7.446 |    7.533 | 
     | u_cpu_add_167_30_Y_u_cpu_add_165_34_Y_u_cpu_add_16 | B0 v -> Y ^  | AOI2BB1X2 | 0.079 |   7.524 |    7.612 | 
     | 3_30_g891                                          |              |           |       |         |          | 
     | u_cpu_add_167_30_Y_u_cpu_add_165_34_Y_u_cpu_add_16 | B ^ -> Y v   | NOR2X4    | 0.051 |   7.576 |    7.663 | 
     | 3_30_g889                                          |              |           |       |         |          | 
     | u_cpu_add_167_30_Y_u_cpu_add_165_34_Y_u_cpu_add_16 | B v -> Y ^   | NOR2X2    | 0.057 |   7.633 |    7.720 | 
     | 3_30_g887                                          |              |           |       |         |          | 
     | u_cpu_add_167_30_Y_u_cpu_add_165_34_Y_u_cpu_add_16 | B ^ -> Y v   | NOR2X4    | 0.050 |   7.683 |    7.770 | 
     | 3_30_g885                                          |              |           |       |         |          | 
     | u_cpu_add_167_30_Y_u_cpu_add_165_34_Y_u_cpu_add_16 | B v -> Y ^   | NOR2X2    | 0.056 |   7.739 |    7.827 | 
     | 3_30_g883                                          |              |           |       |         |          | 
     | u_cpu_add_167_30_Y_u_cpu_add_165_34_Y_u_cpu_add_16 | B ^ -> Y v   | NOR2X4    | 0.049 |   7.788 |    7.875 | 
     | 3_30_g881                                          |              |           |       |         |          | 
     | u_cpu_add_167_30_Y_u_cpu_add_165_34_Y_u_cpu_add_16 | B0 v -> Y ^  | AOI2BB1X2 | 0.069 |   7.857 |    7.945 | 
     | 3_30_g879                                          |              |           |       |         |          | 
     | u_cpu_add_167_30_Y_u_cpu_add_165_34_Y_u_cpu_add_16 | B ^ -> Y v   | NOR2X4    | 0.055 |   7.912 |    7.999 | 
     | 3_30_g877                                          |              |           |       |         |          | 
     | u_cpu_add_167_30_Y_u_cpu_add_165_34_Y_u_cpu_add_16 | B0 v -> Y ^  | AOI2BB1X4 | 0.056 |   7.968 |    8.055 | 
     | 3_30_g875                                          |              |           |       |         |          | 
     | u_cpu_add_167_30_Y_u_cpu_add_165_34_Y_u_cpu_add_16 | B ^ -> Y v   | NOR2X4    | 0.050 |   8.017 |    8.105 | 
     | 3_30_g873                                          |              |           |       |         |          | 
     | u_cpu_add_167_30_Y_u_cpu_add_165_34_Y_u_cpu_add_16 | B v -> Y ^   | NOR2X4    | 0.049 |   8.066 |    8.154 | 
     | 3_30_g871                                          |              |           |       |         |          | 
     | u_cpu_add_167_30_Y_u_cpu_add_165_34_Y_u_cpu_add_16 | B ^ -> Y v   | NOR2X4    | 0.043 |   8.110 |    8.197 | 
     | 3_30_g869                                          |              |           |       |         |          | 
     | u_cpu_add_167_30_Y_u_cpu_add_165_34_Y_u_cpu_add_16 | B0 v -> Y ^  | AOI2BB1X4 | 0.057 |   8.166 |    8.253 | 
     | 3_30_g867                                          |              |           |       |         |          | 
     | u_cpu_add_167_30_Y_u_cpu_add_165_34_Y_u_cpu_add_16 | B ^ -> Y v   | NOR2X4    | 0.045 |   8.211 |    8.298 | 
     | 3_30_g865                                          |              |           |       |         |          | 
     | u_cpu_add_167_30_Y_u_cpu_add_165_34_Y_u_cpu_add_16 | B v -> Y ^   | NOR2X4    | 0.045 |   8.256 |    8.343 | 
     | 3_30_g863                                          |              |           |       |         |          | 
     | u_cpu_add_167_30_Y_u_cpu_add_165_34_Y_u_cpu_add_16 | B ^ -> Y v   | NOR2X4    | 0.038 |   8.294 |    8.382 | 
     | 3_30_g861                                          |              |           |       |         |          | 
     | u_cpu_add_167_30_Y_u_cpu_add_165_34_Y_u_cpu_add_16 | B0 v -> Y ^  | AOI2BB1X2 | 0.069 |   8.363 |    8.450 | 
     | 3_30_g859                                          |              |           |       |         |          | 
     | u_cpu_add_167_30_Y_u_cpu_add_165_34_Y_u_cpu_add_16 | B ^ -> Y v   | NOR2X4    | 0.055 |   8.418 |    8.505 | 
     | 3_30_g857                                          |              |           |       |         |          | 
     | u_cpu_add_167_30_Y_u_cpu_add_165_34_Y_u_cpu_add_16 | B0 v -> Y ^  | AOI2BB1X4 | 0.063 |   8.481 |    8.568 | 
     | 3_30_g855                                          |              |           |       |         |          | 
     | u_cpu_add_167_30_Y_u_cpu_add_165_34_Y_u_cpu_add_16 | B ^ -> Y v   | NOR2X6    | 0.047 |   8.528 |    8.615 | 
     | 3_30_g853                                          |              |           |       |         |          | 
     | u_cpu_add_167_30_Y_u_cpu_add_165_34_Y_u_cpu_add_16 | B v -> Y ^   | NOR2X4    | 0.044 |   8.572 |    8.659 | 
     | 3_30_g851                                          |              |           |       |         |          | 
     | u_cpu_add_167_30_Y_u_cpu_add_165_34_Y_u_cpu_add_16 | B ^ -> Y v   | NOR2X4    | 0.044 |   8.616 |    8.704 | 
     | 3_30_g849                                          |              |           |       |         |          | 
     | u_cpu_add_167_30_Y_u_cpu_add_165_34_Y_u_cpu_add_16 | B v -> Y ^   | NOR2X4    | 0.048 |   8.664 |    8.751 | 
     | 3_30_g848                                          |              |           |       |         |          | 
     | u_cpu_add_167_30_Y_u_cpu_add_165_34_Y_u_cpu_add_16 | B ^ -> Y v   | NOR2X4    | 0.044 |   8.707 |    8.795 | 
     | 3_30_g846                                          |              |           |       |         |          | 
     | u_cpu_add_167_30_Y_u_cpu_add_165_34_Y_u_cpu_add_16 | B0 v -> Y ^  | AOI2BB1X4 | 0.060 |   8.768 |    8.855 | 
     | 3_30_g845                                          |              |           |       |         |          | 
     | u_cpu_add_167_30_Y_u_cpu_add_165_34_Y_u_cpu_add_16 | B ^ -> Y v   | NOR2X4    | 0.047 |   8.815 |    8.902 | 
     | 3_30_g843                                          |              |           |       |         |          | 
     | g655480                                            | B0 v -> Y ^  | AOI2BB1X4 | 0.058 |   8.873 |    8.961 | 
     | u_cpu_add_167_30_Y_u_cpu_add_165_34_Y_u_cpu_add_16 | B ^ -> Y v   | NOR2X4    | 0.048 |   8.921 |    9.008 | 
     | 3_30_g840                                          |              |           |       |         |          | 
     | u_cpu_add_167_30_Y_u_cpu_add_165_34_Y_u_cpu_add_16 | B v -> Y ^   | NOR2X4    | 0.044 |   8.965 |    9.052 | 
     | 3_30_g839                                          |              |           |       |         |          | 
     | u_cpu_add_167_30_Y_u_cpu_add_165_34_Y_u_cpu_add_16 | B ^ -> Y v   | NOR2X4    | 0.042 |   9.007 |    9.094 | 
     | 3_30_g837                                          |              |           |       |         |          | 
     | u_cpu_add_167_30_Y_u_cpu_add_165_34_Y_u_cpu_add_16 | B0 v -> Y ^  | AOI2BB1X4 | 0.063 |   9.070 |    9.157 | 
     | 3_30_g836                                          |              |           |       |         |          | 
     | u_cpu_add_167_30_Y_u_cpu_add_165_34_Y_u_cpu_add_16 | B ^ -> Y v   | NOR2X6    | 0.048 |   9.117 |    9.205 | 
     | 3_30_g834                                          |              |           |       |         |          | 
     | u_cpu_add_167_30_Y_u_cpu_add_165_34_Y_u_cpu_add_16 | B0 v -> Y ^  | AOI2BB1X4 | 0.062 |   9.179 |    9.266 | 
     | 3_30_g833                                          |              |           |       |         |          | 
     | u_cpu_add_167_30_Y_u_cpu_add_165_34_Y_u_cpu_add_16 | B ^ -> Y v   | NOR2X6    | 0.049 |   9.228 |    9.316 | 
     | 3_30_g831                                          |              |           |       |         |          | 
     | u_cpu_add_167_30_Y_u_cpu_add_165_34_Y_u_cpu_add_16 | B v -> Y ^   | NOR2X4    | 0.046 |   9.274 |    9.362 | 
     | 3_30_g830                                          |              |           |       |         |          | 
     | u_cpu_add_167_30_Y_u_cpu_add_165_34_Y_u_cpu_add_16 | B ^ -> Y v   | NOR2X4    | 0.042 |   9.316 |    9.404 | 
     | 3_30_g828                                          |              |           |       |         |          | 
     | u_cpu_add_167_30_Y_u_cpu_add_165_34_Y_u_cpu_add_16 | B0 v -> Y ^  | AOI2BB1X4 | 0.060 |   9.376 |    9.464 | 
     | 3_30_g827                                          |              |           |       |         |          | 
     | u_cpu_add_167_30_Y_u_cpu_add_165_34_Y_u_cpu_add_16 | B ^ -> Y v   | NOR2X6    | 0.045 |   9.421 |    9.508 | 
     | 3_30_g825                                          |              |           |       |         |          | 
     | u_cpu_add_167_30_Y_u_cpu_add_165_34_Y_u_cpu_add_16 | B v -> Y ^   | NOR2X4    | 0.050 |   9.471 |    9.558 | 
     | 3_30_g824                                          |              |           |       |         |          | 
     | u_cpu_add_167_30_Y_u_cpu_add_165_34_Y_u_cpu_add_16 | B ^ -> Y v   | NOR2X6    | 0.044 |   9.515 |    9.602 | 
     | 3_30_g822                                          |              |           |       |         |          | 
     | u_cpu_add_167_30_Y_u_cpu_add_165_34_Y_u_cpu_add_16 | B0 v -> Y ^  | AOI2BB1X4 | 0.062 |   9.577 |    9.664 | 
     | 3_30_g821                                          |              |           |       |         |          | 
     | u_cpu_add_167_30_Y_u_cpu_add_165_34_Y_u_cpu_add_16 | B ^ -> Y v   | NOR2X6    | 0.046 |   9.623 |    9.710 | 
     | 3_30_g819                                          |              |           |       |         |          | 
     | u_cpu_add_167_30_Y_u_cpu_add_165_34_Y_u_cpu_add_16 | B v -> Y ^   | NOR2X4    | 0.043 |   9.666 |    9.754 | 
     | 3_30_g818                                          |              |           |       |         |          | 
     | u_cpu_add_167_30_Y_u_cpu_add_165_34_Y_u_cpu_add_16 | B ^ -> Y v   | NOR2X4    | 0.042 |   9.708 |    9.795 | 
     | 3_30_g816                                          |              |           |       |         |          | 
     | g655057                                            | B0 v -> Y ^  | AOI2BB1X4 | 0.066 |   9.774 |    9.861 | 
     | g655056                                            | A ^ -> Y v   | NOR2X6    | 0.053 |   9.827 |    9.914 | 
     | u_cpu_add_167_30_Y_u_cpu_add_165_34_Y_u_cpu_add_16 | B0 v -> Y ^  | AOI2BB1X4 | 0.057 |   9.884 |    9.971 | 
     | 3_30_g812                                          |              |           |       |         |          | 
     | u_cpu_add_167_30_Y_u_cpu_add_165_34_Y_u_cpu_add_16 | B ^ -> Y v   | NOR2X4    | 0.038 |   9.922 |   10.009 | 
     | 3_30_g810                                          |              |           |       |         |          | 
     | u_cpu_add_167_30_Y_u_cpu_add_165_34_Y_u_cpu_add_16 | B v -> Y ^   | CLKXOR2X1 | 0.132 |  10.054 |   10.141 | 
     | 3_30_g809                                          |              |           |       |         |          | 
     | g641353                                            | B ^ -> Y v   | NAND2X1   | 0.062 |  10.116 |   10.203 | 
     | g653712                                            | B v -> Y ^   | NAND2X1   | 0.052 |  10.168 |   10.255 | 
     | u_cpu_pc_reg[31]                                   | D ^          | DFFRHQX1  | 0.000 |  10.168 |   10.255 | 
     +------------------------------------------------------------------------------------------------------------+ 
Path 13: MET Setup Check with Pin u_cpu_pc_reg[30]/CK 
Endpoint:   u_cpu_pc_reg[30]/D (^) checked with  leading edge of 'clk'
Beginpoint: u_cpu_ir_reg[6]/Q  (^) triggered by  leading edge of 'clk'
Path Groups: {clk}
Analysis View: av_ss
Other End Arrival Time          0.515
- Setup                         0.061
+ Phase Shift                  10.000
- Uncertainty                   0.200
= Required Time                10.254
- Arrival Time                 10.166
= Slack Time                    0.088
     Clock Rise Edge                 0.000
     + Clock Network Latency (Prop)  0.514
     = Beginpoint Arrival Time       0.514
     +------------------------------------------------------------------------------------------------------------+ 
     |                      Instance                      |     Arc      |   Cell    | Delay | Arrival | Required | 
     |                                                    |              |           |       |  Time   |   Time   | 
     |----------------------------------------------------+--------------+-----------+-------+---------+----------| 
     | u_cpu_ir_reg[6]                                    | CK ^         |           |       |   0.514 |    0.602 | 
     | u_cpu_ir_reg[6]                                    | CK ^ -> Q ^  | SDFFRXL   | 0.545 |   1.060 |    1.148 | 
     | g655025                                            | A1N ^ -> Y ^ | AOI2BB1X1 | 0.254 |   1.313 |    1.402 | 
     | g160898                                            | B ^ -> Y v   | NOR2X1    | 0.077 |   1.390 |    1.478 | 
     | g160890                                            | A v -> Y ^   | NOR2X1    | 0.125 |   1.516 |    1.604 | 
     | FE_OFC2349_n_8446                                  | A ^ -> Y v   | CLKINVX4  | 0.165 |   1.681 |    1.769 | 
     | g655054                                            | A1N v -> Y v | OAI2BB1X1 | 0.279 |   1.960 |    2.048 | 
     | FE_OFC512_n_8982                                   | A v -> Y v   | CLKBUFX6  | 0.295 |   2.255 |    2.343 | 
     | FE_OFC1727_n_8982                                  | A v -> Y ^   | INVX3     | 0.271 |   2.526 |    2.614 | 
     | g655049                                            | A0 ^ -> Y v  | AOI22X1   | 0.205 |   2.731 |    2.819 | 
     | u_cpu_u_alu_sub_16_33_Y_u_cpu_u_alu_add_15_33_g404 | A0 v -> Y ^  | OAI21X1   | 0.139 |   2.870 |    2.958 | 
     | 6                                                  |              |           |       |         |          | 
     | u_cpu_u_alu_sub_16_33_Y_u_cpu_u_alu_add_15_33_g403 | A1 ^ -> Y v  | AOI21X1   | 0.136 |   3.006 |    3.094 | 
     | 9                                                  |              |           |       |         |          | 
     | u_cpu_u_alu_sub_16_33_Y_u_cpu_u_alu_add_15_33_g403 | B v -> Y ^   | NOR2X1    | 0.083 |   3.089 |    3.177 | 
     | 4                                                  |              |           |       |         |          | 
     | u_cpu_u_alu_sub_16_33_Y_u_cpu_u_alu_add_15_33_g403 | B ^ -> Y v   | NOR2X1    | 0.061 |   3.150 |    3.238 | 
     | 2                                                  |              |           |       |         |          | 
     | u_cpu_u_alu_sub_16_33_Y_u_cpu_u_alu_add_15_33_g403 | B v -> Y ^   | NOR2X1    | 0.056 |   3.205 |    3.293 | 
     | 0                                                  |              |           |       |         |          | 
     | u_cpu_u_alu_sub_16_33_Y_u_cpu_u_alu_add_15_33_g402 | B ^ -> Y v   | NOR2X1    | 0.053 |   3.258 |    3.346 | 
     | 8                                                  |              |           |       |         |          | 
     | u_cpu_u_alu_sub_16_33_Y_u_cpu_u_alu_add_15_33_g402 | B v -> Y ^   | NOR2X1    | 0.055 |   3.312 |    3.401 | 
     | 6                                                  |              |           |       |         |          | 
     | u_cpu_u_alu_sub_16_33_Y_u_cpu_u_alu_add_15_33_g402 | B ^ -> Y v   | NOR2X1    | 0.078 |   3.391 |    3.479 | 
     | 4                                                  |              |           |       |         |          | 
     | u_cpu_u_alu_sub_16_33_Y_u_cpu_u_alu_add_15_33_g402 | B v -> Y ^   | NOR2X1    | 0.091 |   3.481 |    3.569 | 
     | 1                                                  |              |           |       |         |          | 
     | u_cpu_u_alu_sub_16_33_Y_u_cpu_u_alu_add_15_33_g401 | A1 ^ -> Y v  | AOI21X1   | 0.131 |   3.612 |    3.700 | 
     | 5                                                  |              |           |       |         |          | 
     | u_cpu_u_alu_sub_16_33_Y_u_cpu_u_alu_add_15_33_g401 | A1 v -> Y ^  | OAI21X1   | 0.128 |   3.741 |    3.829 | 
     | 1                                                  |              |           |       |         |          | 
     | g655048                                            | A1N ^ -> Y ^ | OAI2BB1X1 | 0.173 |   3.914 |    4.002 | 
     | u_cpu_u_alu_sub_16_33_Y_u_cpu_u_alu_add_15_33_g400 | A ^ -> Y v   | INVX1     | 0.050 |   3.963 |    4.051 | 
     | 7                                                  |              |           |       |         |          | 
     | u_cpu_u_alu_sub_16_33_Y_u_cpu_u_alu_add_15_33_g400 | A1 v -> Y ^  | OAI21X1   | 0.082 |   4.045 |    4.133 | 
     | 5                                                  |              |           |       |         |          | 
     | u_cpu_u_alu_sub_16_33_Y_u_cpu_u_alu_add_15_33_g400 | A1 ^ -> Y v  | AOI21X1   | 0.144 |   4.189 |    4.277 | 
     | 3                                                  |              |           |       |         |          | 
     | u_cpu_u_alu_sub_16_33_Y_u_cpu_u_alu_add_15_33_g400 | A1 v -> Y ^  | OAI21X1   | 0.128 |   4.317 |    4.405 | 
     | 0                                                  |              |           |       |         |          | 
     | u_cpu_u_alu_sub_16_33_Y_u_cpu_u_alu_add_15_33_g399 | A ^ -> Y v   | INVX1     | 0.066 |   4.382 |    4.470 | 
     | 9                                                  |              |           |       |         |          | 
     | u_cpu_u_alu_sub_16_33_Y_u_cpu_u_alu_add_15_33_g399 | B v -> Y ^   | NOR2X1    | 0.054 |   4.436 |    4.524 | 
     | 8                                                  |              |           |       |         |          | 
     | u_cpu_u_alu_sub_16_33_Y_u_cpu_u_alu_add_15_33_g399 | B ^ -> Y v   | NOR2X1    | 0.081 |   4.518 |    4.606 | 
     | 6                                                  |              |           |       |         |          | 
     | u_cpu_u_alu_sub_16_33_Y_u_cpu_u_alu_add_15_33_g399 | B v -> Y ^   | NOR2X1    | 0.090 |   4.608 |    4.696 | 
     | 5                                                  |              |           |       |         |          | 
     | u_cpu_u_alu_sub_16_33_Y_u_cpu_u_alu_add_15_33_g399 | B ^ -> Y v   | NAND2X1   | 0.081 |   4.688 |    4.776 | 
     | 1                                                  |              |           |       |         |          | 
     | u_cpu_u_alu_sub_16_33_Y_u_cpu_u_alu_add_15_33_g398 | B v -> Y ^   | NAND2X1   | 0.079 |   4.767 |    4.855 | 
     | 9                                                  |              |           |       |         |          | 
     | u_cpu_u_alu_sub_16_33_Y_u_cpu_u_alu_add_15_33_g398 | B ^ -> Y v   | NAND2X1   | 0.102 |   4.869 |    4.957 | 
     | 2                                                  |              |           |       |         |          | 
     | u_cpu_u_alu_sub_16_33_Y_u_cpu_u_alu_add_15_33_g397 | A1 v -> Y ^  | OAI21X1   | 0.179 |   5.048 |    5.137 | 
     | 6                                                  |              |           |       |         |          | 
     | u_cpu_u_alu_sub_16_33_Y_u_cpu_u_alu_add_15_33_g429 | B ^ -> Y v   | CLKXOR2X1 | 0.245 |   5.294 |    5.382 | 
     | 3                                                  |              |           |       |         |          | 
     | g655417                                            | B v -> Y ^   | NAND2X1   | 0.050 |   5.344 |    5.432 | 
     | g655035                                            | C ^ -> Y v   | NAND3X2   | 0.197 |   5.541 |    5.629 | 
     | g165559                                            | A v -> Y ^   | NOR2X1    | 0.151 |   5.691 |    5.780 | 
     | g655026                                            | D ^ -> Y v   | NAND4BBX2 | 0.168 |   5.859 |    5.947 | 
     | g165557                                            | A v -> Y ^   | NOR2X1    | 0.130 |   5.989 |    6.077 | 
     | g165556                                            | A ^ -> Y v   | NAND2X1   | 0.073 |   6.062 |    6.150 | 
     | g165555                                            | B v -> Y ^   | NOR2X1    | 0.099 |   6.161 |    6.249 | 
     | g165554                                            | B0 ^ -> Y v  | AOI2BB1X1 | 0.100 |   6.261 |    6.349 | 
     | g165553                                            | B v -> Y ^   | NOR2X4    | 0.098 |   6.359 |    6.447 | 
     | g165550                                            | S0 ^ -> Y ^  | MX2X1     | 0.198 |   6.557 |    6.645 | 
     | g655045                                            | A1 ^ -> Y ^  | OA21X1    | 0.162 |   6.720 |    6.808 | 
     | u_cpu_add_167_30_Y_u_cpu_add_165_34_Y_u_cpu_add_16 | B ^ -> Y v   | NOR2X1    | 0.055 |   6.775 |    6.863 | 
     | 3_30_g913                                          |              |           |       |         |          | 
     | u_cpu_add_167_30_Y_u_cpu_add_165_34_Y_u_cpu_add_16 | B v -> Y ^   | NOR2X1    | 0.066 |   6.841 |    6.929 | 
     | 3_30_g911                                          |              |           |       |         |          | 
     | u_cpu_add_167_30_Y_u_cpu_add_165_34_Y_u_cpu_add_16 | B ^ -> Y v   | NOR2X2    | 0.055 |   6.895 |    6.984 | 
     | 3_30_g909                                          |              |           |       |         |          | 
     | u_cpu_add_167_30_Y_u_cpu_add_165_34_Y_u_cpu_add_16 | B0 v -> Y ^  | AOI2BB1X1 | 0.074 |   6.970 |    7.058 | 
     | 3_30_g907                                          |              |           |       |         |          | 
     | u_cpu_add_167_30_Y_u_cpu_add_165_34_Y_u_cpu_add_16 | B ^ -> Y v   | NOR2X2    | 0.062 |   7.031 |    7.119 | 
     | 3_30_g905                                          |              |           |       |         |          | 
     | u_cpu_add_167_30_Y_u_cpu_add_165_34_Y_u_cpu_add_16 | B0 v -> Y ^  | AOI2BB1X1 | 0.085 |   7.116 |    7.204 | 
     | 3_30_g903                                          |              |           |       |         |          | 
     | g655044                                            | B0 ^ -> Y v  | AOI21X2   | 0.064 |   7.180 |    7.269 | 
     | u_cpu_add_167_30_Y_u_cpu_add_165_34_Y_u_cpu_add_16 | B0 v -> Y ^  | AOI2BB1X1 | 0.081 |   7.261 |    7.349 | 
     | 3_30_g899                                          |              |           |       |         |          | 
     | u_cpu_add_167_30_Y_u_cpu_add_165_34_Y_u_cpu_add_16 | B ^ -> Y v   | NOR2X1    | 0.067 |   7.328 |    7.416 | 
     | 3_30_g897                                          |              |           |       |         |          | 
     | g655043                                            | A1N v -> Y v | AOI2BB1X2 | 0.161 |   7.489 |    7.577 | 
     | u_cpu_add_167_30_Y_u_cpu_add_165_34_Y_u_cpu_add_16 | B0 v -> Y ^  | AOI2BB1X2 | 0.079 |   7.568 |    7.656 | 
     | 3_30_g891                                          |              |           |       |         |          | 
     | u_cpu_add_167_30_Y_u_cpu_add_165_34_Y_u_cpu_add_16 | B ^ -> Y v   | NOR2X4    | 0.051 |   7.619 |    7.707 | 
     | 3_30_g889                                          |              |           |       |         |          | 
     | u_cpu_add_167_30_Y_u_cpu_add_165_34_Y_u_cpu_add_16 | B v -> Y ^   | NOR2X2    | 0.057 |   7.676 |    7.764 | 
     | 3_30_g887                                          |              |           |       |         |          | 
     | u_cpu_add_167_30_Y_u_cpu_add_165_34_Y_u_cpu_add_16 | B ^ -> Y v   | NOR2X4    | 0.050 |   7.726 |    7.814 | 
     | 3_30_g885                                          |              |           |       |         |          | 
     | u_cpu_add_167_30_Y_u_cpu_add_165_34_Y_u_cpu_add_16 | B v -> Y ^   | NOR2X2    | 0.056 |   7.782 |    7.870 | 
     | 3_30_g883                                          |              |           |       |         |          | 
     | u_cpu_add_167_30_Y_u_cpu_add_165_34_Y_u_cpu_add_16 | B ^ -> Y v   | NOR2X4    | 0.049 |   7.831 |    7.919 | 
     | 3_30_g881                                          |              |           |       |         |          | 
     | u_cpu_add_167_30_Y_u_cpu_add_165_34_Y_u_cpu_add_16 | B0 v -> Y ^  | AOI2BB1X2 | 0.069 |   7.900 |    7.988 | 
     | 3_30_g879                                          |              |           |       |         |          | 
     | u_cpu_add_167_30_Y_u_cpu_add_165_34_Y_u_cpu_add_16 | B ^ -> Y v   | NOR2X4    | 0.055 |   7.955 |    8.043 | 
     | 3_30_g877                                          |              |           |       |         |          | 
     | u_cpu_add_167_30_Y_u_cpu_add_165_34_Y_u_cpu_add_16 | B0 v -> Y ^  | AOI2BB1X4 | 0.056 |   8.011 |    8.099 | 
     | 3_30_g875                                          |              |           |       |         |          | 
     | u_cpu_add_167_30_Y_u_cpu_add_165_34_Y_u_cpu_add_16 | B ^ -> Y v   | NOR2X4    | 0.050 |   8.061 |    8.149 | 
     | 3_30_g873                                          |              |           |       |         |          | 
     | u_cpu_add_167_30_Y_u_cpu_add_165_34_Y_u_cpu_add_16 | B v -> Y ^   | NOR2X4    | 0.049 |   8.109 |    8.197 | 
     | 3_30_g871                                          |              |           |       |         |          | 
     | u_cpu_add_167_30_Y_u_cpu_add_165_34_Y_u_cpu_add_16 | B ^ -> Y v   | NOR2X4    | 0.043 |   8.153 |    8.241 | 
     | 3_30_g869                                          |              |           |       |         |          | 
     | u_cpu_add_167_30_Y_u_cpu_add_165_34_Y_u_cpu_add_16 | B0 v -> Y ^  | AOI2BB1X4 | 0.057 |   8.209 |    8.297 | 
     | 3_30_g867                                          |              |           |       |         |          | 
     | u_cpu_add_167_30_Y_u_cpu_add_165_34_Y_u_cpu_add_16 | B ^ -> Y v   | NOR2X4    | 0.045 |   8.254 |    8.342 | 
     | 3_30_g865                                          |              |           |       |         |          | 
     | u_cpu_add_167_30_Y_u_cpu_add_165_34_Y_u_cpu_add_16 | B v -> Y ^   | NOR2X4    | 0.045 |   8.299 |    8.387 | 
     | 3_30_g863                                          |              |           |       |         |          | 
     | u_cpu_add_167_30_Y_u_cpu_add_165_34_Y_u_cpu_add_16 | B ^ -> Y v   | NOR2X4    | 0.038 |   8.337 |    8.426 | 
     | 3_30_g861                                          |              |           |       |         |          | 
     | u_cpu_add_167_30_Y_u_cpu_add_165_34_Y_u_cpu_add_16 | B0 v -> Y ^  | AOI2BB1X2 | 0.069 |   8.406 |    8.494 | 
     | 3_30_g859                                          |              |           |       |         |          | 
     | u_cpu_add_167_30_Y_u_cpu_add_165_34_Y_u_cpu_add_16 | B ^ -> Y v   | NOR2X4    | 0.055 |   8.461 |    8.549 | 
     | 3_30_g857                                          |              |           |       |         |          | 
     | u_cpu_add_167_30_Y_u_cpu_add_165_34_Y_u_cpu_add_16 | B0 v -> Y ^  | AOI2BB1X4 | 0.063 |   8.524 |    8.612 | 
     | 3_30_g855                                          |              |           |       |         |          | 
     | u_cpu_add_167_30_Y_u_cpu_add_165_34_Y_u_cpu_add_16 | B ^ -> Y v   | NOR2X6    | 0.047 |   8.571 |    8.659 | 
     | 3_30_g853                                          |              |           |       |         |          | 
     | u_cpu_add_167_30_Y_u_cpu_add_165_34_Y_u_cpu_add_16 | B v -> Y ^   | NOR2X4    | 0.044 |   8.615 |    8.703 | 
     | 3_30_g851                                          |              |           |       |         |          | 
     | u_cpu_add_167_30_Y_u_cpu_add_165_34_Y_u_cpu_add_16 | B ^ -> Y v   | NOR2X4    | 0.044 |   8.659 |    8.747 | 
     | 3_30_g849                                          |              |           |       |         |          | 
     | u_cpu_add_167_30_Y_u_cpu_add_165_34_Y_u_cpu_add_16 | B v -> Y ^   | NOR2X4    | 0.048 |   8.707 |    8.795 | 
     | 3_30_g848                                          |              |           |       |         |          | 
     | u_cpu_add_167_30_Y_u_cpu_add_165_34_Y_u_cpu_add_16 | B ^ -> Y v   | NOR2X4    | 0.044 |   8.750 |    8.839 | 
     | 3_30_g846                                          |              |           |       |         |          | 
     | u_cpu_add_167_30_Y_u_cpu_add_165_34_Y_u_cpu_add_16 | B0 v -> Y ^  | AOI2BB1X4 | 0.060 |   8.811 |    8.899 | 
     | 3_30_g845                                          |              |           |       |         |          | 
     | u_cpu_add_167_30_Y_u_cpu_add_165_34_Y_u_cpu_add_16 | B ^ -> Y v   | NOR2X4    | 0.047 |   8.858 |    8.946 | 
     | 3_30_g843                                          |              |           |       |         |          | 
     | g655480                                            | B0 v -> Y ^  | AOI2BB1X4 | 0.058 |   8.916 |    9.004 | 
     | u_cpu_add_167_30_Y_u_cpu_add_165_34_Y_u_cpu_add_16 | B ^ -> Y v   | NOR2X4    | 0.048 |   8.964 |    9.052 | 
     | 3_30_g840                                          |              |           |       |         |          | 
     | u_cpu_add_167_30_Y_u_cpu_add_165_34_Y_u_cpu_add_16 | B v -> Y ^   | NOR2X4    | 0.044 |   9.008 |    9.096 | 
     | 3_30_g839                                          |              |           |       |         |          | 
     | u_cpu_add_167_30_Y_u_cpu_add_165_34_Y_u_cpu_add_16 | B ^ -> Y v   | NOR2X4    | 0.042 |   9.050 |    9.138 | 
     | 3_30_g837                                          |              |           |       |         |          | 
     | u_cpu_add_167_30_Y_u_cpu_add_165_34_Y_u_cpu_add_16 | B0 v -> Y ^  | AOI2BB1X4 | 0.063 |   9.113 |    9.201 | 
     | 3_30_g836                                          |              |           |       |         |          | 
     | u_cpu_add_167_30_Y_u_cpu_add_165_34_Y_u_cpu_add_16 | B ^ -> Y v   | NOR2X6    | 0.048 |   9.160 |    9.248 | 
     | 3_30_g834                                          |              |           |       |         |          | 
     | u_cpu_add_167_30_Y_u_cpu_add_165_34_Y_u_cpu_add_16 | B0 v -> Y ^  | AOI2BB1X4 | 0.062 |   9.222 |    9.310 | 
     | 3_30_g833                                          |              |           |       |         |          | 
     | u_cpu_add_167_30_Y_u_cpu_add_165_34_Y_u_cpu_add_16 | B ^ -> Y v   | NOR2X6    | 0.049 |   9.271 |    9.360 | 
     | 3_30_g831                                          |              |           |       |         |          | 
     | u_cpu_add_167_30_Y_u_cpu_add_165_34_Y_u_cpu_add_16 | B v -> Y ^   | NOR2X4    | 0.046 |   9.317 |    9.405 | 
     | 3_30_g830                                          |              |           |       |         |          | 
     | u_cpu_add_167_30_Y_u_cpu_add_165_34_Y_u_cpu_add_16 | B ^ -> Y v   | NOR2X4    | 0.042 |   9.359 |    9.447 | 
     | 3_30_g828                                          |              |           |       |         |          | 
     | u_cpu_add_167_30_Y_u_cpu_add_165_34_Y_u_cpu_add_16 | B0 v -> Y ^  | AOI2BB1X4 | 0.060 |   9.419 |    9.507 | 
     | 3_30_g827                                          |              |           |       |         |          | 
     | u_cpu_add_167_30_Y_u_cpu_add_165_34_Y_u_cpu_add_16 | B ^ -> Y v   | NOR2X6    | 0.045 |   9.464 |    9.552 | 
     | 3_30_g825                                          |              |           |       |         |          | 
     | u_cpu_add_167_30_Y_u_cpu_add_165_34_Y_u_cpu_add_16 | B v -> Y ^   | NOR2X4    | 0.050 |   9.514 |    9.602 | 
     | 3_30_g824                                          |              |           |       |         |          | 
     | u_cpu_add_167_30_Y_u_cpu_add_165_34_Y_u_cpu_add_16 | B ^ -> Y v   | NOR2X6    | 0.044 |   9.558 |    9.646 | 
     | 3_30_g822                                          |              |           |       |         |          | 
     | u_cpu_add_167_30_Y_u_cpu_add_165_34_Y_u_cpu_add_16 | B0 v -> Y ^  | AOI2BB1X4 | 0.062 |   9.620 |    9.708 | 
     | 3_30_g821                                          |              |           |       |         |          | 
     | u_cpu_add_167_30_Y_u_cpu_add_165_34_Y_u_cpu_add_16 | B ^ -> Y v   | NOR2X6    | 0.046 |   9.666 |    9.754 | 
     | 3_30_g819                                          |              |           |       |         |          | 
     | u_cpu_add_167_30_Y_u_cpu_add_165_34_Y_u_cpu_add_16 | B v -> Y ^   | NOR2X4    | 0.043 |   9.709 |    9.797 | 
     | 3_30_g818                                          |              |           |       |         |          | 
     | u_cpu_add_167_30_Y_u_cpu_add_165_34_Y_u_cpu_add_16 | B ^ -> Y v   | NOR2X4    | 0.042 |   9.751 |    9.839 | 
     | 3_30_g816                                          |              |           |       |         |          | 
     | g655057                                            | B0 v -> Y ^  | AOI2BB1X4 | 0.066 |   9.817 |    9.905 | 
     | g655056                                            | A ^ -> Y v   | NOR2X6    | 0.053 |   9.870 |    9.958 | 
     | u_cpu_add_167_30_Y_u_cpu_add_165_34_Y_u_cpu_add_16 | B v -> Y ^   | XNOR2X1   | 0.178 |  10.048 |   10.136 | 
     | 3_30_g1082                                         |              |           |       |         |          | 
     | g641352                                            | B ^ -> Y v   | NAND2X1   | 0.064 |  10.113 |   10.201 | 
     | g653710                                            | B v -> Y ^   | NAND2X1   | 0.054 |  10.166 |   10.254 | 
     | u_cpu_pc_reg[30]                                   | D ^          | DFFRHQX1  | 0.000 |  10.166 |   10.254 | 
     +------------------------------------------------------------------------------------------------------------+ 
Path 14: MET Setup Check with Pin u_cpu_pc_reg[30]/CK 
Endpoint:   u_cpu_pc_reg[30]/D (^) checked with  leading edge of 'clk'
Beginpoint: u_cpu_ir_reg[6]/Q  (^) triggered by  leading edge of 'clk'
Path Groups: {clk}
Analysis View: av_ss
Other End Arrival Time          0.515
- Setup                         0.061
+ Phase Shift                  10.000
- Uncertainty                   0.200
= Required Time                10.254
- Arrival Time                 10.165
= Slack Time                    0.089
     Clock Rise Edge                 0.000
     + Clock Network Latency (Prop)  0.514
     = Beginpoint Arrival Time       0.514
     +------------------------------------------------------------------------------------------------------------+ 
     |                      Instance                      |     Arc      |   Cell    | Delay | Arrival | Required | 
     |                                                    |              |           |       |  Time   |   Time   | 
     |----------------------------------------------------+--------------+-----------+-------+---------+----------| 
     | u_cpu_ir_reg[6]                                    | CK ^         |           |       |   0.514 |    0.603 | 
     | u_cpu_ir_reg[6]                                    | CK ^ -> Q ^  | SDFFRXL   | 0.545 |   1.060 |    1.149 | 
     | g655025                                            | A1N ^ -> Y ^ | AOI2BB1X1 | 0.254 |   1.313 |    1.403 | 
     | g160898                                            | B ^ -> Y v   | NOR2X1    | 0.077 |   1.390 |    1.479 | 
     | g160890                                            | A v -> Y ^   | NOR2X1    | 0.125 |   1.516 |    1.605 | 
     | FE_OFC2349_n_8446                                  | A ^ -> Y v   | CLKINVX4  | 0.165 |   1.681 |    1.770 | 
     | g655053                                            | A1N v -> Y v | OAI2BB1X1 | 0.263 |   1.944 |    2.033 | 
     | FE_OFC511_n_8980                                   | A v -> Y v   | BUFX8     | 0.268 |   2.212 |    2.301 | 
     | FE_OFC2432_n_8980                                  | A v -> Y ^   | INVX3     | 0.174 |   2.386 |    2.475 | 
     | u_cpu_u_alu_sub_16_33_Y_u_cpu_u_alu_add_15_33_g417 | A0 ^ -> Y v  | OAI22X1   | 0.158 |   2.544 |    2.633 | 
     | 0                                                  |              |           |       |         |          | 
     | u_cpu_u_alu_sub_16_33_Y_u_cpu_u_alu_add_15_33_g411 | B v -> Y ^   | NOR2X1    | 0.115 |   2.659 |    2.748 | 
     | 5                                                  |              |           |       |         |          | 
     | u_cpu_u_alu_sub_16_33_Y_u_cpu_u_alu_add_15_33_g404 | A1 ^ -> Y v  | OAI21X1   | 0.133 |   2.792 |    2.881 | 
     | 6                                                  |              |           |       |         |          | 
     | u_cpu_u_alu_sub_16_33_Y_u_cpu_u_alu_add_15_33_g403 | A1 v -> Y ^  | AOI21X1   | 0.129 |   2.921 |    3.010 | 
     | 9                                                  |              |           |       |         |          | 
     | u_cpu_u_alu_sub_16_33_Y_u_cpu_u_alu_add_15_33_g403 | B ^ -> Y v   | NOR2X1    | 0.069 |   2.991 |    3.080 | 
     | 4                                                  |              |           |       |         |          | 
     | u_cpu_u_alu_sub_16_33_Y_u_cpu_u_alu_add_15_33_g403 | B v -> Y ^   | NOR2X1    | 0.076 |   3.067 |    3.156 | 
     | 2                                                  |              |           |       |         |          | 
     | u_cpu_u_alu_sub_16_33_Y_u_cpu_u_alu_add_15_33_g403 | B ^ -> Y v   | NOR2X1    | 0.066 |   3.133 |    3.222 | 
     | 0                                                  |              |           |       |         |          | 
     | u_cpu_u_alu_sub_16_33_Y_u_cpu_u_alu_add_15_33_g402 | B v -> Y ^   | NOR2X1    | 0.063 |   3.196 |    3.285 | 
     | 8                                                  |              |           |       |         |          | 
     | u_cpu_u_alu_sub_16_33_Y_u_cpu_u_alu_add_15_33_g402 | B ^ -> Y v   | NOR2X1    | 0.058 |   3.254 |    3.343 | 
     | 6                                                  |              |           |       |         |          | 
     | u_cpu_u_alu_sub_16_33_Y_u_cpu_u_alu_add_15_33_g402 | B v -> Y ^   | NOR2X1    | 0.106 |   3.359 |    3.448 | 
     | 4                                                  |              |           |       |         |          | 
     | u_cpu_u_alu_sub_16_33_Y_u_cpu_u_alu_add_15_33_g402 | B ^ -> Y v   | NOR2X1    | 0.099 |   3.459 |    3.548 | 
     | 1                                                  |              |           |       |         |          | 
     | u_cpu_u_alu_sub_16_33_Y_u_cpu_u_alu_add_15_33_g401 | A1 v -> Y ^  | AOI21X1   | 0.108 |   3.567 |    3.656 | 
     | 5                                                  |              |           |       |         |          | 
     | u_cpu_u_alu_sub_16_33_Y_u_cpu_u_alu_add_15_33_g401 | A1 ^ -> Y v  | OAI21X1   | 0.135 |   3.702 |    3.791 | 
     | 1                                                  |              |           |       |         |          | 
     | g655048                                            | A1N v -> Y v | OAI2BB1X1 | 0.171 |   3.873 |    3.963 | 
     | u_cpu_u_alu_sub_16_33_Y_u_cpu_u_alu_add_15_33_g400 | A v -> Y ^   | INVX1     | 0.072 |   3.945 |    4.034 | 
     | 7                                                  |              |           |       |         |          | 
     | u_cpu_u_alu_sub_16_33_Y_u_cpu_u_alu_add_15_33_g400 | A1 ^ -> Y v  | OAI21X1   | 0.095 |   4.040 |    4.129 | 
     | 5                                                  |              |           |       |         |          | 
     | u_cpu_u_alu_sub_16_33_Y_u_cpu_u_alu_add_15_33_g400 | A1 v -> Y ^  | AOI21X1   | 0.136 |   4.176 |    4.265 | 
     | 3                                                  |              |           |       |         |          | 
     | u_cpu_u_alu_sub_16_33_Y_u_cpu_u_alu_add_15_33_g400 | A1 ^ -> Y v  | OAI21X1   | 0.134 |   4.309 |    4.399 | 
     | 0                                                  |              |           |       |         |          | 
     | u_cpu_u_alu_sub_16_33_Y_u_cpu_u_alu_add_15_33_g399 | A v -> Y ^   | INVX1     | 0.065 |   4.375 |    4.464 | 
     | 9                                                  |              |           |       |         |          | 
     | u_cpu_u_alu_sub_16_33_Y_u_cpu_u_alu_add_15_33_g399 | B ^ -> Y v   | NOR2X1    | 0.038 |   4.412 |    4.502 | 
     | 8                                                  |              |           |       |         |          | 
     | u_cpu_u_alu_sub_16_33_Y_u_cpu_u_alu_add_15_33_g399 | B v -> Y ^   | NOR2X1    | 0.105 |   4.518 |    4.607 | 
     | 6                                                  |              |           |       |         |          | 
     | u_cpu_u_alu_sub_16_33_Y_u_cpu_u_alu_add_15_33_g399 | B ^ -> Y v   | NOR2X1    | 0.097 |   4.615 |    4.704 | 
     | 5                                                  |              |           |       |         |          | 
     | u_cpu_u_alu_sub_16_33_Y_u_cpu_u_alu_add_15_33_g399 | B v -> Y ^   | NAND2X1   | 0.046 |   4.661 |    4.750 | 
     | 1                                                  |              |           |       |         |          | 
     | u_cpu_u_alu_sub_16_33_Y_u_cpu_u_alu_add_15_33_g398 | B ^ -> Y v   | NAND2X1   | 0.129 |   4.790 |    4.879 | 
     | 9                                                  |              |           |       |         |          | 
     | u_cpu_u_alu_sub_16_33_Y_u_cpu_u_alu_add_15_33_g398 | B v -> Y ^   | NAND2X1   | 0.110 |   4.899 |    4.989 | 
     | 2                                                  |              |           |       |         |          | 
     | u_cpu_u_alu_sub_16_33_Y_u_cpu_u_alu_add_15_33_g397 | A1 ^ -> Y v  | OAI21X1   | 0.184 |   5.083 |    5.172 | 
     | 6                                                  |              |           |       |         |          | 
     | u_cpu_u_alu_sub_16_33_Y_u_cpu_u_alu_add_15_33_g429 | B v -> Y v   | CLKXOR2X1 | 0.210 |   5.293 |    5.382 | 
     | 3                                                  |              |           |       |         |          | 
     | g655417                                            | B v -> Y ^   | NAND2X1   | 0.050 |   5.343 |    5.432 | 
     | g655035                                            | C ^ -> Y v   | NAND3X2   | 0.197 |   5.540 |    5.629 | 
     | g165559                                            | A v -> Y ^   | NOR2X1    | 0.151 |   5.690 |    5.780 | 
     | g655026                                            | D ^ -> Y v   | NAND4BBX2 | 0.168 |   5.858 |    5.947 | 
     | g165557                                            | A v -> Y ^   | NOR2X1    | 0.130 |   5.988 |    6.077 | 
     | g165556                                            | A ^ -> Y v   | NAND2X1   | 0.073 |   6.061 |    6.150 | 
     | g165555                                            | B v -> Y ^   | NOR2X1    | 0.099 |   6.160 |    6.249 | 
     | g165554                                            | B0 ^ -> Y v  | AOI2BB1X1 | 0.100 |   6.260 |    6.349 | 
     | g165553                                            | B v -> Y ^   | NOR2X4    | 0.098 |   6.358 |    6.447 | 
     | g165550                                            | S0 ^ -> Y ^  | MX2X1     | 0.198 |   6.556 |    6.645 | 
     | g655045                                            | A1 ^ -> Y ^  | OA21X1    | 0.162 |   6.719 |    6.808 | 
     | u_cpu_add_167_30_Y_u_cpu_add_165_34_Y_u_cpu_add_16 | B ^ -> Y v   | NOR2X1    | 0.055 |   6.774 |    6.863 | 
     | 3_30_g913                                          |              |           |       |         |          | 
     | u_cpu_add_167_30_Y_u_cpu_add_165_34_Y_u_cpu_add_16 | B v -> Y ^   | NOR2X1    | 0.066 |   6.840 |    6.929 | 
     | 3_30_g911                                          |              |           |       |         |          | 
     | u_cpu_add_167_30_Y_u_cpu_add_165_34_Y_u_cpu_add_16 | B ^ -> Y v   | NOR2X2    | 0.055 |   6.894 |    6.984 | 
     | 3_30_g909                                          |              |           |       |         |          | 
     | u_cpu_add_167_30_Y_u_cpu_add_165_34_Y_u_cpu_add_16 | B0 v -> Y ^  | AOI2BB1X1 | 0.074 |   6.969 |    7.058 | 
     | 3_30_g907                                          |              |           |       |         |          | 
     | u_cpu_add_167_30_Y_u_cpu_add_165_34_Y_u_cpu_add_16 | B ^ -> Y v   | NOR2X2    | 0.062 |   7.030 |    7.119 | 
     | 3_30_g905                                          |              |           |       |         |          | 
     | u_cpu_add_167_30_Y_u_cpu_add_165_34_Y_u_cpu_add_16 | B0 v -> Y ^  | AOI2BB1X1 | 0.085 |   7.115 |    7.204 | 
     | 3_30_g903                                          |              |           |       |         |          | 
     | g655044                                            | B0 ^ -> Y v  | AOI21X2   | 0.064 |   7.179 |    7.269 | 
     | u_cpu_add_167_30_Y_u_cpu_add_165_34_Y_u_cpu_add_16 | B0 v -> Y ^  | AOI2BB1X1 | 0.081 |   7.260 |    7.349 | 
     | 3_30_g899                                          |              |           |       |         |          | 
     | u_cpu_add_167_30_Y_u_cpu_add_165_34_Y_u_cpu_add_16 | B ^ -> Y v   | NOR2X1    | 0.067 |   7.327 |    7.416 | 
     | 3_30_g897                                          |              |           |       |         |          | 
     | g655043                                            | A1N v -> Y v | AOI2BB1X2 | 0.161 |   7.488 |    7.577 | 
     | u_cpu_add_167_30_Y_u_cpu_add_165_34_Y_u_cpu_add_16 | B0 v -> Y ^  | AOI2BB1X2 | 0.079 |   7.567 |    7.656 | 
     | 3_30_g891                                          |              |           |       |         |          | 
     | u_cpu_add_167_30_Y_u_cpu_add_165_34_Y_u_cpu_add_16 | B ^ -> Y v   | NOR2X4    | 0.051 |   7.618 |    7.707 | 
     | 3_30_g889                                          |              |           |       |         |          | 
     | u_cpu_add_167_30_Y_u_cpu_add_165_34_Y_u_cpu_add_16 | B v -> Y ^   | NOR2X2    | 0.057 |   7.675 |    7.764 | 
     | 3_30_g887                                          |              |           |       |         |          | 
     | u_cpu_add_167_30_Y_u_cpu_add_165_34_Y_u_cpu_add_16 | B ^ -> Y v   | NOR2X4    | 0.050 |   7.725 |    7.814 | 
     | 3_30_g885                                          |              |           |       |         |          | 
     | u_cpu_add_167_30_Y_u_cpu_add_165_34_Y_u_cpu_add_16 | B v -> Y ^   | NOR2X2    | 0.056 |   7.781 |    7.870 | 
     | 3_30_g883                                          |              |           |       |         |          | 
     | u_cpu_add_167_30_Y_u_cpu_add_165_34_Y_u_cpu_add_16 | B ^ -> Y v   | NOR2X4    | 0.049 |   7.830 |    7.919 | 
     | 3_30_g881                                          |              |           |       |         |          | 
     | u_cpu_add_167_30_Y_u_cpu_add_165_34_Y_u_cpu_add_16 | B0 v -> Y ^  | AOI2BB1X2 | 0.069 |   7.899 |    7.988 | 
     | 3_30_g879                                          |              |           |       |         |          | 
     | u_cpu_add_167_30_Y_u_cpu_add_165_34_Y_u_cpu_add_16 | B ^ -> Y v   | NOR2X4    | 0.055 |   7.954 |    8.043 | 
     | 3_30_g877                                          |              |           |       |         |          | 
     | u_cpu_add_167_30_Y_u_cpu_add_165_34_Y_u_cpu_add_16 | B0 v -> Y ^  | AOI2BB1X4 | 0.056 |   8.010 |    8.099 | 
     | 3_30_g875                                          |              |           |       |         |          | 
     | u_cpu_add_167_30_Y_u_cpu_add_165_34_Y_u_cpu_add_16 | B ^ -> Y v   | NOR2X4    | 0.050 |   8.060 |    8.149 | 
     | 3_30_g873                                          |              |           |       |         |          | 
     | u_cpu_add_167_30_Y_u_cpu_add_165_34_Y_u_cpu_add_16 | B v -> Y ^   | NOR2X4    | 0.049 |   8.108 |    8.197 | 
     | 3_30_g871                                          |              |           |       |         |          | 
     | u_cpu_add_167_30_Y_u_cpu_add_165_34_Y_u_cpu_add_16 | B ^ -> Y v   | NOR2X4    | 0.043 |   8.152 |    8.241 | 
     | 3_30_g869                                          |              |           |       |         |          | 
     | u_cpu_add_167_30_Y_u_cpu_add_165_34_Y_u_cpu_add_16 | B0 v -> Y ^  | AOI2BB1X4 | 0.057 |   8.208 |    8.297 | 
     | 3_30_g867                                          |              |           |       |         |          | 
     | u_cpu_add_167_30_Y_u_cpu_add_165_34_Y_u_cpu_add_16 | B ^ -> Y v   | NOR2X4    | 0.045 |   8.253 |    8.342 | 
     | 3_30_g865                                          |              |           |       |         |          | 
     | u_cpu_add_167_30_Y_u_cpu_add_165_34_Y_u_cpu_add_16 | B v -> Y ^   | NOR2X4    | 0.045 |   8.298 |    8.387 | 
     | 3_30_g863                                          |              |           |       |         |          | 
     | u_cpu_add_167_30_Y_u_cpu_add_165_34_Y_u_cpu_add_16 | B ^ -> Y v   | NOR2X4    | 0.038 |   8.336 |    8.426 | 
     | 3_30_g861                                          |              |           |       |         |          | 
     | u_cpu_add_167_30_Y_u_cpu_add_165_34_Y_u_cpu_add_16 | B0 v -> Y ^  | AOI2BB1X2 | 0.069 |   8.405 |    8.494 | 
     | 3_30_g859                                          |              |           |       |         |          | 
     | u_cpu_add_167_30_Y_u_cpu_add_165_34_Y_u_cpu_add_16 | B ^ -> Y v   | NOR2X4    | 0.055 |   8.460 |    8.549 | 
     | 3_30_g857                                          |              |           |       |         |          | 
     | u_cpu_add_167_30_Y_u_cpu_add_165_34_Y_u_cpu_add_16 | B0 v -> Y ^  | AOI2BB1X4 | 0.063 |   8.523 |    8.612 | 
     | 3_30_g855                                          |              |           |       |         |          | 
     | u_cpu_add_167_30_Y_u_cpu_add_165_34_Y_u_cpu_add_16 | B ^ -> Y v   | NOR2X6    | 0.047 |   8.570 |    8.659 | 
     | 3_30_g853                                          |              |           |       |         |          | 
     | u_cpu_add_167_30_Y_u_cpu_add_165_34_Y_u_cpu_add_16 | B v -> Y ^   | NOR2X4    | 0.044 |   8.614 |    8.703 | 
     | 3_30_g851                                          |              |           |       |         |          | 
     | u_cpu_add_167_30_Y_u_cpu_add_165_34_Y_u_cpu_add_16 | B ^ -> Y v   | NOR2X4    | 0.044 |   8.658 |    8.747 | 
     | 3_30_g849                                          |              |           |       |         |          | 
     | u_cpu_add_167_30_Y_u_cpu_add_165_34_Y_u_cpu_add_16 | B v -> Y ^   | NOR2X4    | 0.048 |   8.706 |    8.795 | 
     | 3_30_g848                                          |              |           |       |         |          | 
     | u_cpu_add_167_30_Y_u_cpu_add_165_34_Y_u_cpu_add_16 | B ^ -> Y v   | NOR2X4    | 0.044 |   8.749 |    8.839 | 
     | 3_30_g846                                          |              |           |       |         |          | 
     | u_cpu_add_167_30_Y_u_cpu_add_165_34_Y_u_cpu_add_16 | B0 v -> Y ^  | AOI2BB1X4 | 0.060 |   8.810 |    8.899 | 
     | 3_30_g845                                          |              |           |       |         |          | 
     | u_cpu_add_167_30_Y_u_cpu_add_165_34_Y_u_cpu_add_16 | B ^ -> Y v   | NOR2X4    | 0.047 |   8.857 |    8.946 | 
     | 3_30_g843                                          |              |           |       |         |          | 
     | g655480                                            | B0 v -> Y ^  | AOI2BB1X4 | 0.058 |   8.915 |    9.004 | 
     | u_cpu_add_167_30_Y_u_cpu_add_165_34_Y_u_cpu_add_16 | B ^ -> Y v   | NOR2X4    | 0.048 |   8.963 |    9.052 | 
     | 3_30_g840                                          |              |           |       |         |          | 
     | u_cpu_add_167_30_Y_u_cpu_add_165_34_Y_u_cpu_add_16 | B v -> Y ^   | NOR2X4    | 0.044 |   9.007 |    9.096 | 
     | 3_30_g839                                          |              |           |       |         |          | 
     | u_cpu_add_167_30_Y_u_cpu_add_165_34_Y_u_cpu_add_16 | B ^ -> Y v   | NOR2X4    | 0.042 |   9.049 |    9.138 | 
     | 3_30_g837                                          |              |           |       |         |          | 
     | u_cpu_add_167_30_Y_u_cpu_add_165_34_Y_u_cpu_add_16 | B0 v -> Y ^  | AOI2BB1X4 | 0.063 |   9.112 |    9.201 | 
     | 3_30_g836                                          |              |           |       |         |          | 
     | u_cpu_add_167_30_Y_u_cpu_add_165_34_Y_u_cpu_add_16 | B ^ -> Y v   | NOR2X6    | 0.048 |   9.159 |    9.248 | 
     | 3_30_g834                                          |              |           |       |         |          | 
     | u_cpu_add_167_30_Y_u_cpu_add_165_34_Y_u_cpu_add_16 | B0 v -> Y ^  | AOI2BB1X4 | 0.062 |   9.221 |    9.310 | 
     | 3_30_g833                                          |              |           |       |         |          | 
     | u_cpu_add_167_30_Y_u_cpu_add_165_34_Y_u_cpu_add_16 | B ^ -> Y v   | NOR2X6    | 0.049 |   9.270 |    9.360 | 
     | 3_30_g831                                          |              |           |       |         |          | 
     | u_cpu_add_167_30_Y_u_cpu_add_165_34_Y_u_cpu_add_16 | B v -> Y ^   | NOR2X4    | 0.046 |   9.316 |    9.405 | 
     | 3_30_g830                                          |              |           |       |         |          | 
     | u_cpu_add_167_30_Y_u_cpu_add_165_34_Y_u_cpu_add_16 | B ^ -> Y v   | NOR2X4    | 0.042 |   9.358 |    9.447 | 
     | 3_30_g828                                          |              |           |       |         |          | 
     | u_cpu_add_167_30_Y_u_cpu_add_165_34_Y_u_cpu_add_16 | B0 v -> Y ^  | AOI2BB1X4 | 0.060 |   9.418 |    9.507 | 
     | 3_30_g827                                          |              |           |       |         |          | 
     | u_cpu_add_167_30_Y_u_cpu_add_165_34_Y_u_cpu_add_16 | B ^ -> Y v   | NOR2X6    | 0.045 |   9.463 |    9.552 | 
     | 3_30_g825                                          |              |           |       |         |          | 
     | u_cpu_add_167_30_Y_u_cpu_add_165_34_Y_u_cpu_add_16 | B v -> Y ^   | NOR2X4    | 0.050 |   9.513 |    9.602 | 
     | 3_30_g824                                          |              |           |       |         |          | 
     | u_cpu_add_167_30_Y_u_cpu_add_165_34_Y_u_cpu_add_16 | B ^ -> Y v   | NOR2X6    | 0.044 |   9.557 |    9.646 | 
     | 3_30_g822                                          |              |           |       |         |          | 
     | u_cpu_add_167_30_Y_u_cpu_add_165_34_Y_u_cpu_add_16 | B0 v -> Y ^  | AOI2BB1X4 | 0.062 |   9.619 |    9.708 | 
     | 3_30_g821                                          |              |           |       |         |          | 
     | u_cpu_add_167_30_Y_u_cpu_add_165_34_Y_u_cpu_add_16 | B ^ -> Y v   | NOR2X6    | 0.046 |   9.665 |    9.754 | 
     | 3_30_g819                                          |              |           |       |         |          | 
     | u_cpu_add_167_30_Y_u_cpu_add_165_34_Y_u_cpu_add_16 | B v -> Y ^   | NOR2X4    | 0.043 |   9.708 |    9.797 | 
     | 3_30_g818                                          |              |           |       |         |          | 
     | u_cpu_add_167_30_Y_u_cpu_add_165_34_Y_u_cpu_add_16 | B ^ -> Y v   | NOR2X4    | 0.042 |   9.750 |    9.839 | 
     | 3_30_g816                                          |              |           |       |         |          | 
     | g655057                                            | B0 v -> Y ^  | AOI2BB1X4 | 0.066 |   9.816 |    9.905 | 
     | g655056                                            | A ^ -> Y v   | NOR2X6    | 0.053 |   9.869 |    9.958 | 
     | u_cpu_add_167_30_Y_u_cpu_add_165_34_Y_u_cpu_add_16 | B v -> Y ^   | XNOR2X1   | 0.178 |  10.047 |   10.136 | 
     | 3_30_g1082                                         |              |           |       |         |          | 
     | g641352                                            | B ^ -> Y v   | NAND2X1   | 0.064 |  10.112 |   10.201 | 
     | g653710                                            | B v -> Y ^   | NAND2X1   | 0.054 |  10.165 |   10.254 | 
     | u_cpu_pc_reg[30]                                   | D ^          | DFFRHQX1  | 0.000 |  10.165 |   10.254 | 
     +------------------------------------------------------------------------------------------------------------+ 
Path 15: MET Setup Check with Pin u_cpu_pc_reg[31]/CK 
Endpoint:   u_cpu_pc_reg[31]/D (^) checked with  leading edge of 'clk'
Beginpoint: u_cpu_ir_reg[6]/Q  (^) triggered by  leading edge of 'clk'
Path Groups: {clk}
Analysis View: av_ss
Other End Arrival Time          0.515
- Setup                         0.060
+ Phase Shift                  10.000
- Uncertainty                   0.200
= Required Time                10.255
- Arrival Time                 10.163
= Slack Time                    0.092
     Clock Rise Edge                 0.000
     + Clock Network Latency (Prop)  0.514
     = Beginpoint Arrival Time       0.514
     +------------------------------------------------------------------------------------------------------------+ 
     |                      Instance                      |     Arc      |   Cell    | Delay | Arrival | Required | 
     |                                                    |              |           |       |  Time   |   Time   | 
     |----------------------------------------------------+--------------+-----------+-------+---------+----------| 
     | u_cpu_ir_reg[6]                                    | CK ^         |           |       |   0.514 |    0.607 | 
     | u_cpu_ir_reg[6]                                    | CK ^ -> Q ^  | SDFFRXL   | 0.545 |   1.060 |    1.152 | 
     | g655025                                            | A1N ^ -> Y ^ | AOI2BB1X1 | 0.254 |   1.313 |    1.406 | 
     | g655023                                            | AN ^ -> Y ^  | NOR3BX2   | 0.298 |   1.612 |    1.704 | 
     | g655055                                            | A1 ^ -> Y v  | AOI21X1   | 0.161 |   1.772 |    1.865 | 
     | g655054                                            | B0 v -> Y ^  | OAI2BB1X1 | 0.113 |   1.885 |    1.978 | 
     | FE_OFC512_n_8982                                   | A ^ -> Y ^   | CLKBUFX6  | 0.228 |   2.114 |    2.206 | 
     | FE_OFC1727_n_8982                                  | A ^ -> Y v   | INVX3     | 0.279 |   2.393 |    2.485 | 
     | g655049                                            | A0 v -> Y ^  | AOI22X1   | 0.200 |   2.593 |    2.685 | 
     | u_cpu_u_alu_sub_16_33_Y_u_cpu_u_alu_add_15_33_g404 | A0 ^ -> Y v  | OAI21X1   | 0.152 |   2.745 |    2.837 | 
     | 6                                                  |              |           |       |         |          | 
     | u_cpu_u_alu_sub_16_33_Y_u_cpu_u_alu_add_15_33_g403 | A1 v -> Y ^  | AOI21X1   | 0.129 |   2.874 |    2.967 | 
     | 9                                                  |              |           |       |         |          | 
     | u_cpu_u_alu_sub_16_33_Y_u_cpu_u_alu_add_15_33_g403 | B ^ -> Y v   | NOR2X1    | 0.069 |   2.944 |    3.036 | 
     | 4                                                  |              |           |       |         |          | 
     | u_cpu_u_alu_sub_16_33_Y_u_cpu_u_alu_add_15_33_g403 | B v -> Y ^   | NOR2X1    | 0.076 |   3.020 |    3.112 | 
     | 2                                                  |              |           |       |         |          | 
     | u_cpu_u_alu_sub_16_33_Y_u_cpu_u_alu_add_15_33_g403 | B ^ -> Y v   | NOR2X1    | 0.066 |   3.086 |    3.178 | 
     | 0                                                  |              |           |       |         |          | 
     | u_cpu_u_alu_sub_16_33_Y_u_cpu_u_alu_add_15_33_g402 | B v -> Y ^   | NOR2X1    | 0.063 |   3.149 |    3.241 | 
     | 8                                                  |              |           |       |         |          | 
     | u_cpu_u_alu_sub_16_33_Y_u_cpu_u_alu_add_15_33_g402 | B ^ -> Y v   | NOR2X1    | 0.058 |   3.207 |    3.299 | 
     | 6                                                  |              |           |       |         |          | 
     | u_cpu_u_alu_sub_16_33_Y_u_cpu_u_alu_add_15_33_g402 | B v -> Y ^   | NOR2X1    | 0.106 |   3.312 |    3.405 | 
     | 4                                                  |              |           |       |         |          | 
     | u_cpu_u_alu_sub_16_33_Y_u_cpu_u_alu_add_15_33_g402 | B ^ -> Y v   | NOR2X1    | 0.099 |   3.412 |    3.504 | 
     | 1                                                  |              |           |       |         |          | 
     | u_cpu_u_alu_sub_16_33_Y_u_cpu_u_alu_add_15_33_g401 | A1 v -> Y ^  | AOI21X1   | 0.108 |   3.520 |    3.612 | 
     | 5                                                  |              |           |       |         |          | 
     | u_cpu_u_alu_sub_16_33_Y_u_cpu_u_alu_add_15_33_g401 | A1 ^ -> Y v  | OAI21X1   | 0.135 |   3.655 |    3.747 | 
     | 1                                                  |              |           |       |         |          | 
     | g655048                                            | A1N v -> Y v | OAI2BB1X1 | 0.171 |   3.826 |    3.919 | 
     | u_cpu_u_alu_sub_16_33_Y_u_cpu_u_alu_add_15_33_g400 | A v -> Y ^   | INVX1     | 0.072 |   3.898 |    3.990 | 
     | 7                                                  |              |           |       |         |          | 
     | u_cpu_u_alu_sub_16_33_Y_u_cpu_u_alu_add_15_33_g400 | A1 ^ -> Y v  | OAI21X1   | 0.095 |   3.993 |    4.085 | 
     | 5                                                  |              |           |       |         |          | 
     | u_cpu_u_alu_sub_16_33_Y_u_cpu_u_alu_add_15_33_g400 | A1 v -> Y ^  | AOI21X1   | 0.136 |   4.129 |    4.221 | 
     | 3                                                  |              |           |       |         |          | 
     | u_cpu_u_alu_sub_16_33_Y_u_cpu_u_alu_add_15_33_g400 | A1 ^ -> Y v  | OAI21X1   | 0.134 |   4.262 |    4.355 | 
     | 0                                                  |              |           |       |         |          | 
     | u_cpu_u_alu_sub_16_33_Y_u_cpu_u_alu_add_15_33_g399 | A v -> Y ^   | INVX1     | 0.065 |   4.328 |    4.420 | 
     | 9                                                  |              |           |       |         |          | 
     | u_cpu_u_alu_sub_16_33_Y_u_cpu_u_alu_add_15_33_g399 | B ^ -> Y v   | NOR2X1    | 0.038 |   4.365 |    4.458 | 
     | 8                                                  |              |           |       |         |          | 
     | u_cpu_u_alu_sub_16_33_Y_u_cpu_u_alu_add_15_33_g399 | B v -> Y ^   | NOR2X1    | 0.105 |   4.471 |    4.563 | 
     | 6                                                  |              |           |       |         |          | 
     | u_cpu_u_alu_sub_16_33_Y_u_cpu_u_alu_add_15_33_g399 | B ^ -> Y v   | NOR2X1    | 0.097 |   4.568 |    4.660 | 
     | 5                                                  |              |           |       |         |          | 
     | u_cpu_u_alu_sub_16_33_Y_u_cpu_u_alu_add_15_33_g399 | B v -> Y ^   | NAND2X1   | 0.046 |   4.614 |    4.706 | 
     | 1                                                  |              |           |       |         |          | 
     | u_cpu_u_alu_sub_16_33_Y_u_cpu_u_alu_add_15_33_g398 | B ^ -> Y v   | NAND2X1   | 0.129 |   4.743 |    4.835 | 
     | 9                                                  |              |           |       |         |          | 
     | u_cpu_u_alu_sub_16_33_Y_u_cpu_u_alu_add_15_33_g398 | B v -> Y ^   | NAND2X1   | 0.110 |   4.852 |    4.945 | 
     | 2                                                  |              |           |       |         |          | 
     | u_cpu_u_alu_sub_16_33_Y_u_cpu_u_alu_add_15_33_g397 | A1 ^ -> Y v  | OAI21X1   | 0.184 |   5.036 |    5.128 | 
     | 6                                                  |              |           |       |         |          | 
     | u_cpu_u_alu_sub_16_33_Y_u_cpu_u_alu_add_15_33_g429 | B v -> Y v   | CLKXOR2X1 | 0.210 |   5.246 |    5.338 | 
     | 3                                                  |              |           |       |         |          | 
     | g655417                                            | B v -> Y ^   | NAND2X1   | 0.050 |   5.296 |    5.388 | 
     | g655035                                            | C ^ -> Y v   | NAND3X2   | 0.197 |   5.493 |    5.585 | 
     | g165559                                            | A v -> Y ^   | NOR2X1    | 0.151 |   5.643 |    5.736 | 
     | g655026                                            | D ^ -> Y v   | NAND4BBX2 | 0.168 |   5.811 |    5.903 | 
     | g165557                                            | A v -> Y ^   | NOR2X1    | 0.130 |   5.941 |    6.034 | 
     | g165556                                            | A ^ -> Y v   | NAND2X1   | 0.073 |   6.014 |    6.107 | 
     | g165555                                            | B v -> Y ^   | NOR2X1    | 0.099 |   6.113 |    6.206 | 
     | g165554                                            | B0 ^ -> Y v  | AOI2BB1X1 | 0.100 |   6.213 |    6.305 | 
     | g165553                                            | B v -> Y ^   | NOR2X4    | 0.098 |   6.311 |    6.404 | 
     | g165550                                            | S0 ^ -> Y ^  | MX2X1     | 0.198 |   6.509 |    6.601 | 
     | g655045                                            | A1 ^ -> Y ^  | OA21X1    | 0.162 |   6.672 |    6.764 | 
     | u_cpu_add_167_30_Y_u_cpu_add_165_34_Y_u_cpu_add_16 | B ^ -> Y v   | NOR2X1    | 0.055 |   6.727 |    6.819 | 
     | 3_30_g913                                          |              |           |       |         |          | 
     | u_cpu_add_167_30_Y_u_cpu_add_165_34_Y_u_cpu_add_16 | B v -> Y ^   | NOR2X1    | 0.066 |   6.793 |    6.885 | 
     | 3_30_g911                                          |              |           |       |         |          | 
     | u_cpu_add_167_30_Y_u_cpu_add_165_34_Y_u_cpu_add_16 | B ^ -> Y v   | NOR2X2    | 0.055 |   6.847 |    6.940 | 
     | 3_30_g909                                          |              |           |       |         |          | 
     | u_cpu_add_167_30_Y_u_cpu_add_165_34_Y_u_cpu_add_16 | B0 v -> Y ^  | AOI2BB1X1 | 0.074 |   6.922 |    7.014 | 
     | 3_30_g907                                          |              |           |       |         |          | 
     | u_cpu_add_167_30_Y_u_cpu_add_165_34_Y_u_cpu_add_16 | B ^ -> Y v   | NOR2X2    | 0.062 |   6.983 |    7.076 | 
     | 3_30_g905                                          |              |           |       |         |          | 
     | u_cpu_add_167_30_Y_u_cpu_add_165_34_Y_u_cpu_add_16 | B0 v -> Y ^  | AOI2BB1X1 | 0.085 |   7.068 |    7.161 | 
     | 3_30_g903                                          |              |           |       |         |          | 
     | g655044                                            | B0 ^ -> Y v  | AOI21X2   | 0.064 |   7.132 |    7.225 | 
     | u_cpu_add_167_30_Y_u_cpu_add_165_34_Y_u_cpu_add_16 | B0 v -> Y ^  | AOI2BB1X1 | 0.081 |   7.213 |    7.305 | 
     | 3_30_g899                                          |              |           |       |         |          | 
     | u_cpu_add_167_30_Y_u_cpu_add_165_34_Y_u_cpu_add_16 | B ^ -> Y v   | NOR2X1    | 0.067 |   7.280 |    7.372 | 
     | 3_30_g897                                          |              |           |       |         |          | 
     | g655043                                            | A1N v -> Y v | AOI2BB1X2 | 0.161 |   7.441 |    7.533 | 
     | u_cpu_add_167_30_Y_u_cpu_add_165_34_Y_u_cpu_add_16 | B0 v -> Y ^  | AOI2BB1X2 | 0.079 |   7.520 |    7.612 | 
     | 3_30_g891                                          |              |           |       |         |          | 
     | u_cpu_add_167_30_Y_u_cpu_add_165_34_Y_u_cpu_add_16 | B ^ -> Y v   | NOR2X4    | 0.051 |   7.571 |    7.663 | 
     | 3_30_g889                                          |              |           |       |         |          | 
     | u_cpu_add_167_30_Y_u_cpu_add_165_34_Y_u_cpu_add_16 | B v -> Y ^   | NOR2X2    | 0.057 |   7.628 |    7.720 | 
     | 3_30_g887                                          |              |           |       |         |          | 
     | u_cpu_add_167_30_Y_u_cpu_add_165_34_Y_u_cpu_add_16 | B ^ -> Y v   | NOR2X4    | 0.050 |   7.678 |    7.770 | 
     | 3_30_g885                                          |              |           |       |         |          | 
     | u_cpu_add_167_30_Y_u_cpu_add_165_34_Y_u_cpu_add_16 | B v -> Y ^   | NOR2X2    | 0.056 |   7.734 |    7.827 | 
     | 3_30_g883                                          |              |           |       |         |          | 
     | u_cpu_add_167_30_Y_u_cpu_add_165_34_Y_u_cpu_add_16 | B ^ -> Y v   | NOR2X4    | 0.049 |   7.783 |    7.875 | 
     | 3_30_g881                                          |              |           |       |         |          | 
     | u_cpu_add_167_30_Y_u_cpu_add_165_34_Y_u_cpu_add_16 | B0 v -> Y ^  | AOI2BB1X2 | 0.069 |   7.852 |    7.945 | 
     | 3_30_g879                                          |              |           |       |         |          | 
     | u_cpu_add_167_30_Y_u_cpu_add_165_34_Y_u_cpu_add_16 | B ^ -> Y v   | NOR2X4    | 0.055 |   7.907 |    7.999 | 
     | 3_30_g877                                          |              |           |       |         |          | 
     | u_cpu_add_167_30_Y_u_cpu_add_165_34_Y_u_cpu_add_16 | B0 v -> Y ^  | AOI2BB1X4 | 0.056 |   7.963 |    8.055 | 
     | 3_30_g875                                          |              |           |       |         |          | 
     | u_cpu_add_167_30_Y_u_cpu_add_165_34_Y_u_cpu_add_16 | B ^ -> Y v   | NOR2X4    | 0.050 |   8.013 |    8.105 | 
     | 3_30_g873                                          |              |           |       |         |          | 
     | u_cpu_add_167_30_Y_u_cpu_add_165_34_Y_u_cpu_add_16 | B v -> Y ^   | NOR2X4    | 0.049 |   8.061 |    8.154 | 
     | 3_30_g871                                          |              |           |       |         |          | 
     | u_cpu_add_167_30_Y_u_cpu_add_165_34_Y_u_cpu_add_16 | B ^ -> Y v   | NOR2X4    | 0.043 |   8.105 |    8.197 | 
     | 3_30_g869                                          |              |           |       |         |          | 
     | u_cpu_add_167_30_Y_u_cpu_add_165_34_Y_u_cpu_add_16 | B0 v -> Y ^  | AOI2BB1X4 | 0.057 |   8.161 |    8.253 | 
     | 3_30_g867                                          |              |           |       |         |          | 
     | u_cpu_add_167_30_Y_u_cpu_add_165_34_Y_u_cpu_add_16 | B ^ -> Y v   | NOR2X4    | 0.045 |   8.206 |    8.298 | 
     | 3_30_g865                                          |              |           |       |         |          | 
     | u_cpu_add_167_30_Y_u_cpu_add_165_34_Y_u_cpu_add_16 | B v -> Y ^   | NOR2X4    | 0.045 |   8.251 |    8.343 | 
     | 3_30_g863                                          |              |           |       |         |          | 
     | u_cpu_add_167_30_Y_u_cpu_add_165_34_Y_u_cpu_add_16 | B ^ -> Y v   | NOR2X4    | 0.038 |   8.289 |    8.382 | 
     | 3_30_g861                                          |              |           |       |         |          | 
     | u_cpu_add_167_30_Y_u_cpu_add_165_34_Y_u_cpu_add_16 | B0 v -> Y ^  | AOI2BB1X2 | 0.069 |   8.358 |    8.450 | 
     | 3_30_g859                                          |              |           |       |         |          | 
     | u_cpu_add_167_30_Y_u_cpu_add_165_34_Y_u_cpu_add_16 | B ^ -> Y v   | NOR2X4    | 0.055 |   8.413 |    8.505 | 
     | 3_30_g857                                          |              |           |       |         |          | 
     | u_cpu_add_167_30_Y_u_cpu_add_165_34_Y_u_cpu_add_16 | B0 v -> Y ^  | AOI2BB1X4 | 0.063 |   8.476 |    8.568 | 
     | 3_30_g855                                          |              |           |       |         |          | 
     | u_cpu_add_167_30_Y_u_cpu_add_165_34_Y_u_cpu_add_16 | B ^ -> Y v   | NOR2X6    | 0.047 |   8.523 |    8.615 | 
     | 3_30_g853                                          |              |           |       |         |          | 
     | u_cpu_add_167_30_Y_u_cpu_add_165_34_Y_u_cpu_add_16 | B v -> Y ^   | NOR2X4    | 0.044 |   8.567 |    8.659 | 
     | 3_30_g851                                          |              |           |       |         |          | 
     | u_cpu_add_167_30_Y_u_cpu_add_165_34_Y_u_cpu_add_16 | B ^ -> Y v   | NOR2X4    | 0.044 |   8.611 |    8.704 | 
     | 3_30_g849                                          |              |           |       |         |          | 
     | u_cpu_add_167_30_Y_u_cpu_add_165_34_Y_u_cpu_add_16 | B v -> Y ^   | NOR2X4    | 0.048 |   8.659 |    8.751 | 
     | 3_30_g848                                          |              |           |       |         |          | 
     | u_cpu_add_167_30_Y_u_cpu_add_165_34_Y_u_cpu_add_16 | B ^ -> Y v   | NOR2X4    | 0.044 |   8.702 |    8.795 | 
     | 3_30_g846                                          |              |           |       |         |          | 
     | u_cpu_add_167_30_Y_u_cpu_add_165_34_Y_u_cpu_add_16 | B0 v -> Y ^  | AOI2BB1X4 | 0.060 |   8.763 |    8.855 | 
     | 3_30_g845                                          |              |           |       |         |          | 
     | u_cpu_add_167_30_Y_u_cpu_add_165_34_Y_u_cpu_add_16 | B ^ -> Y v   | NOR2X4    | 0.047 |   8.810 |    8.902 | 
     | 3_30_g843                                          |              |           |       |         |          | 
     | g655480                                            | B0 v -> Y ^  | AOI2BB1X4 | 0.058 |   8.868 |    8.961 | 
     | u_cpu_add_167_30_Y_u_cpu_add_165_34_Y_u_cpu_add_16 | B ^ -> Y v   | NOR2X4    | 0.048 |   8.916 |    9.008 | 
     | 3_30_g840                                          |              |           |       |         |          | 
     | u_cpu_add_167_30_Y_u_cpu_add_165_34_Y_u_cpu_add_16 | B v -> Y ^   | NOR2X4    | 0.044 |   8.960 |    9.052 | 
     | 3_30_g839                                          |              |           |       |         |          | 
     | u_cpu_add_167_30_Y_u_cpu_add_165_34_Y_u_cpu_add_16 | B ^ -> Y v   | NOR2X4    | 0.042 |   9.002 |    9.094 | 
     | 3_30_g837                                          |              |           |       |         |          | 
     | u_cpu_add_167_30_Y_u_cpu_add_165_34_Y_u_cpu_add_16 | B0 v -> Y ^  | AOI2BB1X4 | 0.063 |   9.065 |    9.157 | 
     | 3_30_g836                                          |              |           |       |         |          | 
     | u_cpu_add_167_30_Y_u_cpu_add_165_34_Y_u_cpu_add_16 | B ^ -> Y v   | NOR2X6    | 0.048 |   9.112 |    9.205 | 
     | 3_30_g834                                          |              |           |       |         |          | 
     | u_cpu_add_167_30_Y_u_cpu_add_165_34_Y_u_cpu_add_16 | B0 v -> Y ^  | AOI2BB1X4 | 0.062 |   9.174 |    9.266 | 
     | 3_30_g833                                          |              |           |       |         |          | 
     | u_cpu_add_167_30_Y_u_cpu_add_165_34_Y_u_cpu_add_16 | B ^ -> Y v   | NOR2X6    | 0.049 |   9.223 |    9.316 | 
     | 3_30_g831                                          |              |           |       |         |          | 
     | u_cpu_add_167_30_Y_u_cpu_add_165_34_Y_u_cpu_add_16 | B v -> Y ^   | NOR2X4    | 0.046 |   9.269 |    9.362 | 
     | 3_30_g830                                          |              |           |       |         |          | 
     | u_cpu_add_167_30_Y_u_cpu_add_165_34_Y_u_cpu_add_16 | B ^ -> Y v   | NOR2X4    | 0.042 |   9.311 |    9.404 | 
     | 3_30_g828                                          |              |           |       |         |          | 
     | u_cpu_add_167_30_Y_u_cpu_add_165_34_Y_u_cpu_add_16 | B0 v -> Y ^  | AOI2BB1X4 | 0.060 |   9.371 |    9.464 | 
     | 3_30_g827                                          |              |           |       |         |          | 
     | u_cpu_add_167_30_Y_u_cpu_add_165_34_Y_u_cpu_add_16 | B ^ -> Y v   | NOR2X6    | 0.045 |   9.416 |    9.508 | 
     | 3_30_g825                                          |              |           |       |         |          | 
     | u_cpu_add_167_30_Y_u_cpu_add_165_34_Y_u_cpu_add_16 | B v -> Y ^   | NOR2X4    | 0.050 |   9.466 |    9.558 | 
     | 3_30_g824                                          |              |           |       |         |          | 
     | u_cpu_add_167_30_Y_u_cpu_add_165_34_Y_u_cpu_add_16 | B ^ -> Y v   | NOR2X6    | 0.044 |   9.510 |    9.602 | 
     | 3_30_g822                                          |              |           |       |         |          | 
     | u_cpu_add_167_30_Y_u_cpu_add_165_34_Y_u_cpu_add_16 | B0 v -> Y ^  | AOI2BB1X4 | 0.062 |   9.572 |    9.664 | 
     | 3_30_g821                                          |              |           |       |         |          | 
     | u_cpu_add_167_30_Y_u_cpu_add_165_34_Y_u_cpu_add_16 | B ^ -> Y v   | NOR2X6    | 0.046 |   9.618 |    9.710 | 
     | 3_30_g819                                          |              |           |       |         |          | 
     | u_cpu_add_167_30_Y_u_cpu_add_165_34_Y_u_cpu_add_16 | B v -> Y ^   | NOR2X4    | 0.043 |   9.661 |    9.754 | 
     | 3_30_g818                                          |              |           |       |         |          | 
     | u_cpu_add_167_30_Y_u_cpu_add_165_34_Y_u_cpu_add_16 | B ^ -> Y v   | NOR2X4    | 0.042 |   9.703 |    9.795 | 
     | 3_30_g816                                          |              |           |       |         |          | 
     | g655057                                            | B0 v -> Y ^  | AOI2BB1X4 | 0.066 |   9.769 |    9.861 | 
     | g655056                                            | A ^ -> Y v   | NOR2X6    | 0.053 |   9.822 |    9.914 | 
     | u_cpu_add_167_30_Y_u_cpu_add_165_34_Y_u_cpu_add_16 | B0 v -> Y ^  | AOI2BB1X4 | 0.057 |   9.879 |    9.971 | 
     | 3_30_g812                                          |              |           |       |         |          | 
     | u_cpu_add_167_30_Y_u_cpu_add_165_34_Y_u_cpu_add_16 | B ^ -> Y v   | NOR2X4    | 0.038 |   9.917 |   10.009 | 
     | 3_30_g810                                          |              |           |       |         |          | 
     | u_cpu_add_167_30_Y_u_cpu_add_165_34_Y_u_cpu_add_16 | B v -> Y ^   | CLKXOR2X1 | 0.132 |  10.049 |   10.141 | 
     | 3_30_g809                                          |              |           |       |         |          | 
     | g641353                                            | B ^ -> Y v   | NAND2X1   | 0.062 |  10.111 |   10.203 | 
     | g653712                                            | B v -> Y ^   | NAND2X1   | 0.052 |  10.163 |   10.255 | 
     | u_cpu_pc_reg[31]                                   | D ^          | DFFRHQX1  | 0.000 |  10.163 |   10.255 | 
     +------------------------------------------------------------------------------------------------------------+ 
Path 16: MET Setup Check with Pin u_cpu_pc_reg[31]/CK 
Endpoint:   u_cpu_pc_reg[31]/D (^) checked with  leading edge of 'clk'
Beginpoint: u_cpu_ir_reg[0]/Q  (^) triggered by  leading edge of 'clk'
Path Groups: {clk}
Analysis View: av_ss
Other End Arrival Time          0.515
- Setup                         0.060
+ Phase Shift                  10.000
- Uncertainty                   0.200
= Required Time                10.255
- Arrival Time                 10.162
= Slack Time                    0.093
     Clock Rise Edge                 0.000
     + Clock Network Latency (Prop)  0.515
     = Beginpoint Arrival Time       0.515
     +------------------------------------------------------------------------------------------------------------+ 
     |                      Instance                      |     Arc      |   Cell    | Delay | Arrival | Required | 
     |                                                    |              |           |       |  Time   |   Time   | 
     |----------------------------------------------------+--------------+-----------+-------+---------+----------| 
     | u_cpu_ir_reg[0]                                    | CK ^         |           |       |   0.515 |    0.608 | 
     | u_cpu_ir_reg[0]                                    | CK ^ -> Q ^  | DFFRX1    | 0.454 |   0.969 |    1.062 | 
     | g655383                                            | A ^ -> Y v   | NAND2X1   | 0.146 |   1.116 |    1.209 | 
     | g160909                                            | B v -> Y ^   | NOR2X1    | 0.102 |   1.218 |    1.311 | 
     | g160892                                            | B0 ^ -> Y v  | OAI21X1   | 0.109 |   1.327 |    1.420 | 
     | g160890                                            | B v -> Y ^   | NOR2X1    | 0.140 |   1.467 |    1.560 | 
     | FE_OFC2349_n_8446                                  | A ^ -> Y v   | CLKINVX4  | 0.165 |   1.632 |    1.725 | 
     | g655054                                            | A1N v -> Y v | OAI2BB1X1 | 0.279 |   1.911 |    2.004 | 
     | FE_OFC512_n_8982                                   | A v -> Y v   | CLKBUFX6  | 0.295 |   2.206 |    2.299 | 
     | FE_OFC1727_n_8982                                  | A v -> Y ^   | INVX3     | 0.271 |   2.477 |    2.570 | 
     | g655049                                            | A0 ^ -> Y v  | AOI22X1   | 0.205 |   2.682 |    2.776 | 
     | u_cpu_u_alu_sub_16_33_Y_u_cpu_u_alu_add_15_33_g404 | A0 v -> Y ^  | OAI21X1   | 0.139 |   2.821 |    2.914 | 
     | 6                                                  |              |           |       |         |          | 
     | u_cpu_u_alu_sub_16_33_Y_u_cpu_u_alu_add_15_33_g403 | A1 ^ -> Y v  | AOI21X1   | 0.136 |   2.957 |    3.050 | 
     | 9                                                  |              |           |       |         |          | 
     | u_cpu_u_alu_sub_16_33_Y_u_cpu_u_alu_add_15_33_g403 | B v -> Y ^   | NOR2X1    | 0.083 |   3.040 |    3.133 | 
     | 4                                                  |              |           |       |         |          | 
     | u_cpu_u_alu_sub_16_33_Y_u_cpu_u_alu_add_15_33_g403 | B ^ -> Y v   | NOR2X1    | 0.061 |   3.101 |    3.194 | 
     | 2                                                  |              |           |       |         |          | 
     | u_cpu_u_alu_sub_16_33_Y_u_cpu_u_alu_add_15_33_g403 | B v -> Y ^   | NOR2X1    | 0.056 |   3.157 |    3.250 | 
     | 0                                                  |              |           |       |         |          | 
     | u_cpu_u_alu_sub_16_33_Y_u_cpu_u_alu_add_15_33_g402 | B ^ -> Y v   | NOR2X1    | 0.053 |   3.209 |    3.302 | 
     | 8                                                  |              |           |       |         |          | 
     | u_cpu_u_alu_sub_16_33_Y_u_cpu_u_alu_add_15_33_g402 | B v -> Y ^   | NOR2X1    | 0.055 |   3.264 |    3.357 | 
     | 6                                                  |              |           |       |         |          | 
     | u_cpu_u_alu_sub_16_33_Y_u_cpu_u_alu_add_15_33_g402 | B ^ -> Y v   | NOR2X1    | 0.078 |   3.342 |    3.435 | 
     | 4                                                  |              |           |       |         |          | 
     | u_cpu_u_alu_sub_16_33_Y_u_cpu_u_alu_add_15_33_g402 | B v -> Y ^   | NOR2X1    | 0.091 |   3.432 |    3.526 | 
     | 1                                                  |              |           |       |         |          | 
     | u_cpu_u_alu_sub_16_33_Y_u_cpu_u_alu_add_15_33_g401 | A1 ^ -> Y v  | AOI21X1   | 0.131 |   3.564 |    3.657 | 
     | 5                                                  |              |           |       |         |          | 
     | u_cpu_u_alu_sub_16_33_Y_u_cpu_u_alu_add_15_33_g401 | A1 v -> Y ^  | OAI21X1   | 0.128 |   3.692 |    3.785 | 
     | 1                                                  |              |           |       |         |          | 
     | g655048                                            | A1N ^ -> Y ^ | OAI2BB1X1 | 0.173 |   3.865 |    3.958 | 
     | u_cpu_u_alu_sub_16_33_Y_u_cpu_u_alu_add_15_33_g400 | A ^ -> Y v   | INVX1     | 0.050 |   3.915 |    4.008 | 
     | 7                                                  |              |           |       |         |          | 
     | u_cpu_u_alu_sub_16_33_Y_u_cpu_u_alu_add_15_33_g400 | A1 v -> Y ^  | OAI21X1   | 0.082 |   3.996 |    4.089 | 
     | 5                                                  |              |           |       |         |          | 
     | u_cpu_u_alu_sub_16_33_Y_u_cpu_u_alu_add_15_33_g400 | A1 ^ -> Y v  | AOI21X1   | 0.144 |   4.140 |    4.233 | 
     | 3                                                  |              |           |       |         |          | 
     | u_cpu_u_alu_sub_16_33_Y_u_cpu_u_alu_add_15_33_g400 | A1 v -> Y ^  | OAI21X1   | 0.128 |   4.268 |    4.361 | 
     | 0                                                  |              |           |       |         |          | 
     | u_cpu_u_alu_sub_16_33_Y_u_cpu_u_alu_add_15_33_g399 | A ^ -> Y v   | INVX1     | 0.066 |   4.334 |    4.427 | 
     | 9                                                  |              |           |       |         |          | 
     | u_cpu_u_alu_sub_16_33_Y_u_cpu_u_alu_add_15_33_g399 | B v -> Y ^   | NOR2X1    | 0.054 |   4.388 |    4.481 | 
     | 8                                                  |              |           |       |         |          | 
     | u_cpu_u_alu_sub_16_33_Y_u_cpu_u_alu_add_15_33_g399 | B ^ -> Y v   | NOR2X1    | 0.081 |   4.469 |    4.562 | 
     | 6                                                  |              |           |       |         |          | 
     | u_cpu_u_alu_sub_16_33_Y_u_cpu_u_alu_add_15_33_g399 | B v -> Y ^   | NOR2X1    | 0.090 |   4.559 |    4.652 | 
     | 5                                                  |              |           |       |         |          | 
     | u_cpu_u_alu_sub_16_33_Y_u_cpu_u_alu_add_15_33_g399 | B ^ -> Y v   | NAND2X1   | 0.081 |   4.639 |    4.733 | 
     | 1                                                  |              |           |       |         |          | 
     | u_cpu_u_alu_sub_16_33_Y_u_cpu_u_alu_add_15_33_g398 | B v -> Y ^   | NAND2X1   | 0.079 |   4.718 |    4.811 | 
     | 9                                                  |              |           |       |         |          | 
     | u_cpu_u_alu_sub_16_33_Y_u_cpu_u_alu_add_15_33_g398 | B ^ -> Y v   | NAND2X1   | 0.102 |   4.820 |    4.914 | 
     | 2                                                  |              |           |       |         |          | 
     | u_cpu_u_alu_sub_16_33_Y_u_cpu_u_alu_add_15_33_g397 | A1 v -> Y ^  | OAI21X1   | 0.179 |   5.000 |    5.093 | 
     | 6                                                  |              |           |       |         |          | 
     | u_cpu_u_alu_sub_16_33_Y_u_cpu_u_alu_add_15_33_g429 | B ^ -> Y v   | CLKXOR2X1 | 0.245 |   5.245 |    5.338 | 
     | 3                                                  |              |           |       |         |          | 
     | g655417                                            | B v -> Y ^   | NAND2X1   | 0.050 |   5.295 |    5.388 | 
     | g655035                                            | C ^ -> Y v   | NAND3X2   | 0.197 |   5.492 |    5.585 | 
     | g165559                                            | A v -> Y ^   | NOR2X1    | 0.151 |   5.643 |    5.736 | 
     | g655026                                            | D ^ -> Y v   | NAND4BBX2 | 0.168 |   5.810 |    5.903 | 
     | g165557                                            | A v -> Y ^   | NOR2X1    | 0.130 |   5.940 |    6.034 | 
     | g165556                                            | A ^ -> Y v   | NAND2X1   | 0.073 |   6.014 |    6.107 | 
     | g165555                                            | B v -> Y ^   | NOR2X1    | 0.099 |   6.112 |    6.206 | 
     | g165554                                            | B0 ^ -> Y v  | AOI2BB1X1 | 0.100 |   6.212 |    6.305 | 
     | g165553                                            | B v -> Y ^   | NOR2X4    | 0.098 |   6.311 |    6.404 | 
     | g165550                                            | S0 ^ -> Y ^  | MX2X1     | 0.198 |   6.508 |    6.601 | 
     | g655045                                            | A1 ^ -> Y ^  | OA21X1    | 0.162 |   6.671 |    6.764 | 
     | u_cpu_add_167_30_Y_u_cpu_add_165_34_Y_u_cpu_add_16 | B ^ -> Y v   | NOR2X1    | 0.055 |   6.726 |    6.819 | 
     | 3_30_g913                                          |              |           |       |         |          | 
     | u_cpu_add_167_30_Y_u_cpu_add_165_34_Y_u_cpu_add_16 | B v -> Y ^   | NOR2X1    | 0.066 |   6.792 |    6.885 | 
     | 3_30_g911                                          |              |           |       |         |          | 
     | u_cpu_add_167_30_Y_u_cpu_add_165_34_Y_u_cpu_add_16 | B ^ -> Y v   | NOR2X2    | 0.055 |   6.847 |    6.940 | 
     | 3_30_g909                                          |              |           |       |         |          | 
     | u_cpu_add_167_30_Y_u_cpu_add_165_34_Y_u_cpu_add_16 | B0 v -> Y ^  | AOI2BB1X1 | 0.074 |   6.921 |    7.014 | 
     | 3_30_g907                                          |              |           |       |         |          | 
     | u_cpu_add_167_30_Y_u_cpu_add_165_34_Y_u_cpu_add_16 | B ^ -> Y v   | NOR2X2    | 0.062 |   6.982 |    7.076 | 
     | 3_30_g905                                          |              |           |       |         |          | 
     | u_cpu_add_167_30_Y_u_cpu_add_165_34_Y_u_cpu_add_16 | B0 v -> Y ^  | AOI2BB1X1 | 0.085 |   7.068 |    7.161 | 
     | 3_30_g903                                          |              |           |       |         |          | 
     | g655044                                            | B0 ^ -> Y v  | AOI21X2   | 0.064 |   7.132 |    7.225 | 
     | u_cpu_add_167_30_Y_u_cpu_add_165_34_Y_u_cpu_add_16 | B0 v -> Y ^  | AOI2BB1X1 | 0.081 |   7.212 |    7.305 | 
     | 3_30_g899                                          |              |           |       |         |          | 
     | u_cpu_add_167_30_Y_u_cpu_add_165_34_Y_u_cpu_add_16 | B ^ -> Y v   | NOR2X1    | 0.067 |   7.279 |    7.372 | 
     | 3_30_g897                                          |              |           |       |         |          | 
     | g655043                                            | A1N v -> Y v | AOI2BB1X2 | 0.161 |   7.440 |    7.533 | 
     | u_cpu_add_167_30_Y_u_cpu_add_165_34_Y_u_cpu_add_16 | B0 v -> Y ^  | AOI2BB1X2 | 0.079 |   7.519 |    7.612 | 
     | 3_30_g891                                          |              |           |       |         |          | 
     | u_cpu_add_167_30_Y_u_cpu_add_165_34_Y_u_cpu_add_16 | B ^ -> Y v   | NOR2X4    | 0.051 |   7.570 |    7.663 | 
     | 3_30_g889                                          |              |           |       |         |          | 
     | u_cpu_add_167_30_Y_u_cpu_add_165_34_Y_u_cpu_add_16 | B v -> Y ^   | NOR2X2    | 0.057 |   7.627 |    7.720 | 
     | 3_30_g887                                          |              |           |       |         |          | 
     | u_cpu_add_167_30_Y_u_cpu_add_165_34_Y_u_cpu_add_16 | B ^ -> Y v   | NOR2X4    | 0.050 |   7.677 |    7.770 | 
     | 3_30_g885                                          |              |           |       |         |          | 
     | u_cpu_add_167_30_Y_u_cpu_add_165_34_Y_u_cpu_add_16 | B v -> Y ^   | NOR2X2    | 0.056 |   7.733 |    7.827 | 
     | 3_30_g883                                          |              |           |       |         |          | 
     | u_cpu_add_167_30_Y_u_cpu_add_165_34_Y_u_cpu_add_16 | B ^ -> Y v   | NOR2X4    | 0.049 |   7.782 |    7.875 | 
     | 3_30_g881                                          |              |           |       |         |          | 
     | u_cpu_add_167_30_Y_u_cpu_add_165_34_Y_u_cpu_add_16 | B0 v -> Y ^  | AOI2BB1X2 | 0.069 |   7.851 |    7.945 | 
     | 3_30_g879                                          |              |           |       |         |          | 
     | u_cpu_add_167_30_Y_u_cpu_add_165_34_Y_u_cpu_add_16 | B ^ -> Y v   | NOR2X4    | 0.055 |   7.906 |    7.999 | 
     | 3_30_g877                                          |              |           |       |         |          | 
     | u_cpu_add_167_30_Y_u_cpu_add_165_34_Y_u_cpu_add_16 | B0 v -> Y ^  | AOI2BB1X4 | 0.056 |   7.962 |    8.055 | 
     | 3_30_g875                                          |              |           |       |         |          | 
     | u_cpu_add_167_30_Y_u_cpu_add_165_34_Y_u_cpu_add_16 | B ^ -> Y v   | NOR2X4    | 0.050 |   8.012 |    8.105 | 
     | 3_30_g873                                          |              |           |       |         |          | 
     | u_cpu_add_167_30_Y_u_cpu_add_165_34_Y_u_cpu_add_16 | B v -> Y ^   | NOR2X4    | 0.049 |   8.060 |    8.154 | 
     | 3_30_g871                                          |              |           |       |         |          | 
     | u_cpu_add_167_30_Y_u_cpu_add_165_34_Y_u_cpu_add_16 | B ^ -> Y v   | NOR2X4    | 0.043 |   8.104 |    8.197 | 
     | 3_30_g869                                          |              |           |       |         |          | 
     | u_cpu_add_167_30_Y_u_cpu_add_165_34_Y_u_cpu_add_16 | B0 v -> Y ^  | AOI2BB1X4 | 0.057 |   8.160 |    8.253 | 
     | 3_30_g867                                          |              |           |       |         |          | 
     | u_cpu_add_167_30_Y_u_cpu_add_165_34_Y_u_cpu_add_16 | B ^ -> Y v   | NOR2X4    | 0.045 |   8.205 |    8.298 | 
     | 3_30_g865                                          |              |           |       |         |          | 
     | u_cpu_add_167_30_Y_u_cpu_add_165_34_Y_u_cpu_add_16 | B v -> Y ^   | NOR2X4    | 0.045 |   8.250 |    8.343 | 
     | 3_30_g863                                          |              |           |       |         |          | 
     | u_cpu_add_167_30_Y_u_cpu_add_165_34_Y_u_cpu_add_16 | B ^ -> Y v   | NOR2X4    | 0.038 |   8.289 |    8.382 | 
     | 3_30_g861                                          |              |           |       |         |          | 
     | u_cpu_add_167_30_Y_u_cpu_add_165_34_Y_u_cpu_add_16 | B0 v -> Y ^  | AOI2BB1X2 | 0.069 |   8.357 |    8.450 | 
     | 3_30_g859                                          |              |           |       |         |          | 
     | u_cpu_add_167_30_Y_u_cpu_add_165_34_Y_u_cpu_add_16 | B ^ -> Y v   | NOR2X4    | 0.055 |   8.412 |    8.505 | 
     | 3_30_g857                                          |              |           |       |         |          | 
     | u_cpu_add_167_30_Y_u_cpu_add_165_34_Y_u_cpu_add_16 | B0 v -> Y ^  | AOI2BB1X4 | 0.063 |   8.475 |    8.568 | 
     | 3_30_g855                                          |              |           |       |         |          | 
     | u_cpu_add_167_30_Y_u_cpu_add_165_34_Y_u_cpu_add_16 | B ^ -> Y v   | NOR2X6    | 0.047 |   8.522 |    8.615 | 
     | 3_30_g853                                          |              |           |       |         |          | 
     | u_cpu_add_167_30_Y_u_cpu_add_165_34_Y_u_cpu_add_16 | B v -> Y ^   | NOR2X4    | 0.044 |   8.566 |    8.659 | 
     | 3_30_g851                                          |              |           |       |         |          | 
     | u_cpu_add_167_30_Y_u_cpu_add_165_34_Y_u_cpu_add_16 | B ^ -> Y v   | NOR2X4    | 0.044 |   8.610 |    8.704 | 
     | 3_30_g849                                          |              |           |       |         |          | 
     | u_cpu_add_167_30_Y_u_cpu_add_165_34_Y_u_cpu_add_16 | B v -> Y ^   | NOR2X4    | 0.048 |   8.658 |    8.751 | 
     | 3_30_g848                                          |              |           |       |         |          | 
     | u_cpu_add_167_30_Y_u_cpu_add_165_34_Y_u_cpu_add_16 | B ^ -> Y v   | NOR2X4    | 0.044 |   8.702 |    8.795 | 
     | 3_30_g846                                          |              |           |       |         |          | 
     | u_cpu_add_167_30_Y_u_cpu_add_165_34_Y_u_cpu_add_16 | B0 v -> Y ^  | AOI2BB1X4 | 0.060 |   8.762 |    8.855 | 
     | 3_30_g845                                          |              |           |       |         |          | 
     | u_cpu_add_167_30_Y_u_cpu_add_165_34_Y_u_cpu_add_16 | B ^ -> Y v   | NOR2X4    | 0.047 |   8.809 |    8.902 | 
     | 3_30_g843                                          |              |           |       |         |          | 
     | g655480                                            | B0 v -> Y ^  | AOI2BB1X4 | 0.058 |   8.867 |    8.961 | 
     | u_cpu_add_167_30_Y_u_cpu_add_165_34_Y_u_cpu_add_16 | B ^ -> Y v   | NOR2X4    | 0.048 |   8.915 |    9.008 | 
     | 3_30_g840                                          |              |           |       |         |          | 
     | u_cpu_add_167_30_Y_u_cpu_add_165_34_Y_u_cpu_add_16 | B v -> Y ^   | NOR2X4    | 0.044 |   8.959 |    9.052 | 
     | 3_30_g839                                          |              |           |       |         |          | 
     | u_cpu_add_167_30_Y_u_cpu_add_165_34_Y_u_cpu_add_16 | B ^ -> Y v   | NOR2X4    | 0.042 |   9.001 |    9.094 | 
     | 3_30_g837                                          |              |           |       |         |          | 
     | u_cpu_add_167_30_Y_u_cpu_add_165_34_Y_u_cpu_add_16 | B0 v -> Y ^  | AOI2BB1X4 | 0.063 |   9.064 |    9.157 | 
     | 3_30_g836                                          |              |           |       |         |          | 
     | u_cpu_add_167_30_Y_u_cpu_add_165_34_Y_u_cpu_add_16 | B ^ -> Y v   | NOR2X6    | 0.048 |   9.111 |    9.205 | 
     | 3_30_g834                                          |              |           |       |         |          | 
     | u_cpu_add_167_30_Y_u_cpu_add_165_34_Y_u_cpu_add_16 | B0 v -> Y ^  | AOI2BB1X4 | 0.062 |   9.173 |    9.266 | 
     | 3_30_g833                                          |              |           |       |         |          | 
     | u_cpu_add_167_30_Y_u_cpu_add_165_34_Y_u_cpu_add_16 | B ^ -> Y v   | NOR2X6    | 0.049 |   9.223 |    9.316 | 
     | 3_30_g831                                          |              |           |       |         |          | 
     | u_cpu_add_167_30_Y_u_cpu_add_165_34_Y_u_cpu_add_16 | B v -> Y ^   | NOR2X4    | 0.046 |   9.268 |    9.362 | 
     | 3_30_g830                                          |              |           |       |         |          | 
     | u_cpu_add_167_30_Y_u_cpu_add_165_34_Y_u_cpu_add_16 | B ^ -> Y v   | NOR2X4    | 0.042 |   9.310 |    9.404 | 
     | 3_30_g828                                          |              |           |       |         |          | 
     | u_cpu_add_167_30_Y_u_cpu_add_165_34_Y_u_cpu_add_16 | B0 v -> Y ^  | AOI2BB1X4 | 0.060 |   9.370 |    9.464 | 
     | 3_30_g827                                          |              |           |       |         |          | 
     | u_cpu_add_167_30_Y_u_cpu_add_165_34_Y_u_cpu_add_16 | B ^ -> Y v   | NOR2X6    | 0.045 |   9.415 |    9.508 | 
     | 3_30_g825                                          |              |           |       |         |          | 
     | u_cpu_add_167_30_Y_u_cpu_add_165_34_Y_u_cpu_add_16 | B v -> Y ^   | NOR2X4    | 0.050 |   9.465 |    9.558 | 
     | 3_30_g824                                          |              |           |       |         |          | 
     | u_cpu_add_167_30_Y_u_cpu_add_165_34_Y_u_cpu_add_16 | B ^ -> Y v   | NOR2X6    | 0.044 |   9.509 |    9.602 | 
     | 3_30_g822                                          |              |           |       |         |          | 
     | u_cpu_add_167_30_Y_u_cpu_add_165_34_Y_u_cpu_add_16 | B0 v -> Y ^  | AOI2BB1X4 | 0.062 |   9.571 |    9.664 | 
     | 3_30_g821                                          |              |           |       |         |          | 
     | u_cpu_add_167_30_Y_u_cpu_add_165_34_Y_u_cpu_add_16 | B ^ -> Y v   | NOR2X6    | 0.046 |   9.617 |    9.710 | 
     | 3_30_g819                                          |              |           |       |         |          | 
     | u_cpu_add_167_30_Y_u_cpu_add_165_34_Y_u_cpu_add_16 | B v -> Y ^   | NOR2X4    | 0.043 |   9.661 |    9.754 | 
     | 3_30_g818                                          |              |           |       |         |          | 
     | u_cpu_add_167_30_Y_u_cpu_add_165_34_Y_u_cpu_add_16 | B ^ -> Y v   | NOR2X4    | 0.042 |   9.702 |    9.795 | 
     | 3_30_g816                                          |              |           |       |         |          | 
     | g655057                                            | B0 v -> Y ^  | AOI2BB1X4 | 0.066 |   9.768 |    9.861 | 
     | g655056                                            | A ^ -> Y v   | NOR2X6    | 0.053 |   9.821 |    9.914 | 
     | u_cpu_add_167_30_Y_u_cpu_add_165_34_Y_u_cpu_add_16 | B0 v -> Y ^  | AOI2BB1X4 | 0.057 |   9.878 |    9.971 | 
     | 3_30_g812                                          |              |           |       |         |          | 
     | u_cpu_add_167_30_Y_u_cpu_add_165_34_Y_u_cpu_add_16 | B ^ -> Y v   | NOR2X4    | 0.038 |   9.916 |   10.009 | 
     | 3_30_g810                                          |              |           |       |         |          | 
     | u_cpu_add_167_30_Y_u_cpu_add_165_34_Y_u_cpu_add_16 | B v -> Y ^   | CLKXOR2X1 | 0.132 |  10.048 |   10.141 | 
     | 3_30_g809                                          |              |           |       |         |          | 
     | g641353                                            | B ^ -> Y v   | NAND2X1   | 0.062 |  10.110 |   10.203 | 
     | g653712                                            | B v -> Y ^   | NAND2X1   | 0.052 |  10.162 |   10.255 | 
     | u_cpu_pc_reg[31]                                   | D ^          | DFFRHQX1  | 0.000 |  10.162 |   10.255 | 
     +------------------------------------------------------------------------------------------------------------+ 
Path 17: MET Setup Check with Pin u_cpu_pc_reg[31]/CK 
Endpoint:   u_cpu_pc_reg[31]/D (^) checked with  leading edge of 'clk'
Beginpoint: u_cpu_ir_reg[0]/Q  (^) triggered by  leading edge of 'clk'
Path Groups: {clk}
Analysis View: av_ss
Other End Arrival Time          0.515
- Setup                         0.060
+ Phase Shift                  10.000
- Uncertainty                   0.200
= Required Time                10.255
- Arrival Time                 10.161
= Slack Time                    0.094
     Clock Rise Edge                 0.000
     + Clock Network Latency (Prop)  0.515
     = Beginpoint Arrival Time       0.515
     +------------------------------------------------------------------------------------------------------------+ 
     |                      Instance                      |     Arc      |   Cell    | Delay | Arrival | Required | 
     |                                                    |              |           |       |  Time   |   Time   | 
     |----------------------------------------------------+--------------+-----------+-------+---------+----------| 
     | u_cpu_ir_reg[0]                                    | CK ^         |           |       |   0.515 |    0.609 | 
     | u_cpu_ir_reg[0]                                    | CK ^ -> Q ^  | DFFRX1    | 0.454 |   0.969 |    1.063 | 
     | g655383                                            | A ^ -> Y v   | NAND2X1   | 0.146 |   1.116 |    1.210 | 
     | g160909                                            | B v -> Y ^   | NOR2X1    | 0.102 |   1.218 |    1.312 | 
     | g160892                                            | B0 ^ -> Y v  | OAI21X1   | 0.109 |   1.327 |    1.421 | 
     | g160890                                            | B v -> Y ^   | NOR2X1    | 0.140 |   1.467 |    1.561 | 
     | FE_OFC2349_n_8446                                  | A ^ -> Y v   | CLKINVX4  | 0.165 |   1.632 |    1.726 | 
     | g655053                                            | A1N v -> Y v | OAI2BB1X1 | 0.263 |   1.895 |    1.989 | 
     | FE_OFC511_n_8980                                   | A v -> Y v   | BUFX8     | 0.268 |   2.163 |    2.257 | 
     | FE_OFC2432_n_8980                                  | A v -> Y ^   | INVX3     | 0.174 |   2.337 |    2.431 | 
     | u_cpu_u_alu_sub_16_33_Y_u_cpu_u_alu_add_15_33_g417 | A0 ^ -> Y v  | OAI22X1   | 0.158 |   2.495 |    2.589 | 
     | 0                                                  |              |           |       |         |          | 
     | u_cpu_u_alu_sub_16_33_Y_u_cpu_u_alu_add_15_33_g411 | B v -> Y ^   | NOR2X1    | 0.115 |   2.610 |    2.704 | 
     | 5                                                  |              |           |       |         |          | 
     | u_cpu_u_alu_sub_16_33_Y_u_cpu_u_alu_add_15_33_g404 | A1 ^ -> Y v  | OAI21X1   | 0.133 |   2.743 |    2.837 | 
     | 6                                                  |              |           |       |         |          | 
     | u_cpu_u_alu_sub_16_33_Y_u_cpu_u_alu_add_15_33_g403 | A1 v -> Y ^  | AOI21X1   | 0.129 |   2.872 |    2.967 | 
     | 9                                                  |              |           |       |         |          | 
     | u_cpu_u_alu_sub_16_33_Y_u_cpu_u_alu_add_15_33_g403 | B ^ -> Y v   | NOR2X1    | 0.069 |   2.942 |    3.036 | 
     | 4                                                  |              |           |       |         |          | 
     | u_cpu_u_alu_sub_16_33_Y_u_cpu_u_alu_add_15_33_g403 | B v -> Y ^   | NOR2X1    | 0.076 |   3.018 |    3.112 | 
     | 2                                                  |              |           |       |         |          | 
     | u_cpu_u_alu_sub_16_33_Y_u_cpu_u_alu_add_15_33_g403 | B ^ -> Y v   | NOR2X1    | 0.066 |   3.084 |    3.178 | 
     | 0                                                  |              |           |       |         |          | 
     | u_cpu_u_alu_sub_16_33_Y_u_cpu_u_alu_add_15_33_g402 | B v -> Y ^   | NOR2X1    | 0.063 |   3.147 |    3.241 | 
     | 8                                                  |              |           |       |         |          | 
     | u_cpu_u_alu_sub_16_33_Y_u_cpu_u_alu_add_15_33_g402 | B ^ -> Y v   | NOR2X1    | 0.058 |   3.205 |    3.299 | 
     | 6                                                  |              |           |       |         |          | 
     | u_cpu_u_alu_sub_16_33_Y_u_cpu_u_alu_add_15_33_g402 | B v -> Y ^   | NOR2X1    | 0.106 |   3.310 |    3.405 | 
     | 4                                                  |              |           |       |         |          | 
     | u_cpu_u_alu_sub_16_33_Y_u_cpu_u_alu_add_15_33_g402 | B ^ -> Y v   | NOR2X1    | 0.099 |   3.410 |    3.504 | 
     | 1                                                  |              |           |       |         |          | 
     | u_cpu_u_alu_sub_16_33_Y_u_cpu_u_alu_add_15_33_g401 | A1 v -> Y ^  | AOI21X1   | 0.108 |   3.518 |    3.612 | 
     | 5                                                  |              |           |       |         |          | 
     | u_cpu_u_alu_sub_16_33_Y_u_cpu_u_alu_add_15_33_g401 | A1 ^ -> Y v  | OAI21X1   | 0.135 |   3.653 |    3.747 | 
     | 1                                                  |              |           |       |         |          | 
     | g655048                                            | A1N v -> Y v | OAI2BB1X1 | 0.171 |   3.825 |    3.919 | 
     | u_cpu_u_alu_sub_16_33_Y_u_cpu_u_alu_add_15_33_g400 | A v -> Y ^   | INVX1     | 0.072 |   3.896 |    3.990 | 
     | 7                                                  |              |           |       |         |          | 
     | u_cpu_u_alu_sub_16_33_Y_u_cpu_u_alu_add_15_33_g400 | A1 ^ -> Y v  | OAI21X1   | 0.095 |   3.991 |    4.085 | 
     | 5                                                  |              |           |       |         |          | 
     | u_cpu_u_alu_sub_16_33_Y_u_cpu_u_alu_add_15_33_g400 | A1 v -> Y ^  | AOI21X1   | 0.136 |   4.127 |    4.221 | 
     | 3                                                  |              |           |       |         |          | 
     | u_cpu_u_alu_sub_16_33_Y_u_cpu_u_alu_add_15_33_g400 | A1 ^ -> Y v  | OAI21X1   | 0.134 |   4.261 |    4.355 | 
     | 0                                                  |              |           |       |         |          | 
     | u_cpu_u_alu_sub_16_33_Y_u_cpu_u_alu_add_15_33_g399 | A v -> Y ^   | INVX1     | 0.065 |   4.326 |    4.420 | 
     | 9                                                  |              |           |       |         |          | 
     | u_cpu_u_alu_sub_16_33_Y_u_cpu_u_alu_add_15_33_g399 | B ^ -> Y v   | NOR2X1    | 0.038 |   4.364 |    4.458 | 
     | 8                                                  |              |           |       |         |          | 
     | u_cpu_u_alu_sub_16_33_Y_u_cpu_u_alu_add_15_33_g399 | B v -> Y ^   | NOR2X1    | 0.105 |   4.469 |    4.563 | 
     | 6                                                  |              |           |       |         |          | 
     | u_cpu_u_alu_sub_16_33_Y_u_cpu_u_alu_add_15_33_g399 | B ^ -> Y v   | NOR2X1    | 0.097 |   4.566 |    4.660 | 
     | 5                                                  |              |           |       |         |          | 
     | u_cpu_u_alu_sub_16_33_Y_u_cpu_u_alu_add_15_33_g399 | B v -> Y ^   | NAND2X1   | 0.046 |   4.612 |    4.706 | 
     | 1                                                  |              |           |       |         |          | 
     | u_cpu_u_alu_sub_16_33_Y_u_cpu_u_alu_add_15_33_g398 | B ^ -> Y v   | NAND2X1   | 0.129 |   4.741 |    4.835 | 
     | 9                                                  |              |           |       |         |          | 
     | u_cpu_u_alu_sub_16_33_Y_u_cpu_u_alu_add_15_33_g398 | B v -> Y ^   | NAND2X1   | 0.110 |   4.851 |    4.945 | 
     | 2                                                  |              |           |       |         |          | 
     | u_cpu_u_alu_sub_16_33_Y_u_cpu_u_alu_add_15_33_g397 | A1 ^ -> Y v  | OAI21X1   | 0.184 |   5.034 |    5.128 | 
     | 6                                                  |              |           |       |         |          | 
     | u_cpu_u_alu_sub_16_33_Y_u_cpu_u_alu_add_15_33_g429 | B v -> Y v   | CLKXOR2X1 | 0.210 |   5.244 |    5.338 | 
     | 3                                                  |              |           |       |         |          | 
     | g655417                                            | B v -> Y ^   | NAND2X1   | 0.050 |   5.294 |    5.388 | 
     | g655035                                            | C ^ -> Y v   | NAND3X2   | 0.197 |   5.491 |    5.585 | 
     | g165559                                            | A v -> Y ^   | NOR2X1    | 0.151 |   5.642 |    5.736 | 
     | g655026                                            | D ^ -> Y v   | NAND4BBX2 | 0.168 |   5.809 |    5.903 | 
     | g165557                                            | A v -> Y ^   | NOR2X1    | 0.130 |   5.939 |    6.034 | 
     | g165556                                            | A ^ -> Y v   | NAND2X1   | 0.073 |   6.013 |    6.107 | 
     | g165555                                            | B v -> Y ^   | NOR2X1    | 0.099 |   6.111 |    6.206 | 
     | g165554                                            | B0 ^ -> Y v  | AOI2BB1X1 | 0.100 |   6.211 |    6.305 | 
     | g165553                                            | B v -> Y ^   | NOR2X4    | 0.098 |   6.310 |    6.404 | 
     | g165550                                            | S0 ^ -> Y ^  | MX2X1     | 0.198 |   6.507 |    6.601 | 
     | g655045                                            | A1 ^ -> Y ^  | OA21X1    | 0.162 |   6.670 |    6.764 | 
     | u_cpu_add_167_30_Y_u_cpu_add_165_34_Y_u_cpu_add_16 | B ^ -> Y v   | NOR2X1    | 0.055 |   6.725 |    6.819 | 
     | 3_30_g913                                          |              |           |       |         |          | 
     | u_cpu_add_167_30_Y_u_cpu_add_165_34_Y_u_cpu_add_16 | B v -> Y ^   | NOR2X1    | 0.066 |   6.791 |    6.885 | 
     | 3_30_g911                                          |              |           |       |         |          | 
     | u_cpu_add_167_30_Y_u_cpu_add_165_34_Y_u_cpu_add_16 | B ^ -> Y v   | NOR2X2    | 0.055 |   6.846 |    6.940 | 
     | 3_30_g909                                          |              |           |       |         |          | 
     | u_cpu_add_167_30_Y_u_cpu_add_165_34_Y_u_cpu_add_16 | B0 v -> Y ^  | AOI2BB1X1 | 0.074 |   6.920 |    7.014 | 
     | 3_30_g907                                          |              |           |       |         |          | 
     | u_cpu_add_167_30_Y_u_cpu_add_165_34_Y_u_cpu_add_16 | B ^ -> Y v   | NOR2X2    | 0.062 |   6.981 |    7.076 | 
     | 3_30_g905                                          |              |           |       |         |          | 
     | u_cpu_add_167_30_Y_u_cpu_add_165_34_Y_u_cpu_add_16 | B0 v -> Y ^  | AOI2BB1X1 | 0.085 |   7.067 |    7.161 | 
     | 3_30_g903                                          |              |           |       |         |          | 
     | g655044                                            | B0 ^ -> Y v  | AOI21X2   | 0.064 |   7.131 |    7.225 | 
     | u_cpu_add_167_30_Y_u_cpu_add_165_34_Y_u_cpu_add_16 | B0 v -> Y ^  | AOI2BB1X1 | 0.081 |   7.211 |    7.305 | 
     | 3_30_g899                                          |              |           |       |         |          | 
     | u_cpu_add_167_30_Y_u_cpu_add_165_34_Y_u_cpu_add_16 | B ^ -> Y v   | NOR2X1    | 0.067 |   7.278 |    7.372 | 
     | 3_30_g897                                          |              |           |       |         |          | 
     | g655043                                            | A1N v -> Y v | AOI2BB1X2 | 0.161 |   7.439 |    7.533 | 
     | u_cpu_add_167_30_Y_u_cpu_add_165_34_Y_u_cpu_add_16 | B0 v -> Y ^  | AOI2BB1X2 | 0.079 |   7.518 |    7.612 | 
     | 3_30_g891                                          |              |           |       |         |          | 
     | u_cpu_add_167_30_Y_u_cpu_add_165_34_Y_u_cpu_add_16 | B ^ -> Y v   | NOR2X4    | 0.051 |   7.569 |    7.663 | 
     | 3_30_g889                                          |              |           |       |         |          | 
     | u_cpu_add_167_30_Y_u_cpu_add_165_34_Y_u_cpu_add_16 | B v -> Y ^   | NOR2X2    | 0.057 |   7.626 |    7.720 | 
     | 3_30_g887                                          |              |           |       |         |          | 
     | u_cpu_add_167_30_Y_u_cpu_add_165_34_Y_u_cpu_add_16 | B ^ -> Y v   | NOR2X4    | 0.050 |   7.676 |    7.770 | 
     | 3_30_g885                                          |              |           |       |         |          | 
     | u_cpu_add_167_30_Y_u_cpu_add_165_34_Y_u_cpu_add_16 | B v -> Y ^   | NOR2X2    | 0.056 |   7.732 |    7.827 | 
     | 3_30_g883                                          |              |           |       |         |          | 
     | u_cpu_add_167_30_Y_u_cpu_add_165_34_Y_u_cpu_add_16 | B ^ -> Y v   | NOR2X4    | 0.049 |   7.781 |    7.875 | 
     | 3_30_g881                                          |              |           |       |         |          | 
     | u_cpu_add_167_30_Y_u_cpu_add_165_34_Y_u_cpu_add_16 | B0 v -> Y ^  | AOI2BB1X2 | 0.069 |   7.850 |    7.945 | 
     | 3_30_g879                                          |              |           |       |         |          | 
     | u_cpu_add_167_30_Y_u_cpu_add_165_34_Y_u_cpu_add_16 | B ^ -> Y v   | NOR2X4    | 0.055 |   7.905 |    7.999 | 
     | 3_30_g877                                          |              |           |       |         |          | 
     | u_cpu_add_167_30_Y_u_cpu_add_165_34_Y_u_cpu_add_16 | B0 v -> Y ^  | AOI2BB1X4 | 0.056 |   7.961 |    8.055 | 
     | 3_30_g875                                          |              |           |       |         |          | 
     | u_cpu_add_167_30_Y_u_cpu_add_165_34_Y_u_cpu_add_16 | B ^ -> Y v   | NOR2X4    | 0.050 |   8.011 |    8.105 | 
     | 3_30_g873                                          |              |           |       |         |          | 
     | u_cpu_add_167_30_Y_u_cpu_add_165_34_Y_u_cpu_add_16 | B v -> Y ^   | NOR2X4    | 0.049 |   8.059 |    8.154 | 
     | 3_30_g871                                          |              |           |       |         |          | 
     | u_cpu_add_167_30_Y_u_cpu_add_165_34_Y_u_cpu_add_16 | B ^ -> Y v   | NOR2X4    | 0.043 |   8.103 |    8.197 | 
     | 3_30_g869                                          |              |           |       |         |          | 
     | u_cpu_add_167_30_Y_u_cpu_add_165_34_Y_u_cpu_add_16 | B0 v -> Y ^  | AOI2BB1X4 | 0.057 |   8.159 |    8.253 | 
     | 3_30_g867                                          |              |           |       |         |          | 
     | u_cpu_add_167_30_Y_u_cpu_add_165_34_Y_u_cpu_add_16 | B ^ -> Y v   | NOR2X4    | 0.045 |   8.204 |    8.298 | 
     | 3_30_g865                                          |              |           |       |         |          | 
     | u_cpu_add_167_30_Y_u_cpu_add_165_34_Y_u_cpu_add_16 | B v -> Y ^   | NOR2X4    | 0.045 |   8.249 |    8.343 | 
     | 3_30_g863                                          |              |           |       |         |          | 
     | u_cpu_add_167_30_Y_u_cpu_add_165_34_Y_u_cpu_add_16 | B ^ -> Y v   | NOR2X4    | 0.038 |   8.288 |    8.382 | 
     | 3_30_g861                                          |              |           |       |         |          | 
     | u_cpu_add_167_30_Y_u_cpu_add_165_34_Y_u_cpu_add_16 | B0 v -> Y ^  | AOI2BB1X2 | 0.069 |   8.356 |    8.450 | 
     | 3_30_g859                                          |              |           |       |         |          | 
     | u_cpu_add_167_30_Y_u_cpu_add_165_34_Y_u_cpu_add_16 | B ^ -> Y v   | NOR2X4    | 0.055 |   8.411 |    8.505 | 
     | 3_30_g857                                          |              |           |       |         |          | 
     | u_cpu_add_167_30_Y_u_cpu_add_165_34_Y_u_cpu_add_16 | B0 v -> Y ^  | AOI2BB1X4 | 0.063 |   8.474 |    8.568 | 
     | 3_30_g855                                          |              |           |       |         |          | 
     | u_cpu_add_167_30_Y_u_cpu_add_165_34_Y_u_cpu_add_16 | B ^ -> Y v   | NOR2X6    | 0.047 |   8.521 |    8.615 | 
     | 3_30_g853                                          |              |           |       |         |          | 
     | u_cpu_add_167_30_Y_u_cpu_add_165_34_Y_u_cpu_add_16 | B v -> Y ^   | NOR2X4    | 0.044 |   8.565 |    8.659 | 
     | 3_30_g851                                          |              |           |       |         |          | 
     | u_cpu_add_167_30_Y_u_cpu_add_165_34_Y_u_cpu_add_16 | B ^ -> Y v   | NOR2X4    | 0.044 |   8.609 |    8.704 | 
     | 3_30_g849                                          |              |           |       |         |          | 
     | u_cpu_add_167_30_Y_u_cpu_add_165_34_Y_u_cpu_add_16 | B v -> Y ^   | NOR2X4    | 0.048 |   8.657 |    8.751 | 
     | 3_30_g848                                          |              |           |       |         |          | 
     | u_cpu_add_167_30_Y_u_cpu_add_165_34_Y_u_cpu_add_16 | B ^ -> Y v   | NOR2X4    | 0.044 |   8.701 |    8.795 | 
     | 3_30_g846                                          |              |           |       |         |          | 
     | u_cpu_add_167_30_Y_u_cpu_add_165_34_Y_u_cpu_add_16 | B0 v -> Y ^  | AOI2BB1X4 | 0.060 |   8.761 |    8.855 | 
     | 3_30_g845                                          |              |           |       |         |          | 
     | u_cpu_add_167_30_Y_u_cpu_add_165_34_Y_u_cpu_add_16 | B ^ -> Y v   | NOR2X4    | 0.047 |   8.808 |    8.902 | 
     | 3_30_g843                                          |              |           |       |         |          | 
     | g655480                                            | B0 v -> Y ^  | AOI2BB1X4 | 0.058 |   8.866 |    8.961 | 
     | u_cpu_add_167_30_Y_u_cpu_add_165_34_Y_u_cpu_add_16 | B ^ -> Y v   | NOR2X4    | 0.048 |   8.914 |    9.008 | 
     | 3_30_g840                                          |              |           |       |         |          | 
     | u_cpu_add_167_30_Y_u_cpu_add_165_34_Y_u_cpu_add_16 | B v -> Y ^   | NOR2X4    | 0.044 |   8.958 |    9.052 | 
     | 3_30_g839                                          |              |           |       |         |          | 
     | u_cpu_add_167_30_Y_u_cpu_add_165_34_Y_u_cpu_add_16 | B ^ -> Y v   | NOR2X4    | 0.042 |   9.000 |    9.094 | 
     | 3_30_g837                                          |              |           |       |         |          | 
     | u_cpu_add_167_30_Y_u_cpu_add_165_34_Y_u_cpu_add_16 | B0 v -> Y ^  | AOI2BB1X4 | 0.063 |   9.063 |    9.157 | 
     | 3_30_g836                                          |              |           |       |         |          | 
     | u_cpu_add_167_30_Y_u_cpu_add_165_34_Y_u_cpu_add_16 | B ^ -> Y v   | NOR2X6    | 0.048 |   9.110 |    9.205 | 
     | 3_30_g834                                          |              |           |       |         |          | 
     | u_cpu_add_167_30_Y_u_cpu_add_165_34_Y_u_cpu_add_16 | B0 v -> Y ^  | AOI2BB1X4 | 0.062 |   9.172 |    9.266 | 
     | 3_30_g833                                          |              |           |       |         |          | 
     | u_cpu_add_167_30_Y_u_cpu_add_165_34_Y_u_cpu_add_16 | B ^ -> Y v   | NOR2X6    | 0.049 |   9.222 |    9.316 | 
     | 3_30_g831                                          |              |           |       |         |          | 
     | u_cpu_add_167_30_Y_u_cpu_add_165_34_Y_u_cpu_add_16 | B v -> Y ^   | NOR2X4    | 0.046 |   9.267 |    9.362 | 
     | 3_30_g830                                          |              |           |       |         |          | 
     | u_cpu_add_167_30_Y_u_cpu_add_165_34_Y_u_cpu_add_16 | B ^ -> Y v   | NOR2X4    | 0.042 |   9.309 |    9.404 | 
     | 3_30_g828                                          |              |           |       |         |          | 
     | u_cpu_add_167_30_Y_u_cpu_add_165_34_Y_u_cpu_add_16 | B0 v -> Y ^  | AOI2BB1X4 | 0.060 |   9.369 |    9.464 | 
     | 3_30_g827                                          |              |           |       |         |          | 
     | u_cpu_add_167_30_Y_u_cpu_add_165_34_Y_u_cpu_add_16 | B ^ -> Y v   | NOR2X6    | 0.045 |   9.414 |    9.508 | 
     | 3_30_g825                                          |              |           |       |         |          | 
     | u_cpu_add_167_30_Y_u_cpu_add_165_34_Y_u_cpu_add_16 | B v -> Y ^   | NOR2X4    | 0.050 |   9.464 |    9.558 | 
     | 3_30_g824                                          |              |           |       |         |          | 
     | u_cpu_add_167_30_Y_u_cpu_add_165_34_Y_u_cpu_add_16 | B ^ -> Y v   | NOR2X6    | 0.044 |   9.508 |    9.602 | 
     | 3_30_g822                                          |              |           |       |         |          | 
     | u_cpu_add_167_30_Y_u_cpu_add_165_34_Y_u_cpu_add_16 | B0 v -> Y ^  | AOI2BB1X4 | 0.062 |   9.570 |    9.664 | 
     | 3_30_g821                                          |              |           |       |         |          | 
     | u_cpu_add_167_30_Y_u_cpu_add_165_34_Y_u_cpu_add_16 | B ^ -> Y v   | NOR2X6    | 0.046 |   9.616 |    9.710 | 
     | 3_30_g819                                          |              |           |       |         |          | 
     | u_cpu_add_167_30_Y_u_cpu_add_165_34_Y_u_cpu_add_16 | B v -> Y ^   | NOR2X4    | 0.043 |   9.660 |    9.754 | 
     | 3_30_g818                                          |              |           |       |         |          | 
     | u_cpu_add_167_30_Y_u_cpu_add_165_34_Y_u_cpu_add_16 | B ^ -> Y v   | NOR2X4    | 0.042 |   9.701 |    9.795 | 
     | 3_30_g816                                          |              |           |       |         |          | 
     | g655057                                            | B0 v -> Y ^  | AOI2BB1X4 | 0.066 |   9.767 |    9.861 | 
     | g655056                                            | A ^ -> Y v   | NOR2X6    | 0.053 |   9.820 |    9.914 | 
     | u_cpu_add_167_30_Y_u_cpu_add_165_34_Y_u_cpu_add_16 | B0 v -> Y ^  | AOI2BB1X4 | 0.057 |   9.877 |    9.971 | 
     | 3_30_g812                                          |              |           |       |         |          | 
     | u_cpu_add_167_30_Y_u_cpu_add_165_34_Y_u_cpu_add_16 | B ^ -> Y v   | NOR2X4    | 0.038 |   9.915 |   10.009 | 
     | 3_30_g810                                          |              |           |       |         |          | 
     | u_cpu_add_167_30_Y_u_cpu_add_165_34_Y_u_cpu_add_16 | B v -> Y ^   | CLKXOR2X1 | 0.132 |  10.047 |   10.141 | 
     | 3_30_g809                                          |              |           |       |         |          | 
     | g641353                                            | B ^ -> Y v   | NAND2X1   | 0.062 |  10.109 |   10.203 | 
     | g653712                                            | B v -> Y ^   | NAND2X1   | 0.052 |  10.161 |   10.255 | 
     | u_cpu_pc_reg[31]                                   | D ^          | DFFRHQX1  | 0.000 |  10.161 |   10.255 | 
     +------------------------------------------------------------------------------------------------------------+ 
Path 18: MET Setup Check with Pin u_cpu_pc_reg[31]/CK 
Endpoint:   u_cpu_pc_reg[31]/D (^) checked with  leading edge of 'clk'
Beginpoint: u_cpu_ir_reg[6]/Q  (^) triggered by  leading edge of 'clk'
Path Groups: {clk}
Analysis View: av_ss
Other End Arrival Time          0.515
- Setup                         0.060
+ Phase Shift                  10.000
- Uncertainty                   0.200
= Required Time                10.255
- Arrival Time                 10.159
= Slack Time                    0.096
     Clock Rise Edge                 0.000
     + Clock Network Latency (Prop)  0.514
     = Beginpoint Arrival Time       0.514
     +------------------------------------------------------------------------------------------------------------+ 
     |                      Instance                      |     Arc      |   Cell    | Delay | Arrival | Required | 
     |                                                    |              |           |       |  Time   |   Time   | 
     |----------------------------------------------------+--------------+-----------+-------+---------+----------| 
     | u_cpu_ir_reg[6]                                    | CK ^         |           |       |   0.514 |    0.610 | 
     | u_cpu_ir_reg[6]                                    | CK ^ -> Q ^  | SDFFRXL   | 0.545 |   1.060 |    1.155 | 
     | g655025                                            | A1N ^ -> Y ^ | AOI2BB1X1 | 0.254 |   1.313 |    1.409 | 
     | g160898                                            | B ^ -> Y v   | NOR2X1    | 0.077 |   1.390 |    1.486 | 
     | g160890                                            | A v -> Y ^   | NOR2X1    | 0.125 |   1.516 |    1.611 | 
     | FE_OFC2349_n_8446                                  | A ^ -> Y v   | CLKINVX4  | 0.165 |   1.681 |    1.776 | 
     | g655053                                            | A1N v -> Y v | OAI2BB1X1 | 0.263 |   1.944 |    2.039 | 
     | FE_OFC511_n_8980                                   | A v -> Y v   | BUFX8     | 0.268 |   2.212 |    2.307 | 
     | FE_OFC2432_n_8980                                  | A v -> Y ^   | INVX3     | 0.174 |   2.386 |    2.481 | 
     | u_cpu_u_alu_sub_16_33_Y_u_cpu_u_alu_add_15_33_g417 | A0 ^ -> Y v  | OAI22X1   | 0.158 |   2.544 |    2.639 | 
     | 0                                                  |              |           |       |         |          | 
     | u_cpu_u_alu_sub_16_33_Y_u_cpu_u_alu_add_15_33_g411 | B v -> Y ^   | NOR2X1    | 0.115 |   2.659 |    2.755 | 
     | 5                                                  |              |           |       |         |          | 
     | u_cpu_u_alu_sub_16_33_Y_u_cpu_u_alu_add_15_33_g404 | A1 ^ -> Y v  | OAI21X1   | 0.133 |   2.792 |    2.888 | 
     | 6                                                  |              |           |       |         |          | 
     | u_cpu_u_alu_sub_16_33_Y_u_cpu_u_alu_add_15_33_g403 | A1 v -> Y ^  | AOI21X1   | 0.129 |   2.921 |    3.017 | 
     | 9                                                  |              |           |       |         |          | 
     | u_cpu_u_alu_sub_16_33_Y_u_cpu_u_alu_add_15_33_g403 | B ^ -> Y v   | NOR2X1    | 0.069 |   2.991 |    3.086 | 
     | 4                                                  |              |           |       |         |          | 
     | u_cpu_u_alu_sub_16_33_Y_u_cpu_u_alu_add_15_33_g403 | B v -> Y ^   | NOR2X1    | 0.076 |   3.067 |    3.163 | 
     | 2                                                  |              |           |       |         |          | 
     | u_cpu_u_alu_sub_16_33_Y_u_cpu_u_alu_add_15_33_g403 | B ^ -> Y v   | NOR2X1    | 0.066 |   3.133 |    3.228 | 
     | 0                                                  |              |           |       |         |          | 
     | u_cpu_u_alu_sub_16_33_Y_u_cpu_u_alu_add_15_33_g402 | B v -> Y ^   | NOR2X1    | 0.063 |   3.196 |    3.291 | 
     | 8                                                  |              |           |       |         |          | 
     | u_cpu_u_alu_sub_16_33_Y_u_cpu_u_alu_add_15_33_g402 | B ^ -> Y v   | NOR2X1    | 0.058 |   3.254 |    3.349 | 
     | 6                                                  |              |           |       |         |          | 
     | u_cpu_u_alu_sub_16_33_Y_u_cpu_u_alu_add_15_33_g402 | B v -> Y ^   | NOR2X1    | 0.106 |   3.359 |    3.455 | 
     | 4                                                  |              |           |       |         |          | 
     | u_cpu_u_alu_sub_16_33_Y_u_cpu_u_alu_add_15_33_g402 | B ^ -> Y v   | NOR2X1    | 0.099 |   3.459 |    3.554 | 
     | 1                                                  |              |           |       |         |          | 
     | u_cpu_u_alu_sub_16_33_Y_u_cpu_u_alu_add_15_33_g401 | A1 v -> Y ^  | AOI21X1   | 0.108 |   3.567 |    3.662 | 
     | 5                                                  |              |           |       |         |          | 
     | u_cpu_u_alu_sub_16_33_Y_u_cpu_u_alu_add_15_33_g401 | A1 ^ -> Y v  | OAI21X1   | 0.135 |   3.702 |    3.798 | 
     | 1                                                  |              |           |       |         |          | 
     | g655048                                            | A1N v -> Y v | OAI2BB1X1 | 0.171 |   3.873 |    3.969 | 
     | u_cpu_u_alu_sub_16_33_Y_u_cpu_u_alu_add_15_33_g400 | A v -> Y ^   | INVX1     | 0.072 |   3.945 |    4.041 | 
     | 7                                                  |              |           |       |         |          | 
     | u_cpu_u_alu_sub_16_33_Y_u_cpu_u_alu_add_15_33_g400 | A1 ^ -> Y v  | OAI21X1   | 0.095 |   4.040 |    4.135 | 
     | 5                                                  |              |           |       |         |          | 
     | u_cpu_u_alu_sub_16_33_Y_u_cpu_u_alu_add_15_33_g400 | A1 v -> Y ^  | AOI21X1   | 0.136 |   4.176 |    4.271 | 
     | 3                                                  |              |           |       |         |          | 
     | u_cpu_u_alu_sub_16_33_Y_u_cpu_u_alu_add_15_33_g400 | A1 ^ -> Y v  | OAI21X1   | 0.134 |   4.309 |    4.405 | 
     | 0                                                  |              |           |       |         |          | 
     | u_cpu_u_alu_sub_16_33_Y_u_cpu_u_alu_add_15_33_g399 | A v -> Y ^   | INVX1     | 0.065 |   4.375 |    4.470 | 
     | 9                                                  |              |           |       |         |          | 
     | u_cpu_u_alu_sub_16_33_Y_u_cpu_u_alu_add_15_33_g399 | B ^ -> Y v   | NOR2X1    | 0.038 |   4.412 |    4.508 | 
     | 8                                                  |              |           |       |         |          | 
     | u_cpu_u_alu_sub_16_33_Y_u_cpu_u_alu_add_15_33_g399 | B v -> Y ^   | NOR2X1    | 0.105 |   4.518 |    4.613 | 
     | 6                                                  |              |           |       |         |          | 
     | u_cpu_u_alu_sub_16_33_Y_u_cpu_u_alu_add_15_33_g399 | B ^ -> Y v   | NOR2X1    | 0.097 |   4.615 |    4.711 | 
     | 5                                                  |              |           |       |         |          | 
     | u_cpu_u_alu_sub_16_33_Y_u_cpu_u_alu_add_15_33_g399 | B v -> Y ^   | NAND2X1   | 0.046 |   4.661 |    4.756 | 
     | 1                                                  |              |           |       |         |          | 
     | u_cpu_u_alu_sub_16_33_Y_u_cpu_u_alu_add_15_33_g398 | B ^ -> Y v   | NAND2X1   | 0.129 |   4.790 |    4.885 | 
     | 9                                                  |              |           |       |         |          | 
     | u_cpu_u_alu_sub_16_33_Y_u_cpu_u_alu_add_15_33_g398 | B v -> Y ^   | NAND2X1   | 0.110 |   4.899 |    4.995 | 
     | 2                                                  |              |           |       |         |          | 
     | u_cpu_u_alu_sub_16_33_Y_u_cpu_u_alu_add_15_33_g397 | B ^ -> Y v   | NAND2X1   | 0.099 |   4.998 |    5.094 | 
     | 9                                                  |              |           |       |         |          | 
     | u_cpu_u_alu_sub_16_33_Y_u_cpu_u_alu_add_15_33_g655 | A v -> Y ^   | INVX1     | 0.063 |   5.062 |    5.157 | 
     | 407                                                |              |           |       |         |          | 
     | u_cpu_u_alu_sub_16_33_Y_u_cpu_u_alu_add_15_33_g396 | A1 ^ -> Y v  | OAI21X1   | 0.075 |   5.137 |    5.233 | 
     | 9                                                  |              |           |       |         |          | 
     | u_cpu_u_alu_sub_16_33_Y_u_cpu_u_alu_add_15_33_g396 | B v -> Y v   | XNOR2X1   | 0.147 |   5.284 |    5.380 | 
     | 2                                                  |              |           |       |         |          | 
     | g165976                                            | B v -> Y ^   | NAND2X1   | 0.046 |   5.330 |    5.426 | 
     | g655037                                            | C ^ -> Y v   | NAND3X2   | 0.176 |   5.506 |    5.602 | 
     | g655026                                            | BN v -> Y v  | NAND4BBX2 | 0.323 |   5.828 |    5.924 | 
     | g165557                                            | A v -> Y ^   | NOR2X1    | 0.130 |   5.959 |    6.054 | 
     | g165556                                            | A ^ -> Y v   | NAND2X1   | 0.073 |   6.032 |    6.127 | 
     | g165555                                            | B v -> Y ^   | NOR2X1    | 0.099 |   6.131 |    6.226 | 
     | g165554                                            | B0 ^ -> Y v  | AOI2BB1X1 | 0.100 |   6.231 |    6.326 | 
     | g165553                                            | B v -> Y ^   | NOR2X4    | 0.098 |   6.329 |    6.424 | 
     | g165550                                            | S0 ^ -> Y v  | MX2X1     | 0.238 |   6.567 |    6.663 | 
     | g655045                                            | A1 v -> Y v  | OA21X1    | 0.157 |   6.725 |    6.820 | 
     | u_cpu_add_167_30_Y_u_cpu_add_165_34_Y_u_cpu_add_16 | B v -> Y ^   | NOR2X1    | 0.080 |   6.805 |    6.900 | 
     | 3_30_g913                                          |              |           |       |         |          | 
     | u_cpu_add_167_30_Y_u_cpu_add_165_34_Y_u_cpu_add_16 | B ^ -> Y v   | NOR2X1    | 0.070 |   6.875 |    6.970 | 
     | 3_30_g911                                          |              |           |       |         |          | 
     | u_cpu_add_167_30_Y_u_cpu_add_165_34_Y_u_cpu_add_16 | B v -> Y ^   | NOR2X2    | 0.054 |   6.929 |    7.024 | 
     | 3_30_g909                                          |              |           |       |         |          | 
     | u_cpu_add_167_30_Y_u_cpu_add_165_34_Y_u_cpu_add_16 | B0 ^ -> Y v  | AOI2BB1X1 | 0.061 |   6.989 |    7.085 | 
     | 3_30_g907                                          |              |           |       |         |          | 
     | u_cpu_add_167_30_Y_u_cpu_add_165_34_Y_u_cpu_add_16 | B v -> Y ^   | NOR2X2    | 0.062 |   7.051 |    7.147 | 
     | 3_30_g905                                          |              |           |       |         |          | 
     | u_cpu_add_167_30_Y_u_cpu_add_165_34_Y_u_cpu_add_16 | B0 ^ -> Y v  | AOI2BB1X1 | 0.069 |   7.120 |    7.215 | 
     | 3_30_g903                                          |              |           |       |         |          | 
     | g655044                                            | B0 v -> Y ^  | AOI21X2   | 0.062 |   7.182 |    7.278 | 
     | u_cpu_add_167_30_Y_u_cpu_add_165_34_Y_u_cpu_add_16 | B0 ^ -> Y v  | AOI2BB1X1 | 0.056 |   7.239 |    7.334 | 
     | 3_30_g899                                          |              |           |       |         |          | 
     | u_cpu_add_167_30_Y_u_cpu_add_165_34_Y_u_cpu_add_16 | B v -> Y ^   | NOR2X1    | 0.078 |   7.316 |    7.412 | 
     | 3_30_g897                                          |              |           |       |         |          | 
     | g655043                                            | A1N ^ -> Y ^ | AOI2BB1X2 | 0.155 |   7.472 |    7.567 | 
     | u_cpu_add_167_30_Y_u_cpu_add_165_34_Y_u_cpu_add_16 | B0 ^ -> Y v  | AOI2BB1X2 | 0.070 |   7.542 |    7.637 | 
     | 3_30_g891                                          |              |           |       |         |          | 
     | u_cpu_add_167_30_Y_u_cpu_add_165_34_Y_u_cpu_add_16 | B v -> Y ^   | NOR2X4    | 0.054 |   7.596 |    7.691 | 
     | 3_30_g889                                          |              |           |       |         |          | 
     | u_cpu_add_167_30_Y_u_cpu_add_165_34_Y_u_cpu_add_16 | B ^ -> Y v   | NOR2X2    | 0.049 |   7.645 |    7.740 | 
     | 3_30_g887                                          |              |           |       |         |          | 
     | u_cpu_add_167_30_Y_u_cpu_add_165_34_Y_u_cpu_add_16 | B v -> Y ^   | NOR2X4    | 0.049 |   7.694 |    7.789 | 
     | 3_30_g885                                          |              |           |       |         |          | 
     | u_cpu_add_167_30_Y_u_cpu_add_165_34_Y_u_cpu_add_16 | B ^ -> Y v   | NOR2X2    | 0.048 |   7.741 |    7.837 | 
     | 3_30_g883                                          |              |           |       |         |          | 
     | u_cpu_add_167_30_Y_u_cpu_add_165_34_Y_u_cpu_add_16 | B v -> Y ^   | NOR2X4    | 0.048 |   7.789 |    7.885 | 
     | 3_30_g881                                          |              |           |       |         |          | 
     | u_cpu_add_167_30_Y_u_cpu_add_165_34_Y_u_cpu_add_16 | B0 ^ -> Y v  | AOI2BB1X2 | 0.052 |   7.841 |    7.937 | 
     | 3_30_g879                                          |              |           |       |         |          | 
     | u_cpu_add_167_30_Y_u_cpu_add_165_34_Y_u_cpu_add_16 | B v -> Y ^   | NOR2X4    | 0.058 |   7.899 |    7.995 | 
     | 3_30_g877                                          |              |           |       |         |          | 
     | u_cpu_add_167_30_Y_u_cpu_add_165_34_Y_u_cpu_add_16 | B0 ^ -> Y v  | AOI2BB1X4 | 0.047 |   7.946 |    8.042 | 
     | 3_30_g875                                          |              |           |       |         |          | 
     | u_cpu_add_167_30_Y_u_cpu_add_165_34_Y_u_cpu_add_16 | B v -> Y ^   | NOR2X4    | 0.063 |   8.009 |    8.105 | 
     | 3_30_g873                                          |              |           |       |         |          | 
     | u_cpu_add_167_30_Y_u_cpu_add_165_34_Y_u_cpu_add_16 | B ^ -> Y v   | NOR2X4    | 0.050 |   8.059 |    8.155 | 
     | 3_30_g871                                          |              |           |       |         |          | 
     | u_cpu_add_167_30_Y_u_cpu_add_165_34_Y_u_cpu_add_16 | B v -> Y ^   | NOR2X4    | 0.057 |   8.116 |    8.212 | 
     | 3_30_g869                                          |              |           |       |         |          | 
     | u_cpu_add_167_30_Y_u_cpu_add_165_34_Y_u_cpu_add_16 | B0 ^ -> Y v  | AOI2BB1X4 | 0.048 |   8.164 |    8.260 | 
     | 3_30_g867                                          |              |           |       |         |          | 
     | u_cpu_add_167_30_Y_u_cpu_add_165_34_Y_u_cpu_add_16 | B v -> Y ^   | NOR2X4    | 0.054 |   8.218 |    8.313 | 
     | 3_30_g865                                          |              |           |       |         |          | 
     | u_cpu_add_167_30_Y_u_cpu_add_165_34_Y_u_cpu_add_16 | B ^ -> Y v   | NOR2X4    | 0.043 |   8.261 |    8.357 | 
     | 3_30_g863                                          |              |           |       |         |          | 
     | u_cpu_add_167_30_Y_u_cpu_add_165_34_Y_u_cpu_add_16 | B v -> Y ^   | NOR2X4    | 0.047 |   8.308 |    8.403 | 
     | 3_30_g861                                          |              |           |       |         |          | 
     | u_cpu_add_167_30_Y_u_cpu_add_165_34_Y_u_cpu_add_16 | B0 ^ -> Y v  | AOI2BB1X2 | 0.050 |   8.358 |    8.454 | 
     | 3_30_g859                                          |              |           |       |         |          | 
     | u_cpu_add_167_30_Y_u_cpu_add_165_34_Y_u_cpu_add_16 | B v -> Y ^   | NOR2X4    | 0.058 |   8.416 |    8.512 | 
     | 3_30_g857                                          |              |           |       |         |          | 
     | u_cpu_add_167_30_Y_u_cpu_add_165_34_Y_u_cpu_add_16 | B0 ^ -> Y v  | AOI2BB1X4 | 0.051 |   8.467 |    8.563 | 
     | 3_30_g855                                          |              |           |       |         |          | 
     | u_cpu_add_167_30_Y_u_cpu_add_165_34_Y_u_cpu_add_16 | B v -> Y ^   | NOR2X6    | 0.052 |   8.519 |    8.614 | 
     | 3_30_g853                                          |              |           |       |         |          | 
     | u_cpu_add_167_30_Y_u_cpu_add_165_34_Y_u_cpu_add_16 | B ^ -> Y v   | NOR2X4    | 0.041 |   8.559 |    8.655 | 
     | 3_30_g851                                          |              |           |       |         |          | 
     | u_cpu_add_167_30_Y_u_cpu_add_165_34_Y_u_cpu_add_16 | B v -> Y ^   | NOR2X4    | 0.057 |   8.616 |    8.712 | 
     | 3_30_g849                                          |              |           |       |         |          | 
     | u_cpu_add_167_30_Y_u_cpu_add_165_34_Y_u_cpu_add_16 | B ^ -> Y v   | NOR2X4    | 0.048 |   8.664 |    8.759 | 
     | 3_30_g848                                          |              |           |       |         |          | 
     | u_cpu_add_167_30_Y_u_cpu_add_165_34_Y_u_cpu_add_16 | B v -> Y ^   | NOR2X4    | 0.055 |   8.719 |    8.814 | 
     | 3_30_g846                                          |              |           |       |         |          | 
     | u_cpu_add_167_30_Y_u_cpu_add_165_34_Y_u_cpu_add_16 | B0 ^ -> Y v  | AOI2BB1X4 | 0.050 |   8.769 |    8.864 | 
     | 3_30_g845                                          |              |           |       |         |          | 
     | u_cpu_add_167_30_Y_u_cpu_add_165_34_Y_u_cpu_add_16 | B v -> Y ^   | NOR2X4    | 0.055 |   8.824 |    8.919 | 
     | 3_30_g843                                          |              |           |       |         |          | 
     | g655480                                            | B0 ^ -> Y v  | AOI2BB1X4 | 0.048 |   8.872 |    8.967 | 
     | u_cpu_add_167_30_Y_u_cpu_add_165_34_Y_u_cpu_add_16 | B v -> Y ^   | NOR2X4    | 0.057 |   8.929 |    9.024 | 
     | 3_30_g840                                          |              |           |       |         |          | 
     | u_cpu_add_167_30_Y_u_cpu_add_165_34_Y_u_cpu_add_16 | B ^ -> Y v   | NOR2X4    | 0.044 |   8.973 |    9.069 | 
     | 3_30_g839                                          |              |           |       |         |          | 
     | u_cpu_add_167_30_Y_u_cpu_add_165_34_Y_u_cpu_add_16 | B v -> Y ^   | NOR2X4    | 0.053 |   9.026 |    9.122 | 
     | 3_30_g837                                          |              |           |       |         |          | 
     | u_cpu_add_167_30_Y_u_cpu_add_165_34_Y_u_cpu_add_16 | B0 ^ -> Y v  | AOI2BB1X4 | 0.051 |   9.077 |    9.173 | 
     | 3_30_g836                                          |              |           |       |         |          | 
     | u_cpu_add_167_30_Y_u_cpu_add_165_34_Y_u_cpu_add_16 | B v -> Y ^   | NOR2X6    | 0.052 |   9.129 |    9.225 | 
     | 3_30_g834                                          |              |           |       |         |          | 
     | u_cpu_add_167_30_Y_u_cpu_add_165_34_Y_u_cpu_add_16 | B0 ^ -> Y v  | AOI2BB1X4 | 0.048 |   9.177 |    9.273 | 
     | 3_30_g833                                          |              |           |       |         |          | 
     | u_cpu_add_167_30_Y_u_cpu_add_165_34_Y_u_cpu_add_16 | B v -> Y ^   | NOR2X6    | 0.057 |   9.234 |    9.330 | 
     | 3_30_g831                                          |              |           |       |         |          | 
     | u_cpu_add_167_30_Y_u_cpu_add_165_34_Y_u_cpu_add_16 | B ^ -> Y v   | NOR2X4    | 0.044 |   9.278 |    9.374 | 
     | 3_30_g830                                          |              |           |       |         |          | 
     | u_cpu_add_167_30_Y_u_cpu_add_165_34_Y_u_cpu_add_16 | B v -> Y ^   | NOR2X4    | 0.053 |   9.331 |    9.427 | 
     | 3_30_g828                                          |              |           |       |         |          | 
     | u_cpu_add_167_30_Y_u_cpu_add_165_34_Y_u_cpu_add_16 | B0 ^ -> Y v  | AOI2BB1X4 | 0.049 |   9.380 |    9.475 | 
     | 3_30_g827                                          |              |           |       |         |          | 
     | u_cpu_add_167_30_Y_u_cpu_add_165_34_Y_u_cpu_add_16 | B v -> Y ^   | NOR2X6    | 0.050 |   9.429 |    9.525 | 
     | 3_30_g825                                          |              |           |       |         |          | 
     | u_cpu_add_167_30_Y_u_cpu_add_165_34_Y_u_cpu_add_16 | B ^ -> Y v   | NOR2X4    | 0.043 |   9.472 |    9.568 | 
     | 3_30_g824                                          |              |           |       |         |          | 
     | u_cpu_add_167_30_Y_u_cpu_add_165_34_Y_u_cpu_add_16 | B v -> Y ^   | NOR2X6    | 0.049 |   9.521 |    9.617 | 
     | 3_30_g822                                          |              |           |       |         |          | 
     | u_cpu_add_167_30_Y_u_cpu_add_165_34_Y_u_cpu_add_16 | B0 ^ -> Y v  | AOI2BB1X4 | 0.048 |   9.569 |    9.664 | 
     | 3_30_g821                                          |              |           |       |         |          | 
     | u_cpu_add_167_30_Y_u_cpu_add_165_34_Y_u_cpu_add_16 | B v -> Y ^   | NOR2X6    | 0.050 |   9.619 |    9.714 | 
     | 3_30_g819                                          |              |           |       |         |          | 
     | u_cpu_add_167_30_Y_u_cpu_add_165_34_Y_u_cpu_add_16 | B ^ -> Y v   | NOR2X4    | 0.039 |   9.658 |    9.753 | 
     | 3_30_g818                                          |              |           |       |         |          | 
     | u_cpu_add_167_30_Y_u_cpu_add_165_34_Y_u_cpu_add_16 | B v -> Y ^   | NOR2X4    | 0.051 |   9.709 |    9.805 | 
     | 3_30_g816                                          |              |           |       |         |          | 
     | g655057                                            | B0 ^ -> Y v  | AOI2BB1X4 | 0.052 |   9.761 |    9.857 | 
     | g655056                                            | A v -> Y ^   | NOR2X6    | 0.059 |   9.820 |    9.916 | 
     | u_cpu_add_167_30_Y_u_cpu_add_165_34_Y_u_cpu_add_16 | B0 ^ -> Y v  | AOI2BB1X4 | 0.047 |   9.867 |    9.963 | 
     | 3_30_g812                                          |              |           |       |         |          | 
     | u_cpu_add_167_30_Y_u_cpu_add_165_34_Y_u_cpu_add_16 | B v -> Y ^   | NOR2X4    | 0.041 |   9.908 |   10.004 | 
     | 3_30_g810                                          |              |           |       |         |          | 
     | u_cpu_add_167_30_Y_u_cpu_add_165_34_Y_u_cpu_add_16 | B ^ -> Y ^   | CLKXOR2X1 | 0.137 |  10.045 |   10.141 | 
     | 3_30_g809                                          |              |           |       |         |          | 
     | g641353                                            | B ^ -> Y v   | NAND2X1   | 0.062 |  10.107 |   10.203 | 
     | g653712                                            | B v -> Y ^   | NAND2X1   | 0.052 |  10.159 |   10.255 | 
     | u_cpu_pc_reg[31]                                   | D ^          | DFFRHQX1  | 0.000 |  10.159 |   10.255 | 
     +------------------------------------------------------------------------------------------------------------+ 
Path 19: MET Setup Check with Pin u_cpu_pc_reg[31]/CK 
Endpoint:   u_cpu_pc_reg[31]/D (^) checked with  leading edge of 'clk'
Beginpoint: u_cpu_ir_reg[6]/QN (^) triggered by  leading edge of 'clk'
Path Groups: {clk}
Analysis View: av_ss
Other End Arrival Time          0.515
- Setup                         0.060
+ Phase Shift                  10.000
- Uncertainty                   0.200
= Required Time                10.255
- Arrival Time                 10.159
= Slack Time                    0.096
     Clock Rise Edge                 0.000
     + Clock Network Latency (Prop)  0.514
     = Beginpoint Arrival Time       0.514
     +------------------------------------------------------------------------------------------------------------+ 
     |                      Instance                      |     Arc      |   Cell    | Delay | Arrival | Required | 
     |                                                    |              |           |       |  Time   |   Time   | 
     |----------------------------------------------------+--------------+-----------+-------+---------+----------| 
     | u_cpu_ir_reg[6]                                    | CK ^         |           |       |   0.514 |    0.610 | 
     | u_cpu_ir_reg[6]                                    | CK ^ -> QN ^ | SDFFRXL   | 0.464 |   0.979 |    1.074 | 
     | g160922                                            | A ^ -> Y v   | NOR2X1    | 0.138 |   1.117 |    1.213 | 
     | g160909                                            | A v -> Y ^   | NOR2X1    | 0.098 |   1.215 |    1.311 | 
     | g160892                                            | B0 ^ -> Y v  | OAI21X1   | 0.109 |   1.324 |    1.420 | 
     | g160890                                            | B v -> Y ^   | NOR2X1    | 0.140 |   1.464 |    1.560 | 
     | FE_OFC2349_n_8446                                  | A ^ -> Y v   | CLKINVX4  | 0.165 |   1.629 |    1.725 | 
     | g655054                                            | A1N v -> Y v | OAI2BB1X1 | 0.279 |   1.908 |    2.004 | 
     | FE_OFC512_n_8982                                   | A v -> Y v   | CLKBUFX6  | 0.295 |   2.204 |    2.299 | 
     | FE_OFC1727_n_8982                                  | A v -> Y ^   | INVX3     | 0.271 |   2.474 |    2.570 | 
     | g655049                                            | A0 ^ -> Y v  | AOI22X1   | 0.205 |   2.680 |    2.776 | 
     | u_cpu_u_alu_sub_16_33_Y_u_cpu_u_alu_add_15_33_g404 | A0 v -> Y ^  | OAI21X1   | 0.139 |   2.818 |    2.914 | 
     | 6                                                  |              |           |       |         |          | 
     | u_cpu_u_alu_sub_16_33_Y_u_cpu_u_alu_add_15_33_g403 | A1 ^ -> Y v  | AOI21X1   | 0.136 |   2.955 |    3.050 | 
     | 9                                                  |              |           |       |         |          | 
     | u_cpu_u_alu_sub_16_33_Y_u_cpu_u_alu_add_15_33_g403 | B v -> Y ^   | NOR2X1    | 0.083 |   3.037 |    3.133 | 
     | 4                                                  |              |           |       |         |          | 
     | u_cpu_u_alu_sub_16_33_Y_u_cpu_u_alu_add_15_33_g403 | B ^ -> Y v   | NOR2X1    | 0.061 |   3.098 |    3.194 | 
     | 2                                                  |              |           |       |         |          | 
     | u_cpu_u_alu_sub_16_33_Y_u_cpu_u_alu_add_15_33_g403 | B v -> Y ^   | NOR2X1    | 0.056 |   3.154 |    3.250 | 
     | 0                                                  |              |           |       |         |          | 
     | u_cpu_u_alu_sub_16_33_Y_u_cpu_u_alu_add_15_33_g402 | B ^ -> Y v   | NOR2X1    | 0.053 |   3.206 |    3.302 | 
     | 8                                                  |              |           |       |         |          | 
     | u_cpu_u_alu_sub_16_33_Y_u_cpu_u_alu_add_15_33_g402 | B v -> Y ^   | NOR2X1    | 0.055 |   3.261 |    3.357 | 
     | 6                                                  |              |           |       |         |          | 
     | u_cpu_u_alu_sub_16_33_Y_u_cpu_u_alu_add_15_33_g402 | B ^ -> Y v   | NOR2X1    | 0.078 |   3.339 |    3.435 | 
     | 4                                                  |              |           |       |         |          | 
     | u_cpu_u_alu_sub_16_33_Y_u_cpu_u_alu_add_15_33_g402 | B v -> Y ^   | NOR2X1    | 0.091 |   3.430 |    3.526 | 
     | 1                                                  |              |           |       |         |          | 
     | u_cpu_u_alu_sub_16_33_Y_u_cpu_u_alu_add_15_33_g401 | A1 ^ -> Y v  | AOI21X1   | 0.131 |   3.561 |    3.657 | 
     | 5                                                  |              |           |       |         |          | 
     | u_cpu_u_alu_sub_16_33_Y_u_cpu_u_alu_add_15_33_g401 | A1 v -> Y ^  | OAI21X1   | 0.128 |   3.689 |    3.785 | 
     | 1                                                  |              |           |       |         |          | 
     | g655048                                            | A1N ^ -> Y ^ | OAI2BB1X1 | 0.173 |   3.862 |    3.958 | 
     | u_cpu_u_alu_sub_16_33_Y_u_cpu_u_alu_add_15_33_g400 | A ^ -> Y v   | INVX1     | 0.050 |   3.912 |    4.008 | 
     | 7                                                  |              |           |       |         |          | 
     | u_cpu_u_alu_sub_16_33_Y_u_cpu_u_alu_add_15_33_g400 | A1 v -> Y ^  | OAI21X1   | 0.082 |   3.993 |    4.089 | 
     | 5                                                  |              |           |       |         |          | 
     | u_cpu_u_alu_sub_16_33_Y_u_cpu_u_alu_add_15_33_g400 | A1 ^ -> Y v  | AOI21X1   | 0.144 |   4.138 |    4.233 | 
     | 3                                                  |              |           |       |         |          | 
     | u_cpu_u_alu_sub_16_33_Y_u_cpu_u_alu_add_15_33_g400 | A1 v -> Y ^  | OAI21X1   | 0.128 |   4.265 |    4.361 | 
     | 0                                                  |              |           |       |         |          | 
     | u_cpu_u_alu_sub_16_33_Y_u_cpu_u_alu_add_15_33_g399 | A ^ -> Y v   | INVX1     | 0.066 |   4.331 |    4.427 | 
     | 9                                                  |              |           |       |         |          | 
     | u_cpu_u_alu_sub_16_33_Y_u_cpu_u_alu_add_15_33_g399 | B v -> Y ^   | NOR2X1    | 0.054 |   4.385 |    4.481 | 
     | 8                                                  |              |           |       |         |          | 
     | u_cpu_u_alu_sub_16_33_Y_u_cpu_u_alu_add_15_33_g399 | B ^ -> Y v   | NOR2X1    | 0.081 |   4.466 |    4.562 | 
     | 6                                                  |              |           |       |         |          | 
     | u_cpu_u_alu_sub_16_33_Y_u_cpu_u_alu_add_15_33_g399 | B v -> Y ^   | NOR2X1    | 0.090 |   4.556 |    4.652 | 
     | 5                                                  |              |           |       |         |          | 
     | u_cpu_u_alu_sub_16_33_Y_u_cpu_u_alu_add_15_33_g399 | B ^ -> Y v   | NAND2X1   | 0.081 |   4.637 |    4.733 | 
     | 1                                                  |              |           |       |         |          | 
     | u_cpu_u_alu_sub_16_33_Y_u_cpu_u_alu_add_15_33_g398 | B v -> Y ^   | NAND2X1   | 0.079 |   4.716 |    4.811 | 
     | 9                                                  |              |           |       |         |          | 
     | u_cpu_u_alu_sub_16_33_Y_u_cpu_u_alu_add_15_33_g398 | B ^ -> Y v   | NAND2X1   | 0.102 |   4.818 |    4.914 | 
     | 2                                                  |              |           |       |         |          | 
     | u_cpu_u_alu_sub_16_33_Y_u_cpu_u_alu_add_15_33_g397 | A1 v -> Y ^  | OAI21X1   | 0.179 |   4.997 |    5.093 | 
     | 6                                                  |              |           |       |         |          | 
     | u_cpu_u_alu_sub_16_33_Y_u_cpu_u_alu_add_15_33_g429 | B ^ -> Y v   | CLKXOR2X1 | 0.245 |   5.242 |    5.338 | 
     | 3                                                  |              |           |       |         |          | 
     | g655417                                            | B v -> Y ^   | NAND2X1   | 0.050 |   5.293 |    5.388 | 
     | g655035                                            | C ^ -> Y v   | NAND3X2   | 0.197 |   5.489 |    5.585 | 
     | g165559                                            | A v -> Y ^   | NOR2X1    | 0.151 |   5.640 |    5.736 | 
     | g655026                                            | D ^ -> Y v   | NAND4BBX2 | 0.168 |   5.807 |    5.903 | 
     | g165557                                            | A v -> Y ^   | NOR2X1    | 0.130 |   5.938 |    6.034 | 
     | g165556                                            | A ^ -> Y v   | NAND2X1   | 0.073 |   6.011 |    6.107 | 
     | g165555                                            | B v -> Y ^   | NOR2X1    | 0.099 |   6.110 |    6.206 | 
     | g165554                                            | B0 ^ -> Y v  | AOI2BB1X1 | 0.100 |   6.210 |    6.305 | 
     | g165553                                            | B v -> Y ^   | NOR2X4    | 0.098 |   6.308 |    6.404 | 
     | g165550                                            | S0 ^ -> Y ^  | MX2X1     | 0.198 |   6.506 |    6.601 | 
     | g655045                                            | A1 ^ -> Y ^  | OA21X1    | 0.162 |   6.668 |    6.764 | 
     | u_cpu_add_167_30_Y_u_cpu_add_165_34_Y_u_cpu_add_16 | B ^ -> Y v   | NOR2X1    | 0.055 |   6.723 |    6.819 | 
     | 3_30_g913                                          |              |           |       |         |          | 
     | u_cpu_add_167_30_Y_u_cpu_add_165_34_Y_u_cpu_add_16 | B v -> Y ^   | NOR2X1    | 0.066 |   6.789 |    6.885 | 
     | 3_30_g911                                          |              |           |       |         |          | 
     | u_cpu_add_167_30_Y_u_cpu_add_165_34_Y_u_cpu_add_16 | B ^ -> Y v   | NOR2X2    | 0.055 |   6.844 |    6.940 | 
     | 3_30_g909                                          |              |           |       |         |          | 
     | u_cpu_add_167_30_Y_u_cpu_add_165_34_Y_u_cpu_add_16 | B0 v -> Y ^  | AOI2BB1X1 | 0.074 |   6.918 |    7.014 | 
     | 3_30_g907                                          |              |           |       |         |          | 
     | u_cpu_add_167_30_Y_u_cpu_add_165_34_Y_u_cpu_add_16 | B ^ -> Y v   | NOR2X2    | 0.062 |   6.980 |    7.076 | 
     | 3_30_g905                                          |              |           |       |         |          | 
     | u_cpu_add_167_30_Y_u_cpu_add_165_34_Y_u_cpu_add_16 | B0 v -> Y ^  | AOI2BB1X1 | 0.085 |   7.065 |    7.161 | 
     | 3_30_g903                                          |              |           |       |         |          | 
     | g655044                                            | B0 ^ -> Y v  | AOI21X2   | 0.064 |   7.129 |    7.225 | 
     | u_cpu_add_167_30_Y_u_cpu_add_165_34_Y_u_cpu_add_16 | B0 v -> Y ^  | AOI2BB1X1 | 0.081 |   7.209 |    7.305 | 
     | 3_30_g899                                          |              |           |       |         |          | 
     | u_cpu_add_167_30_Y_u_cpu_add_165_34_Y_u_cpu_add_16 | B ^ -> Y v   | NOR2X1    | 0.067 |   7.276 |    7.372 | 
     | 3_30_g897                                          |              |           |       |         |          | 
     | g655043                                            | A1N v -> Y v | AOI2BB1X2 | 0.161 |   7.437 |    7.533 | 
     | u_cpu_add_167_30_Y_u_cpu_add_165_34_Y_u_cpu_add_16 | B0 v -> Y ^  | AOI2BB1X2 | 0.079 |   7.516 |    7.612 | 
     | 3_30_g891                                          |              |           |       |         |          | 
     | u_cpu_add_167_30_Y_u_cpu_add_165_34_Y_u_cpu_add_16 | B ^ -> Y v   | NOR2X4    | 0.051 |   7.567 |    7.663 | 
     | 3_30_g889                                          |              |           |       |         |          | 
     | u_cpu_add_167_30_Y_u_cpu_add_165_34_Y_u_cpu_add_16 | B v -> Y ^   | NOR2X2    | 0.057 |   7.625 |    7.720 | 
     | 3_30_g887                                          |              |           |       |         |          | 
     | u_cpu_add_167_30_Y_u_cpu_add_165_34_Y_u_cpu_add_16 | B ^ -> Y v   | NOR2X4    | 0.050 |   7.674 |    7.770 | 
     | 3_30_g885                                          |              |           |       |         |          | 
     | u_cpu_add_167_30_Y_u_cpu_add_165_34_Y_u_cpu_add_16 | B v -> Y ^   | NOR2X2    | 0.056 |   7.731 |    7.827 | 
     | 3_30_g883                                          |              |           |       |         |          | 
     | u_cpu_add_167_30_Y_u_cpu_add_165_34_Y_u_cpu_add_16 | B ^ -> Y v   | NOR2X4    | 0.049 |   7.780 |    7.875 | 
     | 3_30_g881                                          |              |           |       |         |          | 
     | u_cpu_add_167_30_Y_u_cpu_add_165_34_Y_u_cpu_add_16 | B0 v -> Y ^  | AOI2BB1X2 | 0.069 |   7.849 |    7.945 | 
     | 3_30_g879                                          |              |           |       |         |          | 
     | u_cpu_add_167_30_Y_u_cpu_add_165_34_Y_u_cpu_add_16 | B ^ -> Y v   | NOR2X4    | 0.055 |   7.903 |    7.999 | 
     | 3_30_g877                                          |              |           |       |         |          | 
     | u_cpu_add_167_30_Y_u_cpu_add_165_34_Y_u_cpu_add_16 | B0 v -> Y ^  | AOI2BB1X4 | 0.056 |   7.960 |    8.055 | 
     | 3_30_g875                                          |              |           |       |         |          | 
     | u_cpu_add_167_30_Y_u_cpu_add_165_34_Y_u_cpu_add_16 | B ^ -> Y v   | NOR2X4    | 0.050 |   8.009 |    8.105 | 
     | 3_30_g873                                          |              |           |       |         |          | 
     | u_cpu_add_167_30_Y_u_cpu_add_165_34_Y_u_cpu_add_16 | B v -> Y ^   | NOR2X4    | 0.049 |   8.058 |    8.154 | 
     | 3_30_g871                                          |              |           |       |         |          | 
     | u_cpu_add_167_30_Y_u_cpu_add_165_34_Y_u_cpu_add_16 | B ^ -> Y v   | NOR2X4    | 0.043 |   8.101 |    8.197 | 
     | 3_30_g869                                          |              |           |       |         |          | 
     | u_cpu_add_167_30_Y_u_cpu_add_165_34_Y_u_cpu_add_16 | B0 v -> Y ^  | AOI2BB1X4 | 0.057 |   8.158 |    8.253 | 
     | 3_30_g867                                          |              |           |       |         |          | 
     | u_cpu_add_167_30_Y_u_cpu_add_165_34_Y_u_cpu_add_16 | B ^ -> Y v   | NOR2X4    | 0.045 |   8.202 |    8.298 | 
     | 3_30_g865                                          |              |           |       |         |          | 
     | u_cpu_add_167_30_Y_u_cpu_add_165_34_Y_u_cpu_add_16 | B v -> Y ^   | NOR2X4    | 0.045 |   8.247 |    8.343 | 
     | 3_30_g863                                          |              |           |       |         |          | 
     | u_cpu_add_167_30_Y_u_cpu_add_165_34_Y_u_cpu_add_16 | B ^ -> Y v   | NOR2X4    | 0.038 |   8.286 |    8.382 | 
     | 3_30_g861                                          |              |           |       |         |          | 
     | u_cpu_add_167_30_Y_u_cpu_add_165_34_Y_u_cpu_add_16 | B0 v -> Y ^  | AOI2BB1X2 | 0.069 |   8.354 |    8.450 | 
     | 3_30_g859                                          |              |           |       |         |          | 
     | u_cpu_add_167_30_Y_u_cpu_add_165_34_Y_u_cpu_add_16 | B ^ -> Y v   | NOR2X4    | 0.055 |   8.410 |    8.505 | 
     | 3_30_g857                                          |              |           |       |         |          | 
     | u_cpu_add_167_30_Y_u_cpu_add_165_34_Y_u_cpu_add_16 | B0 v -> Y ^  | AOI2BB1X4 | 0.063 |   8.472 |    8.568 | 
     | 3_30_g855                                          |              |           |       |         |          | 
     | u_cpu_add_167_30_Y_u_cpu_add_165_34_Y_u_cpu_add_16 | B ^ -> Y v   | NOR2X6    | 0.047 |   8.519 |    8.615 | 
     | 3_30_g853                                          |              |           |       |         |          | 
     | u_cpu_add_167_30_Y_u_cpu_add_165_34_Y_u_cpu_add_16 | B v -> Y ^   | NOR2X4    | 0.044 |   8.563 |    8.659 | 
     | 3_30_g851                                          |              |           |       |         |          | 
     | u_cpu_add_167_30_Y_u_cpu_add_165_34_Y_u_cpu_add_16 | B ^ -> Y v   | NOR2X4    | 0.044 |   8.608 |    8.704 | 
     | 3_30_g849                                          |              |           |       |         |          | 
     | u_cpu_add_167_30_Y_u_cpu_add_165_34_Y_u_cpu_add_16 | B v -> Y ^   | NOR2X4    | 0.048 |   8.655 |    8.751 | 
     | 3_30_g848                                          |              |           |       |         |          | 
     | u_cpu_add_167_30_Y_u_cpu_add_165_34_Y_u_cpu_add_16 | B ^ -> Y v   | NOR2X4    | 0.044 |   8.699 |    8.795 | 
     | 3_30_g846                                          |              |           |       |         |          | 
     | u_cpu_add_167_30_Y_u_cpu_add_165_34_Y_u_cpu_add_16 | B0 v -> Y ^  | AOI2BB1X4 | 0.060 |   8.759 |    8.855 | 
     | 3_30_g845                                          |              |           |       |         |          | 
     | u_cpu_add_167_30_Y_u_cpu_add_165_34_Y_u_cpu_add_16 | B ^ -> Y v   | NOR2X4    | 0.047 |   8.807 |    8.902 | 
     | 3_30_g843                                          |              |           |       |         |          | 
     | g655480                                            | B0 v -> Y ^  | AOI2BB1X4 | 0.058 |   8.865 |    8.961 | 
     | u_cpu_add_167_30_Y_u_cpu_add_165_34_Y_u_cpu_add_16 | B ^ -> Y v   | NOR2X4    | 0.048 |   8.912 |    9.008 | 
     | 3_30_g840                                          |              |           |       |         |          | 
     | u_cpu_add_167_30_Y_u_cpu_add_165_34_Y_u_cpu_add_16 | B v -> Y ^   | NOR2X4    | 0.044 |   8.957 |    9.052 | 
     | 3_30_g839                                          |              |           |       |         |          | 
     | u_cpu_add_167_30_Y_u_cpu_add_165_34_Y_u_cpu_add_16 | B ^ -> Y v   | NOR2X4    | 0.042 |   8.999 |    9.094 | 
     | 3_30_g837                                          |              |           |       |         |          | 
     | u_cpu_add_167_30_Y_u_cpu_add_165_34_Y_u_cpu_add_16 | B0 v -> Y ^  | AOI2BB1X4 | 0.063 |   9.061 |    9.157 | 
     | 3_30_g836                                          |              |           |       |         |          | 
     | u_cpu_add_167_30_Y_u_cpu_add_165_34_Y_u_cpu_add_16 | B ^ -> Y v   | NOR2X6    | 0.048 |   9.109 |    9.205 | 
     | 3_30_g834                                          |              |           |       |         |          | 
     | u_cpu_add_167_30_Y_u_cpu_add_165_34_Y_u_cpu_add_16 | B0 v -> Y ^  | AOI2BB1X4 | 0.062 |   9.171 |    9.266 | 
     | 3_30_g833                                          |              |           |       |         |          | 
     | u_cpu_add_167_30_Y_u_cpu_add_165_34_Y_u_cpu_add_16 | B ^ -> Y v   | NOR2X6    | 0.049 |   9.220 |    9.316 | 
     | 3_30_g831                                          |              |           |       |         |          | 
     | u_cpu_add_167_30_Y_u_cpu_add_165_34_Y_u_cpu_add_16 | B v -> Y ^   | NOR2X4    | 0.046 |   9.266 |    9.362 | 
     | 3_30_g830                                          |              |           |       |         |          | 
     | u_cpu_add_167_30_Y_u_cpu_add_165_34_Y_u_cpu_add_16 | B ^ -> Y v   | NOR2X4    | 0.042 |   9.308 |    9.404 | 
     | 3_30_g828                                          |              |           |       |         |          | 
     | u_cpu_add_167_30_Y_u_cpu_add_165_34_Y_u_cpu_add_16 | B0 v -> Y ^  | AOI2BB1X4 | 0.060 |   9.368 |    9.464 | 
     | 3_30_g827                                          |              |           |       |         |          | 
     | u_cpu_add_167_30_Y_u_cpu_add_165_34_Y_u_cpu_add_16 | B ^ -> Y v   | NOR2X6    | 0.045 |   9.412 |    9.508 | 
     | 3_30_g825                                          |              |           |       |         |          | 
     | u_cpu_add_167_30_Y_u_cpu_add_165_34_Y_u_cpu_add_16 | B v -> Y ^   | NOR2X4    | 0.050 |   9.462 |    9.558 | 
     | 3_30_g824                                          |              |           |       |         |          | 
     | u_cpu_add_167_30_Y_u_cpu_add_165_34_Y_u_cpu_add_16 | B ^ -> Y v   | NOR2X6    | 0.044 |   9.507 |    9.602 | 
     | 3_30_g822                                          |              |           |       |         |          | 
     | u_cpu_add_167_30_Y_u_cpu_add_165_34_Y_u_cpu_add_16 | B0 v -> Y ^  | AOI2BB1X4 | 0.062 |   9.569 |    9.664 | 
     | 3_30_g821                                          |              |           |       |         |          | 
     | u_cpu_add_167_30_Y_u_cpu_add_165_34_Y_u_cpu_add_16 | B ^ -> Y v   | NOR2X6    | 0.046 |   9.614 |    9.710 | 
     | 3_30_g819                                          |              |           |       |         |          | 
     | u_cpu_add_167_30_Y_u_cpu_add_165_34_Y_u_cpu_add_16 | B v -> Y ^   | NOR2X4    | 0.043 |   9.658 |    9.754 | 
     | 3_30_g818                                          |              |           |       |         |          | 
     | u_cpu_add_167_30_Y_u_cpu_add_165_34_Y_u_cpu_add_16 | B ^ -> Y v   | NOR2X4    | 0.042 |   9.699 |    9.795 | 
     | 3_30_g816                                          |              |           |       |         |          | 
     | g655057                                            | B0 v -> Y ^  | AOI2BB1X4 | 0.066 |   9.766 |    9.861 | 
     | g655056                                            | A ^ -> Y v   | NOR2X6    | 0.053 |   9.819 |    9.914 | 
     | u_cpu_add_167_30_Y_u_cpu_add_165_34_Y_u_cpu_add_16 | B0 v -> Y ^  | AOI2BB1X4 | 0.057 |   9.876 |    9.971 | 
     | 3_30_g812                                          |              |           |       |         |          | 
     | u_cpu_add_167_30_Y_u_cpu_add_165_34_Y_u_cpu_add_16 | B ^ -> Y v   | NOR2X4    | 0.038 |   9.914 |   10.009 | 
     | 3_30_g810                                          |              |           |       |         |          | 
     | u_cpu_add_167_30_Y_u_cpu_add_165_34_Y_u_cpu_add_16 | B v -> Y ^   | CLKXOR2X1 | 0.132 |  10.045 |   10.141 | 
     | 3_30_g809                                          |              |           |       |         |          | 
     | g641353                                            | B ^ -> Y v   | NAND2X1   | 0.062 |  10.107 |   10.203 | 
     | g653712                                            | B v -> Y ^   | NAND2X1   | 0.052 |  10.159 |   10.255 | 
     | u_cpu_pc_reg[31]                                   | D ^          | DFFRHQX1  | 0.000 |  10.159 |   10.255 | 
     +------------------------------------------------------------------------------------------------------------+ 
Path 20: MET Setup Check with Pin u_cpu_pc_reg[31]/CK 
Endpoint:   u_cpu_pc_reg[31]/D (^) checked with  leading edge of 'clk'
Beginpoint: u_cpu_ir_reg[6]/QN (^) triggered by  leading edge of 'clk'
Path Groups: {clk}
Analysis View: av_ss
Other End Arrival Time          0.515
- Setup                         0.060
+ Phase Shift                  10.000
- Uncertainty                   0.200
= Required Time                10.255
- Arrival Time                 10.158
= Slack Time                    0.097
     Clock Rise Edge                 0.000
     + Clock Network Latency (Prop)  0.514
     = Beginpoint Arrival Time       0.514
     +------------------------------------------------------------------------------------------------------------+ 
     |                      Instance                      |     Arc      |   Cell    | Delay | Arrival | Required | 
     |                                                    |              |           |       |  Time   |   Time   | 
     |----------------------------------------------------+--------------+-----------+-------+---------+----------| 
     | u_cpu_ir_reg[6]                                    | CK ^         |           |       |   0.514 |    0.611 | 
     | u_cpu_ir_reg[6]                                    | CK ^ -> QN ^ | SDFFRXL   | 0.464 |   0.979 |    1.075 | 
     | g160922                                            | A ^ -> Y v   | NOR2X1    | 0.138 |   1.117 |    1.214 | 
     | g160909                                            | A v -> Y ^   | NOR2X1    | 0.098 |   1.215 |    1.312 | 
     | g160892                                            | B0 ^ -> Y v  | OAI21X1   | 0.109 |   1.324 |    1.421 | 
     | g160890                                            | B v -> Y ^   | NOR2X1    | 0.140 |   1.464 |    1.561 | 
     | FE_OFC2349_n_8446                                  | A ^ -> Y v   | CLKINVX4  | 0.165 |   1.629 |    1.726 | 
     | g655053                                            | A1N v -> Y v | OAI2BB1X1 | 0.263 |   1.892 |    1.989 | 
     | FE_OFC511_n_8980                                   | A v -> Y v   | BUFX8     | 0.268 |   2.160 |    2.257 | 
     | FE_OFC2432_n_8980                                  | A v -> Y ^   | INVX3     | 0.174 |   2.334 |    2.431 | 
     | u_cpu_u_alu_sub_16_33_Y_u_cpu_u_alu_add_15_33_g417 | A0 ^ -> Y v  | OAI22X1   | 0.158 |   2.492 |    2.589 | 
     | 0                                                  |              |           |       |         |          | 
     | u_cpu_u_alu_sub_16_33_Y_u_cpu_u_alu_add_15_33_g411 | B v -> Y ^   | NOR2X1    | 0.115 |   2.607 |    2.704 | 
     | 5                                                  |              |           |       |         |          | 
     | u_cpu_u_alu_sub_16_33_Y_u_cpu_u_alu_add_15_33_g404 | A1 ^ -> Y v  | OAI21X1   | 0.133 |   2.740 |    2.837 | 
     | 6                                                  |              |           |       |         |          | 
     | u_cpu_u_alu_sub_16_33_Y_u_cpu_u_alu_add_15_33_g403 | A1 v -> Y ^  | AOI21X1   | 0.129 |   2.870 |    2.967 | 
     | 9                                                  |              |           |       |         |          | 
     | u_cpu_u_alu_sub_16_33_Y_u_cpu_u_alu_add_15_33_g403 | B ^ -> Y v   | NOR2X1    | 0.069 |   2.939 |    3.036 | 
     | 4                                                  |              |           |       |         |          | 
     | u_cpu_u_alu_sub_16_33_Y_u_cpu_u_alu_add_15_33_g403 | B v -> Y ^   | NOR2X1    | 0.076 |   3.016 |    3.112 | 
     | 2                                                  |              |           |       |         |          | 
     | u_cpu_u_alu_sub_16_33_Y_u_cpu_u_alu_add_15_33_g403 | B ^ -> Y v   | NOR2X1    | 0.066 |   3.081 |    3.178 | 
     | 0                                                  |              |           |       |         |          | 
     | u_cpu_u_alu_sub_16_33_Y_u_cpu_u_alu_add_15_33_g402 | B v -> Y ^   | NOR2X1    | 0.063 |   3.144 |    3.241 | 
     | 8                                                  |              |           |       |         |          | 
     | u_cpu_u_alu_sub_16_33_Y_u_cpu_u_alu_add_15_33_g402 | B ^ -> Y v   | NOR2X1    | 0.058 |   3.202 |    3.299 | 
     | 6                                                  |              |           |       |         |          | 
     | u_cpu_u_alu_sub_16_33_Y_u_cpu_u_alu_add_15_33_g402 | B v -> Y ^   | NOR2X1    | 0.106 |   3.308 |    3.405 | 
     | 4                                                  |              |           |       |         |          | 
     | u_cpu_u_alu_sub_16_33_Y_u_cpu_u_alu_add_15_33_g402 | B ^ -> Y v   | NOR2X1    | 0.099 |   3.407 |    3.504 | 
     | 1                                                  |              |           |       |         |          | 
     | u_cpu_u_alu_sub_16_33_Y_u_cpu_u_alu_add_15_33_g401 | A1 v -> Y ^  | AOI21X1   | 0.108 |   3.515 |    3.612 | 
     | 5                                                  |              |           |       |         |          | 
     | u_cpu_u_alu_sub_16_33_Y_u_cpu_u_alu_add_15_33_g401 | A1 ^ -> Y v  | OAI21X1   | 0.135 |   3.651 |    3.747 | 
     | 1                                                  |              |           |       |         |          | 
     | g655048                                            | A1N v -> Y v | OAI2BB1X1 | 0.171 |   3.822 |    3.919 | 
     | u_cpu_u_alu_sub_16_33_Y_u_cpu_u_alu_add_15_33_g400 | A v -> Y ^   | INVX1     | 0.072 |   3.894 |    3.990 | 
     | 7                                                  |              |           |       |         |          | 
     | u_cpu_u_alu_sub_16_33_Y_u_cpu_u_alu_add_15_33_g400 | A1 ^ -> Y v  | OAI21X1   | 0.095 |   3.988 |    4.085 | 
     | 5                                                  |              |           |       |         |          | 
     | u_cpu_u_alu_sub_16_33_Y_u_cpu_u_alu_add_15_33_g400 | A1 v -> Y ^  | AOI21X1   | 0.136 |   4.124 |    4.221 | 
     | 3                                                  |              |           |       |         |          | 
     | u_cpu_u_alu_sub_16_33_Y_u_cpu_u_alu_add_15_33_g400 | A1 ^ -> Y v  | OAI21X1   | 0.134 |   4.258 |    4.355 | 
     | 0                                                  |              |           |       |         |          | 
     | u_cpu_u_alu_sub_16_33_Y_u_cpu_u_alu_add_15_33_g399 | A v -> Y ^   | INVX1     | 0.065 |   4.323 |    4.420 | 
     | 9                                                  |              |           |       |         |          | 
     | u_cpu_u_alu_sub_16_33_Y_u_cpu_u_alu_add_15_33_g399 | B ^ -> Y v   | NOR2X1    | 0.038 |   4.361 |    4.458 | 
     | 8                                                  |              |           |       |         |          | 
     | u_cpu_u_alu_sub_16_33_Y_u_cpu_u_alu_add_15_33_g399 | B v -> Y ^   | NOR2X1    | 0.105 |   4.466 |    4.563 | 
     | 6                                                  |              |           |       |         |          | 
     | u_cpu_u_alu_sub_16_33_Y_u_cpu_u_alu_add_15_33_g399 | B ^ -> Y v   | NOR2X1    | 0.097 |   4.563 |    4.660 | 
     | 5                                                  |              |           |       |         |          | 
     | u_cpu_u_alu_sub_16_33_Y_u_cpu_u_alu_add_15_33_g399 | B v -> Y ^   | NAND2X1   | 0.046 |   4.609 |    4.706 | 
     | 1                                                  |              |           |       |         |          | 
     | u_cpu_u_alu_sub_16_33_Y_u_cpu_u_alu_add_15_33_g398 | B ^ -> Y v   | NAND2X1   | 0.129 |   4.738 |    4.835 | 
     | 9                                                  |              |           |       |         |          | 
     | u_cpu_u_alu_sub_16_33_Y_u_cpu_u_alu_add_15_33_g398 | B v -> Y ^   | NAND2X1   | 0.110 |   4.848 |    4.945 | 
     | 2                                                  |              |           |       |         |          | 
     | u_cpu_u_alu_sub_16_33_Y_u_cpu_u_alu_add_15_33_g397 | A1 ^ -> Y v  | OAI21X1   | 0.184 |   5.032 |    5.128 | 
     | 6                                                  |              |           |       |         |          | 
     | u_cpu_u_alu_sub_16_33_Y_u_cpu_u_alu_add_15_33_g429 | B v -> Y v   | CLKXOR2X1 | 0.210 |   5.241 |    5.338 | 
     | 3                                                  |              |           |       |         |          | 
     | g655417                                            | B v -> Y ^   | NAND2X1   | 0.050 |   5.292 |    5.388 | 
     | g655035                                            | C ^ -> Y v   | NAND3X2   | 0.197 |   5.488 |    5.585 | 
     | g165559                                            | A v -> Y ^   | NOR2X1    | 0.151 |   5.639 |    5.736 | 
     | g655026                                            | D ^ -> Y v   | NAND4BBX2 | 0.168 |   5.806 |    5.903 | 
     | g165557                                            | A v -> Y ^   | NOR2X1    | 0.130 |   5.937 |    6.034 | 
     | g165556                                            | A ^ -> Y v   | NAND2X1   | 0.073 |   6.010 |    6.107 | 
     | g165555                                            | B v -> Y ^   | NOR2X1    | 0.099 |   6.109 |    6.206 | 
     | g165554                                            | B0 ^ -> Y v  | AOI2BB1X1 | 0.100 |   6.209 |    6.305 | 
     | g165553                                            | B v -> Y ^   | NOR2X4    | 0.098 |   6.307 |    6.404 | 
     | g165550                                            | S0 ^ -> Y ^  | MX2X1     | 0.198 |   6.505 |    6.601 | 
     | g655045                                            | A1 ^ -> Y ^  | OA21X1    | 0.162 |   6.667 |    6.764 | 
     | u_cpu_add_167_30_Y_u_cpu_add_165_34_Y_u_cpu_add_16 | B ^ -> Y v   | NOR2X1    | 0.055 |   6.722 |    6.819 | 
     | 3_30_g913                                          |              |           |       |         |          | 
     | u_cpu_add_167_30_Y_u_cpu_add_165_34_Y_u_cpu_add_16 | B v -> Y ^   | NOR2X1    | 0.066 |   6.788 |    6.885 | 
     | 3_30_g911                                          |              |           |       |         |          | 
     | u_cpu_add_167_30_Y_u_cpu_add_165_34_Y_u_cpu_add_16 | B ^ -> Y v   | NOR2X2    | 0.055 |   6.843 |    6.940 | 
     | 3_30_g909                                          |              |           |       |         |          | 
     | u_cpu_add_167_30_Y_u_cpu_add_165_34_Y_u_cpu_add_16 | B0 v -> Y ^  | AOI2BB1X1 | 0.074 |   6.917 |    7.014 | 
     | 3_30_g907                                          |              |           |       |         |          | 
     | u_cpu_add_167_30_Y_u_cpu_add_165_34_Y_u_cpu_add_16 | B ^ -> Y v   | NOR2X2    | 0.062 |   6.979 |    7.076 | 
     | 3_30_g905                                          |              |           |       |         |          | 
     | u_cpu_add_167_30_Y_u_cpu_add_165_34_Y_u_cpu_add_16 | B0 v -> Y ^  | AOI2BB1X1 | 0.085 |   7.064 |    7.161 | 
     | 3_30_g903                                          |              |           |       |         |          | 
     | g655044                                            | B0 ^ -> Y v  | AOI21X2   | 0.064 |   7.128 |    7.225 | 
     | u_cpu_add_167_30_Y_u_cpu_add_165_34_Y_u_cpu_add_16 | B0 v -> Y ^  | AOI2BB1X1 | 0.081 |   7.208 |    7.305 | 
     | 3_30_g899                                          |              |           |       |         |          | 
     | u_cpu_add_167_30_Y_u_cpu_add_165_34_Y_u_cpu_add_16 | B ^ -> Y v   | NOR2X1    | 0.067 |   7.275 |    7.372 | 
     | 3_30_g897                                          |              |           |       |         |          | 
     | g655043                                            | A1N v -> Y v | AOI2BB1X2 | 0.161 |   7.436 |    7.533 | 
     | u_cpu_add_167_30_Y_u_cpu_add_165_34_Y_u_cpu_add_16 | B0 v -> Y ^  | AOI2BB1X2 | 0.079 |   7.515 |    7.612 | 
     | 3_30_g891                                          |              |           |       |         |          | 
     | u_cpu_add_167_30_Y_u_cpu_add_165_34_Y_u_cpu_add_16 | B ^ -> Y v   | NOR2X4    | 0.051 |   7.566 |    7.663 | 
     | 3_30_g889                                          |              |           |       |         |          | 
     | u_cpu_add_167_30_Y_u_cpu_add_165_34_Y_u_cpu_add_16 | B v -> Y ^   | NOR2X2    | 0.057 |   7.624 |    7.720 | 
     | 3_30_g887                                          |              |           |       |         |          | 
     | u_cpu_add_167_30_Y_u_cpu_add_165_34_Y_u_cpu_add_16 | B ^ -> Y v   | NOR2X4    | 0.050 |   7.673 |    7.770 | 
     | 3_30_g885                                          |              |           |       |         |          | 
     | u_cpu_add_167_30_Y_u_cpu_add_165_34_Y_u_cpu_add_16 | B v -> Y ^   | NOR2X2    | 0.056 |   7.730 |    7.827 | 
     | 3_30_g883                                          |              |           |       |         |          | 
     | u_cpu_add_167_30_Y_u_cpu_add_165_34_Y_u_cpu_add_16 | B ^ -> Y v   | NOR2X4    | 0.049 |   7.779 |    7.875 | 
     | 3_30_g881                                          |              |           |       |         |          | 
     | u_cpu_add_167_30_Y_u_cpu_add_165_34_Y_u_cpu_add_16 | B0 v -> Y ^  | AOI2BB1X2 | 0.069 |   7.848 |    7.945 | 
     | 3_30_g879                                          |              |           |       |         |          | 
     | u_cpu_add_167_30_Y_u_cpu_add_165_34_Y_u_cpu_add_16 | B ^ -> Y v   | NOR2X4    | 0.055 |   7.902 |    7.999 | 
     | 3_30_g877                                          |              |           |       |         |          | 
     | u_cpu_add_167_30_Y_u_cpu_add_165_34_Y_u_cpu_add_16 | B0 v -> Y ^  | AOI2BB1X4 | 0.056 |   7.959 |    8.055 | 
     | 3_30_g875                                          |              |           |       |         |          | 
     | u_cpu_add_167_30_Y_u_cpu_add_165_34_Y_u_cpu_add_16 | B ^ -> Y v   | NOR2X4    | 0.050 |   8.008 |    8.105 | 
     | 3_30_g873                                          |              |           |       |         |          | 
     | u_cpu_add_167_30_Y_u_cpu_add_165_34_Y_u_cpu_add_16 | B v -> Y ^   | NOR2X4    | 0.049 |   8.057 |    8.154 | 
     | 3_30_g871                                          |              |           |       |         |          | 
     | u_cpu_add_167_30_Y_u_cpu_add_165_34_Y_u_cpu_add_16 | B ^ -> Y v   | NOR2X4    | 0.043 |   8.100 |    8.197 | 
     | 3_30_g869                                          |              |           |       |         |          | 
     | u_cpu_add_167_30_Y_u_cpu_add_165_34_Y_u_cpu_add_16 | B0 v -> Y ^  | AOI2BB1X4 | 0.057 |   8.157 |    8.253 | 
     | 3_30_g867                                          |              |           |       |         |          | 
     | u_cpu_add_167_30_Y_u_cpu_add_165_34_Y_u_cpu_add_16 | B ^ -> Y v   | NOR2X4    | 0.045 |   8.201 |    8.298 | 
     | 3_30_g865                                          |              |           |       |         |          | 
     | u_cpu_add_167_30_Y_u_cpu_add_165_34_Y_u_cpu_add_16 | B v -> Y ^   | NOR2X4    | 0.045 |   8.246 |    8.343 | 
     | 3_30_g863                                          |              |           |       |         |          | 
     | u_cpu_add_167_30_Y_u_cpu_add_165_34_Y_u_cpu_add_16 | B ^ -> Y v   | NOR2X4    | 0.038 |   8.285 |    8.382 | 
     | 3_30_g861                                          |              |           |       |         |          | 
     | u_cpu_add_167_30_Y_u_cpu_add_165_34_Y_u_cpu_add_16 | B0 v -> Y ^  | AOI2BB1X2 | 0.069 |   8.353 |    8.450 | 
     | 3_30_g859                                          |              |           |       |         |          | 
     | u_cpu_add_167_30_Y_u_cpu_add_165_34_Y_u_cpu_add_16 | B ^ -> Y v   | NOR2X4    | 0.055 |   8.409 |    8.505 | 
     | 3_30_g857                                          |              |           |       |         |          | 
     | u_cpu_add_167_30_Y_u_cpu_add_165_34_Y_u_cpu_add_16 | B0 v -> Y ^  | AOI2BB1X4 | 0.063 |   8.471 |    8.568 | 
     | 3_30_g855                                          |              |           |       |         |          | 
     | u_cpu_add_167_30_Y_u_cpu_add_165_34_Y_u_cpu_add_16 | B ^ -> Y v   | NOR2X6    | 0.047 |   8.518 |    8.615 | 
     | 3_30_g853                                          |              |           |       |         |          | 
     | u_cpu_add_167_30_Y_u_cpu_add_165_34_Y_u_cpu_add_16 | B v -> Y ^   | NOR2X4    | 0.044 |   8.562 |    8.659 | 
     | 3_30_g851                                          |              |           |       |         |          | 
     | u_cpu_add_167_30_Y_u_cpu_add_165_34_Y_u_cpu_add_16 | B ^ -> Y v   | NOR2X4    | 0.044 |   8.607 |    8.704 | 
     | 3_30_g849                                          |              |           |       |         |          | 
     | u_cpu_add_167_30_Y_u_cpu_add_165_34_Y_u_cpu_add_16 | B v -> Y ^   | NOR2X4    | 0.048 |   8.654 |    8.751 | 
     | 3_30_g848                                          |              |           |       |         |          | 
     | u_cpu_add_167_30_Y_u_cpu_add_165_34_Y_u_cpu_add_16 | B ^ -> Y v   | NOR2X4    | 0.044 |   8.698 |    8.795 | 
     | 3_30_g846                                          |              |           |       |         |          | 
     | u_cpu_add_167_30_Y_u_cpu_add_165_34_Y_u_cpu_add_16 | B0 v -> Y ^  | AOI2BB1X4 | 0.060 |   8.758 |    8.855 | 
     | 3_30_g845                                          |              |           |       |         |          | 
     | u_cpu_add_167_30_Y_u_cpu_add_165_34_Y_u_cpu_add_16 | B ^ -> Y v   | NOR2X4    | 0.047 |   8.806 |    8.902 | 
     | 3_30_g843                                          |              |           |       |         |          | 
     | g655480                                            | B0 v -> Y ^  | AOI2BB1X4 | 0.058 |   8.864 |    8.961 | 
     | u_cpu_add_167_30_Y_u_cpu_add_165_34_Y_u_cpu_add_16 | B ^ -> Y v   | NOR2X4    | 0.048 |   8.911 |    9.008 | 
     | 3_30_g840                                          |              |           |       |         |          | 
     | u_cpu_add_167_30_Y_u_cpu_add_165_34_Y_u_cpu_add_16 | B v -> Y ^   | NOR2X4    | 0.044 |   8.956 |    9.052 | 
     | 3_30_g839                                          |              |           |       |         |          | 
     | u_cpu_add_167_30_Y_u_cpu_add_165_34_Y_u_cpu_add_16 | B ^ -> Y v   | NOR2X4    | 0.042 |   8.998 |    9.094 | 
     | 3_30_g837                                          |              |           |       |         |          | 
     | u_cpu_add_167_30_Y_u_cpu_add_165_34_Y_u_cpu_add_16 | B0 v -> Y ^  | AOI2BB1X4 | 0.063 |   9.060 |    9.157 | 
     | 3_30_g836                                          |              |           |       |         |          | 
     | u_cpu_add_167_30_Y_u_cpu_add_165_34_Y_u_cpu_add_16 | B ^ -> Y v   | NOR2X6    | 0.048 |   9.108 |    9.205 | 
     | 3_30_g834                                          |              |           |       |         |          | 
     | u_cpu_add_167_30_Y_u_cpu_add_165_34_Y_u_cpu_add_16 | B0 v -> Y ^  | AOI2BB1X4 | 0.062 |   9.170 |    9.266 | 
     | 3_30_g833                                          |              |           |       |         |          | 
     | u_cpu_add_167_30_Y_u_cpu_add_165_34_Y_u_cpu_add_16 | B ^ -> Y v   | NOR2X6    | 0.049 |   9.219 |    9.316 | 
     | 3_30_g831                                          |              |           |       |         |          | 
     | u_cpu_add_167_30_Y_u_cpu_add_165_34_Y_u_cpu_add_16 | B v -> Y ^   | NOR2X4    | 0.046 |   9.265 |    9.362 | 
     | 3_30_g830                                          |              |           |       |         |          | 
     | u_cpu_add_167_30_Y_u_cpu_add_165_34_Y_u_cpu_add_16 | B ^ -> Y v   | NOR2X4    | 0.042 |   9.307 |    9.404 | 
     | 3_30_g828                                          |              |           |       |         |          | 
     | u_cpu_add_167_30_Y_u_cpu_add_165_34_Y_u_cpu_add_16 | B0 v -> Y ^  | AOI2BB1X4 | 0.060 |   9.367 |    9.464 | 
     | 3_30_g827                                          |              |           |       |         |          | 
     | u_cpu_add_167_30_Y_u_cpu_add_165_34_Y_u_cpu_add_16 | B ^ -> Y v   | NOR2X6    | 0.045 |   9.411 |    9.508 | 
     | 3_30_g825                                          |              |           |       |         |          | 
     | u_cpu_add_167_30_Y_u_cpu_add_165_34_Y_u_cpu_add_16 | B v -> Y ^   | NOR2X4    | 0.050 |   9.461 |    9.558 | 
     | 3_30_g824                                          |              |           |       |         |          | 
     | u_cpu_add_167_30_Y_u_cpu_add_165_34_Y_u_cpu_add_16 | B ^ -> Y v   | NOR2X6    | 0.044 |   9.506 |    9.602 | 
     | 3_30_g822                                          |              |           |       |         |          | 
     | u_cpu_add_167_30_Y_u_cpu_add_165_34_Y_u_cpu_add_16 | B0 v -> Y ^  | AOI2BB1X4 | 0.062 |   9.568 |    9.664 | 
     | 3_30_g821                                          |              |           |       |         |          | 
     | u_cpu_add_167_30_Y_u_cpu_add_165_34_Y_u_cpu_add_16 | B ^ -> Y v   | NOR2X6    | 0.046 |   9.613 |    9.710 | 
     | 3_30_g819                                          |              |           |       |         |          | 
     | u_cpu_add_167_30_Y_u_cpu_add_165_34_Y_u_cpu_add_16 | B v -> Y ^   | NOR2X4    | 0.043 |   9.657 |    9.754 | 
     | 3_30_g818                                          |              |           |       |         |          | 
     | u_cpu_add_167_30_Y_u_cpu_add_165_34_Y_u_cpu_add_16 | B ^ -> Y v   | NOR2X4    | 0.042 |   9.698 |    9.795 | 
     | 3_30_g816                                          |              |           |       |         |          | 
     | g655057                                            | B0 v -> Y ^  | AOI2BB1X4 | 0.066 |   9.765 |    9.861 | 
     | g655056                                            | A ^ -> Y v   | NOR2X6    | 0.053 |   9.818 |    9.914 | 
     | u_cpu_add_167_30_Y_u_cpu_add_165_34_Y_u_cpu_add_16 | B0 v -> Y ^  | AOI2BB1X4 | 0.057 |   9.875 |    9.971 | 
     | 3_30_g812                                          |              |           |       |         |          | 
     | u_cpu_add_167_30_Y_u_cpu_add_165_34_Y_u_cpu_add_16 | B ^ -> Y v   | NOR2X4    | 0.038 |   9.913 |   10.009 | 
     | 3_30_g810                                          |              |           |       |         |          | 
     | u_cpu_add_167_30_Y_u_cpu_add_165_34_Y_u_cpu_add_16 | B v -> Y ^   | CLKXOR2X1 | 0.132 |  10.044 |   10.141 | 
     | 3_30_g809                                          |              |           |       |         |          | 
     | g641353                                            | B ^ -> Y v   | NAND2X1   | 0.062 |  10.106 |   10.203 | 
     | g653712                                            | B v -> Y ^   | NAND2X1   | 0.052 |  10.158 |   10.255 | 
     | u_cpu_pc_reg[31]                                   | D ^          | DFFRHQX1  | 0.000 |  10.158 |   10.255 | 
     +------------------------------------------------------------------------------------------------------------+ 

