###############################################################
#  Generated by:      Cadence Innovus 21.15-s110_1
#  OS:                Linux x86_64(Host ID cad16)
#  Generated on:      Mon Aug 10 12:31:24 2026
#  Design:            soc_top
#  Command:           report_timing -nworst 20        > reports/50_final_setup_v2.rpt
###############################################################
Path 1: MET Setup Check with Pin u_cpu_pc_reg[31]/CK 
Endpoint:   u_cpu_pc_reg[31]/D (^) checked with  leading edge of 'clk'
Beginpoint: u_cpu_ir_reg[0]/Q  (^) triggered by  leading edge of 'clk'
Path Groups: {clk}
Analysis View: av_ss
Other End Arrival Time          0.508
- Setup                         0.062
+ Phase Shift                  10.000
- Uncertainty                   0.200
= Required Time                10.246
- Arrival Time                  9.981
= Slack Time                    0.265
     Clock Rise Edge                 0.000
     + Clock Network Latency (Prop)  0.512
     = Beginpoint Arrival Time       0.512
     +------------------------------------------------------------------------------------------------------------+ 
     |                      Instance                      |     Arc      |   Cell    | Delay | Arrival | Required | 
     |                                                    |              |           |       |  Time   |   Time   | 
     |----------------------------------------------------+--------------+-----------+-------+---------+----------| 
     | u_cpu_ir_reg[0]                                    | CK ^         |           |       |   0.512 |    0.778 | 
     | u_cpu_ir_reg[0]                                    | CK ^ -> Q ^  | DFFRX1    | 0.451 |   0.963 |    1.229 | 
     | g655383                                            | A ^ -> Y v   | NAND2X1   | 0.145 |   1.108 |    1.373 | 
     | g160909                                            | B v -> Y ^   | NOR2X1    | 0.102 |   1.210 |    1.475 | 
     | g160892                                            | B0 ^ -> Y v  | OAI21X1   | 0.109 |   1.319 |    1.584 | 
     | g160890                                            | B v -> Y ^   | NOR2X1    | 0.138 |   1.456 |    1.722 | 
     | FE_OFC2349_n_8446                                  | A ^ -> Y v   | CLKINVX4  | 0.160 |   1.617 |    1.882 | 
     | g655053                                            | A1N v -> Y v | OAI2BB1X1 | 0.246 |   1.863 |    2.128 | 
     | FE_OFC511_n_8980                                   | A v -> Y v   | BUFX8     | 0.237 |   2.099 |    2.365 | 
     | FE_OFC2432_n_8980                                  | A v -> Y ^   | INVX3     | 0.155 |   2.254 |    2.520 | 
     | u_cpu_u_alu_sub_16_33_Y_u_cpu_u_alu_add_15_33_g417 | A0 ^ -> Y v  | OAI22X1   | 0.149 |   2.404 |    2.669 | 
     | 0                                                  |              |           |       |         |          | 
     | u_cpu_u_alu_sub_16_33_Y_u_cpu_u_alu_add_15_33_g411 | B v -> Y ^   | NOR2X1    | 0.112 |   2.515 |    2.781 | 
     | 5                                                  |              |           |       |         |          | 
     | u_cpu_u_alu_sub_16_33_Y_u_cpu_u_alu_add_15_33_g404 | A1 ^ -> Y v  | OAI21X1   | 0.133 |   2.648 |    2.914 | 
     | 6                                                  |              |           |       |         |          | 
     | u_cpu_u_alu_sub_16_33_Y_u_cpu_u_alu_add_15_33_g403 | A1 v -> Y ^  | AOI21X1   | 0.129 |   2.777 |    3.042 | 
     | 9                                                  |              |           |       |         |          | 
     | u_cpu_u_alu_sub_16_33_Y_u_cpu_u_alu_add_15_33_g403 | B ^ -> Y v   | NOR2X1    | 0.069 |   2.846 |    3.111 | 
     | 4                                                  |              |           |       |         |          | 
     | u_cpu_u_alu_sub_16_33_Y_u_cpu_u_alu_add_15_33_g403 | B v -> Y ^   | NOR2X1    | 0.076 |   2.922 |    3.187 | 
     | 2                                                  |              |           |       |         |          | 
     | u_cpu_u_alu_sub_16_33_Y_u_cpu_u_alu_add_15_33_g403 | B ^ -> Y v   | NOR2X1    | 0.066 |   2.988 |    3.253 | 
     | 0                                                  |              |           |       |         |          | 
     | u_cpu_u_alu_sub_16_33_Y_u_cpu_u_alu_add_15_33_g402 | B v -> Y ^   | NOR2X1    | 0.063 |   3.051 |    3.316 | 
     | 8                                                  |              |           |       |         |          | 
     | u_cpu_u_alu_sub_16_33_Y_u_cpu_u_alu_add_15_33_g402 | B ^ -> Y v   | NOR2X1    | 0.058 |   3.108 |    3.374 | 
     | 6                                                  |              |           |       |         |          | 
     | u_cpu_u_alu_sub_16_33_Y_u_cpu_u_alu_add_15_33_g402 | B v -> Y ^   | NOR2X1    | 0.105 |   3.214 |    3.479 | 
     | 4                                                  |              |           |       |         |          | 
     | u_cpu_u_alu_sub_16_33_Y_u_cpu_u_alu_add_15_33_g402 | B ^ -> Y v   | NOR2X1    | 0.099 |   3.313 |    3.578 | 
     | 1                                                  |              |           |       |         |          | 
     | u_cpu_u_alu_sub_16_33_Y_u_cpu_u_alu_add_15_33_g401 | A1 v -> Y ^  | AOI21X1   | 0.108 |   3.421 |    3.686 | 
     | 5                                                  |              |           |       |         |          | 
     | u_cpu_u_alu_sub_16_33_Y_u_cpu_u_alu_add_15_33_g401 | A1 ^ -> Y v  | OAI21X1   | 0.132 |   3.553 |    3.818 | 
     | 1                                                  |              |           |       |         |          | 
     | g655048                                            | A1N v -> Y v | OAI2BB1X1 | 0.166 |   3.719 |    3.985 | 
     | u_cpu_u_alu_sub_16_33_Y_u_cpu_u_alu_add_15_33_g400 | A v -> Y ^   | INVX1     | 0.069 |   3.789 |    4.054 | 
     | 7                                                  |              |           |       |         |          | 
     | u_cpu_u_alu_sub_16_33_Y_u_cpu_u_alu_add_15_33_g400 | A1 ^ -> Y v  | OAI21X1   | 0.095 |   3.883 |    4.149 | 
     | 5                                                  |              |           |       |         |          | 
     | u_cpu_u_alu_sub_16_33_Y_u_cpu_u_alu_add_15_33_g400 | A1 v -> Y ^  | AOI21X1   | 0.136 |   4.020 |    4.285 | 
     | 3                                                  |              |           |       |         |          | 
     | u_cpu_u_alu_sub_16_33_Y_u_cpu_u_alu_add_15_33_g400 | A1 ^ -> Y v  | OAI21X1   | 0.137 |   4.157 |    4.422 | 
     | 0                                                  |              |           |       |         |          | 
     | u_cpu_u_alu_sub_16_33_Y_u_cpu_u_alu_add_15_33_g399 | A v -> Y ^   | INVX1     | 0.068 |   4.224 |    4.490 | 
     | 9                                                  |              |           |       |         |          | 
     | u_cpu_u_alu_sub_16_33_Y_u_cpu_u_alu_add_15_33_g399 | B ^ -> Y v   | NOR2X1    | 0.039 |   4.263 |    4.529 | 
     | 8                                                  |              |           |       |         |          | 
     | u_cpu_u_alu_sub_16_33_Y_u_cpu_u_alu_add_15_33_g399 | B v -> Y ^   | NOR2X1    | 0.101 |   4.364 |    4.630 | 
     | 6                                                  |              |           |       |         |          | 
     | u_cpu_u_alu_sub_16_33_Y_u_cpu_u_alu_add_15_33_g399 | B ^ -> Y v   | NOR2X1    | 0.094 |   4.458 |    4.724 | 
     | 5                                                  |              |           |       |         |          | 
     | u_cpu_u_alu_sub_16_33_Y_u_cpu_u_alu_add_15_33_g399 | B v -> Y ^   | NAND2X1   | 0.045 |   4.504 |    4.769 | 
     | 1                                                  |              |           |       |         |          | 
     | u_cpu_u_alu_sub_16_33_Y_u_cpu_u_alu_add_15_33_g398 | B ^ -> Y v   | NAND2X1   | 0.128 |   4.632 |    4.897 | 
     | 9                                                  |              |           |       |         |          | 
     | u_cpu_u_alu_sub_16_33_Y_u_cpu_u_alu_add_15_33_g398 | B v -> Y ^   | NAND2X1   | 0.109 |   4.741 |    5.007 | 
     | 2                                                  |              |           |       |         |          | 
     | u_cpu_u_alu_sub_16_33_Y_u_cpu_u_alu_add_15_33_g397 | A1 ^ -> Y v  | OAI21X1   | 0.180 |   4.921 |    5.186 | 
     | 6                                                  |              |           |       |         |          | 
     | u_cpu_u_alu_sub_16_33_Y_u_cpu_u_alu_add_15_33_g429 | B v -> Y v   | CLKXOR2X1 | 0.207 |   5.128 |    5.393 | 
     | 3                                                  |              |           |       |         |          | 
     | g655417                                            | B v -> Y ^   | NAND2X1   | 0.050 |   5.177 |    5.443 | 
     | g655035                                            | C ^ -> Y v   | NAND3X2   | 0.189 |   5.366 |    5.632 | 
     | g165559                                            | A v -> Y ^   | NOR2X1    | 0.148 |   5.515 |    5.780 | 
     | g655026                                            | D ^ -> Y v   | NAND4BBX2 | 0.162 |   5.677 |    5.942 | 
     | g165557                                            | A v -> Y ^   | NOR2X1    | 0.127 |   5.804 |    6.069 | 
     | g165556                                            | A ^ -> Y v   | NAND2X1   | 0.073 |   5.876 |    6.142 | 
     | g165555                                            | B v -> Y ^   | NOR2X1    | 0.096 |   5.972 |    6.237 | 
     | g165554                                            | B0 ^ -> Y v  | AOI2BB1X1 | 0.098 |   6.070 |    6.335 | 
     | g165553                                            | B v -> Y ^   | NOR2X4    | 0.097 |   6.166 |    6.432 | 
     | g165550                                            | S0 ^ -> Y ^  | MX2X1     | 0.193 |   6.360 |    6.625 | 
     | g655045                                            | A1 ^ -> Y ^  | OA21X1    | 0.158 |   6.517 |    6.783 | 
     | u_cpu_add_167_30_Y_u_cpu_add_165_34_Y_u_cpu_add_16 | B ^ -> Y v   | NOR2X1    | 0.053 |   6.570 |    6.835 | 
     | 3_30_g913                                          |              |           |       |         |          | 
     | u_cpu_add_167_30_Y_u_cpu_add_165_34_Y_u_cpu_add_16 | B v -> Y ^   | NOR2X1    | 0.065 |   6.635 |    6.900 | 
     | 3_30_g911                                          |              |           |       |         |          | 
     | u_cpu_add_167_30_Y_u_cpu_add_165_34_Y_u_cpu_add_16 | B ^ -> Y v   | NOR2X2    | 0.054 |   6.689 |    6.955 | 
     | 3_30_g909                                          |              |           |       |         |          | 
     | u_cpu_add_167_30_Y_u_cpu_add_165_34_Y_u_cpu_add_16 | B0 v -> Y ^  | AOI2BB1X1 | 0.071 |   6.760 |    7.026 | 
     | 3_30_g907                                          |              |           |       |         |          | 
     | u_cpu_add_167_30_Y_u_cpu_add_165_34_Y_u_cpu_add_16 | B ^ -> Y v   | NOR2X2    | 0.059 |   6.820 |    7.085 | 
     | 3_30_g905                                          |              |           |       |         |          | 
     | u_cpu_add_167_30_Y_u_cpu_add_165_34_Y_u_cpu_add_16 | B0 v -> Y ^  | AOI2BB1X1 | 0.082 |   6.901 |    7.167 | 
     | 3_30_g903                                          |              |           |       |         |          | 
     | g655044                                            | B0 ^ -> Y v  | AOI21X2   | 0.062 |   6.963 |    7.229 | 
     | u_cpu_add_167_30_Y_u_cpu_add_165_34_Y_u_cpu_add_16 | B0 v -> Y ^  | AOI2BB1X1 | 0.081 |   7.044 |    7.309 | 
     | 3_30_g899                                          |              |           |       |         |          | 
     | u_cpu_add_167_30_Y_u_cpu_add_165_34_Y_u_cpu_add_16 | B ^ -> Y v   | NOR2X1    | 0.066 |   7.110 |    7.375 | 
     | 3_30_g897                                          |              |           |       |         |          | 
     | g655043                                            | A1N v -> Y v | AOI2BB1X2 | 0.160 |   7.270 |    7.536 | 
     | u_cpu_add_167_30_Y_u_cpu_add_165_34_Y_u_cpu_add_16 | B0 v -> Y ^  | AOI2BB1X2 | 0.078 |   7.348 |    7.614 | 
     | 3_30_g891                                          |              |           |       |         |          | 
     | u_cpu_add_167_30_Y_u_cpu_add_165_34_Y_u_cpu_add_16 | B ^ -> Y v   | NOR2X4    | 0.050 |   7.399 |    7.664 | 
     | 3_30_g889                                          |              |           |       |         |          | 
     | u_cpu_add_167_30_Y_u_cpu_add_165_34_Y_u_cpu_add_16 | B v -> Y ^   | NOR2X2    | 0.057 |   7.455 |    7.721 | 
     | 3_30_g887                                          |              |           |       |         |          | 
     | u_cpu_add_167_30_Y_u_cpu_add_165_34_Y_u_cpu_add_16 | B ^ -> Y v   | NOR2X4    | 0.049 |   7.505 |    7.770 | 
     | 3_30_g885                                          |              |           |       |         |          | 
     | u_cpu_add_167_30_Y_u_cpu_add_165_34_Y_u_cpu_add_16 | B v -> Y ^   | NOR2X2    | 0.056 |   7.561 |    7.827 | 
     | 3_30_g883                                          |              |           |       |         |          | 
     | u_cpu_add_167_30_Y_u_cpu_add_165_34_Y_u_cpu_add_16 | B ^ -> Y v   | NOR2X4    | 0.049 |   7.610 |    7.875 | 
     | 3_30_g881                                          |              |           |       |         |          | 
     | u_cpu_add_167_30_Y_u_cpu_add_165_34_Y_u_cpu_add_16 | B0 v -> Y ^  | AOI2BB1X2 | 0.069 |   7.679 |    7.944 | 
     | 3_30_g879                                          |              |           |       |         |          | 
     | u_cpu_add_167_30_Y_u_cpu_add_165_34_Y_u_cpu_add_16 | B ^ -> Y v   | NOR2X4    | 0.055 |   7.733 |    7.998 | 
     | 3_30_g877                                          |              |           |       |         |          | 
     | u_cpu_add_167_30_Y_u_cpu_add_165_34_Y_u_cpu_add_16 | B0 v -> Y ^  | AOI2BB1X4 | 0.056 |   7.789 |    8.054 | 
     | 3_30_g875                                          |              |           |       |         |          | 
     | u_cpu_add_167_30_Y_u_cpu_add_165_34_Y_u_cpu_add_16 | B ^ -> Y v   | NOR2X4    | 0.049 |   7.838 |    8.104 | 
     | 3_30_g873                                          |              |           |       |         |          | 
     | u_cpu_add_167_30_Y_u_cpu_add_165_34_Y_u_cpu_add_16 | B v -> Y ^   | NOR2X4    | 0.049 |   7.887 |    8.152 | 
     | 3_30_g871                                          |              |           |       |         |          | 
     | u_cpu_add_167_30_Y_u_cpu_add_165_34_Y_u_cpu_add_16 | B ^ -> Y v   | NOR2X4    | 0.043 |   7.929 |    8.195 | 
     | 3_30_g869                                          |              |           |       |         |          | 
     | u_cpu_add_167_30_Y_u_cpu_add_165_34_Y_u_cpu_add_16 | B0 v -> Y ^  | AOI2BB1X4 | 0.056 |   7.986 |    8.251 | 
     | 3_30_g867                                          |              |           |       |         |          | 
     | u_cpu_add_167_30_Y_u_cpu_add_165_34_Y_u_cpu_add_16 | B ^ -> Y v   | NOR2X4    | 0.044 |   8.030 |    8.295 | 
     | 3_30_g865                                          |              |           |       |         |          | 
     | u_cpu_add_167_30_Y_u_cpu_add_165_34_Y_u_cpu_add_16 | B v -> Y ^   | NOR2X4    | 0.045 |   8.074 |    8.340 | 
     | 3_30_g863                                          |              |           |       |         |          | 
     | u_cpu_add_167_30_Y_u_cpu_add_165_34_Y_u_cpu_add_16 | B ^ -> Y v   | NOR2X4    | 0.038 |   8.113 |    8.378 | 
     | 3_30_g861                                          |              |           |       |         |          | 
     | u_cpu_add_167_30_Y_u_cpu_add_165_34_Y_u_cpu_add_16 | B0 v -> Y ^  | AOI2BB1X2 | 0.067 |   8.180 |    8.446 | 
     | 3_30_g859                                          |              |           |       |         |          | 
     | u_cpu_add_167_30_Y_u_cpu_add_165_34_Y_u_cpu_add_16 | B ^ -> Y v   | NOR2X4    | 0.054 |   8.234 |    8.499 | 
     | 3_30_g857                                          |              |           |       |         |          | 
     | u_cpu_add_167_30_Y_u_cpu_add_165_34_Y_u_cpu_add_16 | B0 v -> Y ^  | AOI2BB1X4 | 0.063 |   8.297 |    8.562 | 
     | 3_30_g855                                          |              |           |       |         |          | 
     | u_cpu_add_167_30_Y_u_cpu_add_165_34_Y_u_cpu_add_16 | B ^ -> Y v   | NOR2X6    | 0.046 |   8.342 |    8.608 | 
     | 3_30_g853                                          |              |           |       |         |          | 
     | u_cpu_add_167_30_Y_u_cpu_add_165_34_Y_u_cpu_add_16 | B v -> Y ^   | NOR2X4    | 0.043 |   8.386 |    8.651 | 
     | 3_30_g851                                          |              |           |       |         |          | 
     | u_cpu_add_167_30_Y_u_cpu_add_165_34_Y_u_cpu_add_16 | B ^ -> Y v   | NOR2X4    | 0.044 |   8.430 |    8.695 | 
     | 3_30_g849                                          |              |           |       |         |          | 
     | u_cpu_add_167_30_Y_u_cpu_add_165_34_Y_u_cpu_add_16 | B v -> Y ^   | NOR2X4    | 0.047 |   8.477 |    8.742 | 
     | 3_30_g848                                          |              |           |       |         |          | 
     | u_cpu_add_167_30_Y_u_cpu_add_165_34_Y_u_cpu_add_16 | B ^ -> Y v   | NOR2X4    | 0.043 |   8.520 |    8.785 | 
     | 3_30_g846                                          |              |           |       |         |          | 
     | u_cpu_add_167_30_Y_u_cpu_add_165_34_Y_u_cpu_add_16 | B0 v -> Y ^  | AOI2BB1X4 | 0.060 |   8.580 |    8.845 | 
     | 3_30_g845                                          |              |           |       |         |          | 
     | u_cpu_add_167_30_Y_u_cpu_add_165_34_Y_u_cpu_add_16 | B ^ -> Y v   | NOR2X4    | 0.047 |   8.626 |    8.892 | 
     | 3_30_g843                                          |              |           |       |         |          | 
     | g655480                                            | B0 v -> Y ^  | AOI2BB1X4 | 0.058 |   8.684 |    8.950 | 
     | u_cpu_add_167_30_Y_u_cpu_add_165_34_Y_u_cpu_add_16 | B ^ -> Y v   | NOR2X4    | 0.047 |   8.732 |    8.997 | 
     | 3_30_g840                                          |              |           |       |         |          | 
     | u_cpu_add_167_30_Y_u_cpu_add_165_34_Y_u_cpu_add_16 | B v -> Y ^   | NOR2X4    | 0.044 |   8.776 |    9.041 | 
     | 3_30_g839                                          |              |           |       |         |          | 
     | u_cpu_add_167_30_Y_u_cpu_add_165_34_Y_u_cpu_add_16 | B ^ -> Y v   | NOR2X4    | 0.042 |   8.817 |    9.083 | 
     | 3_30_g837                                          |              |           |       |         |          | 
     | u_cpu_add_167_30_Y_u_cpu_add_165_34_Y_u_cpu_add_16 | B0 v -> Y ^  | AOI2BB1X4 | 0.063 |   8.880 |    9.145 | 
     | 3_30_g836                                          |              |           |       |         |          | 
     | u_cpu_add_167_30_Y_u_cpu_add_165_34_Y_u_cpu_add_16 | B ^ -> Y v   | NOR2X6    | 0.052 |   8.932 |    9.197 | 
     | 3_30_g834                                          |              |           |       |         |          | 
     | u_cpu_add_167_30_Y_u_cpu_add_165_34_Y_u_cpu_add_16 | B0 v -> Y ^  | AOI2BB1X4 | 0.065 |   8.996 |    9.262 | 
     | 3_30_g833                                          |              |           |       |         |          | 
     | u_cpu_add_167_30_Y_u_cpu_add_165_34_Y_u_cpu_add_16 | B ^ -> Y v   | NOR2X6    | 0.052 |   9.048 |    9.314 | 
     | 3_30_g831                                          |              |           |       |         |          | 
     | u_cpu_add_167_30_Y_u_cpu_add_165_34_Y_u_cpu_add_16 | B v -> Y ^   | NOR2X4    | 0.047 |   9.095 |    9.361 | 
     | 3_30_g830                                          |              |           |       |         |          | 
     | u_cpu_add_167_30_Y_u_cpu_add_165_34_Y_u_cpu_add_16 | B ^ -> Y v   | NOR2X4    | 0.041 |   9.136 |    9.402 | 
     | 3_30_g828                                          |              |           |       |         |          | 
     | u_cpu_add_167_30_Y_u_cpu_add_165_34_Y_u_cpu_add_16 | B0 v -> Y ^  | AOI2BB1X4 | 0.061 |   9.198 |    9.463 | 
     | 3_30_g827                                          |              |           |       |         |          | 
     | u_cpu_add_167_30_Y_u_cpu_add_165_34_Y_u_cpu_add_16 | B ^ -> Y v   | NOR2X6    | 0.045 |   9.243 |    9.509 | 
     | 3_30_g825                                          |              |           |       |         |          | 
     | u_cpu_add_167_30_Y_u_cpu_add_165_34_Y_u_cpu_add_16 | B v -> Y ^   | NOR2X4    | 0.049 |   9.292 |    9.557 | 
     | 3_30_g824                                          |              |           |       |         |          | 
     | u_cpu_add_167_30_Y_u_cpu_add_165_34_Y_u_cpu_add_16 | B ^ -> Y v   | NOR2X6    | 0.044 |   9.336 |    9.601 | 
     | 3_30_g822                                          |              |           |       |         |          | 
     | u_cpu_add_167_30_Y_u_cpu_add_165_34_Y_u_cpu_add_16 | B0 v -> Y ^  | AOI2BB1X4 | 0.062 |   9.398 |    9.664 | 
     | 3_30_g821                                          |              |           |       |         |          | 
     | u_cpu_add_167_30_Y_u_cpu_add_165_34_Y_u_cpu_add_16 | B ^ -> Y v   | NOR2X6    | 0.046 |   9.444 |    9.709 | 
     | 3_30_g819                                          |              |           |       |         |          | 
     | u_cpu_add_167_30_Y_u_cpu_add_165_34_Y_u_cpu_add_16 | B v -> Y ^   | NOR2X4    | 0.043 |   9.487 |    9.753 | 
     | 3_30_g818                                          |              |           |       |         |          | 
     | u_cpu_add_167_30_Y_u_cpu_add_165_34_Y_u_cpu_add_16 | B ^ -> Y v   | NOR2X4    | 0.041 |   9.529 |    9.794 | 
     | 3_30_g816                                          |              |           |       |         |          | 
     | g655057                                            | B0 v -> Y ^  | AOI2BB1X4 | 0.065 |   9.593 |    9.859 | 
     | g655056                                            | A ^ -> Y v   | NOR2X6    | 0.051 |   9.645 |    9.910 | 
     | u_cpu_add_167_30_Y_u_cpu_add_165_34_Y_u_cpu_add_16 | B0 v -> Y ^  | AOI2BB1X4 | 0.055 |   9.700 |    9.965 | 
     | 3_30_g812                                          |              |           |       |         |          | 
     | u_cpu_add_167_30_Y_u_cpu_add_165_34_Y_u_cpu_add_16 | B ^ -> Y v   | NOR2X4    | 0.037 |   9.737 |   10.002 | 
     | 3_30_g810                                          |              |           |       |         |          | 
     | u_cpu_add_167_30_Y_u_cpu_add_165_34_Y_u_cpu_add_16 | B v -> Y ^   | CLKXOR2X1 | 0.131 |   9.868 |   10.133 | 
     | 3_30_g809                                          |              |           |       |         |          | 
     | g641353                                            | B ^ -> Y v   | NAND2X1   | 0.062 |   9.930 |   10.195 | 
     | g653712                                            | B v -> Y ^   | NAND2X1   | 0.051 |   9.981 |   10.246 | 
     | u_cpu_pc_reg[31]                                   | D ^          | DFFRHQX1  | 0.000 |   9.981 |   10.246 | 
     +------------------------------------------------------------------------------------------------------------+ 
Path 2: MET Setup Check with Pin u_cpu_pc_reg[31]/CK 
Endpoint:   u_cpu_pc_reg[31]/D (^) checked with  leading edge of 'clk'
Beginpoint: u_cpu_ir_reg[0]/Q  (^) triggered by  leading edge of 'clk'
Path Groups: {clk}
Analysis View: av_ss
Other End Arrival Time          0.508
- Setup                         0.062
+ Phase Shift                  10.000
- Uncertainty                   0.200
= Required Time                10.246
- Arrival Time                  9.965
= Slack Time                    0.281
     Clock Rise Edge                 0.000
     + Clock Network Latency (Prop)  0.512
     = Beginpoint Arrival Time       0.512
     +------------------------------------------------------------------------------------------------------------+ 
     |                      Instance                      |     Arc      |   Cell    | Delay | Arrival | Required | 
     |                                                    |              |           |       |  Time   |   Time   | 
     |----------------------------------------------------+--------------+-----------+-------+---------+----------| 
     | u_cpu_ir_reg[0]                                    | CK ^         |           |       |   0.512 |    0.793 | 
     | u_cpu_ir_reg[0]                                    | CK ^ -> Q ^  | DFFRX1    | 0.451 |   0.963 |    1.244 | 
     | g655383                                            | A ^ -> Y v   | NAND2X1   | 0.145 |   1.108 |    1.389 | 
     | g160909                                            | B v -> Y ^   | NOR2X1    | 0.102 |   1.210 |    1.491 | 
     | g160892                                            | B0 ^ -> Y v  | OAI21X1   | 0.109 |   1.319 |    1.600 | 
     | g160890                                            | B v -> Y ^   | NOR2X1    | 0.138 |   1.456 |    1.737 | 
     | FE_OFC2349_n_8446                                  | A ^ -> Y v   | CLKINVX4  | 0.160 |   1.617 |    1.898 | 
     | g655053                                            | A1N v -> Y v | OAI2BB1X1 | 0.246 |   1.863 |    2.144 | 
     | FE_OFC511_n_8980                                   | A v -> Y v   | BUFX8     | 0.237 |   2.099 |    2.380 | 
     | FE_OFC2432_n_8980                                  | A v -> Y ^   | INVX3     | 0.155 |   2.254 |    2.535 | 
     | u_cpu_u_alu_sub_16_33_Y_u_cpu_u_alu_add_15_33_g417 | A0 ^ -> Y v  | OAI22X1   | 0.149 |   2.404 |    2.685 | 
     | 0                                                  |              |           |       |         |          | 
     | u_cpu_u_alu_sub_16_33_Y_u_cpu_u_alu_add_15_33_g411 | B v -> Y ^   | NOR2X1    | 0.112 |   2.515 |    2.796 | 
     | 5                                                  |              |           |       |         |          | 
     | u_cpu_u_alu_sub_16_33_Y_u_cpu_u_alu_add_15_33_g404 | A1 ^ -> Y v  | OAI21X1   | 0.133 |   2.648 |    2.929 | 
     | 6                                                  |              |           |       |         |          | 
     | u_cpu_u_alu_sub_16_33_Y_u_cpu_u_alu_add_15_33_g403 | A1 v -> Y ^  | AOI21X1   | 0.129 |   2.777 |    3.058 | 
     | 9                                                  |              |           |       |         |          | 
     | u_cpu_u_alu_sub_16_33_Y_u_cpu_u_alu_add_15_33_g403 | B ^ -> Y v   | NOR2X1    | 0.069 |   2.846 |    3.127 | 
     | 4                                                  |              |           |       |         |          | 
     | u_cpu_u_alu_sub_16_33_Y_u_cpu_u_alu_add_15_33_g403 | B v -> Y ^   | NOR2X1    | 0.076 |   2.922 |    3.203 | 
     | 2                                                  |              |           |       |         |          | 
     | u_cpu_u_alu_sub_16_33_Y_u_cpu_u_alu_add_15_33_g403 | B ^ -> Y v   | NOR2X1    | 0.066 |   2.988 |    3.269 | 
     | 0                                                  |              |           |       |         |          | 
     | u_cpu_u_alu_sub_16_33_Y_u_cpu_u_alu_add_15_33_g402 | B v -> Y ^   | NOR2X1    | 0.063 |   3.051 |    3.332 | 
     | 8                                                  |              |           |       |         |          | 
     | u_cpu_u_alu_sub_16_33_Y_u_cpu_u_alu_add_15_33_g402 | B ^ -> Y v   | NOR2X1    | 0.058 |   3.108 |    3.389 | 
     | 6                                                  |              |           |       |         |          | 
     | u_cpu_u_alu_sub_16_33_Y_u_cpu_u_alu_add_15_33_g402 | B v -> Y ^   | NOR2X1    | 0.105 |   3.214 |    3.495 | 
     | 4                                                  |              |           |       |         |          | 
     | u_cpu_u_alu_sub_16_33_Y_u_cpu_u_alu_add_15_33_g402 | B ^ -> Y v   | NOR2X1    | 0.099 |   3.313 |    3.594 | 
     | 1                                                  |              |           |       |         |          | 
     | u_cpu_u_alu_sub_16_33_Y_u_cpu_u_alu_add_15_33_g401 | A1 v -> Y ^  | AOI21X1   | 0.108 |   3.421 |    3.702 | 
     | 5                                                  |              |           |       |         |          | 
     | u_cpu_u_alu_sub_16_33_Y_u_cpu_u_alu_add_15_33_g401 | A1 ^ -> Y v  | OAI21X1   | 0.132 |   3.553 |    3.834 | 
     | 1                                                  |              |           |       |         |          | 
     | g655048                                            | A1N v -> Y v | OAI2BB1X1 | 0.166 |   3.719 |    4.000 | 
     | u_cpu_u_alu_sub_16_33_Y_u_cpu_u_alu_add_15_33_g400 | A v -> Y ^   | INVX1     | 0.069 |   3.789 |    4.070 | 
     | 7                                                  |              |           |       |         |          | 
     | u_cpu_u_alu_sub_16_33_Y_u_cpu_u_alu_add_15_33_g400 | A1 ^ -> Y v  | OAI21X1   | 0.095 |   3.883 |    4.164 | 
     | 5                                                  |              |           |       |         |          | 
     | u_cpu_u_alu_sub_16_33_Y_u_cpu_u_alu_add_15_33_g400 | A1 v -> Y ^  | AOI21X1   | 0.136 |   4.020 |    4.301 | 
     | 3                                                  |              |           |       |         |          | 
     | u_cpu_u_alu_sub_16_33_Y_u_cpu_u_alu_add_15_33_g400 | A1 ^ -> Y v  | OAI21X1   | 0.137 |   4.157 |    4.438 | 
     | 0                                                  |              |           |       |         |          | 
     | u_cpu_u_alu_sub_16_33_Y_u_cpu_u_alu_add_15_33_g399 | A v -> Y ^   | INVX1     | 0.068 |   4.224 |    4.505 | 
     | 9                                                  |              |           |       |         |          | 
     | u_cpu_u_alu_sub_16_33_Y_u_cpu_u_alu_add_15_33_g399 | B ^ -> Y v   | NOR2X1    | 0.039 |   4.263 |    4.544 | 
     | 8                                                  |              |           |       |         |          | 
     | u_cpu_u_alu_sub_16_33_Y_u_cpu_u_alu_add_15_33_g399 | B v -> Y ^   | NOR2X1    | 0.101 |   4.364 |    4.645 | 
     | 6                                                  |              |           |       |         |          | 
     | u_cpu_u_alu_sub_16_33_Y_u_cpu_u_alu_add_15_33_g399 | B ^ -> Y v   | NOR2X1    | 0.094 |   4.458 |    4.739 | 
     | 5                                                  |              |           |       |         |          | 
     | u_cpu_u_alu_sub_16_33_Y_u_cpu_u_alu_add_15_33_g399 | B v -> Y ^   | NAND2X1   | 0.045 |   4.504 |    4.785 | 
     | 1                                                  |              |           |       |         |          | 
     | u_cpu_u_alu_sub_16_33_Y_u_cpu_u_alu_add_15_33_g398 | B ^ -> Y v   | NAND2X1   | 0.128 |   4.632 |    4.913 | 
     | 9                                                  |              |           |       |         |          | 
     | u_cpu_u_alu_sub_16_33_Y_u_cpu_u_alu_add_15_33_g398 | B v -> Y ^   | NAND2X1   | 0.109 |   4.741 |    5.022 | 
     | 2                                                  |              |           |       |         |          | 
     | u_cpu_u_alu_sub_16_33_Y_u_cpu_u_alu_add_15_33_g397 | A1 ^ -> Y v  | OAI21X1   | 0.180 |   4.921 |    5.202 | 
     | 6                                                  |              |           |       |         |          | 
     | u_cpu_u_alu_sub_16_33_Y_u_cpu_u_alu_add_15_33_g429 | B v -> Y v   | CLKXOR2X1 | 0.207 |   5.128 |    5.409 | 
     | 3                                                  |              |           |       |         |          | 
     | g655417                                            | B v -> Y ^   | NAND2X1   | 0.050 |   5.177 |    5.458 | 
     | g655035                                            | C ^ -> Y v   | NAND3X2   | 0.189 |   5.366 |    5.647 | 
     | g165559                                            | A v -> Y ^   | NOR2X1    | 0.148 |   5.515 |    5.796 | 
     | g655026                                            | D ^ -> Y v   | NAND4BBX2 | 0.162 |   5.677 |    5.958 | 
     | g165557                                            | A v -> Y ^   | NOR2X1    | 0.127 |   5.804 |    6.085 | 
     | g165556                                            | A ^ -> Y v   | NAND2X1   | 0.073 |   5.876 |    6.157 | 
     | g165555                                            | B v -> Y ^   | NOR2X1    | 0.096 |   5.972 |    6.253 | 
     | g165554                                            | B0 ^ -> Y v  | AOI2BB1X1 | 0.098 |   6.070 |    6.351 | 
     | g165553                                            | B v -> Y ^   | NOR2X4    | 0.097 |   6.166 |    6.447 | 
     | g165550                                            | S0 ^ -> Y v  | MX2X1     | 0.233 |   6.400 |    6.681 | 
     | g655045                                            | A1 v -> Y v  | OA21X1    | 0.152 |   6.552 |    6.833 | 
     | u_cpu_add_167_30_Y_u_cpu_add_165_34_Y_u_cpu_add_16 | B v -> Y ^   | NOR2X1    | 0.076 |   6.628 |    6.909 | 
     | 3_30_g913                                          |              |           |       |         |          | 
     | u_cpu_add_167_30_Y_u_cpu_add_165_34_Y_u_cpu_add_16 | B ^ -> Y v   | NOR2X1    | 0.069 |   6.696 |    6.977 | 
     | 3_30_g911                                          |              |           |       |         |          | 
     | u_cpu_add_167_30_Y_u_cpu_add_165_34_Y_u_cpu_add_16 | B v -> Y ^   | NOR2X2    | 0.054 |   6.750 |    7.031 | 
     | 3_30_g909                                          |              |           |       |         |          | 
     | u_cpu_add_167_30_Y_u_cpu_add_165_34_Y_u_cpu_add_16 | B0 ^ -> Y v  | AOI2BB1X1 | 0.059 |   6.809 |    7.090 | 
     | 3_30_g907                                          |              |           |       |         |          | 
     | u_cpu_add_167_30_Y_u_cpu_add_165_34_Y_u_cpu_add_16 | B v -> Y ^   | NOR2X2    | 0.061 |   6.870 |    7.151 | 
     | 3_30_g905                                          |              |           |       |         |          | 
     | u_cpu_add_167_30_Y_u_cpu_add_165_34_Y_u_cpu_add_16 | B0 ^ -> Y v  | AOI2BB1X1 | 0.067 |   6.937 |    7.218 | 
     | 3_30_g903                                          |              |           |       |         |          | 
     | g655044                                            | B0 v -> Y ^  | AOI21X2   | 0.062 |   6.999 |    7.280 | 
     | u_cpu_add_167_30_Y_u_cpu_add_165_34_Y_u_cpu_add_16 | B0 ^ -> Y v  | AOI2BB1X1 | 0.056 |   7.055 |    7.336 | 
     | 3_30_g899                                          |              |           |       |         |          | 
     | u_cpu_add_167_30_Y_u_cpu_add_165_34_Y_u_cpu_add_16 | B v -> Y ^   | NOR2X1    | 0.078 |   7.133 |    7.414 | 
     | 3_30_g897                                          |              |           |       |         |          | 
     | g655043                                            | A1N ^ -> Y ^ | AOI2BB1X2 | 0.154 |   7.287 |    7.568 | 
     | u_cpu_add_167_30_Y_u_cpu_add_165_34_Y_u_cpu_add_16 | B0 ^ -> Y v  | AOI2BB1X2 | 0.069 |   7.355 |    7.636 | 
     | 3_30_g891                                          |              |           |       |         |          | 
     | u_cpu_add_167_30_Y_u_cpu_add_165_34_Y_u_cpu_add_16 | B v -> Y ^   | NOR2X4    | 0.052 |   7.408 |    7.689 | 
     | 3_30_g889                                          |              |           |       |         |          | 
     | u_cpu_add_167_30_Y_u_cpu_add_165_34_Y_u_cpu_add_16 | B ^ -> Y v   | NOR2X2    | 0.048 |   7.455 |    7.736 | 
     | 3_30_g887                                          |              |           |       |         |          | 
     | u_cpu_add_167_30_Y_u_cpu_add_165_34_Y_u_cpu_add_16 | B v -> Y ^   | NOR2X4    | 0.049 |   7.504 |    7.785 | 
     | 3_30_g885                                          |              |           |       |         |          | 
     | u_cpu_add_167_30_Y_u_cpu_add_165_34_Y_u_cpu_add_16 | B ^ -> Y v   | NOR2X2    | 0.048 |   7.551 |    7.832 | 
     | 3_30_g883                                          |              |           |       |         |          | 
     | u_cpu_add_167_30_Y_u_cpu_add_165_34_Y_u_cpu_add_16 | B v -> Y ^   | NOR2X4    | 0.047 |   7.599 |    7.880 | 
     | 3_30_g881                                          |              |           |       |         |          | 
     | u_cpu_add_167_30_Y_u_cpu_add_165_34_Y_u_cpu_add_16 | B0 ^ -> Y v  | AOI2BB1X2 | 0.052 |   7.650 |    7.931 | 
     | 3_30_g879                                          |              |           |       |         |          | 
     | u_cpu_add_167_30_Y_u_cpu_add_165_34_Y_u_cpu_add_16 | B v -> Y ^   | NOR2X4    | 0.058 |   7.708 |    7.989 | 
     | 3_30_g877                                          |              |           |       |         |          | 
     | u_cpu_add_167_30_Y_u_cpu_add_165_34_Y_u_cpu_add_16 | B0 ^ -> Y v  | AOI2BB1X4 | 0.047 |   7.755 |    8.036 | 
     | 3_30_g875                                          |              |           |       |         |          | 
     | u_cpu_add_167_30_Y_u_cpu_add_165_34_Y_u_cpu_add_16 | B v -> Y ^   | NOR2X4    | 0.062 |   7.817 |    8.098 | 
     | 3_30_g873                                          |              |           |       |         |          | 
     | u_cpu_add_167_30_Y_u_cpu_add_165_34_Y_u_cpu_add_16 | B ^ -> Y v   | NOR2X4    | 0.050 |   7.867 |    8.148 | 
     | 3_30_g871                                          |              |           |       |         |          | 
     | u_cpu_add_167_30_Y_u_cpu_add_165_34_Y_u_cpu_add_16 | B v -> Y ^   | NOR2X4    | 0.054 |   7.922 |    8.203 | 
     | 3_30_g869                                          |              |           |       |         |          | 
     | u_cpu_add_167_30_Y_u_cpu_add_165_34_Y_u_cpu_add_16 | B0 ^ -> Y v  | AOI2BB1X4 | 0.047 |   7.969 |    8.250 | 
     | 3_30_g867                                          |              |           |       |         |          | 
     | u_cpu_add_167_30_Y_u_cpu_add_165_34_Y_u_cpu_add_16 | B v -> Y ^   | NOR2X4    | 0.053 |   8.021 |    8.302 | 
     | 3_30_g865                                          |              |           |       |         |          | 
     | u_cpu_add_167_30_Y_u_cpu_add_165_34_Y_u_cpu_add_16 | B ^ -> Y v   | NOR2X4    | 0.043 |   8.064 |    8.345 | 
     | 3_30_g863                                          |              |           |       |         |          | 
     | u_cpu_add_167_30_Y_u_cpu_add_165_34_Y_u_cpu_add_16 | B v -> Y ^   | NOR2X4    | 0.046 |   8.110 |    8.391 | 
     | 3_30_g861                                          |              |           |       |         |          | 
     | u_cpu_add_167_30_Y_u_cpu_add_165_34_Y_u_cpu_add_16 | B0 ^ -> Y v  | AOI2BB1X2 | 0.050 |   8.160 |    8.441 | 
     | 3_30_g859                                          |              |           |       |         |          | 
     | u_cpu_add_167_30_Y_u_cpu_add_165_34_Y_u_cpu_add_16 | B v -> Y ^   | NOR2X4    | 0.057 |   8.217 |    8.498 | 
     | 3_30_g857                                          |              |           |       |         |          | 
     | u_cpu_add_167_30_Y_u_cpu_add_165_34_Y_u_cpu_add_16 | B0 ^ -> Y v  | AOI2BB1X4 | 0.050 |   8.267 |    8.548 | 
     | 3_30_g855                                          |              |           |       |         |          | 
     | u_cpu_add_167_30_Y_u_cpu_add_165_34_Y_u_cpu_add_16 | B v -> Y ^   | NOR2X6    | 0.050 |   8.317 |    8.598 | 
     | 3_30_g853                                          |              |           |       |         |          | 
     | u_cpu_add_167_30_Y_u_cpu_add_165_34_Y_u_cpu_add_16 | B ^ -> Y v   | NOR2X4    | 0.039 |   8.356 |    8.637 | 
     | 3_30_g851                                          |              |           |       |         |          | 
     | u_cpu_add_167_30_Y_u_cpu_add_165_34_Y_u_cpu_add_16 | B v -> Y ^   | NOR2X4    | 0.056 |   8.412 |    8.693 | 
     | 3_30_g849                                          |              |           |       |         |          | 
     | u_cpu_add_167_30_Y_u_cpu_add_165_34_Y_u_cpu_add_16 | B ^ -> Y v   | NOR2X4    | 0.047 |   8.460 |    8.741 | 
     | 3_30_g848                                          |              |           |       |         |          | 
     | u_cpu_add_167_30_Y_u_cpu_add_165_34_Y_u_cpu_add_16 | B v -> Y ^   | NOR2X4    | 0.053 |   8.512 |    8.793 | 
     | 3_30_g846                                          |              |           |       |         |          | 
     | u_cpu_add_167_30_Y_u_cpu_add_165_34_Y_u_cpu_add_16 | B0 ^ -> Y v  | AOI2BB1X4 | 0.049 |   8.561 |    8.842 | 
     | 3_30_g845                                          |              |           |       |         |          | 
     | u_cpu_add_167_30_Y_u_cpu_add_165_34_Y_u_cpu_add_16 | B v -> Y ^   | NOR2X4    | 0.054 |   8.616 |    8.897 | 
     | 3_30_g843                                          |              |           |       |         |          | 
     | g655480                                            | B0 ^ -> Y v  | AOI2BB1X4 | 0.048 |   8.663 |    8.944 | 
     | u_cpu_add_167_30_Y_u_cpu_add_165_34_Y_u_cpu_add_16 | B v -> Y ^   | NOR2X4    | 0.057 |   8.720 |    9.001 | 
     | 3_30_g840                                          |              |           |       |         |          | 
     | u_cpu_add_167_30_Y_u_cpu_add_165_34_Y_u_cpu_add_16 | B ^ -> Y v   | NOR2X4    | 0.044 |   8.764 |    9.045 | 
     | 3_30_g839                                          |              |           |       |         |          | 
     | u_cpu_add_167_30_Y_u_cpu_add_165_34_Y_u_cpu_add_16 | B v -> Y ^   | NOR2X4    | 0.053 |   8.817 |    9.098 | 
     | 3_30_g837                                          |              |           |       |         |          | 
     | u_cpu_add_167_30_Y_u_cpu_add_165_34_Y_u_cpu_add_16 | B0 ^ -> Y v  | AOI2BB1X4 | 0.051 |   8.868 |    9.149 | 
     | 3_30_g836                                          |              |           |       |         |          | 
     | u_cpu_add_167_30_Y_u_cpu_add_165_34_Y_u_cpu_add_16 | B v -> Y ^   | NOR2X6    | 0.060 |   8.927 |    9.208 | 
     | 3_30_g834                                          |              |           |       |         |          | 
     | u_cpu_add_167_30_Y_u_cpu_add_165_34_Y_u_cpu_add_16 | B0 ^ -> Y v  | AOI2BB1X4 | 0.054 |   8.981 |    9.262 | 
     | 3_30_g833                                          |              |           |       |         |          | 
     | u_cpu_add_167_30_Y_u_cpu_add_165_34_Y_u_cpu_add_16 | B v -> Y ^   | NOR2X6    | 0.062 |   9.043 |    9.324 | 
     | 3_30_g831                                          |              |           |       |         |          | 
     | u_cpu_add_167_30_Y_u_cpu_add_165_34_Y_u_cpu_add_16 | B ^ -> Y v   | NOR2X4    | 0.048 |   9.091 |    9.372 | 
     | 3_30_g830                                          |              |           |       |         |          | 
     | u_cpu_add_167_30_Y_u_cpu_add_165_34_Y_u_cpu_add_16 | B v -> Y ^   | NOR2X4    | 0.051 |   9.142 |    9.423 | 
     | 3_30_g828                                          |              |           |       |         |          | 
     | u_cpu_add_167_30_Y_u_cpu_add_165_34_Y_u_cpu_add_16 | B0 ^ -> Y v  | AOI2BB1X4 | 0.049 |   9.191 |    9.472 | 
     | 3_30_g827                                          |              |           |       |         |          | 
     | u_cpu_add_167_30_Y_u_cpu_add_165_34_Y_u_cpu_add_16 | B v -> Y ^   | NOR2X6    | 0.050 |   9.241 |    9.522 | 
     | 3_30_g825                                          |              |           |       |         |          | 
     | u_cpu_add_167_30_Y_u_cpu_add_165_34_Y_u_cpu_add_16 | B ^ -> Y v   | NOR2X4    | 0.042 |   9.283 |    9.564 | 
     | 3_30_g824                                          |              |           |       |         |          | 
     | u_cpu_add_167_30_Y_u_cpu_add_165_34_Y_u_cpu_add_16 | B v -> Y ^   | NOR2X6    | 0.050 |   9.333 |    9.614 | 
     | 3_30_g822                                          |              |           |       |         |          | 
     | u_cpu_add_167_30_Y_u_cpu_add_165_34_Y_u_cpu_add_16 | B0 ^ -> Y v  | AOI2BB1X4 | 0.049 |   9.382 |    9.663 | 
     | 3_30_g821                                          |              |           |       |         |          | 
     | u_cpu_add_167_30_Y_u_cpu_add_165_34_Y_u_cpu_add_16 | B v -> Y ^   | NOR2X6    | 0.050 |   9.432 |    9.713 | 
     | 3_30_g819                                          |              |           |       |         |          | 
     | u_cpu_add_167_30_Y_u_cpu_add_165_34_Y_u_cpu_add_16 | B ^ -> Y v   | NOR2X4    | 0.039 |   9.471 |    9.752 | 
     | 3_30_g818                                          |              |           |       |         |          | 
     | u_cpu_add_167_30_Y_u_cpu_add_165_34_Y_u_cpu_add_16 | B v -> Y ^   | NOR2X4    | 0.051 |   9.522 |    9.803 | 
     | 3_30_g816                                          |              |           |       |         |          | 
     | g655057                                            | B0 ^ -> Y v  | AOI2BB1X4 | 0.051 |   9.573 |    9.854 | 
     | g655056                                            | A v -> Y ^   | NOR2X6    | 0.058 |   9.631 |    9.912 | 
     | u_cpu_add_167_30_Y_u_cpu_add_165_34_Y_u_cpu_add_16 | B0 ^ -> Y v  | AOI2BB1X4 | 0.045 |   9.676 |    9.957 | 
     | 3_30_g812                                          |              |           |       |         |          | 
     | u_cpu_add_167_30_Y_u_cpu_add_165_34_Y_u_cpu_add_16 | B v -> Y ^   | NOR2X4    | 0.040 |   9.716 |    9.997 | 
     | 3_30_g810                                          |              |           |       |         |          | 
     | u_cpu_add_167_30_Y_u_cpu_add_165_34_Y_u_cpu_add_16 | B ^ -> Y ^   | CLKXOR2X1 | 0.137 |   9.852 |   10.133 | 
     | 3_30_g809                                          |              |           |       |         |          | 
     | g641353                                            | B ^ -> Y v   | NAND2X1   | 0.062 |   9.914 |   10.195 | 
     | g653712                                            | B v -> Y ^   | NAND2X1   | 0.051 |   9.965 |   10.246 | 
     | u_cpu_pc_reg[31]                                   | D ^          | DFFRHQX1  | 0.000 |   9.965 |   10.246 | 
     +------------------------------------------------------------------------------------------------------------+ 
Path 3: MET Setup Check with Pin u_cpu_pc_reg[31]/CK 
Endpoint:   u_cpu_pc_reg[31]/D (^) checked with  leading edge of 'clk'
Beginpoint: u_cpu_ir_reg[0]/Q  (^) triggered by  leading edge of 'clk'
Path Groups: {clk}
Analysis View: av_ss
Other End Arrival Time          0.508
- Setup                         0.062
+ Phase Shift                  10.000
- Uncertainty                   0.200
= Required Time                10.246
- Arrival Time                  9.962
= Slack Time                    0.284
     Clock Rise Edge                 0.000
     + Clock Network Latency (Prop)  0.512
     = Beginpoint Arrival Time       0.512
     +------------------------------------------------------------------------------------------------------------+ 
     |                      Instance                      |     Arc      |   Cell    | Delay | Arrival | Required | 
     |                                                    |              |           |       |  Time   |   Time   | 
     |----------------------------------------------------+--------------+-----------+-------+---------+----------| 
     | u_cpu_ir_reg[0]                                    | CK ^         |           |       |   0.512 |    0.796 | 
     | u_cpu_ir_reg[0]                                    | CK ^ -> Q ^  | DFFRX1    | 0.451 |   0.963 |    1.247 | 
     | g655383                                            | A ^ -> Y v   | NAND2X1   | 0.145 |   1.108 |    1.392 | 
     | g160909                                            | B v -> Y ^   | NOR2X1    | 0.102 |   1.210 |    1.494 | 
     | g160892                                            | B0 ^ -> Y v  | OAI21X1   | 0.109 |   1.319 |    1.603 | 
     | g160890                                            | B v -> Y ^   | NOR2X1    | 0.138 |   1.456 |    1.740 | 
     | FE_OFC2349_n_8446                                  | A ^ -> Y v   | CLKINVX4  | 0.160 |   1.617 |    1.901 | 
     | g655053                                            | A1N v -> Y v | OAI2BB1X1 | 0.246 |   1.863 |    2.147 | 
     | FE_OFC511_n_8980                                   | A v -> Y v   | BUFX8     | 0.237 |   2.099 |    2.383 | 
     | FE_OFC2432_n_8980                                  | A v -> Y ^   | INVX3     | 0.155 |   2.254 |    2.538 | 
     | u_cpu_u_alu_sub_16_33_Y_u_cpu_u_alu_add_15_33_g417 | A0 ^ -> Y v  | OAI22X1   | 0.149 |   2.404 |    2.688 | 
     | 0                                                  |              |           |       |         |          | 
     | u_cpu_u_alu_sub_16_33_Y_u_cpu_u_alu_add_15_33_g411 | B v -> Y ^   | NOR2X1    | 0.112 |   2.515 |    2.799 | 
     | 5                                                  |              |           |       |         |          | 
     | u_cpu_u_alu_sub_16_33_Y_u_cpu_u_alu_add_15_33_g404 | A1 ^ -> Y v  | OAI21X1   | 0.133 |   2.648 |    2.932 | 
     | 6                                                  |              |           |       |         |          | 
     | u_cpu_u_alu_sub_16_33_Y_u_cpu_u_alu_add_15_33_g403 | A1 v -> Y ^  | AOI21X1   | 0.129 |   2.777 |    3.061 | 
     | 9                                                  |              |           |       |         |          | 
     | u_cpu_u_alu_sub_16_33_Y_u_cpu_u_alu_add_15_33_g403 | B ^ -> Y v   | NOR2X1    | 0.069 |   2.846 |    3.130 | 
     | 4                                                  |              |           |       |         |          | 
     | u_cpu_u_alu_sub_16_33_Y_u_cpu_u_alu_add_15_33_g403 | B v -> Y ^   | NOR2X1    | 0.076 |   2.922 |    3.206 | 
     | 2                                                  |              |           |       |         |          | 
     | u_cpu_u_alu_sub_16_33_Y_u_cpu_u_alu_add_15_33_g403 | B ^ -> Y v   | NOR2X1    | 0.066 |   2.988 |    3.272 | 
     | 0                                                  |              |           |       |         |          | 
     | u_cpu_u_alu_sub_16_33_Y_u_cpu_u_alu_add_15_33_g402 | B v -> Y ^   | NOR2X1    | 0.063 |   3.051 |    3.335 | 
     | 8                                                  |              |           |       |         |          | 
     | u_cpu_u_alu_sub_16_33_Y_u_cpu_u_alu_add_15_33_g402 | B ^ -> Y v   | NOR2X1    | 0.058 |   3.108 |    3.392 | 
     | 6                                                  |              |           |       |         |          | 
     | u_cpu_u_alu_sub_16_33_Y_u_cpu_u_alu_add_15_33_g402 | B v -> Y ^   | NOR2X1    | 0.105 |   3.214 |    3.498 | 
     | 4                                                  |              |           |       |         |          | 
     | u_cpu_u_alu_sub_16_33_Y_u_cpu_u_alu_add_15_33_g402 | B ^ -> Y v   | NOR2X1    | 0.099 |   3.313 |    3.597 | 
     | 1                                                  |              |           |       |         |          | 
     | u_cpu_u_alu_sub_16_33_Y_u_cpu_u_alu_add_15_33_g401 | A1 v -> Y ^  | AOI21X1   | 0.108 |   3.421 |    3.705 | 
     | 5                                                  |              |           |       |         |          | 
     | u_cpu_u_alu_sub_16_33_Y_u_cpu_u_alu_add_15_33_g401 | A1 ^ -> Y v  | OAI21X1   | 0.132 |   3.553 |    3.837 | 
     | 1                                                  |              |           |       |         |          | 
     | g655048                                            | A1N v -> Y v | OAI2BB1X1 | 0.166 |   3.719 |    4.003 | 
     | u_cpu_u_alu_sub_16_33_Y_u_cpu_u_alu_add_15_33_g400 | A v -> Y ^   | INVX1     | 0.069 |   3.789 |    4.073 | 
     | 7                                                  |              |           |       |         |          | 
     | u_cpu_u_alu_sub_16_33_Y_u_cpu_u_alu_add_15_33_g400 | A1 ^ -> Y v  | OAI21X1   | 0.095 |   3.883 |    4.167 | 
     | 5                                                  |              |           |       |         |          | 
     | u_cpu_u_alu_sub_16_33_Y_u_cpu_u_alu_add_15_33_g400 | A1 v -> Y ^  | AOI21X1   | 0.136 |   4.020 |    4.304 | 
     | 3                                                  |              |           |       |         |          | 
     | u_cpu_u_alu_sub_16_33_Y_u_cpu_u_alu_add_15_33_g400 | A1 ^ -> Y v  | OAI21X1   | 0.137 |   4.157 |    4.441 | 
     | 0                                                  |              |           |       |         |          | 
     | u_cpu_u_alu_sub_16_33_Y_u_cpu_u_alu_add_15_33_g399 | A v -> Y ^   | INVX1     | 0.068 |   4.224 |    4.508 | 
     | 9                                                  |              |           |       |         |          | 
     | u_cpu_u_alu_sub_16_33_Y_u_cpu_u_alu_add_15_33_g399 | B ^ -> Y v   | NOR2X1    | 0.039 |   4.263 |    4.547 | 
     | 8                                                  |              |           |       |         |          | 
     | u_cpu_u_alu_sub_16_33_Y_u_cpu_u_alu_add_15_33_g399 | B v -> Y ^   | NOR2X1    | 0.101 |   4.364 |    4.648 | 
     | 6                                                  |              |           |       |         |          | 
     | u_cpu_u_alu_sub_16_33_Y_u_cpu_u_alu_add_15_33_g399 | B ^ -> Y v   | NOR2X1    | 0.094 |   4.458 |    4.742 | 
     | 5                                                  |              |           |       |         |          | 
     | u_cpu_u_alu_sub_16_33_Y_u_cpu_u_alu_add_15_33_g399 | B v -> Y ^   | NAND2X1   | 0.045 |   4.504 |    4.788 | 
     | 1                                                  |              |           |       |         |          | 
     | u_cpu_u_alu_sub_16_33_Y_u_cpu_u_alu_add_15_33_g398 | B ^ -> Y v   | NAND2X1   | 0.128 |   4.632 |    4.916 | 
     | 9                                                  |              |           |       |         |          | 
     | u_cpu_u_alu_sub_16_33_Y_u_cpu_u_alu_add_15_33_g398 | B v -> Y ^   | NAND2X1   | 0.109 |   4.741 |    5.025 | 
     | 2                                                  |              |           |       |         |          | 
     | u_cpu_u_alu_sub_16_33_Y_u_cpu_u_alu_add_15_33_g397 | A1 ^ -> Y v  | OAI21X1   | 0.180 |   4.921 |    5.205 | 
     | 6                                                  |              |           |       |         |          | 
     | u_cpu_u_alu_sub_16_33_Y_u_cpu_u_alu_add_15_33_g429 | B v -> Y v   | CLKXOR2X1 | 0.207 |   5.128 |    5.412 | 
     | 3                                                  |              |           |       |         |          | 
     | g655417                                            | B v -> Y ^   | NAND2X1   | 0.050 |   5.177 |    5.461 | 
     | g655035                                            | C ^ -> Y v   | NAND3X2   | 0.189 |   5.366 |    5.650 | 
     | g165559                                            | A v -> Y ^   | NOR2X1    | 0.148 |   5.515 |    5.799 | 
     | g655026                                            | D ^ -> Y v   | NAND4BBX2 | 0.162 |   5.677 |    5.961 | 
     | g165557                                            | A v -> Y ^   | NOR2X1    | 0.127 |   5.804 |    6.088 | 
     | g165556                                            | A ^ -> Y v   | NAND2X1   | 0.073 |   5.876 |    6.160 | 
     | g165555                                            | B v -> Y ^   | NOR2X1    | 0.096 |   5.972 |    6.256 | 
     | g165554                                            | B0 ^ -> Y v  | AOI2BB1X1 | 0.098 |   6.070 |    6.354 | 
     | g165553                                            | B v -> Y ^   | NOR2X4    | 0.097 |   6.166 |    6.450 | 
     | g165550                                            | S0 ^ -> Y ^  | MX2X1     | 0.193 |   6.360 |    6.644 | 
     | u_cpu_add_167_30_Y_u_cpu_add_165_34_Y_u_cpu_add_16 | B ^ -> Y ^   | AND2X1    | 0.138 |   6.497 |    6.781 | 
     | 3_30_g975                                          |              |           |       |         |          | 
     | u_cpu_add_167_30_Y_u_cpu_add_165_34_Y_u_cpu_add_16 | A ^ -> Y v   | NOR2X1    | 0.054 |   6.551 |    6.835 | 
     | 3_30_g913                                          |              |           |       |         |          | 
     | u_cpu_add_167_30_Y_u_cpu_add_165_34_Y_u_cpu_add_16 | B v -> Y ^   | NOR2X1    | 0.065 |   6.616 |    6.900 | 
     | 3_30_g911                                          |              |           |       |         |          | 
     | u_cpu_add_167_30_Y_u_cpu_add_165_34_Y_u_cpu_add_16 | B ^ -> Y v   | NOR2X2    | 0.054 |   6.671 |    6.955 | 
     | 3_30_g909                                          |              |           |       |         |          | 
     | u_cpu_add_167_30_Y_u_cpu_add_165_34_Y_u_cpu_add_16 | B0 v -> Y ^  | AOI2BB1X1 | 0.071 |   6.742 |    7.026 | 
     | 3_30_g907                                          |              |           |       |         |          | 
     | u_cpu_add_167_30_Y_u_cpu_add_165_34_Y_u_cpu_add_16 | B ^ -> Y v   | NOR2X2    | 0.059 |   6.801 |    7.085 | 
     | 3_30_g905                                          |              |           |       |         |          | 
     | u_cpu_add_167_30_Y_u_cpu_add_165_34_Y_u_cpu_add_16 | B0 v -> Y ^  | AOI2BB1X1 | 0.082 |   6.883 |    7.167 | 
     | 3_30_g903                                          |              |           |       |         |          | 
     | g655044                                            | B0 ^ -> Y v  | AOI21X2   | 0.062 |   6.945 |    7.229 | 
     | u_cpu_add_167_30_Y_u_cpu_add_165_34_Y_u_cpu_add_16 | B0 v -> Y ^  | AOI2BB1X1 | 0.081 |   7.025 |    7.309 | 
     | 3_30_g899                                          |              |           |       |         |          | 
     | u_cpu_add_167_30_Y_u_cpu_add_165_34_Y_u_cpu_add_16 | B ^ -> Y v   | NOR2X1    | 0.066 |   7.091 |    7.375 | 
     | 3_30_g897                                          |              |           |       |         |          | 
     | g655043                                            | A1N v -> Y v | AOI2BB1X2 | 0.160 |   7.252 |    7.536 | 
     | u_cpu_add_167_30_Y_u_cpu_add_165_34_Y_u_cpu_add_16 | B0 v -> Y ^  | AOI2BB1X2 | 0.078 |   7.330 |    7.614 | 
     | 3_30_g891                                          |              |           |       |         |          | 
     | u_cpu_add_167_30_Y_u_cpu_add_165_34_Y_u_cpu_add_16 | B ^ -> Y v   | NOR2X4    | 0.050 |   7.380 |    7.664 | 
     | 3_30_g889                                          |              |           |       |         |          | 
     | u_cpu_add_167_30_Y_u_cpu_add_165_34_Y_u_cpu_add_16 | B v -> Y ^   | NOR2X2    | 0.057 |   7.437 |    7.721 | 
     | 3_30_g887                                          |              |           |       |         |          | 
     | u_cpu_add_167_30_Y_u_cpu_add_165_34_Y_u_cpu_add_16 | B ^ -> Y v   | NOR2X4    | 0.049 |   7.486 |    7.770 | 
     | 3_30_g885                                          |              |           |       |         |          | 
     | u_cpu_add_167_30_Y_u_cpu_add_165_34_Y_u_cpu_add_16 | B v -> Y ^   | NOR2X2    | 0.056 |   7.543 |    7.827 | 
     | 3_30_g883                                          |              |           |       |         |          | 
     | u_cpu_add_167_30_Y_u_cpu_add_165_34_Y_u_cpu_add_16 | B ^ -> Y v   | NOR2X4    | 0.049 |   7.591 |    7.875 | 
     | 3_30_g881                                          |              |           |       |         |          | 
     | u_cpu_add_167_30_Y_u_cpu_add_165_34_Y_u_cpu_add_16 | B0 v -> Y ^  | AOI2BB1X2 | 0.069 |   7.660 |    7.944 | 
     | 3_30_g879                                          |              |           |       |         |          | 
     | u_cpu_add_167_30_Y_u_cpu_add_165_34_Y_u_cpu_add_16 | B ^ -> Y v   | NOR2X4    | 0.055 |   7.714 |    7.998 | 
     | 3_30_g877                                          |              |           |       |         |          | 
     | u_cpu_add_167_30_Y_u_cpu_add_165_34_Y_u_cpu_add_16 | B0 v -> Y ^  | AOI2BB1X4 | 0.056 |   7.770 |    8.054 | 
     | 3_30_g875                                          |              |           |       |         |          | 
     | u_cpu_add_167_30_Y_u_cpu_add_165_34_Y_u_cpu_add_16 | B ^ -> Y v   | NOR2X4    | 0.049 |   7.820 |    8.104 | 
     | 3_30_g873                                          |              |           |       |         |          | 
     | u_cpu_add_167_30_Y_u_cpu_add_165_34_Y_u_cpu_add_16 | B v -> Y ^   | NOR2X4    | 0.049 |   7.868 |    8.152 | 
     | 3_30_g871                                          |              |           |       |         |          | 
     | u_cpu_add_167_30_Y_u_cpu_add_165_34_Y_u_cpu_add_16 | B ^ -> Y v   | NOR2X4    | 0.043 |   7.911 |    8.195 | 
     | 3_30_g869                                          |              |           |       |         |          | 
     | u_cpu_add_167_30_Y_u_cpu_add_165_34_Y_u_cpu_add_16 | B0 v -> Y ^  | AOI2BB1X4 | 0.056 |   7.967 |    8.251 | 
     | 3_30_g867                                          |              |           |       |         |          | 
     | u_cpu_add_167_30_Y_u_cpu_add_165_34_Y_u_cpu_add_16 | B ^ -> Y v   | NOR2X4    | 0.044 |   8.011 |    8.295 | 
     | 3_30_g865                                          |              |           |       |         |          | 
     | u_cpu_add_167_30_Y_u_cpu_add_165_34_Y_u_cpu_add_16 | B v -> Y ^   | NOR2X4    | 0.045 |   8.056 |    8.340 | 
     | 3_30_g863                                          |              |           |       |         |          | 
     | u_cpu_add_167_30_Y_u_cpu_add_165_34_Y_u_cpu_add_16 | B ^ -> Y v   | NOR2X4    | 0.038 |   8.094 |    8.378 | 
     | 3_30_g861                                          |              |           |       |         |          | 
     | u_cpu_add_167_30_Y_u_cpu_add_165_34_Y_u_cpu_add_16 | B0 v -> Y ^  | AOI2BB1X2 | 0.067 |   8.162 |    8.446 | 
     | 3_30_g859                                          |              |           |       |         |          | 
     | u_cpu_add_167_30_Y_u_cpu_add_165_34_Y_u_cpu_add_16 | B ^ -> Y v   | NOR2X4    | 0.054 |   8.215 |    8.499 | 
     | 3_30_g857                                          |              |           |       |         |          | 
     | u_cpu_add_167_30_Y_u_cpu_add_165_34_Y_u_cpu_add_16 | B0 v -> Y ^  | AOI2BB1X4 | 0.063 |   8.278 |    8.562 | 
     | 3_30_g855                                          |              |           |       |         |          | 
     | u_cpu_add_167_30_Y_u_cpu_add_165_34_Y_u_cpu_add_16 | B ^ -> Y v   | NOR2X6    | 0.046 |   8.324 |    8.608 | 
     | 3_30_g853                                          |              |           |       |         |          | 
     | u_cpu_add_167_30_Y_u_cpu_add_165_34_Y_u_cpu_add_16 | B v -> Y ^   | NOR2X4    | 0.043 |   8.367 |    8.651 | 
     | 3_30_g851                                          |              |           |       |         |          | 
     | u_cpu_add_167_30_Y_u_cpu_add_165_34_Y_u_cpu_add_16 | B ^ -> Y v   | NOR2X4    | 0.044 |   8.411 |    8.695 | 
     | 3_30_g849                                          |              |           |       |         |          | 
     | u_cpu_add_167_30_Y_u_cpu_add_165_34_Y_u_cpu_add_16 | B v -> Y ^   | NOR2X4    | 0.047 |   8.458 |    8.742 | 
     | 3_30_g848                                          |              |           |       |         |          | 
     | u_cpu_add_167_30_Y_u_cpu_add_165_34_Y_u_cpu_add_16 | B ^ -> Y v   | NOR2X4    | 0.043 |   8.501 |    8.785 | 
     | 3_30_g846                                          |              |           |       |         |          | 
     | u_cpu_add_167_30_Y_u_cpu_add_165_34_Y_u_cpu_add_16 | B0 v -> Y ^  | AOI2BB1X4 | 0.060 |   8.561 |    8.845 | 
     | 3_30_g845                                          |              |           |       |         |          | 
     | u_cpu_add_167_30_Y_u_cpu_add_165_34_Y_u_cpu_add_16 | B ^ -> Y v   | NOR2X4    | 0.047 |   8.608 |    8.892 | 
     | 3_30_g843                                          |              |           |       |         |          | 
     | g655480                                            | B0 v -> Y ^  | AOI2BB1X4 | 0.058 |   8.666 |    8.950 | 
     | u_cpu_add_167_30_Y_u_cpu_add_165_34_Y_u_cpu_add_16 | B ^ -> Y v   | NOR2X4    | 0.047 |   8.713 |    8.997 | 
     | 3_30_g840                                          |              |           |       |         |          | 
     | u_cpu_add_167_30_Y_u_cpu_add_165_34_Y_u_cpu_add_16 | B v -> Y ^   | NOR2X4    | 0.044 |   8.757 |    9.041 | 
     | 3_30_g839                                          |              |           |       |         |          | 
     | u_cpu_add_167_30_Y_u_cpu_add_165_34_Y_u_cpu_add_16 | B ^ -> Y v   | NOR2X4    | 0.042 |   8.799 |    9.083 | 
     | 3_30_g837                                          |              |           |       |         |          | 
     | u_cpu_add_167_30_Y_u_cpu_add_165_34_Y_u_cpu_add_16 | B0 v -> Y ^  | AOI2BB1X4 | 0.063 |   8.861 |    9.145 | 
     | 3_30_g836                                          |              |           |       |         |          | 
     | u_cpu_add_167_30_Y_u_cpu_add_165_34_Y_u_cpu_add_16 | B ^ -> Y v   | NOR2X6    | 0.052 |   8.913 |    9.197 | 
     | 3_30_g834                                          |              |           |       |         |          | 
     | u_cpu_add_167_30_Y_u_cpu_add_165_34_Y_u_cpu_add_16 | B0 v -> Y ^  | AOI2BB1X4 | 0.065 |   8.978 |    9.262 | 
     | 3_30_g833                                          |              |           |       |         |          | 
     | u_cpu_add_167_30_Y_u_cpu_add_165_34_Y_u_cpu_add_16 | B ^ -> Y v   | NOR2X6    | 0.052 |   9.030 |    9.314 | 
     | 3_30_g831                                          |              |           |       |         |          | 
     | u_cpu_add_167_30_Y_u_cpu_add_165_34_Y_u_cpu_add_16 | B v -> Y ^   | NOR2X4    | 0.047 |   9.077 |    9.361 | 
     | 3_30_g830                                          |              |           |       |         |          | 
     | u_cpu_add_167_30_Y_u_cpu_add_165_34_Y_u_cpu_add_16 | B ^ -> Y v   | NOR2X4    | 0.041 |   9.118 |    9.402 | 
     | 3_30_g828                                          |              |           |       |         |          | 
     | u_cpu_add_167_30_Y_u_cpu_add_165_34_Y_u_cpu_add_16 | B0 v -> Y ^  | AOI2BB1X4 | 0.061 |   9.179 |    9.463 | 
     | 3_30_g827                                          |              |           |       |         |          | 
     | u_cpu_add_167_30_Y_u_cpu_add_165_34_Y_u_cpu_add_16 | B ^ -> Y v   | NOR2X6    | 0.045 |   9.225 |    9.509 | 
     | 3_30_g825                                          |              |           |       |         |          | 
     | u_cpu_add_167_30_Y_u_cpu_add_165_34_Y_u_cpu_add_16 | B v -> Y ^   | NOR2X4    | 0.049 |   9.273 |    9.557 | 
     | 3_30_g824                                          |              |           |       |         |          | 
     | u_cpu_add_167_30_Y_u_cpu_add_165_34_Y_u_cpu_add_16 | B ^ -> Y v   | NOR2X6    | 0.044 |   9.317 |    9.601 | 
     | 3_30_g822                                          |              |           |       |         |          | 
     | u_cpu_add_167_30_Y_u_cpu_add_165_34_Y_u_cpu_add_16 | B0 v -> Y ^  | AOI2BB1X4 | 0.062 |   9.380 |    9.664 | 
     | 3_30_g821                                          |              |           |       |         |          | 
     | u_cpu_add_167_30_Y_u_cpu_add_165_34_Y_u_cpu_add_16 | B ^ -> Y v   | NOR2X6    | 0.046 |   9.425 |    9.709 | 
     | 3_30_g819                                          |              |           |       |         |          | 
     | u_cpu_add_167_30_Y_u_cpu_add_165_34_Y_u_cpu_add_16 | B v -> Y ^   | NOR2X4    | 0.043 |   9.469 |    9.753 | 
     | 3_30_g818                                          |              |           |       |         |          | 
     | u_cpu_add_167_30_Y_u_cpu_add_165_34_Y_u_cpu_add_16 | B ^ -> Y v   | NOR2X4    | 0.041 |   9.510 |    9.794 | 
     | 3_30_g816                                          |              |           |       |         |          | 
     | g655057                                            | B0 v -> Y ^  | AOI2BB1X4 | 0.065 |   9.575 |    9.859 | 
     | g655056                                            | A ^ -> Y v   | NOR2X6    | 0.051 |   9.626 |    9.910 | 
     | u_cpu_add_167_30_Y_u_cpu_add_165_34_Y_u_cpu_add_16 | B0 v -> Y ^  | AOI2BB1X4 | 0.055 |   9.681 |    9.965 | 
     | 3_30_g812                                          |              |           |       |         |          | 
     | u_cpu_add_167_30_Y_u_cpu_add_165_34_Y_u_cpu_add_16 | B ^ -> Y v   | NOR2X4    | 0.037 |   9.718 |   10.002 | 
     | 3_30_g810                                          |              |           |       |         |          | 
     | u_cpu_add_167_30_Y_u_cpu_add_165_34_Y_u_cpu_add_16 | B v -> Y ^   | CLKXOR2X1 | 0.131 |   9.849 |   10.133 | 
     | 3_30_g809                                          |              |           |       |         |          | 
     | g641353                                            | B ^ -> Y v   | NAND2X1   | 0.062 |   9.911 |   10.195 | 
     | g653712                                            | B v -> Y ^   | NAND2X1   | 0.051 |   9.962 |   10.246 | 
     | u_cpu_pc_reg[31]                                   | D ^          | DFFRHQX1  | 0.000 |   9.962 |   10.246 | 
     +------------------------------------------------------------------------------------------------------------+ 
Path 4: MET Setup Check with Pin u_cpu_pc_reg[31]/CK 
Endpoint:   u_cpu_pc_reg[31]/D (^) checked with  leading edge of 'clk'
Beginpoint: u_cpu_ir_reg[0]/Q  (^) triggered by  leading edge of 'clk'
Path Groups: {clk}
Analysis View: av_ss
Other End Arrival Time          0.508
- Setup                         0.062
+ Phase Shift                  10.000
- Uncertainty                   0.200
= Required Time                10.246
- Arrival Time                  9.957
= Slack Time                    0.289
     Clock Rise Edge                 0.000
     + Clock Network Latency (Prop)  0.512
     = Beginpoint Arrival Time       0.512
     +------------------------------------------------------------------------------------------------------------+ 
     |                      Instance                      |     Arc      |   Cell    | Delay | Arrival | Required | 
     |                                                    |              |           |       |  Time   |   Time   | 
     |----------------------------------------------------+--------------+-----------+-------+---------+----------| 
     | u_cpu_ir_reg[0]                                    | CK ^         |           |       |   0.512 |    0.801 | 
     | u_cpu_ir_reg[0]                                    | CK ^ -> Q ^  | DFFRX1    | 0.451 |   0.963 |    1.252 | 
     | g655383                                            | A ^ -> Y v   | NAND2X1   | 0.145 |   1.108 |    1.397 | 
     | g160909                                            | B v -> Y ^   | NOR2X1    | 0.102 |   1.210 |    1.499 | 
     | g160892                                            | B0 ^ -> Y v  | OAI21X1   | 0.109 |   1.319 |    1.608 | 
     | g160890                                            | B v -> Y ^   | NOR2X1    | 0.138 |   1.456 |    1.745 | 
     | FE_OFC2349_n_8446                                  | A ^ -> Y v   | CLKINVX4  | 0.160 |   1.617 |    1.906 | 
     | g655054                                            | A1N v -> Y v | OAI2BB1X1 | 0.259 |   1.876 |    2.165 | 
     | FE_OFC512_n_8982                                   | A v -> Y v   | CLKBUFX6  | 0.257 |   2.132 |    2.421 | 
     | FE_OFC1727_n_8982                                  | A v -> Y ^   | INVX3     | 0.226 |   2.359 |    2.648 | 
     | g655049                                            | A0 ^ -> Y v  | AOI22X1   | 0.195 |   2.553 |    2.842 | 
     | u_cpu_u_alu_sub_16_33_Y_u_cpu_u_alu_add_15_33_g404 | A0 v -> Y ^  | OAI21X1   | 0.138 |   2.691 |    2.980 | 
     | 6                                                  |              |           |       |         |          | 
     | u_cpu_u_alu_sub_16_33_Y_u_cpu_u_alu_add_15_33_g403 | A1 ^ -> Y v  | AOI21X1   | 0.135 |   2.827 |    3.116 | 
     | 9                                                  |              |           |       |         |          | 
     | u_cpu_u_alu_sub_16_33_Y_u_cpu_u_alu_add_15_33_g403 | B v -> Y ^   | NOR2X1    | 0.082 |   2.909 |    3.198 | 
     | 4                                                  |              |           |       |         |          | 
     | u_cpu_u_alu_sub_16_33_Y_u_cpu_u_alu_add_15_33_g403 | B ^ -> Y v   | NOR2X1    | 0.061 |   2.970 |    3.259 | 
     | 2                                                  |              |           |       |         |          | 
     | u_cpu_u_alu_sub_16_33_Y_u_cpu_u_alu_add_15_33_g403 | B v -> Y ^   | NOR2X1    | 0.056 |   3.026 |    3.315 | 
     | 0                                                  |              |           |       |         |          | 
     | u_cpu_u_alu_sub_16_33_Y_u_cpu_u_alu_add_15_33_g402 | B ^ -> Y v   | NOR2X1    | 0.053 |   3.078 |    3.367 | 
     | 8                                                  |              |           |       |         |          | 
     | u_cpu_u_alu_sub_16_33_Y_u_cpu_u_alu_add_15_33_g402 | B v -> Y ^   | NOR2X1    | 0.055 |   3.133 |    3.422 | 
     | 6                                                  |              |           |       |         |          | 
     | u_cpu_u_alu_sub_16_33_Y_u_cpu_u_alu_add_15_33_g402 | B ^ -> Y v   | NOR2X1    | 0.078 |   3.211 |    3.500 | 
     | 4                                                  |              |           |       |         |          | 
     | u_cpu_u_alu_sub_16_33_Y_u_cpu_u_alu_add_15_33_g402 | B v -> Y ^   | NOR2X1    | 0.090 |   3.301 |    3.590 | 
     | 1                                                  |              |           |       |         |          | 
     | u_cpu_u_alu_sub_16_33_Y_u_cpu_u_alu_add_15_33_g401 | A1 ^ -> Y v  | AOI21X1   | 0.130 |   3.431 |    3.720 | 
     | 5                                                  |              |           |       |         |          | 
     | u_cpu_u_alu_sub_16_33_Y_u_cpu_u_alu_add_15_33_g401 | A1 v -> Y ^  | OAI21X1   | 0.126 |   3.557 |    3.846 | 
     | 1                                                  |              |           |       |         |          | 
     | g655048                                            | A1N ^ -> Y ^ | OAI2BB1X1 | 0.170 |   3.727 |    4.016 | 
     | u_cpu_u_alu_sub_16_33_Y_u_cpu_u_alu_add_15_33_g400 | A ^ -> Y v   | INVX1     | 0.049 |   3.775 |    4.064 | 
     | 7                                                  |              |           |       |         |          | 
     | u_cpu_u_alu_sub_16_33_Y_u_cpu_u_alu_add_15_33_g400 | A1 v -> Y ^  | OAI21X1   | 0.082 |   3.857 |    4.146 | 
     | 5                                                  |              |           |       |         |          | 
     | u_cpu_u_alu_sub_16_33_Y_u_cpu_u_alu_add_15_33_g400 | A1 ^ -> Y v  | AOI21X1   | 0.145 |   4.002 |    4.291 | 
     | 3                                                  |              |           |       |         |          | 
     | u_cpu_u_alu_sub_16_33_Y_u_cpu_u_alu_add_15_33_g400 | A1 v -> Y ^  | OAI21X1   | 0.131 |   4.132 |    4.421 | 
     | 0                                                  |              |           |       |         |          | 
     | u_cpu_u_alu_sub_16_33_Y_u_cpu_u_alu_add_15_33_g399 | A ^ -> Y v   | INVX1     | 0.068 |   4.200 |    4.489 | 
     | 9                                                  |              |           |       |         |          | 
     | u_cpu_u_alu_sub_16_33_Y_u_cpu_u_alu_add_15_33_g399 | B v -> Y ^   | NOR2X1    | 0.056 |   4.256 |    4.545 | 
     | 8                                                  |              |           |       |         |          | 
     | u_cpu_u_alu_sub_16_33_Y_u_cpu_u_alu_add_15_33_g399 | B ^ -> Y v   | NOR2X1    | 0.080 |   4.336 |    4.625 | 
     | 6                                                  |              |           |       |         |          | 
     | u_cpu_u_alu_sub_16_33_Y_u_cpu_u_alu_add_15_33_g399 | B v -> Y ^   | NOR2X1    | 0.088 |   4.424 |    4.713 | 
     | 5                                                  |              |           |       |         |          | 
     | u_cpu_u_alu_sub_16_33_Y_u_cpu_u_alu_add_15_33_g399 | B ^ -> Y v   | NAND2X1   | 0.081 |   4.505 |    4.794 | 
     | 1                                                  |              |           |       |         |          | 
     | u_cpu_u_alu_sub_16_33_Y_u_cpu_u_alu_add_15_33_g398 | B v -> Y ^   | NAND2X1   | 0.079 |   4.584 |    4.873 | 
     | 9                                                  |              |           |       |         |          | 
     | u_cpu_u_alu_sub_16_33_Y_u_cpu_u_alu_add_15_33_g398 | B ^ -> Y v   | NAND2X1   | 0.102 |   4.686 |    4.975 | 
     | 2                                                  |              |           |       |         |          | 
     | u_cpu_u_alu_sub_16_33_Y_u_cpu_u_alu_add_15_33_g397 | A1 v -> Y ^  | OAI21X1   | 0.176 |   4.861 |    5.150 | 
     | 6                                                  |              |           |       |         |          | 
     | u_cpu_u_alu_sub_16_33_Y_u_cpu_u_alu_add_15_33_g429 | B ^ -> Y v   | CLKXOR2X1 | 0.243 |   5.104 |    5.393 | 
     | 3                                                  |              |           |       |         |          | 
     | g655417                                            | B v -> Y ^   | NAND2X1   | 0.050 |   5.154 |    5.443 | 
     | g655035                                            | C ^ -> Y v   | NAND3X2   | 0.189 |   5.343 |    5.632 | 
     | g165559                                            | A v -> Y ^   | NOR2X1    | 0.148 |   5.491 |    5.780 | 
     | g655026                                            | D ^ -> Y v   | NAND4BBX2 | 0.162 |   5.653 |    5.942 | 
     | g165557                                            | A v -> Y ^   | NOR2X1    | 0.127 |   5.780 |    6.069 | 
     | g165556                                            | A ^ -> Y v   | NAND2X1   | 0.073 |   5.853 |    6.142 | 
     | g165555                                            | B v -> Y ^   | NOR2X1    | 0.096 |   5.948 |    6.237 | 
     | g165554                                            | B0 ^ -> Y v  | AOI2BB1X1 | 0.098 |   6.046 |    6.335 | 
     | g165553                                            | B v -> Y ^   | NOR2X4    | 0.097 |   6.143 |    6.432 | 
     | g165550                                            | S0 ^ -> Y ^  | MX2X1     | 0.193 |   6.336 |    6.625 | 
     | g655045                                            | A1 ^ -> Y ^  | OA21X1    | 0.158 |   6.494 |    6.783 | 
     | u_cpu_add_167_30_Y_u_cpu_add_165_34_Y_u_cpu_add_16 | B ^ -> Y v   | NOR2X1    | 0.053 |   6.546 |    6.835 | 
     | 3_30_g913                                          |              |           |       |         |          | 
     | u_cpu_add_167_30_Y_u_cpu_add_165_34_Y_u_cpu_add_16 | B v -> Y ^   | NOR2X1    | 0.065 |   6.611 |    6.900 | 
     | 3_30_g911                                          |              |           |       |         |          | 
     | u_cpu_add_167_30_Y_u_cpu_add_165_34_Y_u_cpu_add_16 | B ^ -> Y v   | NOR2X2    | 0.054 |   6.666 |    6.955 | 
     | 3_30_g909                                          |              |           |       |         |          | 
     | u_cpu_add_167_30_Y_u_cpu_add_165_34_Y_u_cpu_add_16 | B0 v -> Y ^  | AOI2BB1X1 | 0.071 |   6.737 |    7.026 | 
     | 3_30_g907                                          |              |           |       |         |          | 
     | u_cpu_add_167_30_Y_u_cpu_add_165_34_Y_u_cpu_add_16 | B ^ -> Y v   | NOR2X2    | 0.059 |   6.796 |    7.085 | 
     | 3_30_g905                                          |              |           |       |         |          | 
     | u_cpu_add_167_30_Y_u_cpu_add_165_34_Y_u_cpu_add_16 | B0 v -> Y ^  | AOI2BB1X1 | 0.082 |   6.878 |    7.167 | 
     | 3_30_g903                                          |              |           |       |         |          | 
     | g655044                                            | B0 ^ -> Y v  | AOI21X2   | 0.062 |   6.940 |    7.229 | 
     | u_cpu_add_167_30_Y_u_cpu_add_165_34_Y_u_cpu_add_16 | B0 v -> Y ^  | AOI2BB1X1 | 0.081 |   7.020 |    7.309 | 
     | 3_30_g899                                          |              |           |       |         |          | 
     | u_cpu_add_167_30_Y_u_cpu_add_165_34_Y_u_cpu_add_16 | B ^ -> Y v   | NOR2X1    | 0.066 |   7.086 |    7.375 | 
     | 3_30_g897                                          |              |           |       |         |          | 
     | g655043                                            | A1N v -> Y v | AOI2BB1X2 | 0.160 |   7.247 |    7.536 | 
     | u_cpu_add_167_30_Y_u_cpu_add_165_34_Y_u_cpu_add_16 | B0 v -> Y ^  | AOI2BB1X2 | 0.078 |   7.325 |    7.614 | 
     | 3_30_g891                                          |              |           |       |         |          | 
     | u_cpu_add_167_30_Y_u_cpu_add_165_34_Y_u_cpu_add_16 | B ^ -> Y v   | NOR2X4    | 0.050 |   7.375 |    7.664 | 
     | 3_30_g889                                          |              |           |       |         |          | 
     | u_cpu_add_167_30_Y_u_cpu_add_165_34_Y_u_cpu_add_16 | B v -> Y ^   | NOR2X2    | 0.057 |   7.432 |    7.721 | 
     | 3_30_g887                                          |              |           |       |         |          | 
     | u_cpu_add_167_30_Y_u_cpu_add_165_34_Y_u_cpu_add_16 | B ^ -> Y v   | NOR2X4    | 0.049 |   7.481 |    7.770 | 
     | 3_30_g885                                          |              |           |       |         |          | 
     | u_cpu_add_167_30_Y_u_cpu_add_165_34_Y_u_cpu_add_16 | B v -> Y ^   | NOR2X2    | 0.056 |   7.538 |    7.827 | 
     | 3_30_g883                                          |              |           |       |         |          | 
     | u_cpu_add_167_30_Y_u_cpu_add_165_34_Y_u_cpu_add_16 | B ^ -> Y v   | NOR2X4    | 0.049 |   7.586 |    7.875 | 
     | 3_30_g881                                          |              |           |       |         |          | 
     | u_cpu_add_167_30_Y_u_cpu_add_165_34_Y_u_cpu_add_16 | B0 v -> Y ^  | AOI2BB1X2 | 0.069 |   7.655 |    7.944 | 
     | 3_30_g879                                          |              |           |       |         |          | 
     | u_cpu_add_167_30_Y_u_cpu_add_165_34_Y_u_cpu_add_16 | B ^ -> Y v   | NOR2X4    | 0.055 |   7.709 |    7.998 | 
     | 3_30_g877                                          |              |           |       |         |          | 
     | u_cpu_add_167_30_Y_u_cpu_add_165_34_Y_u_cpu_add_16 | B0 v -> Y ^  | AOI2BB1X4 | 0.056 |   7.765 |    8.054 | 
     | 3_30_g875                                          |              |           |       |         |          | 
     | u_cpu_add_167_30_Y_u_cpu_add_165_34_Y_u_cpu_add_16 | B ^ -> Y v   | NOR2X4    | 0.049 |   7.815 |    8.104 | 
     | 3_30_g873                                          |              |           |       |         |          | 
     | u_cpu_add_167_30_Y_u_cpu_add_165_34_Y_u_cpu_add_16 | B v -> Y ^   | NOR2X4    | 0.049 |   7.863 |    8.152 | 
     | 3_30_g871                                          |              |           |       |         |          | 
     | u_cpu_add_167_30_Y_u_cpu_add_165_34_Y_u_cpu_add_16 | B ^ -> Y v   | NOR2X4    | 0.043 |   7.906 |    8.195 | 
     | 3_30_g869                                          |              |           |       |         |          | 
     | u_cpu_add_167_30_Y_u_cpu_add_165_34_Y_u_cpu_add_16 | B0 v -> Y ^  | AOI2BB1X4 | 0.056 |   7.962 |    8.251 | 
     | 3_30_g867                                          |              |           |       |         |          | 
     | u_cpu_add_167_30_Y_u_cpu_add_165_34_Y_u_cpu_add_16 | B ^ -> Y v   | NOR2X4    | 0.044 |   8.006 |    8.295 | 
     | 3_30_g865                                          |              |           |       |         |          | 
     | u_cpu_add_167_30_Y_u_cpu_add_165_34_Y_u_cpu_add_16 | B v -> Y ^   | NOR2X4    | 0.045 |   8.051 |    8.340 | 
     | 3_30_g863                                          |              |           |       |         |          | 
     | u_cpu_add_167_30_Y_u_cpu_add_165_34_Y_u_cpu_add_16 | B ^ -> Y v   | NOR2X4    | 0.038 |   8.089 |    8.378 | 
     | 3_30_g861                                          |              |           |       |         |          | 
     | u_cpu_add_167_30_Y_u_cpu_add_165_34_Y_u_cpu_add_16 | B0 v -> Y ^  | AOI2BB1X2 | 0.067 |   8.157 |    8.446 | 
     | 3_30_g859                                          |              |           |       |         |          | 
     | u_cpu_add_167_30_Y_u_cpu_add_165_34_Y_u_cpu_add_16 | B ^ -> Y v   | NOR2X4    | 0.054 |   8.210 |    8.499 | 
     | 3_30_g857                                          |              |           |       |         |          | 
     | u_cpu_add_167_30_Y_u_cpu_add_165_34_Y_u_cpu_add_16 | B0 v -> Y ^  | AOI2BB1X4 | 0.063 |   8.273 |    8.562 | 
     | 3_30_g855                                          |              |           |       |         |          | 
     | u_cpu_add_167_30_Y_u_cpu_add_165_34_Y_u_cpu_add_16 | B ^ -> Y v   | NOR2X6    | 0.046 |   8.319 |    8.608 | 
     | 3_30_g853                                          |              |           |       |         |          | 
     | u_cpu_add_167_30_Y_u_cpu_add_165_34_Y_u_cpu_add_16 | B v -> Y ^   | NOR2X4    | 0.043 |   8.362 |    8.651 | 
     | 3_30_g851                                          |              |           |       |         |          | 
     | u_cpu_add_167_30_Y_u_cpu_add_165_34_Y_u_cpu_add_16 | B ^ -> Y v   | NOR2X4    | 0.044 |   8.406 |    8.695 | 
     | 3_30_g849                                          |              |           |       |         |          | 
     | u_cpu_add_167_30_Y_u_cpu_add_165_34_Y_u_cpu_add_16 | B v -> Y ^   | NOR2X4    | 0.047 |   8.453 |    8.742 | 
     | 3_30_g848                                          |              |           |       |         |          | 
     | u_cpu_add_167_30_Y_u_cpu_add_165_34_Y_u_cpu_add_16 | B ^ -> Y v   | NOR2X4    | 0.043 |   8.496 |    8.785 | 
     | 3_30_g846                                          |              |           |       |         |          | 
     | u_cpu_add_167_30_Y_u_cpu_add_165_34_Y_u_cpu_add_16 | B0 v -> Y ^  | AOI2BB1X4 | 0.060 |   8.556 |    8.845 | 
     | 3_30_g845                                          |              |           |       |         |          | 
     | u_cpu_add_167_30_Y_u_cpu_add_165_34_Y_u_cpu_add_16 | B ^ -> Y v   | NOR2X4    | 0.047 |   8.603 |    8.892 | 
     | 3_30_g843                                          |              |           |       |         |          | 
     | g655480                                            | B0 v -> Y ^  | AOI2BB1X4 | 0.058 |   8.661 |    8.950 | 
     | u_cpu_add_167_30_Y_u_cpu_add_165_34_Y_u_cpu_add_16 | B ^ -> Y v   | NOR2X4    | 0.047 |   8.708 |    8.997 | 
     | 3_30_g840                                          |              |           |       |         |          | 
     | u_cpu_add_167_30_Y_u_cpu_add_165_34_Y_u_cpu_add_16 | B v -> Y ^   | NOR2X4    | 0.044 |   8.752 |    9.041 | 
     | 3_30_g839                                          |              |           |       |         |          | 
     | u_cpu_add_167_30_Y_u_cpu_add_165_34_Y_u_cpu_add_16 | B ^ -> Y v   | NOR2X4    | 0.042 |   8.794 |    9.083 | 
     | 3_30_g837                                          |              |           |       |         |          | 
     | u_cpu_add_167_30_Y_u_cpu_add_165_34_Y_u_cpu_add_16 | B0 v -> Y ^  | AOI2BB1X4 | 0.063 |   8.856 |    9.145 | 
     | 3_30_g836                                          |              |           |       |         |          | 
     | u_cpu_add_167_30_Y_u_cpu_add_165_34_Y_u_cpu_add_16 | B ^ -> Y v   | NOR2X6    | 0.052 |   8.908 |    9.197 | 
     | 3_30_g834                                          |              |           |       |         |          | 
     | u_cpu_add_167_30_Y_u_cpu_add_165_34_Y_u_cpu_add_16 | B0 v -> Y ^  | AOI2BB1X4 | 0.065 |   8.973 |    9.262 | 
     | 3_30_g833                                          |              |           |       |         |          | 
     | u_cpu_add_167_30_Y_u_cpu_add_165_34_Y_u_cpu_add_16 | B ^ -> Y v   | NOR2X6    | 0.052 |   9.025 |    9.314 | 
     | 3_30_g831                                          |              |           |       |         |          | 
     | u_cpu_add_167_30_Y_u_cpu_add_165_34_Y_u_cpu_add_16 | B v -> Y ^   | NOR2X4    | 0.047 |   9.072 |    9.361 | 
     | 3_30_g830                                          |              |           |       |         |          | 
     | u_cpu_add_167_30_Y_u_cpu_add_165_34_Y_u_cpu_add_16 | B ^ -> Y v   | NOR2X4    | 0.041 |   9.113 |    9.402 | 
     | 3_30_g828                                          |              |           |       |         |          | 
     | u_cpu_add_167_30_Y_u_cpu_add_165_34_Y_u_cpu_add_16 | B0 v -> Y ^  | AOI2BB1X4 | 0.061 |   9.174 |    9.463 | 
     | 3_30_g827                                          |              |           |       |         |          | 
     | u_cpu_add_167_30_Y_u_cpu_add_165_34_Y_u_cpu_add_16 | B ^ -> Y v   | NOR2X6    | 0.045 |   9.220 |    9.509 | 
     | 3_30_g825                                          |              |           |       |         |          | 
     | u_cpu_add_167_30_Y_u_cpu_add_165_34_Y_u_cpu_add_16 | B v -> Y ^   | NOR2X4    | 0.049 |   9.268 |    9.557 | 
     | 3_30_g824                                          |              |           |       |         |          | 
     | u_cpu_add_167_30_Y_u_cpu_add_165_34_Y_u_cpu_add_16 | B ^ -> Y v   | NOR2X6    | 0.044 |   9.312 |    9.601 | 
     | 3_30_g822                                          |              |           |       |         |          | 
     | u_cpu_add_167_30_Y_u_cpu_add_165_34_Y_u_cpu_add_16 | B0 v -> Y ^  | AOI2BB1X4 | 0.062 |   9.375 |    9.664 | 
     | 3_30_g821                                          |              |           |       |         |          | 
     | u_cpu_add_167_30_Y_u_cpu_add_165_34_Y_u_cpu_add_16 | B ^ -> Y v   | NOR2X6    | 0.046 |   9.420 |    9.709 | 
     | 3_30_g819                                          |              |           |       |         |          | 
     | u_cpu_add_167_30_Y_u_cpu_add_165_34_Y_u_cpu_add_16 | B v -> Y ^   | NOR2X4    | 0.043 |   9.464 |    9.753 | 
     | 3_30_g818                                          |              |           |       |         |          | 
     | u_cpu_add_167_30_Y_u_cpu_add_165_34_Y_u_cpu_add_16 | B ^ -> Y v   | NOR2X4    | 0.041 |   9.505 |    9.794 | 
     | 3_30_g816                                          |              |           |       |         |          | 
     | g655057                                            | B0 v -> Y ^  | AOI2BB1X4 | 0.065 |   9.570 |    9.859 | 
     | g655056                                            | A ^ -> Y v   | NOR2X6    | 0.051 |   9.621 |    9.910 | 
     | u_cpu_add_167_30_Y_u_cpu_add_165_34_Y_u_cpu_add_16 | B0 v -> Y ^  | AOI2BB1X4 | 0.055 |   9.676 |    9.965 | 
     | 3_30_g812                                          |              |           |       |         |          | 
     | u_cpu_add_167_30_Y_u_cpu_add_165_34_Y_u_cpu_add_16 | B ^ -> Y v   | NOR2X4    | 0.037 |   9.713 |   10.002 | 
     | 3_30_g810                                          |              |           |       |         |          | 
     | u_cpu_add_167_30_Y_u_cpu_add_165_34_Y_u_cpu_add_16 | B v -> Y ^   | CLKXOR2X1 | 0.131 |   9.844 |   10.133 | 
     | 3_30_g809                                          |              |           |       |         |          | 
     | g641353                                            | B ^ -> Y v   | NAND2X1   | 0.062 |   9.906 |   10.195 | 
     | g653712                                            | B v -> Y ^   | NAND2X1   | 0.051 |   9.957 |   10.246 | 
     | u_cpu_pc_reg[31]                                   | D ^          | DFFRHQX1  | 0.000 |   9.957 |   10.246 | 
     +------------------------------------------------------------------------------------------------------------+ 
Path 5: MET Setup Check with Pin u_cpu_pc_reg[31]/CK 
Endpoint:   u_cpu_pc_reg[31]/D (^) checked with  leading edge of 'clk'
Beginpoint: u_cpu_ir_reg[0]/Q  (^) triggered by  leading edge of 'clk'
Path Groups: {clk}
Analysis View: av_ss
Other End Arrival Time          0.508
- Setup                         0.062
+ Phase Shift                  10.000
- Uncertainty                   0.200
= Required Time                10.246
- Arrival Time                  9.952
= Slack Time                    0.294
     Clock Rise Edge                 0.000
     + Clock Network Latency (Prop)  0.512
     = Beginpoint Arrival Time       0.512
     +------------------------------------------------------------------------------------------------------------+ 
     |                      Instance                      |     Arc      |   Cell    | Delay | Arrival | Required | 
     |                                                    |              |           |       |  Time   |   Time   | 
     |----------------------------------------------------+--------------+-----------+-------+---------+----------| 
     | u_cpu_ir_reg[0]                                    | CK ^         |           |       |   0.512 |    0.806 | 
     | u_cpu_ir_reg[0]                                    | CK ^ -> Q ^  | DFFRX1    | 0.451 |   0.963 |    1.257 | 
     | g160918                                            | A ^ -> Y ^   | AND2X1    | 0.186 |   1.149 |    1.443 | 
     | g160908                                            | B ^ -> Y v   | NAND2X1   | 0.125 |   1.274 |    1.568 | 
     | g159929                                            | B v -> Y ^   | NOR2X1    | 0.127 |   1.402 |    1.696 | 
     | g159943                                            | B ^ -> Y v   | NAND2X1   | 0.174 |   1.576 |    1.870 | 
     | g655020                                            | AN v -> Y v  | NOR2BX1   | 0.137 |   1.712 |    2.006 | 
     | g159917                                            | B v -> Y ^   | NOR2X1    | 0.087 |   1.800 |    2.094 | 
     | FE_OFC1740_n_8751                                  | A ^ -> Y v   | INVX3     | 0.205 |   2.005 |    2.299 | 
     | FE_OFC1742_n_8751                                  | A v -> Y ^   | INVX1     | 0.206 |   2.211 |    2.505 | 
     | u_cpu_u_alu_sub_16_33_Y_u_cpu_u_alu_add_15_33_g417 | A1 ^ -> Y v  | OAI22X1   | 0.164 |   2.375 |    2.669 | 
     | 0                                                  |              |           |       |         |          | 
     | u_cpu_u_alu_sub_16_33_Y_u_cpu_u_alu_add_15_33_g411 | B v -> Y ^   | NOR2X1    | 0.112 |   2.487 |    2.781 | 
     | 5                                                  |              |           |       |         |          | 
     | u_cpu_u_alu_sub_16_33_Y_u_cpu_u_alu_add_15_33_g404 | A1 ^ -> Y v  | OAI21X1   | 0.133 |   2.620 |    2.914 | 
     | 6                                                  |              |           |       |         |          | 
     | u_cpu_u_alu_sub_16_33_Y_u_cpu_u_alu_add_15_33_g403 | A1 v -> Y ^  | AOI21X1   | 0.129 |   2.748 |    3.042 | 
     | 9                                                  |              |           |       |         |          | 
     | u_cpu_u_alu_sub_16_33_Y_u_cpu_u_alu_add_15_33_g403 | B ^ -> Y v   | NOR2X1    | 0.069 |   2.817 |    3.111 | 
     | 4                                                  |              |           |       |         |          | 
     | u_cpu_u_alu_sub_16_33_Y_u_cpu_u_alu_add_15_33_g403 | B v -> Y ^   | NOR2X1    | 0.076 |   2.893 |    3.187 | 
     | 2                                                  |              |           |       |         |          | 
     | u_cpu_u_alu_sub_16_33_Y_u_cpu_u_alu_add_15_33_g403 | B ^ -> Y v   | NOR2X1    | 0.066 |   2.959 |    3.253 | 
     | 0                                                  |              |           |       |         |          | 
     | u_cpu_u_alu_sub_16_33_Y_u_cpu_u_alu_add_15_33_g402 | B v -> Y ^   | NOR2X1    | 0.063 |   3.022 |    3.316 | 
     | 8                                                  |              |           |       |         |          | 
     | u_cpu_u_alu_sub_16_33_Y_u_cpu_u_alu_add_15_33_g402 | B ^ -> Y v   | NOR2X1    | 0.058 |   3.080 |    3.374 | 
     | 6                                                  |              |           |       |         |          | 
     | u_cpu_u_alu_sub_16_33_Y_u_cpu_u_alu_add_15_33_g402 | B v -> Y ^   | NOR2X1    | 0.105 |   3.185 |    3.479 | 
     | 4                                                  |              |           |       |         |          | 
     | u_cpu_u_alu_sub_16_33_Y_u_cpu_u_alu_add_15_33_g402 | B ^ -> Y v   | NOR2X1    | 0.099 |   3.284 |    3.578 | 
     | 1                                                  |              |           |       |         |          | 
     | u_cpu_u_alu_sub_16_33_Y_u_cpu_u_alu_add_15_33_g401 | A1 v -> Y ^  | AOI21X1   | 0.108 |   3.392 |    3.686 | 
     | 5                                                  |              |           |       |         |          | 
     | u_cpu_u_alu_sub_16_33_Y_u_cpu_u_alu_add_15_33_g401 | A1 ^ -> Y v  | OAI21X1   | 0.132 |   3.524 |    3.818 | 
     | 1                                                  |              |           |       |         |          | 
     | g655048                                            | A1N v -> Y v | OAI2BB1X1 | 0.166 |   3.691 |    3.985 | 
     | u_cpu_u_alu_sub_16_33_Y_u_cpu_u_alu_add_15_33_g400 | A v -> Y ^   | INVX1     | 0.069 |   3.760 |    4.054 | 
     | 7                                                  |              |           |       |         |          | 
     | u_cpu_u_alu_sub_16_33_Y_u_cpu_u_alu_add_15_33_g400 | A1 ^ -> Y v  | OAI21X1   | 0.095 |   3.855 |    4.149 | 
     | 5                                                  |              |           |       |         |          | 
     | u_cpu_u_alu_sub_16_33_Y_u_cpu_u_alu_add_15_33_g400 | A1 v -> Y ^  | AOI21X1   | 0.136 |   3.991 |    4.285 | 
     | 3                                                  |              |           |       |         |          | 
     | u_cpu_u_alu_sub_16_33_Y_u_cpu_u_alu_add_15_33_g400 | A1 ^ -> Y v  | OAI21X1   | 0.137 |   4.128 |    4.422 | 
     | 0                                                  |              |           |       |         |          | 
     | u_cpu_u_alu_sub_16_33_Y_u_cpu_u_alu_add_15_33_g399 | A v -> Y ^   | INVX1     | 0.068 |   4.196 |    4.490 | 
     | 9                                                  |              |           |       |         |          | 
     | u_cpu_u_alu_sub_16_33_Y_u_cpu_u_alu_add_15_33_g399 | B ^ -> Y v   | NOR2X1    | 0.039 |   4.235 |    4.529 | 
     | 8                                                  |              |           |       |         |          | 
     | u_cpu_u_alu_sub_16_33_Y_u_cpu_u_alu_add_15_33_g399 | B v -> Y ^   | NOR2X1    | 0.101 |   4.336 |    4.630 | 
     | 6                                                  |              |           |       |         |          | 
     | u_cpu_u_alu_sub_16_33_Y_u_cpu_u_alu_add_15_33_g399 | B ^ -> Y v   | NOR2X1    | 0.094 |   4.430 |    4.724 | 
     | 5                                                  |              |           |       |         |          | 
     | u_cpu_u_alu_sub_16_33_Y_u_cpu_u_alu_add_15_33_g399 | B v -> Y ^   | NAND2X1   | 0.045 |   4.475 |    4.769 | 
     | 1                                                  |              |           |       |         |          | 
     | u_cpu_u_alu_sub_16_33_Y_u_cpu_u_alu_add_15_33_g398 | B ^ -> Y v   | NAND2X1   | 0.128 |   4.603 |    4.897 | 
     | 9                                                  |              |           |       |         |          | 
     | u_cpu_u_alu_sub_16_33_Y_u_cpu_u_alu_add_15_33_g398 | B v -> Y ^   | NAND2X1   | 0.109 |   4.713 |    5.007 | 
     | 2                                                  |              |           |       |         |          | 
     | u_cpu_u_alu_sub_16_33_Y_u_cpu_u_alu_add_15_33_g397 | A1 ^ -> Y v  | OAI21X1   | 0.180 |   4.892 |    5.186 | 
     | 6                                                  |              |           |       |         |          | 
     | u_cpu_u_alu_sub_16_33_Y_u_cpu_u_alu_add_15_33_g429 | B v -> Y v   | CLKXOR2X1 | 0.207 |   5.099 |    5.393 | 
     | 3                                                  |              |           |       |         |          | 
     | g655417                                            | B v -> Y ^   | NAND2X1   | 0.050 |   5.149 |    5.443 | 
     | g655035                                            | C ^ -> Y v   | NAND3X2   | 0.189 |   5.338 |    5.632 | 
     | g165559                                            | A v -> Y ^   | NOR2X1    | 0.148 |   5.486 |    5.780 | 
     | g655026                                            | D ^ -> Y v   | NAND4BBX2 | 0.162 |   5.648 |    5.942 | 
     | g165557                                            | A v -> Y ^   | NOR2X1    | 0.127 |   5.775 |    6.069 | 
     | g165556                                            | A ^ -> Y v   | NAND2X1   | 0.073 |   5.848 |    6.142 | 
     | g165555                                            | B v -> Y ^   | NOR2X1    | 0.096 |   5.943 |    6.237 | 
     | g165554                                            | B0 ^ -> Y v  | AOI2BB1X1 | 0.098 |   6.041 |    6.335 | 
     | g165553                                            | B v -> Y ^   | NOR2X4    | 0.097 |   6.138 |    6.432 | 
     | g165550                                            | S0 ^ -> Y ^  | MX2X1     | 0.193 |   6.331 |    6.625 | 
     | g655045                                            | A1 ^ -> Y ^  | OA21X1    | 0.158 |   6.489 |    6.783 | 
     | u_cpu_add_167_30_Y_u_cpu_add_165_34_Y_u_cpu_add_16 | B ^ -> Y v   | NOR2X1    | 0.053 |   6.541 |    6.835 | 
     | 3_30_g913                                          |              |           |       |         |          | 
     | u_cpu_add_167_30_Y_u_cpu_add_165_34_Y_u_cpu_add_16 | B v -> Y ^   | NOR2X1    | 0.065 |   6.606 |    6.900 | 
     | 3_30_g911                                          |              |           |       |         |          | 
     | u_cpu_add_167_30_Y_u_cpu_add_165_34_Y_u_cpu_add_16 | B ^ -> Y v   | NOR2X2    | 0.054 |   6.661 |    6.955 | 
     | 3_30_g909                                          |              |           |       |         |          | 
     | u_cpu_add_167_30_Y_u_cpu_add_165_34_Y_u_cpu_add_16 | B0 v -> Y ^  | AOI2BB1X1 | 0.071 |   6.732 |    7.026 | 
     | 3_30_g907                                          |              |           |       |         |          | 
     | u_cpu_add_167_30_Y_u_cpu_add_165_34_Y_u_cpu_add_16 | B ^ -> Y v   | NOR2X2    | 0.059 |   6.791 |    7.085 | 
     | 3_30_g905                                          |              |           |       |         |          | 
     | u_cpu_add_167_30_Y_u_cpu_add_165_34_Y_u_cpu_add_16 | B0 v -> Y ^  | AOI2BB1X1 | 0.082 |   6.873 |    7.167 | 
     | 3_30_g903                                          |              |           |       |         |          | 
     | g655044                                            | B0 ^ -> Y v  | AOI21X2   | 0.062 |   6.935 |    7.229 | 
     | u_cpu_add_167_30_Y_u_cpu_add_165_34_Y_u_cpu_add_16 | B0 v -> Y ^  | AOI2BB1X1 | 0.081 |   7.015 |    7.309 | 
     | 3_30_g899                                          |              |           |       |         |          | 
     | u_cpu_add_167_30_Y_u_cpu_add_165_34_Y_u_cpu_add_16 | B ^ -> Y v   | NOR2X1    | 0.066 |   7.081 |    7.375 | 
     | 3_30_g897                                          |              |           |       |         |          | 
     | g655043                                            | A1N v -> Y v | AOI2BB1X2 | 0.160 |   7.242 |    7.536 | 
     | u_cpu_add_167_30_Y_u_cpu_add_165_34_Y_u_cpu_add_16 | B0 v -> Y ^  | AOI2BB1X2 | 0.078 |   7.320 |    7.614 | 
     | 3_30_g891                                          |              |           |       |         |          | 
     | u_cpu_add_167_30_Y_u_cpu_add_165_34_Y_u_cpu_add_16 | B ^ -> Y v   | NOR2X4    | 0.050 |   7.370 |    7.664 | 
     | 3_30_g889                                          |              |           |       |         |          | 
     | u_cpu_add_167_30_Y_u_cpu_add_165_34_Y_u_cpu_add_16 | B v -> Y ^   | NOR2X2    | 0.057 |   7.427 |    7.721 | 
     | 3_30_g887                                          |              |           |       |         |          | 
     | u_cpu_add_167_30_Y_u_cpu_add_165_34_Y_u_cpu_add_16 | B ^ -> Y v   | NOR2X4    | 0.049 |   7.476 |    7.770 | 
     | 3_30_g885                                          |              |           |       |         |          | 
     | u_cpu_add_167_30_Y_u_cpu_add_165_34_Y_u_cpu_add_16 | B v -> Y ^   | NOR2X2    | 0.056 |   7.533 |    7.827 | 
     | 3_30_g883                                          |              |           |       |         |          | 
     | u_cpu_add_167_30_Y_u_cpu_add_165_34_Y_u_cpu_add_16 | B ^ -> Y v   | NOR2X4    | 0.049 |   7.581 |    7.875 | 
     | 3_30_g881                                          |              |           |       |         |          | 
     | u_cpu_add_167_30_Y_u_cpu_add_165_34_Y_u_cpu_add_16 | B0 v -> Y ^  | AOI2BB1X2 | 0.069 |   7.650 |    7.944 | 
     | 3_30_g879                                          |              |           |       |         |          | 
     | u_cpu_add_167_30_Y_u_cpu_add_165_34_Y_u_cpu_add_16 | B ^ -> Y v   | NOR2X4    | 0.055 |   7.704 |    7.998 | 
     | 3_30_g877                                          |              |           |       |         |          | 
     | u_cpu_add_167_30_Y_u_cpu_add_165_34_Y_u_cpu_add_16 | B0 v -> Y ^  | AOI2BB1X4 | 0.056 |   7.760 |    8.054 | 
     | 3_30_g875                                          |              |           |       |         |          | 
     | u_cpu_add_167_30_Y_u_cpu_add_165_34_Y_u_cpu_add_16 | B ^ -> Y v   | NOR2X4    | 0.049 |   7.810 |    8.104 | 
     | 3_30_g873                                          |              |           |       |         |          | 
     | u_cpu_add_167_30_Y_u_cpu_add_165_34_Y_u_cpu_add_16 | B v -> Y ^   | NOR2X4    | 0.049 |   7.858 |    8.152 | 
     | 3_30_g871                                          |              |           |       |         |          | 
     | u_cpu_add_167_30_Y_u_cpu_add_165_34_Y_u_cpu_add_16 | B ^ -> Y v   | NOR2X4    | 0.043 |   7.901 |    8.195 | 
     | 3_30_g869                                          |              |           |       |         |          | 
     | u_cpu_add_167_30_Y_u_cpu_add_165_34_Y_u_cpu_add_16 | B0 v -> Y ^  | AOI2BB1X4 | 0.056 |   7.957 |    8.251 | 
     | 3_30_g867                                          |              |           |       |         |          | 
     | u_cpu_add_167_30_Y_u_cpu_add_165_34_Y_u_cpu_add_16 | B ^ -> Y v   | NOR2X4    | 0.044 |   8.001 |    8.295 | 
     | 3_30_g865                                          |              |           |       |         |          | 
     | u_cpu_add_167_30_Y_u_cpu_add_165_34_Y_u_cpu_add_16 | B v -> Y ^   | NOR2X4    | 0.045 |   8.046 |    8.340 | 
     | 3_30_g863                                          |              |           |       |         |          | 
     | u_cpu_add_167_30_Y_u_cpu_add_165_34_Y_u_cpu_add_16 | B ^ -> Y v   | NOR2X4    | 0.038 |   8.084 |    8.378 | 
     | 3_30_g861                                          |              |           |       |         |          | 
     | u_cpu_add_167_30_Y_u_cpu_add_165_34_Y_u_cpu_add_16 | B0 v -> Y ^  | AOI2BB1X2 | 0.067 |   8.152 |    8.446 | 
     | 3_30_g859                                          |              |           |       |         |          | 
     | u_cpu_add_167_30_Y_u_cpu_add_165_34_Y_u_cpu_add_16 | B ^ -> Y v   | NOR2X4    | 0.054 |   8.205 |    8.499 | 
     | 3_30_g857                                          |              |           |       |         |          | 
     | u_cpu_add_167_30_Y_u_cpu_add_165_34_Y_u_cpu_add_16 | B0 v -> Y ^  | AOI2BB1X4 | 0.063 |   8.268 |    8.562 | 
     | 3_30_g855                                          |              |           |       |         |          | 
     | u_cpu_add_167_30_Y_u_cpu_add_165_34_Y_u_cpu_add_16 | B ^ -> Y v   | NOR2X6    | 0.046 |   8.314 |    8.608 | 
     | 3_30_g853                                          |              |           |       |         |          | 
     | u_cpu_add_167_30_Y_u_cpu_add_165_34_Y_u_cpu_add_16 | B v -> Y ^   | NOR2X4    | 0.043 |   8.357 |    8.651 | 
     | 3_30_g851                                          |              |           |       |         |          | 
     | u_cpu_add_167_30_Y_u_cpu_add_165_34_Y_u_cpu_add_16 | B ^ -> Y v   | NOR2X4    | 0.044 |   8.401 |    8.695 | 
     | 3_30_g849                                          |              |           |       |         |          | 
     | u_cpu_add_167_30_Y_u_cpu_add_165_34_Y_u_cpu_add_16 | B v -> Y ^   | NOR2X4    | 0.047 |   8.448 |    8.742 | 
     | 3_30_g848                                          |              |           |       |         |          | 
     | u_cpu_add_167_30_Y_u_cpu_add_165_34_Y_u_cpu_add_16 | B ^ -> Y v   | NOR2X4    | 0.043 |   8.491 |    8.785 | 
     | 3_30_g846                                          |              |           |       |         |          | 
     | u_cpu_add_167_30_Y_u_cpu_add_165_34_Y_u_cpu_add_16 | B0 v -> Y ^  | AOI2BB1X4 | 0.060 |   8.551 |    8.845 | 
     | 3_30_g845                                          |              |           |       |         |          | 
     | u_cpu_add_167_30_Y_u_cpu_add_165_34_Y_u_cpu_add_16 | B ^ -> Y v   | NOR2X4    | 0.047 |   8.598 |    8.892 | 
     | 3_30_g843                                          |              |           |       |         |          | 
     | g655480                                            | B0 v -> Y ^  | AOI2BB1X4 | 0.058 |   8.656 |    8.950 | 
     | u_cpu_add_167_30_Y_u_cpu_add_165_34_Y_u_cpu_add_16 | B ^ -> Y v   | NOR2X4    | 0.047 |   8.703 |    8.997 | 
     | 3_30_g840                                          |              |           |       |         |          | 
     | u_cpu_add_167_30_Y_u_cpu_add_165_34_Y_u_cpu_add_16 | B v -> Y ^   | NOR2X4    | 0.044 |   8.747 |    9.041 | 
     | 3_30_g839                                          |              |           |       |         |          | 
     | u_cpu_add_167_30_Y_u_cpu_add_165_34_Y_u_cpu_add_16 | B ^ -> Y v   | NOR2X4    | 0.042 |   8.789 |    9.083 | 
     | 3_30_g837                                          |              |           |       |         |          | 
     | u_cpu_add_167_30_Y_u_cpu_add_165_34_Y_u_cpu_add_16 | B0 v -> Y ^  | AOI2BB1X4 | 0.063 |   8.851 |    9.145 | 
     | 3_30_g836                                          |              |           |       |         |          | 
     | u_cpu_add_167_30_Y_u_cpu_add_165_34_Y_u_cpu_add_16 | B ^ -> Y v   | NOR2X6    | 0.052 |   8.903 |    9.197 | 
     | 3_30_g834                                          |              |           |       |         |          | 
     | u_cpu_add_167_30_Y_u_cpu_add_165_34_Y_u_cpu_add_16 | B0 v -> Y ^  | AOI2BB1X4 | 0.065 |   8.968 |    9.262 | 
     | 3_30_g833                                          |              |           |       |         |          | 
     | u_cpu_add_167_30_Y_u_cpu_add_165_34_Y_u_cpu_add_16 | B ^ -> Y v   | NOR2X6    | 0.052 |   9.020 |    9.314 | 
     | 3_30_g831                                          |              |           |       |         |          | 
     | u_cpu_add_167_30_Y_u_cpu_add_165_34_Y_u_cpu_add_16 | B v -> Y ^   | NOR2X4    | 0.047 |   9.067 |    9.361 | 
     | 3_30_g830                                          |              |           |       |         |          | 
     | u_cpu_add_167_30_Y_u_cpu_add_165_34_Y_u_cpu_add_16 | B ^ -> Y v   | NOR2X4    | 0.041 |   9.108 |    9.402 | 
     | 3_30_g828                                          |              |           |       |         |          | 
     | u_cpu_add_167_30_Y_u_cpu_add_165_34_Y_u_cpu_add_16 | B0 v -> Y ^  | AOI2BB1X4 | 0.061 |   9.169 |    9.463 | 
     | 3_30_g827                                          |              |           |       |         |          | 
     | u_cpu_add_167_30_Y_u_cpu_add_165_34_Y_u_cpu_add_16 | B ^ -> Y v   | NOR2X6    | 0.045 |   9.215 |    9.509 | 
     | 3_30_g825                                          |              |           |       |         |          | 
     | u_cpu_add_167_30_Y_u_cpu_add_165_34_Y_u_cpu_add_16 | B v -> Y ^   | NOR2X4    | 0.049 |   9.263 |    9.557 | 
     | 3_30_g824                                          |              |           |       |         |          | 
     | u_cpu_add_167_30_Y_u_cpu_add_165_34_Y_u_cpu_add_16 | B ^ -> Y v   | NOR2X6    | 0.044 |   9.307 |    9.601 | 
     | 3_30_g822                                          |              |           |       |         |          | 
     | u_cpu_add_167_30_Y_u_cpu_add_165_34_Y_u_cpu_add_16 | B0 v -> Y ^  | AOI2BB1X4 | 0.062 |   9.370 |    9.664 | 
     | 3_30_g821                                          |              |           |       |         |          | 
     | u_cpu_add_167_30_Y_u_cpu_add_165_34_Y_u_cpu_add_16 | B ^ -> Y v   | NOR2X6    | 0.046 |   9.415 |    9.709 | 
     | 3_30_g819                                          |              |           |       |         |          | 
     | u_cpu_add_167_30_Y_u_cpu_add_165_34_Y_u_cpu_add_16 | B v -> Y ^   | NOR2X4    | 0.043 |   9.459 |    9.753 | 
     | 3_30_g818                                          |              |           |       |         |          | 
     | u_cpu_add_167_30_Y_u_cpu_add_165_34_Y_u_cpu_add_16 | B ^ -> Y v   | NOR2X4    | 0.041 |   9.500 |    9.794 | 
     | 3_30_g816                                          |              |           |       |         |          | 
     | g655057                                            | B0 v -> Y ^  | AOI2BB1X4 | 0.065 |   9.565 |    9.859 | 
     | g655056                                            | A ^ -> Y v   | NOR2X6    | 0.051 |   9.616 |    9.910 | 
     | u_cpu_add_167_30_Y_u_cpu_add_165_34_Y_u_cpu_add_16 | B0 v -> Y ^  | AOI2BB1X4 | 0.055 |   9.671 |    9.965 | 
     | 3_30_g812                                          |              |           |       |         |          | 
     | u_cpu_add_167_30_Y_u_cpu_add_165_34_Y_u_cpu_add_16 | B ^ -> Y v   | NOR2X4    | 0.037 |   9.708 |   10.002 | 
     | 3_30_g810                                          |              |           |       |         |          | 
     | u_cpu_add_167_30_Y_u_cpu_add_165_34_Y_u_cpu_add_16 | B v -> Y ^   | CLKXOR2X1 | 0.131 |   9.839 |   10.133 | 
     | 3_30_g809                                          |              |           |       |         |          | 
     | g641353                                            | B ^ -> Y v   | NAND2X1   | 0.062 |   9.901 |   10.195 | 
     | g653712                                            | B v -> Y ^   | NAND2X1   | 0.051 |   9.952 |   10.246 | 
     | u_cpu_pc_reg[31]                                   | D ^          | DFFRHQX1  | 0.000 |   9.952 |   10.246 | 
     +------------------------------------------------------------------------------------------------------------+ 
Path 6: MET Setup Check with Pin u_cpu_pc_reg[31]/CK 
Endpoint:   u_cpu_pc_reg[31]/D (^) checked with  leading edge of 'clk'
Beginpoint: u_cpu_ir_reg[0]/Q  (^) triggered by  leading edge of 'clk'
Path Groups: {clk}
Analysis View: av_ss
Other End Arrival Time          0.508
- Setup                         0.062
+ Phase Shift                  10.000
- Uncertainty                   0.200
= Required Time                10.246
- Arrival Time                  9.951
= Slack Time                    0.295
     Clock Rise Edge                 0.000
     + Clock Network Latency (Prop)  0.512
     = Beginpoint Arrival Time       0.512
     +------------------------------------------------------------------------------------------------------------+ 
     |                      Instance                      |     Arc      |   Cell    | Delay | Arrival | Required | 
     |                                                    |              |           |       |  Time   |   Time   | 
     |----------------------------------------------------+--------------+-----------+-------+---------+----------| 
     | u_cpu_ir_reg[0]                                    | CK ^         |           |       |   0.512 |    0.808 | 
     | u_cpu_ir_reg[0]                                    | CK ^ -> Q ^  | DFFRX1    | 0.451 |   0.963 |    1.258 | 
     | g655383                                            | A ^ -> Y v   | NAND2X1   | 0.145 |   1.108 |    1.403 | 
     | g160909                                            | B v -> Y ^   | NOR2X1    | 0.102 |   1.210 |    1.505 | 
     | g160892                                            | B0 ^ -> Y v  | OAI21X1   | 0.109 |   1.319 |    1.614 | 
     | g160890                                            | B v -> Y ^   | NOR2X1    | 0.138 |   1.456 |    1.752 | 
     | FE_OFC2349_n_8446                                  | A ^ -> Y v   | CLKINVX4  | 0.160 |   1.617 |    1.912 | 
     | g655053                                            | A1N v -> Y v | OAI2BB1X1 | 0.246 |   1.863 |    2.158 | 
     | FE_OFC511_n_8980                                   | A v -> Y v   | BUFX8     | 0.237 |   2.099 |    2.395 | 
     | FE_OFC2432_n_8980                                  | A v -> Y ^   | INVX3     | 0.155 |   2.254 |    2.549 | 
     | u_cpu_u_alu_sub_16_33_Y_u_cpu_u_alu_add_15_33_g417 | A0 ^ -> Y v  | OAI22X1   | 0.149 |   2.404 |    2.699 | 
     | 0                                                  |              |           |       |         |          | 
     | u_cpu_u_alu_sub_16_33_Y_u_cpu_u_alu_add_15_33_g411 | B v -> Y ^   | NOR2X1    | 0.112 |   2.515 |    2.811 | 
     | 5                                                  |              |           |       |         |          | 
     | u_cpu_u_alu_sub_16_33_Y_u_cpu_u_alu_add_15_33_g404 | A1 ^ -> Y v  | OAI21X1   | 0.133 |   2.648 |    2.943 | 
     | 6                                                  |              |           |       |         |          | 
     | u_cpu_u_alu_sub_16_33_Y_u_cpu_u_alu_add_15_33_g403 | A1 v -> Y ^  | AOI21X1   | 0.129 |   2.777 |    3.072 | 
     | 9                                                  |              |           |       |         |          | 
     | u_cpu_u_alu_sub_16_33_Y_u_cpu_u_alu_add_15_33_g403 | B ^ -> Y v   | NOR2X1    | 0.069 |   2.846 |    3.141 | 
     | 4                                                  |              |           |       |         |          | 
     | u_cpu_u_alu_sub_16_33_Y_u_cpu_u_alu_add_15_33_g403 | B v -> Y ^   | NOR2X1    | 0.076 |   2.922 |    3.217 | 
     | 2                                                  |              |           |       |         |          | 
     | u_cpu_u_alu_sub_16_33_Y_u_cpu_u_alu_add_15_33_g403 | B ^ -> Y v   | NOR2X1    | 0.066 |   2.988 |    3.283 | 
     | 0                                                  |              |           |       |         |          | 
     | u_cpu_u_alu_sub_16_33_Y_u_cpu_u_alu_add_15_33_g402 | B v -> Y ^   | NOR2X1    | 0.063 |   3.051 |    3.346 | 
     | 8                                                  |              |           |       |         |          | 
     | u_cpu_u_alu_sub_16_33_Y_u_cpu_u_alu_add_15_33_g402 | B ^ -> Y v   | NOR2X1    | 0.058 |   3.108 |    3.404 | 
     | 6                                                  |              |           |       |         |          | 
     | u_cpu_u_alu_sub_16_33_Y_u_cpu_u_alu_add_15_33_g402 | B v -> Y ^   | NOR2X1    | 0.105 |   3.214 |    3.509 | 
     | 4                                                  |              |           |       |         |          | 
     | u_cpu_u_alu_sub_16_33_Y_u_cpu_u_alu_add_15_33_g402 | B ^ -> Y v   | NOR2X1    | 0.099 |   3.313 |    3.608 | 
     | 1                                                  |              |           |       |         |          | 
     | u_cpu_u_alu_sub_16_33_Y_u_cpu_u_alu_add_15_33_g401 | A1 v -> Y ^  | AOI21X1   | 0.108 |   3.421 |    3.716 | 
     | 5                                                  |              |           |       |         |          | 
     | u_cpu_u_alu_sub_16_33_Y_u_cpu_u_alu_add_15_33_g401 | A1 ^ -> Y v  | OAI21X1   | 0.132 |   3.553 |    3.848 | 
     | 1                                                  |              |           |       |         |          | 
     | g655048                                            | A1N v -> Y v | OAI2BB1X1 | 0.166 |   3.719 |    4.015 | 
     | u_cpu_u_alu_sub_16_33_Y_u_cpu_u_alu_add_15_33_g400 | A v -> Y ^   | INVX1     | 0.069 |   3.789 |    4.084 | 
     | 7                                                  |              |           |       |         |          | 
     | u_cpu_u_alu_sub_16_33_Y_u_cpu_u_alu_add_15_33_g400 | A1 ^ -> Y v  | OAI21X1   | 0.095 |   3.883 |    4.179 | 
     | 5                                                  |              |           |       |         |          | 
     | u_cpu_u_alu_sub_16_33_Y_u_cpu_u_alu_add_15_33_g400 | A1 v -> Y ^  | AOI21X1   | 0.136 |   4.020 |    4.315 | 
     | 3                                                  |              |           |       |         |          | 
     | u_cpu_u_alu_sub_16_33_Y_u_cpu_u_alu_add_15_33_g400 | A1 ^ -> Y v  | OAI21X1   | 0.137 |   4.157 |    4.452 | 
     | 0                                                  |              |           |       |         |          | 
     | u_cpu_u_alu_sub_16_33_Y_u_cpu_u_alu_add_15_33_g399 | A v -> Y ^   | INVX1     | 0.068 |   4.224 |    4.519 | 
     | 9                                                  |              |           |       |         |          | 
     | u_cpu_u_alu_sub_16_33_Y_u_cpu_u_alu_add_15_33_g399 | B ^ -> Y v   | NOR2X1    | 0.039 |   4.263 |    4.558 | 
     | 8                                                  |              |           |       |         |          | 
     | u_cpu_u_alu_sub_16_33_Y_u_cpu_u_alu_add_15_33_g399 | B v -> Y ^   | NOR2X1    | 0.101 |   4.364 |    4.659 | 
     | 6                                                  |              |           |       |         |          | 
     | u_cpu_u_alu_sub_16_33_Y_u_cpu_u_alu_add_15_33_g399 | B ^ -> Y v   | NOR2X1    | 0.094 |   4.458 |    4.754 | 
     | 5                                                  |              |           |       |         |          | 
     | u_cpu_u_alu_sub_16_33_Y_u_cpu_u_alu_add_15_33_g399 | B v -> Y ^   | NAND2X1   | 0.045 |   4.504 |    4.799 | 
     | 1                                                  |              |           |       |         |          | 
     | u_cpu_u_alu_sub_16_33_Y_u_cpu_u_alu_add_15_33_g398 | B ^ -> Y v   | NAND2X1   | 0.128 |   4.632 |    4.927 | 
     | 9                                                  |              |           |       |         |          | 
     | u_cpu_u_alu_sub_16_33_Y_u_cpu_u_alu_add_15_33_g398 | B v -> Y ^   | NAND2X1   | 0.109 |   4.741 |    5.036 | 
     | 2                                                  |              |           |       |         |          | 
     | u_cpu_u_alu_sub_16_33_Y_u_cpu_u_alu_add_15_33_g397 | B ^ -> Y v   | NAND2X1   | 0.099 |   4.840 |    5.135 | 
     | 9                                                  |              |           |       |         |          | 
     | u_cpu_u_alu_sub_16_33_Y_u_cpu_u_alu_add_15_33_g655 | A v -> Y ^   | INVX1     | 0.063 |   4.903 |    5.199 | 
     | 407                                                |              |           |       |         |          | 
     | u_cpu_u_alu_sub_16_33_Y_u_cpu_u_alu_add_15_33_g396 | A1 ^ -> Y v  | OAI21X1   | 0.075 |   4.979 |    5.274 | 
     | 9                                                  |              |           |       |         |          | 
     | u_cpu_u_alu_sub_16_33_Y_u_cpu_u_alu_add_15_33_g396 | B v -> Y v   | XNOR2X1   | 0.147 |   5.126 |    5.421 | 
     | 2                                                  |              |           |       |         |          | 
     | g165976                                            | B v -> Y ^   | NAND2X1   | 0.046 |   5.172 |    5.467 | 
     | g655037                                            | C ^ -> Y v   | NAND3X2   | 0.163 |   5.335 |    5.630 | 
     | g655026                                            | BN v -> Y v  | NAND4BBX2 | 0.312 |   5.647 |    5.942 | 
     | g165557                                            | A v -> Y ^   | NOR2X1    | 0.127 |   5.774 |    6.069 | 
     | g165556                                            | A ^ -> Y v   | NAND2X1   | 0.073 |   5.847 |    6.142 | 
     | g165555                                            | B v -> Y ^   | NOR2X1    | 0.096 |   5.942 |    6.237 | 
     | g165554                                            | B0 ^ -> Y v  | AOI2BB1X1 | 0.098 |   6.040 |    6.335 | 
     | g165553                                            | B v -> Y ^   | NOR2X4    | 0.097 |   6.137 |    6.432 | 
     | g165550                                            | S0 ^ -> Y ^  | MX2X1     | 0.193 |   6.330 |    6.625 | 
     | g655045                                            | A1 ^ -> Y ^  | OA21X1    | 0.158 |   6.487 |    6.783 | 
     | u_cpu_add_167_30_Y_u_cpu_add_165_34_Y_u_cpu_add_16 | B ^ -> Y v   | NOR2X1    | 0.053 |   6.540 |    6.835 | 
     | 3_30_g913                                          |              |           |       |         |          | 
     | u_cpu_add_167_30_Y_u_cpu_add_165_34_Y_u_cpu_add_16 | B v -> Y ^   | NOR2X1    | 0.065 |   6.605 |    6.900 | 
     | 3_30_g911                                          |              |           |       |         |          | 
     | u_cpu_add_167_30_Y_u_cpu_add_165_34_Y_u_cpu_add_16 | B ^ -> Y v   | NOR2X2    | 0.054 |   6.660 |    6.955 | 
     | 3_30_g909                                          |              |           |       |         |          | 
     | u_cpu_add_167_30_Y_u_cpu_add_165_34_Y_u_cpu_add_16 | B0 v -> Y ^  | AOI2BB1X1 | 0.071 |   6.731 |    7.026 | 
     | 3_30_g907                                          |              |           |       |         |          | 
     | u_cpu_add_167_30_Y_u_cpu_add_165_34_Y_u_cpu_add_16 | B ^ -> Y v   | NOR2X2    | 0.059 |   6.790 |    7.085 | 
     | 3_30_g905                                          |              |           |       |         |          | 
     | u_cpu_add_167_30_Y_u_cpu_add_165_34_Y_u_cpu_add_16 | B0 v -> Y ^  | AOI2BB1X1 | 0.082 |   6.872 |    7.167 | 
     | 3_30_g903                                          |              |           |       |         |          | 
     | g655044                                            | B0 ^ -> Y v  | AOI21X2   | 0.062 |   6.933 |    7.229 | 
     | u_cpu_add_167_30_Y_u_cpu_add_165_34_Y_u_cpu_add_16 | B0 v -> Y ^  | AOI2BB1X1 | 0.081 |   7.014 |    7.309 | 
     | 3_30_g899                                          |              |           |       |         |          | 
     | u_cpu_add_167_30_Y_u_cpu_add_165_34_Y_u_cpu_add_16 | B ^ -> Y v   | NOR2X1    | 0.066 |   7.080 |    7.375 | 
     | 3_30_g897                                          |              |           |       |         |          | 
     | g655043                                            | A1N v -> Y v | AOI2BB1X2 | 0.160 |   7.240 |    7.536 | 
     | u_cpu_add_167_30_Y_u_cpu_add_165_34_Y_u_cpu_add_16 | B0 v -> Y ^  | AOI2BB1X2 | 0.078 |   7.319 |    7.614 | 
     | 3_30_g891                                          |              |           |       |         |          | 
     | u_cpu_add_167_30_Y_u_cpu_add_165_34_Y_u_cpu_add_16 | B ^ -> Y v   | NOR2X4    | 0.050 |   7.369 |    7.664 | 
     | 3_30_g889                                          |              |           |       |         |          | 
     | u_cpu_add_167_30_Y_u_cpu_add_165_34_Y_u_cpu_add_16 | B v -> Y ^   | NOR2X2    | 0.057 |   7.426 |    7.721 | 
     | 3_30_g887                                          |              |           |       |         |          | 
     | u_cpu_add_167_30_Y_u_cpu_add_165_34_Y_u_cpu_add_16 | B ^ -> Y v   | NOR2X4    | 0.049 |   7.475 |    7.770 | 
     | 3_30_g885                                          |              |           |       |         |          | 
     | u_cpu_add_167_30_Y_u_cpu_add_165_34_Y_u_cpu_add_16 | B v -> Y ^   | NOR2X2    | 0.056 |   7.531 |    7.827 | 
     | 3_30_g883                                          |              |           |       |         |          | 
     | u_cpu_add_167_30_Y_u_cpu_add_165_34_Y_u_cpu_add_16 | B ^ -> Y v   | NOR2X4    | 0.049 |   7.580 |    7.875 | 
     | 3_30_g881                                          |              |           |       |         |          | 
     | u_cpu_add_167_30_Y_u_cpu_add_165_34_Y_u_cpu_add_16 | B0 v -> Y ^  | AOI2BB1X2 | 0.069 |   7.649 |    7.944 | 
     | 3_30_g879                                          |              |           |       |         |          | 
     | u_cpu_add_167_30_Y_u_cpu_add_165_34_Y_u_cpu_add_16 | B ^ -> Y v   | NOR2X4    | 0.055 |   7.703 |    7.998 | 
     | 3_30_g877                                          |              |           |       |         |          | 
     | u_cpu_add_167_30_Y_u_cpu_add_165_34_Y_u_cpu_add_16 | B0 v -> Y ^  | AOI2BB1X4 | 0.056 |   7.759 |    8.054 | 
     | 3_30_g875                                          |              |           |       |         |          | 
     | u_cpu_add_167_30_Y_u_cpu_add_165_34_Y_u_cpu_add_16 | B ^ -> Y v   | NOR2X4    | 0.049 |   7.808 |    8.104 | 
     | 3_30_g873                                          |              |           |       |         |          | 
     | u_cpu_add_167_30_Y_u_cpu_add_165_34_Y_u_cpu_add_16 | B v -> Y ^   | NOR2X4    | 0.049 |   7.857 |    8.152 | 
     | 3_30_g871                                          |              |           |       |         |          | 
     | u_cpu_add_167_30_Y_u_cpu_add_165_34_Y_u_cpu_add_16 | B ^ -> Y v   | NOR2X4    | 0.043 |   7.900 |    8.195 | 
     | 3_30_g869                                          |              |           |       |         |          | 
     | u_cpu_add_167_30_Y_u_cpu_add_165_34_Y_u_cpu_add_16 | B0 v -> Y ^  | AOI2BB1X4 | 0.056 |   7.956 |    8.251 | 
     | 3_30_g867                                          |              |           |       |         |          | 
     | u_cpu_add_167_30_Y_u_cpu_add_165_34_Y_u_cpu_add_16 | B ^ -> Y v   | NOR2X4    | 0.044 |   8.000 |    8.295 | 
     | 3_30_g865                                          |              |           |       |         |          | 
     | u_cpu_add_167_30_Y_u_cpu_add_165_34_Y_u_cpu_add_16 | B v -> Y ^   | NOR2X4    | 0.045 |   8.045 |    8.340 | 
     | 3_30_g863                                          |              |           |       |         |          | 
     | u_cpu_add_167_30_Y_u_cpu_add_165_34_Y_u_cpu_add_16 | B ^ -> Y v   | NOR2X4    | 0.038 |   8.083 |    8.378 | 
     | 3_30_g861                                          |              |           |       |         |          | 
     | u_cpu_add_167_30_Y_u_cpu_add_165_34_Y_u_cpu_add_16 | B0 v -> Y ^  | AOI2BB1X2 | 0.067 |   8.150 |    8.446 | 
     | 3_30_g859                                          |              |           |       |         |          | 
     | u_cpu_add_167_30_Y_u_cpu_add_165_34_Y_u_cpu_add_16 | B ^ -> Y v   | NOR2X4    | 0.054 |   8.204 |    8.499 | 
     | 3_30_g857                                          |              |           |       |         |          | 
     | u_cpu_add_167_30_Y_u_cpu_add_165_34_Y_u_cpu_add_16 | B0 v -> Y ^  | AOI2BB1X4 | 0.063 |   8.267 |    8.562 | 
     | 3_30_g855                                          |              |           |       |         |          | 
     | u_cpu_add_167_30_Y_u_cpu_add_165_34_Y_u_cpu_add_16 | B ^ -> Y v   | NOR2X6    | 0.046 |   8.313 |    8.608 | 
     | 3_30_g853                                          |              |           |       |         |          | 
     | u_cpu_add_167_30_Y_u_cpu_add_165_34_Y_u_cpu_add_16 | B v -> Y ^   | NOR2X4    | 0.043 |   8.356 |    8.651 | 
     | 3_30_g851                                          |              |           |       |         |          | 
     | u_cpu_add_167_30_Y_u_cpu_add_165_34_Y_u_cpu_add_16 | B ^ -> Y v   | NOR2X4    | 0.044 |   8.400 |    8.695 | 
     | 3_30_g849                                          |              |           |       |         |          | 
     | u_cpu_add_167_30_Y_u_cpu_add_165_34_Y_u_cpu_add_16 | B v -> Y ^   | NOR2X4    | 0.047 |   8.447 |    8.742 | 
     | 3_30_g848                                          |              |           |       |         |          | 
     | u_cpu_add_167_30_Y_u_cpu_add_165_34_Y_u_cpu_add_16 | B ^ -> Y v   | NOR2X4    | 0.043 |   8.490 |    8.785 | 
     | 3_30_g846                                          |              |           |       |         |          | 
     | u_cpu_add_167_30_Y_u_cpu_add_165_34_Y_u_cpu_add_16 | B0 v -> Y ^  | AOI2BB1X4 | 0.060 |   8.550 |    8.845 | 
     | 3_30_g845                                          |              |           |       |         |          | 
     | u_cpu_add_167_30_Y_u_cpu_add_165_34_Y_u_cpu_add_16 | B ^ -> Y v   | NOR2X4    | 0.047 |   8.597 |    8.892 | 
     | 3_30_g843                                          |              |           |       |         |          | 
     | g655480                                            | B0 v -> Y ^  | AOI2BB1X4 | 0.058 |   8.655 |    8.950 | 
     | u_cpu_add_167_30_Y_u_cpu_add_165_34_Y_u_cpu_add_16 | B ^ -> Y v   | NOR2X4    | 0.047 |   8.702 |    8.997 | 
     | 3_30_g840                                          |              |           |       |         |          | 
     | u_cpu_add_167_30_Y_u_cpu_add_165_34_Y_u_cpu_add_16 | B v -> Y ^   | NOR2X4    | 0.044 |   8.746 |    9.041 | 
     | 3_30_g839                                          |              |           |       |         |          | 
     | u_cpu_add_167_30_Y_u_cpu_add_165_34_Y_u_cpu_add_16 | B ^ -> Y v   | NOR2X4    | 0.042 |   8.788 |    9.083 | 
     | 3_30_g837                                          |              |           |       |         |          | 
     | u_cpu_add_167_30_Y_u_cpu_add_165_34_Y_u_cpu_add_16 | B0 v -> Y ^  | AOI2BB1X4 | 0.063 |   8.850 |    9.145 | 
     | 3_30_g836                                          |              |           |       |         |          | 
     | u_cpu_add_167_30_Y_u_cpu_add_165_34_Y_u_cpu_add_16 | B ^ -> Y v   | NOR2X6    | 0.052 |   8.902 |    9.197 | 
     | 3_30_g834                                          |              |           |       |         |          | 
     | u_cpu_add_167_30_Y_u_cpu_add_165_34_Y_u_cpu_add_16 | B0 v -> Y ^  | AOI2BB1X4 | 0.065 |   8.966 |    9.262 | 
     | 3_30_g833                                          |              |           |       |         |          | 
     | u_cpu_add_167_30_Y_u_cpu_add_165_34_Y_u_cpu_add_16 | B ^ -> Y v   | NOR2X6    | 0.052 |   9.018 |    9.314 | 
     | 3_30_g831                                          |              |           |       |         |          | 
     | u_cpu_add_167_30_Y_u_cpu_add_165_34_Y_u_cpu_add_16 | B v -> Y ^   | NOR2X4    | 0.047 |   9.066 |    9.361 | 
     | 3_30_g830                                          |              |           |       |         |          | 
     | u_cpu_add_167_30_Y_u_cpu_add_165_34_Y_u_cpu_add_16 | B ^ -> Y v   | NOR2X4    | 0.041 |   9.107 |    9.402 | 
     | 3_30_g828                                          |              |           |       |         |          | 
     | u_cpu_add_167_30_Y_u_cpu_add_165_34_Y_u_cpu_add_16 | B0 v -> Y ^  | AOI2BB1X4 | 0.061 |   9.168 |    9.463 | 
     | 3_30_g827                                          |              |           |       |         |          | 
     | u_cpu_add_167_30_Y_u_cpu_add_165_34_Y_u_cpu_add_16 | B ^ -> Y v   | NOR2X6    | 0.045 |   9.213 |    9.509 | 
     | 3_30_g825                                          |              |           |       |         |          | 
     | u_cpu_add_167_30_Y_u_cpu_add_165_34_Y_u_cpu_add_16 | B v -> Y ^   | NOR2X4    | 0.049 |   9.262 |    9.557 | 
     | 3_30_g824                                          |              |           |       |         |          | 
     | u_cpu_add_167_30_Y_u_cpu_add_165_34_Y_u_cpu_add_16 | B ^ -> Y v   | NOR2X6    | 0.044 |   9.306 |    9.601 | 
     | 3_30_g822                                          |              |           |       |         |          | 
     | u_cpu_add_167_30_Y_u_cpu_add_165_34_Y_u_cpu_add_16 | B0 v -> Y ^  | AOI2BB1X4 | 0.062 |   9.368 |    9.664 | 
     | 3_30_g821                                          |              |           |       |         |          | 
     | u_cpu_add_167_30_Y_u_cpu_add_165_34_Y_u_cpu_add_16 | B ^ -> Y v   | NOR2X6    | 0.046 |   9.414 |    9.709 | 
     | 3_30_g819                                          |              |           |       |         |          | 
     | u_cpu_add_167_30_Y_u_cpu_add_165_34_Y_u_cpu_add_16 | B v -> Y ^   | NOR2X4    | 0.043 |   9.458 |    9.753 | 
     | 3_30_g818                                          |              |           |       |         |          | 
     | u_cpu_add_167_30_Y_u_cpu_add_165_34_Y_u_cpu_add_16 | B ^ -> Y v   | NOR2X4    | 0.041 |   9.499 |    9.794 | 
     | 3_30_g816                                          |              |           |       |         |          | 
     | g655057                                            | B0 v -> Y ^  | AOI2BB1X4 | 0.065 |   9.563 |    9.859 | 
     | g655056                                            | A ^ -> Y v   | NOR2X6    | 0.051 |   9.615 |    9.910 | 
     | u_cpu_add_167_30_Y_u_cpu_add_165_34_Y_u_cpu_add_16 | B0 v -> Y ^  | AOI2BB1X4 | 0.055 |   9.670 |    9.965 | 
     | 3_30_g812                                          |              |           |       |         |          | 
     | u_cpu_add_167_30_Y_u_cpu_add_165_34_Y_u_cpu_add_16 | B ^ -> Y v   | NOR2X4    | 0.037 |   9.707 |   10.002 | 
     | 3_30_g810                                          |              |           |       |         |          | 
     | u_cpu_add_167_30_Y_u_cpu_add_165_34_Y_u_cpu_add_16 | B v -> Y ^   | CLKXOR2X1 | 0.131 |   9.838 |   10.133 | 
     | 3_30_g809                                          |              |           |       |         |          | 
     | g641353                                            | B ^ -> Y v   | NAND2X1   | 0.062 |   9.900 |   10.195 | 
     | g653712                                            | B v -> Y ^   | NAND2X1   | 0.051 |   9.951 |   10.246 | 
     | u_cpu_pc_reg[31]                                   | D ^          | DFFRHQX1  | 0.000 |   9.951 |   10.246 | 
     +------------------------------------------------------------------------------------------------------------+ 
Path 7: MET Setup Check with Pin u_cpu_pc_reg[31]/CK 
Endpoint:   u_cpu_pc_reg[31]/D (^) checked with  leading edge of 'clk'
Beginpoint: u_cpu_ir_reg[0]/Q  (^) triggered by  leading edge of 'clk'
Path Groups: {clk}
Analysis View: av_ss
Other End Arrival Time          0.508
- Setup                         0.062
+ Phase Shift                  10.000
- Uncertainty                   0.200
= Required Time                10.246
- Arrival Time                  9.950
= Slack Time                    0.296
     Clock Rise Edge                 0.000
     + Clock Network Latency (Prop)  0.512
     = Beginpoint Arrival Time       0.512
     +------------------------------------------------------------------------------------------------------------+ 
     |                      Instance                      |     Arc      |   Cell    | Delay | Arrival | Required | 
     |                                                    |              |           |       |  Time   |   Time   | 
     |----------------------------------------------------+--------------+-----------+-------+---------+----------| 
     | u_cpu_ir_reg[0]                                    | CK ^         |           |       |   0.512 |    0.808 | 
     | u_cpu_ir_reg[0]                                    | CK ^ -> Q ^  | DFFRX1    | 0.451 |   0.963 |    1.259 | 
     | g655383                                            | A ^ -> Y v   | NAND2X1   | 0.145 |   1.108 |    1.404 | 
     | g160909                                            | B v -> Y ^   | NOR2X1    | 0.102 |   1.210 |    1.506 | 
     | g160892                                            | B0 ^ -> Y v  | OAI21X1   | 0.109 |   1.319 |    1.614 | 
     | g160890                                            | B v -> Y ^   | NOR2X1    | 0.138 |   1.456 |    1.752 | 
     | FE_OFC2349_n_8446                                  | A ^ -> Y v   | CLKINVX4  | 0.160 |   1.617 |    1.912 | 
     | g655053                                            | A1N v -> Y v | OAI2BB1X1 | 0.246 |   1.863 |    2.159 | 
     | FE_OFC511_n_8980                                   | A v -> Y v   | BUFX8     | 0.237 |   2.099 |    2.395 | 
     | FE_OFC2432_n_8980                                  | A v -> Y ^   | INVX3     | 0.155 |   2.254 |    2.550 | 
     | u_cpu_u_alu_sub_16_33_Y_u_cpu_u_alu_add_15_33_g417 | A0 ^ -> Y v  | OAI22X1   | 0.149 |   2.404 |    2.700 | 
     | 0                                                  |              |           |       |         |          | 
     | u_cpu_u_alu_sub_16_33_Y_u_cpu_u_alu_add_15_33_g411 | B v -> Y ^   | NOR2X1    | 0.112 |   2.515 |    2.811 | 
     | 5                                                  |              |           |       |         |          | 
     | u_cpu_u_alu_sub_16_33_Y_u_cpu_u_alu_add_15_33_g404 | A1 ^ -> Y v  | OAI21X1   | 0.133 |   2.648 |    2.944 | 
     | 6                                                  |              |           |       |         |          | 
     | u_cpu_u_alu_sub_16_33_Y_u_cpu_u_alu_add_15_33_g403 | A1 v -> Y ^  | AOI21X1   | 0.129 |   2.777 |    3.073 | 
     | 9                                                  |              |           |       |         |          | 
     | u_cpu_u_alu_sub_16_33_Y_u_cpu_u_alu_add_15_33_g403 | B ^ -> Y v   | NOR2X1    | 0.069 |   2.846 |    3.142 | 
     | 4                                                  |              |           |       |         |          | 
     | u_cpu_u_alu_sub_16_33_Y_u_cpu_u_alu_add_15_33_g403 | B v -> Y ^   | NOR2X1    | 0.076 |   2.922 |    3.218 | 
     | 2                                                  |              |           |       |         |          | 
     | u_cpu_u_alu_sub_16_33_Y_u_cpu_u_alu_add_15_33_g403 | B ^ -> Y v   | NOR2X1    | 0.066 |   2.988 |    3.284 | 
     | 0                                                  |              |           |       |         |          | 
     | u_cpu_u_alu_sub_16_33_Y_u_cpu_u_alu_add_15_33_g402 | B v -> Y ^   | NOR2X1    | 0.063 |   3.051 |    3.346 | 
     | 8                                                  |              |           |       |         |          | 
     | u_cpu_u_alu_sub_16_33_Y_u_cpu_u_alu_add_15_33_g402 | B ^ -> Y v   | NOR2X1    | 0.058 |   3.108 |    3.404 | 
     | 6                                                  |              |           |       |         |          | 
     | u_cpu_u_alu_sub_16_33_Y_u_cpu_u_alu_add_15_33_g402 | B v -> Y ^   | NOR2X1    | 0.105 |   3.214 |    3.510 | 
     | 4                                                  |              |           |       |         |          | 
     | u_cpu_u_alu_sub_16_33_Y_u_cpu_u_alu_add_15_33_g402 | B ^ -> Y v   | NOR2X1    | 0.099 |   3.313 |    3.609 | 
     | 1                                                  |              |           |       |         |          | 
     | u_cpu_u_alu_sub_16_33_Y_u_cpu_u_alu_add_15_33_g401 | A1 v -> Y ^  | AOI21X1   | 0.108 |   3.421 |    3.716 | 
     | 5                                                  |              |           |       |         |          | 
     | u_cpu_u_alu_sub_16_33_Y_u_cpu_u_alu_add_15_33_g401 | A1 ^ -> Y v  | OAI21X1   | 0.132 |   3.553 |    3.849 | 
     | 1                                                  |              |           |       |         |          | 
     | g655048                                            | A1N v -> Y v | OAI2BB1X1 | 0.166 |   3.719 |    4.015 | 
     | u_cpu_u_alu_sub_16_33_Y_u_cpu_u_alu_add_15_33_g400 | A v -> Y ^   | INVX1     | 0.069 |   3.789 |    4.085 | 
     | 7                                                  |              |           |       |         |          | 
     | u_cpu_u_alu_sub_16_33_Y_u_cpu_u_alu_add_15_33_g400 | A1 ^ -> Y v  | OAI21X1   | 0.095 |   3.883 |    4.179 | 
     | 5                                                  |              |           |       |         |          | 
     | u_cpu_u_alu_sub_16_33_Y_u_cpu_u_alu_add_15_33_g400 | A1 v -> Y ^  | AOI21X1   | 0.136 |   4.020 |    4.315 | 
     | 3                                                  |              |           |       |         |          | 
     | u_cpu_u_alu_sub_16_33_Y_u_cpu_u_alu_add_15_33_g400 | A1 ^ -> Y v  | OAI21X1   | 0.137 |   4.157 |    4.452 | 
     | 0                                                  |              |           |       |         |          | 
     | u_cpu_u_alu_sub_16_33_Y_u_cpu_u_alu_add_15_33_g399 | A v -> Y ^   | INVX1     | 0.068 |   4.224 |    4.520 | 
     | 9                                                  |              |           |       |         |          | 
     | u_cpu_u_alu_sub_16_33_Y_u_cpu_u_alu_add_15_33_g399 | B ^ -> Y v   | NOR2X1    | 0.039 |   4.263 |    4.559 | 
     | 8                                                  |              |           |       |         |          | 
     | u_cpu_u_alu_sub_16_33_Y_u_cpu_u_alu_add_15_33_g399 | B v -> Y ^   | NOR2X1    | 0.101 |   4.364 |    4.660 | 
     | 6                                                  |              |           |       |         |          | 
     | u_cpu_u_alu_sub_16_33_Y_u_cpu_u_alu_add_15_33_g399 | B ^ -> Y v   | NOR2X1    | 0.094 |   4.458 |    4.754 | 
     | 5                                                  |              |           |       |         |          | 
     | u_cpu_u_alu_sub_16_33_Y_u_cpu_u_alu_add_15_33_g399 | B v -> Y ^   | NAND2X1   | 0.045 |   4.504 |    4.799 | 
     | 1                                                  |              |           |       |         |          | 
     | u_cpu_u_alu_sub_16_33_Y_u_cpu_u_alu_add_15_33_g398 | B ^ -> Y v   | NAND2X1   | 0.128 |   4.632 |    4.928 | 
     | 9                                                  |              |           |       |         |          | 
     | u_cpu_u_alu_sub_16_33_Y_u_cpu_u_alu_add_15_33_g398 | B v -> Y ^   | NAND2X1   | 0.109 |   4.741 |    5.037 | 
     | 2                                                  |              |           |       |         |          | 
     | u_cpu_u_alu_sub_16_33_Y_u_cpu_u_alu_add_15_33_g397 | A1 ^ -> Y v  | OAI21X1   | 0.180 |   4.921 |    5.217 | 
     | 6                                                  |              |           |       |         |          | 
     | u_cpu_u_alu_sub_16_33_Y_u_cpu_u_alu_add_15_33_g396 | A1 v -> Y ^  | AOI21X1   | 0.146 |   5.067 |    5.363 | 
     | 5                                                  |              |           |       |         |          | 
     | u_cpu_u_alu_sub_16_33_Y_u_cpu_u_alu_add_15_33_g430 | B ^ -> Y v   | XNOR2X1   | 0.161 |   5.227 |    5.523 | 
     | 5                                                  |              |           |       |         |          | 
     | g655399                                            | B v -> Y ^   | NAND2X1   | 0.049 |   5.276 |    5.572 | 
     | g655033                                            | C ^ -> Y v   | NAND3X2   | 0.169 |   5.445 |    5.741 | 
     | g165580                                            | A v -> Y ^   | NOR2X1    | 0.124 |   5.570 |    5.865 | 
     | g165576                                            | B ^ -> Y v   | NAND2X1   | 0.127 |   5.697 |    5.992 | 
     | g165574                                            | B v -> Y ^   | NOR2X1    | 0.089 |   5.785 |    6.081 | 
     | g165556                                            | B ^ -> Y v   | NAND2X1   | 0.061 |   5.846 |    6.142 | 
     | g165555                                            | B v -> Y ^   | NOR2X1    | 0.096 |   5.942 |    6.237 | 
     | g165554                                            | B0 ^ -> Y v  | AOI2BB1X1 | 0.098 |   6.039 |    6.335 | 
     | g165553                                            | B v -> Y ^   | NOR2X4    | 0.097 |   6.136 |    6.432 | 
     | g165550                                            | S0 ^ -> Y ^  | MX2X1     | 0.193 |   6.329 |    6.625 | 
     | g655045                                            | A1 ^ -> Y ^  | OA21X1    | 0.158 |   6.487 |    6.783 | 
     | u_cpu_add_167_30_Y_u_cpu_add_165_34_Y_u_cpu_add_16 | B ^ -> Y v   | NOR2X1    | 0.053 |   6.539 |    6.835 | 
     | 3_30_g913                                          |              |           |       |         |          | 
     | u_cpu_add_167_30_Y_u_cpu_add_165_34_Y_u_cpu_add_16 | B v -> Y ^   | NOR2X1    | 0.065 |   6.605 |    6.900 | 
     | 3_30_g911                                          |              |           |       |         |          | 
     | u_cpu_add_167_30_Y_u_cpu_add_165_34_Y_u_cpu_add_16 | B ^ -> Y v   | NOR2X2    | 0.054 |   6.659 |    6.955 | 
     | 3_30_g909                                          |              |           |       |         |          | 
     | u_cpu_add_167_30_Y_u_cpu_add_165_34_Y_u_cpu_add_16 | B0 v -> Y ^  | AOI2BB1X1 | 0.071 |   6.730 |    7.026 | 
     | 3_30_g907                                          |              |           |       |         |          | 
     | u_cpu_add_167_30_Y_u_cpu_add_165_34_Y_u_cpu_add_16 | B ^ -> Y v   | NOR2X2    | 0.059 |   6.789 |    7.085 | 
     | 3_30_g905                                          |              |           |       |         |          | 
     | u_cpu_add_167_30_Y_u_cpu_add_165_34_Y_u_cpu_add_16 | B0 v -> Y ^  | AOI2BB1X1 | 0.082 |   6.871 |    7.167 | 
     | 3_30_g903                                          |              |           |       |         |          | 
     | g655044                                            | B0 ^ -> Y v  | AOI21X2   | 0.062 |   6.933 |    7.229 | 
     | u_cpu_add_167_30_Y_u_cpu_add_165_34_Y_u_cpu_add_16 | B0 v -> Y ^  | AOI2BB1X1 | 0.081 |   7.013 |    7.309 | 
     | 3_30_g899                                          |              |           |       |         |          | 
     | u_cpu_add_167_30_Y_u_cpu_add_165_34_Y_u_cpu_add_16 | B ^ -> Y v   | NOR2X1    | 0.066 |   7.079 |    7.375 | 
     | 3_30_g897                                          |              |           |       |         |          | 
     | g655043                                            | A1N v -> Y v | AOI2BB1X2 | 0.160 |   7.240 |    7.536 | 
     | u_cpu_add_167_30_Y_u_cpu_add_165_34_Y_u_cpu_add_16 | B0 v -> Y ^  | AOI2BB1X2 | 0.078 |   7.318 |    7.614 | 
     | 3_30_g891                                          |              |           |       |         |          | 
     | u_cpu_add_167_30_Y_u_cpu_add_165_34_Y_u_cpu_add_16 | B ^ -> Y v   | NOR2X4    | 0.050 |   7.368 |    7.664 | 
     | 3_30_g889                                          |              |           |       |         |          | 
     | u_cpu_add_167_30_Y_u_cpu_add_165_34_Y_u_cpu_add_16 | B v -> Y ^   | NOR2X2    | 0.057 |   7.425 |    7.721 | 
     | 3_30_g887                                          |              |           |       |         |          | 
     | u_cpu_add_167_30_Y_u_cpu_add_165_34_Y_u_cpu_add_16 | B ^ -> Y v   | NOR2X4    | 0.049 |   7.475 |    7.770 | 
     | 3_30_g885                                          |              |           |       |         |          | 
     | u_cpu_add_167_30_Y_u_cpu_add_165_34_Y_u_cpu_add_16 | B v -> Y ^   | NOR2X2    | 0.056 |   7.531 |    7.827 | 
     | 3_30_g883                                          |              |           |       |         |          | 
     | u_cpu_add_167_30_Y_u_cpu_add_165_34_Y_u_cpu_add_16 | B ^ -> Y v   | NOR2X4    | 0.049 |   7.579 |    7.875 | 
     | 3_30_g881                                          |              |           |       |         |          | 
     | u_cpu_add_167_30_Y_u_cpu_add_165_34_Y_u_cpu_add_16 | B0 v -> Y ^  | AOI2BB1X2 | 0.069 |   7.648 |    7.944 | 
     | 3_30_g879                                          |              |           |       |         |          | 
     | u_cpu_add_167_30_Y_u_cpu_add_165_34_Y_u_cpu_add_16 | B ^ -> Y v   | NOR2X4    | 0.055 |   7.703 |    7.998 | 
     | 3_30_g877                                          |              |           |       |         |          | 
     | u_cpu_add_167_30_Y_u_cpu_add_165_34_Y_u_cpu_add_16 | B0 v -> Y ^  | AOI2BB1X4 | 0.056 |   7.759 |    8.054 | 
     | 3_30_g875                                          |              |           |       |         |          | 
     | u_cpu_add_167_30_Y_u_cpu_add_165_34_Y_u_cpu_add_16 | B ^ -> Y v   | NOR2X4    | 0.049 |   7.808 |    8.104 | 
     | 3_30_g873                                          |              |           |       |         |          | 
     | u_cpu_add_167_30_Y_u_cpu_add_165_34_Y_u_cpu_add_16 | B v -> Y ^   | NOR2X4    | 0.049 |   7.856 |    8.152 | 
     | 3_30_g871                                          |              |           |       |         |          | 
     | u_cpu_add_167_30_Y_u_cpu_add_165_34_Y_u_cpu_add_16 | B ^ -> Y v   | NOR2X4    | 0.043 |   7.899 |    8.195 | 
     | 3_30_g869                                          |              |           |       |         |          | 
     | u_cpu_add_167_30_Y_u_cpu_add_165_34_Y_u_cpu_add_16 | B0 v -> Y ^  | AOI2BB1X4 | 0.056 |   7.955 |    8.251 | 
     | 3_30_g867                                          |              |           |       |         |          | 
     | u_cpu_add_167_30_Y_u_cpu_add_165_34_Y_u_cpu_add_16 | B ^ -> Y v   | NOR2X4    | 0.044 |   7.999 |    8.295 | 
     | 3_30_g865                                          |              |           |       |         |          | 
     | u_cpu_add_167_30_Y_u_cpu_add_165_34_Y_u_cpu_add_16 | B v -> Y ^   | NOR2X4    | 0.045 |   8.044 |    8.340 | 
     | 3_30_g863                                          |              |           |       |         |          | 
     | u_cpu_add_167_30_Y_u_cpu_add_165_34_Y_u_cpu_add_16 | B ^ -> Y v   | NOR2X4    | 0.038 |   8.083 |    8.378 | 
     | 3_30_g861                                          |              |           |       |         |          | 
     | u_cpu_add_167_30_Y_u_cpu_add_165_34_Y_u_cpu_add_16 | B0 v -> Y ^  | AOI2BB1X2 | 0.067 |   8.150 |    8.446 | 
     | 3_30_g859                                          |              |           |       |         |          | 
     | u_cpu_add_167_30_Y_u_cpu_add_165_34_Y_u_cpu_add_16 | B ^ -> Y v   | NOR2X4    | 0.054 |   8.204 |    8.499 | 
     | 3_30_g857                                          |              |           |       |         |          | 
     | u_cpu_add_167_30_Y_u_cpu_add_165_34_Y_u_cpu_add_16 | B0 v -> Y ^  | AOI2BB1X4 | 0.063 |   8.266 |    8.562 | 
     | 3_30_g855                                          |              |           |       |         |          | 
     | u_cpu_add_167_30_Y_u_cpu_add_165_34_Y_u_cpu_add_16 | B ^ -> Y v   | NOR2X6    | 0.046 |   8.312 |    8.608 | 
     | 3_30_g853                                          |              |           |       |         |          | 
     | u_cpu_add_167_30_Y_u_cpu_add_165_34_Y_u_cpu_add_16 | B v -> Y ^   | NOR2X4    | 0.043 |   8.355 |    8.651 | 
     | 3_30_g851                                          |              |           |       |         |          | 
     | u_cpu_add_167_30_Y_u_cpu_add_165_34_Y_u_cpu_add_16 | B ^ -> Y v   | NOR2X4    | 0.044 |   8.399 |    8.695 | 
     | 3_30_g849                                          |              |           |       |         |          | 
     | u_cpu_add_167_30_Y_u_cpu_add_165_34_Y_u_cpu_add_16 | B v -> Y ^   | NOR2X4    | 0.047 |   8.447 |    8.742 | 
     | 3_30_g848                                          |              |           |       |         |          | 
     | u_cpu_add_167_30_Y_u_cpu_add_165_34_Y_u_cpu_add_16 | B ^ -> Y v   | NOR2X4    | 0.043 |   8.490 |    8.785 | 
     | 3_30_g846                                          |              |           |       |         |          | 
     | u_cpu_add_167_30_Y_u_cpu_add_165_34_Y_u_cpu_add_16 | B0 v -> Y ^  | AOI2BB1X4 | 0.060 |   8.549 |    8.845 | 
     | 3_30_g845                                          |              |           |       |         |          | 
     | u_cpu_add_167_30_Y_u_cpu_add_165_34_Y_u_cpu_add_16 | B ^ -> Y v   | NOR2X4    | 0.047 |   8.596 |    8.892 | 
     | 3_30_g843                                          |              |           |       |         |          | 
     | g655480                                            | B0 v -> Y ^  | AOI2BB1X4 | 0.058 |   8.654 |    8.950 | 
     | u_cpu_add_167_30_Y_u_cpu_add_165_34_Y_u_cpu_add_16 | B ^ -> Y v   | NOR2X4    | 0.047 |   8.701 |    8.997 | 
     | 3_30_g840                                          |              |           |       |         |          | 
     | u_cpu_add_167_30_Y_u_cpu_add_165_34_Y_u_cpu_add_16 | B v -> Y ^   | NOR2X4    | 0.044 |   8.745 |    9.041 | 
     | 3_30_g839                                          |              |           |       |         |          | 
     | u_cpu_add_167_30_Y_u_cpu_add_165_34_Y_u_cpu_add_16 | B ^ -> Y v   | NOR2X4    | 0.042 |   8.787 |    9.083 | 
     | 3_30_g837                                          |              |           |       |         |          | 
     | u_cpu_add_167_30_Y_u_cpu_add_165_34_Y_u_cpu_add_16 | B0 v -> Y ^  | AOI2BB1X4 | 0.063 |   8.850 |    9.145 | 
     | 3_30_g836                                          |              |           |       |         |          | 
     | u_cpu_add_167_30_Y_u_cpu_add_165_34_Y_u_cpu_add_16 | B ^ -> Y v   | NOR2X6    | 0.052 |   8.901 |    9.197 | 
     | 3_30_g834                                          |              |           |       |         |          | 
     | u_cpu_add_167_30_Y_u_cpu_add_165_34_Y_u_cpu_add_16 | B0 v -> Y ^  | AOI2BB1X4 | 0.065 |   8.966 |    9.262 | 
     | 3_30_g833                                          |              |           |       |         |          | 
     | u_cpu_add_167_30_Y_u_cpu_add_165_34_Y_u_cpu_add_16 | B ^ -> Y v   | NOR2X6    | 0.052 |   9.018 |    9.314 | 
     | 3_30_g831                                          |              |           |       |         |          | 
     | u_cpu_add_167_30_Y_u_cpu_add_165_34_Y_u_cpu_add_16 | B v -> Y ^   | NOR2X4    | 0.047 |   9.065 |    9.361 | 
     | 3_30_g830                                          |              |           |       |         |          | 
     | u_cpu_add_167_30_Y_u_cpu_add_165_34_Y_u_cpu_add_16 | B ^ -> Y v   | NOR2X4    | 0.041 |   9.106 |    9.402 | 
     | 3_30_g828                                          |              |           |       |         |          | 
     | u_cpu_add_167_30_Y_u_cpu_add_165_34_Y_u_cpu_add_16 | B0 v -> Y ^  | AOI2BB1X4 | 0.061 |   9.167 |    9.463 | 
     | 3_30_g827                                          |              |           |       |         |          | 
     | u_cpu_add_167_30_Y_u_cpu_add_165_34_Y_u_cpu_add_16 | B ^ -> Y v   | NOR2X6    | 0.045 |   9.213 |    9.509 | 
     | 3_30_g825                                          |              |           |       |         |          | 
     | u_cpu_add_167_30_Y_u_cpu_add_165_34_Y_u_cpu_add_16 | B v -> Y ^   | NOR2X4    | 0.049 |   9.261 |    9.557 | 
     | 3_30_g824                                          |              |           |       |         |          | 
     | u_cpu_add_167_30_Y_u_cpu_add_165_34_Y_u_cpu_add_16 | B ^ -> Y v   | NOR2X6    | 0.044 |   9.305 |    9.601 | 
     | 3_30_g822                                          |              |           |       |         |          | 
     | u_cpu_add_167_30_Y_u_cpu_add_165_34_Y_u_cpu_add_16 | B0 v -> Y ^  | AOI2BB1X4 | 0.062 |   9.368 |    9.664 | 
     | 3_30_g821                                          |              |           |       |         |          | 
     | u_cpu_add_167_30_Y_u_cpu_add_165_34_Y_u_cpu_add_16 | B ^ -> Y v   | NOR2X6    | 0.046 |   9.414 |    9.709 | 
     | 3_30_g819                                          |              |           |       |         |          | 
     | u_cpu_add_167_30_Y_u_cpu_add_165_34_Y_u_cpu_add_16 | B v -> Y ^   | NOR2X4    | 0.043 |   9.457 |    9.753 | 
     | 3_30_g818                                          |              |           |       |         |          | 
     | u_cpu_add_167_30_Y_u_cpu_add_165_34_Y_u_cpu_add_16 | B ^ -> Y v   | NOR2X4    | 0.041 |   9.498 |    9.794 | 
     | 3_30_g816                                          |              |           |       |         |          | 
     | g655057                                            | B0 v -> Y ^  | AOI2BB1X4 | 0.065 |   9.563 |    9.859 | 
     | g655056                                            | A ^ -> Y v   | NOR2X6    | 0.051 |   9.614 |    9.910 | 
     | u_cpu_add_167_30_Y_u_cpu_add_165_34_Y_u_cpu_add_16 | B0 v -> Y ^  | AOI2BB1X4 | 0.055 |   9.669 |    9.965 | 
     | 3_30_g812                                          |              |           |       |         |          | 
     | u_cpu_add_167_30_Y_u_cpu_add_165_34_Y_u_cpu_add_16 | B ^ -> Y v   | NOR2X4    | 0.037 |   9.706 |   10.002 | 
     | 3_30_g810                                          |              |           |       |         |          | 
     | u_cpu_add_167_30_Y_u_cpu_add_165_34_Y_u_cpu_add_16 | B v -> Y ^   | CLKXOR2X1 | 0.131 |   9.837 |   10.133 | 
     | 3_30_g809                                          |              |           |       |         |          | 
     | g641353                                            | B ^ -> Y v   | NAND2X1   | 0.062 |   9.900 |   10.195 | 
     | g653712                                            | B v -> Y ^   | NAND2X1   | 0.051 |   9.950 |   10.246 | 
     | u_cpu_pc_reg[31]                                   | D ^          | DFFRHQX1  | 0.000 |   9.950 |   10.246 | 
     +------------------------------------------------------------------------------------------------------------+ 
Path 8: MET Setup Check with Pin u_cpu_pc_reg[31]/CK 
Endpoint:   u_cpu_pc_reg[31]/D (^) checked with  leading edge of 'clk'
Beginpoint: u_cpu_ir_reg[0]/Q  (^) triggered by  leading edge of 'clk'
Path Groups: {clk}
Analysis View: av_ss
Other End Arrival Time          0.508
- Setup                         0.062
+ Phase Shift                  10.000
- Uncertainty                   0.200
= Required Time                10.246
- Arrival Time                  9.941
= Slack Time                    0.305
     Clock Rise Edge                 0.000
     + Clock Network Latency (Prop)  0.512
     = Beginpoint Arrival Time       0.512
     +------------------------------------------------------------------------------------------------------------+ 
     |                      Instance                      |     Arc      |   Cell    | Delay | Arrival | Required | 
     |                                                    |              |           |       |  Time   |   Time   | 
     |----------------------------------------------------+--------------+-----------+-------+---------+----------| 
     | u_cpu_ir_reg[0]                                    | CK ^         |           |       |   0.512 |    0.817 | 
     | u_cpu_ir_reg[0]                                    | CK ^ -> Q ^  | DFFRX1    | 0.451 |   0.963 |    1.268 | 
     | g655383                                            | A ^ -> Y v   | NAND2X1   | 0.145 |   1.108 |    1.413 | 
     | g160909                                            | B v -> Y ^   | NOR2X1    | 0.102 |   1.210 |    1.514 | 
     | g160892                                            | B0 ^ -> Y v  | OAI21X1   | 0.109 |   1.319 |    1.623 | 
     | g160890                                            | B v -> Y ^   | NOR2X1    | 0.138 |   1.456 |    1.761 | 
     | FE_OFC2349_n_8446                                  | A ^ -> Y v   | CLKINVX4  | 0.160 |   1.617 |    1.921 | 
     | g655054                                            | A1N v -> Y v | OAI2BB1X1 | 0.259 |   1.876 |    2.180 | 
     | FE_OFC512_n_8982                                   | A v -> Y v   | CLKBUFX6  | 0.257 |   2.132 |    2.437 | 
     | FE_OFC1727_n_8982                                  | A v -> Y ^   | INVX3     | 0.226 |   2.359 |    2.663 | 
     | g655049                                            | A0 ^ -> Y v  | AOI22X1   | 0.195 |   2.553 |    2.858 | 
     | u_cpu_u_alu_sub_16_33_Y_u_cpu_u_alu_add_15_33_g404 | A0 v -> Y ^  | OAI21X1   | 0.138 |   2.691 |    2.996 | 
     | 6                                                  |              |           |       |         |          | 
     | u_cpu_u_alu_sub_16_33_Y_u_cpu_u_alu_add_15_33_g403 | A1 ^ -> Y v  | AOI21X1   | 0.135 |   2.827 |    3.131 | 
     | 9                                                  |              |           |       |         |          | 
     | u_cpu_u_alu_sub_16_33_Y_u_cpu_u_alu_add_15_33_g403 | B v -> Y ^   | NOR2X1    | 0.082 |   2.909 |    3.214 | 
     | 4                                                  |              |           |       |         |          | 
     | u_cpu_u_alu_sub_16_33_Y_u_cpu_u_alu_add_15_33_g403 | B ^ -> Y v   | NOR2X1    | 0.061 |   2.970 |    3.274 | 
     | 2                                                  |              |           |       |         |          | 
     | u_cpu_u_alu_sub_16_33_Y_u_cpu_u_alu_add_15_33_g403 | B v -> Y ^   | NOR2X1    | 0.056 |   3.026 |    3.330 | 
     | 0                                                  |              |           |       |         |          | 
     | u_cpu_u_alu_sub_16_33_Y_u_cpu_u_alu_add_15_33_g402 | B ^ -> Y v   | NOR2X1    | 0.053 |   3.078 |    3.383 | 
     | 8                                                  |              |           |       |         |          | 
     | u_cpu_u_alu_sub_16_33_Y_u_cpu_u_alu_add_15_33_g402 | B v -> Y ^   | NOR2X1    | 0.055 |   3.133 |    3.437 | 
     | 6                                                  |              |           |       |         |          | 
     | u_cpu_u_alu_sub_16_33_Y_u_cpu_u_alu_add_15_33_g402 | B ^ -> Y v   | NOR2X1    | 0.078 |   3.211 |    3.516 | 
     | 4                                                  |              |           |       |         |          | 
     | u_cpu_u_alu_sub_16_33_Y_u_cpu_u_alu_add_15_33_g402 | B v -> Y ^   | NOR2X1    | 0.090 |   3.301 |    3.605 | 
     | 1                                                  |              |           |       |         |          | 
     | u_cpu_u_alu_sub_16_33_Y_u_cpu_u_alu_add_15_33_g401 | A1 ^ -> Y v  | AOI21X1   | 0.130 |   3.431 |    3.736 | 
     | 5                                                  |              |           |       |         |          | 
     | u_cpu_u_alu_sub_16_33_Y_u_cpu_u_alu_add_15_33_g401 | A1 v -> Y ^  | OAI21X1   | 0.126 |   3.557 |    3.862 | 
     | 1                                                  |              |           |       |         |          | 
     | g655048                                            | A1N ^ -> Y ^ | OAI2BB1X1 | 0.170 |   3.727 |    4.031 | 
     | u_cpu_u_alu_sub_16_33_Y_u_cpu_u_alu_add_15_33_g400 | A ^ -> Y v   | INVX1     | 0.049 |   3.775 |    4.080 | 
     | 7                                                  |              |           |       |         |          | 
     | u_cpu_u_alu_sub_16_33_Y_u_cpu_u_alu_add_15_33_g400 | A1 v -> Y ^  | OAI21X1   | 0.082 |   3.857 |    4.162 | 
     | 5                                                  |              |           |       |         |          | 
     | u_cpu_u_alu_sub_16_33_Y_u_cpu_u_alu_add_15_33_g400 | A1 ^ -> Y v  | AOI21X1   | 0.145 |   4.002 |    4.306 | 
     | 3                                                  |              |           |       |         |          | 
     | u_cpu_u_alu_sub_16_33_Y_u_cpu_u_alu_add_15_33_g400 | A1 v -> Y ^  | OAI21X1   | 0.131 |   4.132 |    4.437 | 
     | 0                                                  |              |           |       |         |          | 
     | u_cpu_u_alu_sub_16_33_Y_u_cpu_u_alu_add_15_33_g399 | A ^ -> Y v   | INVX1     | 0.068 |   4.200 |    4.505 | 
     | 9                                                  |              |           |       |         |          | 
     | u_cpu_u_alu_sub_16_33_Y_u_cpu_u_alu_add_15_33_g399 | B v -> Y ^   | NOR2X1    | 0.056 |   4.256 |    4.561 | 
     | 8                                                  |              |           |       |         |          | 
     | u_cpu_u_alu_sub_16_33_Y_u_cpu_u_alu_add_15_33_g399 | B ^ -> Y v   | NOR2X1    | 0.080 |   4.336 |    4.641 | 
     | 6                                                  |              |           |       |         |          | 
     | u_cpu_u_alu_sub_16_33_Y_u_cpu_u_alu_add_15_33_g399 | B v -> Y ^   | NOR2X1    | 0.088 |   4.424 |    4.729 | 
     | 5                                                  |              |           |       |         |          | 
     | u_cpu_u_alu_sub_16_33_Y_u_cpu_u_alu_add_15_33_g399 | B ^ -> Y v   | NAND2X1   | 0.081 |   4.505 |    4.810 | 
     | 1                                                  |              |           |       |         |          | 
     | u_cpu_u_alu_sub_16_33_Y_u_cpu_u_alu_add_15_33_g398 | B v -> Y ^   | NAND2X1   | 0.079 |   4.584 |    4.888 | 
     | 9                                                  |              |           |       |         |          | 
     | u_cpu_u_alu_sub_16_33_Y_u_cpu_u_alu_add_15_33_g398 | B ^ -> Y v   | NAND2X1   | 0.102 |   4.686 |    4.990 | 
     | 2                                                  |              |           |       |         |          | 
     | u_cpu_u_alu_sub_16_33_Y_u_cpu_u_alu_add_15_33_g397 | A1 v -> Y ^  | OAI21X1   | 0.176 |   4.861 |    5.166 | 
     | 6                                                  |              |           |       |         |          | 
     | u_cpu_u_alu_sub_16_33_Y_u_cpu_u_alu_add_15_33_g429 | B ^ -> Y v   | CLKXOR2X1 | 0.243 |   5.104 |    5.409 | 
     | 3                                                  |              |           |       |         |          | 
     | g655417                                            | B v -> Y ^   | NAND2X1   | 0.050 |   5.154 |    5.458 | 
     | g655035                                            | C ^ -> Y v   | NAND3X2   | 0.189 |   5.343 |    5.647 | 
     | g165559                                            | A v -> Y ^   | NOR2X1    | 0.148 |   5.491 |    5.796 | 
     | g655026                                            | D ^ -> Y v   | NAND4BBX2 | 0.162 |   5.653 |    5.958 | 
     | g165557                                            | A v -> Y ^   | NOR2X1    | 0.127 |   5.780 |    6.085 | 
     | g165556                                            | A ^ -> Y v   | NAND2X1   | 0.073 |   5.853 |    6.157 | 
     | g165555                                            | B v -> Y ^   | NOR2X1    | 0.096 |   5.948 |    6.253 | 
     | g165554                                            | B0 ^ -> Y v  | AOI2BB1X1 | 0.098 |   6.046 |    6.351 | 
     | g165553                                            | B v -> Y ^   | NOR2X4    | 0.097 |   6.143 |    6.447 | 
     | g165550                                            | S0 ^ -> Y v  | MX2X1     | 0.233 |   6.376 |    6.681 | 
     | g655045                                            | A1 v -> Y v  | OA21X1    | 0.152 |   6.528 |    6.833 | 
     | u_cpu_add_167_30_Y_u_cpu_add_165_34_Y_u_cpu_add_16 | B v -> Y ^   | NOR2X1    | 0.076 |   6.604 |    6.909 | 
     | 3_30_g913                                          |              |           |       |         |          | 
     | u_cpu_add_167_30_Y_u_cpu_add_165_34_Y_u_cpu_add_16 | B ^ -> Y v   | NOR2X1    | 0.069 |   6.673 |    6.977 | 
     | 3_30_g911                                          |              |           |       |         |          | 
     | u_cpu_add_167_30_Y_u_cpu_add_165_34_Y_u_cpu_add_16 | B v -> Y ^   | NOR2X2    | 0.054 |   6.727 |    7.031 | 
     | 3_30_g909                                          |              |           |       |         |          | 
     | u_cpu_add_167_30_Y_u_cpu_add_165_34_Y_u_cpu_add_16 | B0 ^ -> Y v  | AOI2BB1X1 | 0.059 |   6.785 |    7.090 | 
     | 3_30_g907                                          |              |           |       |         |          | 
     | u_cpu_add_167_30_Y_u_cpu_add_165_34_Y_u_cpu_add_16 | B v -> Y ^   | NOR2X2    | 0.061 |   6.846 |    7.151 | 
     | 3_30_g905                                          |              |           |       |         |          | 
     | u_cpu_add_167_30_Y_u_cpu_add_165_34_Y_u_cpu_add_16 | B0 ^ -> Y v  | AOI2BB1X1 | 0.067 |   6.913 |    7.218 | 
     | 3_30_g903                                          |              |           |       |         |          | 
     | g655044                                            | B0 v -> Y ^  | AOI21X2   | 0.062 |   6.975 |    7.280 | 
     | u_cpu_add_167_30_Y_u_cpu_add_165_34_Y_u_cpu_add_16 | B0 ^ -> Y v  | AOI2BB1X1 | 0.056 |   7.031 |    7.336 | 
     | 3_30_g899                                          |              |           |       |         |          | 
     | u_cpu_add_167_30_Y_u_cpu_add_165_34_Y_u_cpu_add_16 | B v -> Y ^   | NOR2X1    | 0.078 |   7.109 |    7.414 | 
     | 3_30_g897                                          |              |           |       |         |          | 
     | g655043                                            | A1N ^ -> Y ^ | AOI2BB1X2 | 0.154 |   7.263 |    7.568 | 
     | u_cpu_add_167_30_Y_u_cpu_add_165_34_Y_u_cpu_add_16 | B0 ^ -> Y v  | AOI2BB1X2 | 0.069 |   7.332 |    7.636 | 
     | 3_30_g891                                          |              |           |       |         |          | 
     | u_cpu_add_167_30_Y_u_cpu_add_165_34_Y_u_cpu_add_16 | B v -> Y ^   | NOR2X4    | 0.052 |   7.384 |    7.689 | 
     | 3_30_g889                                          |              |           |       |         |          | 
     | u_cpu_add_167_30_Y_u_cpu_add_165_34_Y_u_cpu_add_16 | B ^ -> Y v   | NOR2X2    | 0.048 |   7.432 |    7.736 | 
     | 3_30_g887                                          |              |           |       |         |          | 
     | u_cpu_add_167_30_Y_u_cpu_add_165_34_Y_u_cpu_add_16 | B v -> Y ^   | NOR2X4    | 0.049 |   7.480 |    7.785 | 
     | 3_30_g885                                          |              |           |       |         |          | 
     | u_cpu_add_167_30_Y_u_cpu_add_165_34_Y_u_cpu_add_16 | B ^ -> Y v   | NOR2X2    | 0.048 |   7.528 |    7.832 | 
     | 3_30_g883                                          |              |           |       |         |          | 
     | u_cpu_add_167_30_Y_u_cpu_add_165_34_Y_u_cpu_add_16 | B v -> Y ^   | NOR2X4    | 0.047 |   7.575 |    7.880 | 
     | 3_30_g881                                          |              |           |       |         |          | 
     | u_cpu_add_167_30_Y_u_cpu_add_165_34_Y_u_cpu_add_16 | B0 ^ -> Y v  | AOI2BB1X2 | 0.052 |   7.627 |    7.931 | 
     | 3_30_g879                                          |              |           |       |         |          | 
     | u_cpu_add_167_30_Y_u_cpu_add_165_34_Y_u_cpu_add_16 | B v -> Y ^   | NOR2X4    | 0.058 |   7.684 |    7.989 | 
     | 3_30_g877                                          |              |           |       |         |          | 
     | u_cpu_add_167_30_Y_u_cpu_add_165_34_Y_u_cpu_add_16 | B0 ^ -> Y v  | AOI2BB1X4 | 0.047 |   7.731 |    8.036 | 
     | 3_30_g875                                          |              |           |       |         |          | 
     | u_cpu_add_167_30_Y_u_cpu_add_165_34_Y_u_cpu_add_16 | B v -> Y ^   | NOR2X4    | 0.062 |   7.794 |    8.098 | 
     | 3_30_g873                                          |              |           |       |         |          | 
     | u_cpu_add_167_30_Y_u_cpu_add_165_34_Y_u_cpu_add_16 | B ^ -> Y v   | NOR2X4    | 0.050 |   7.844 |    8.148 | 
     | 3_30_g871                                          |              |           |       |         |          | 
     | u_cpu_add_167_30_Y_u_cpu_add_165_34_Y_u_cpu_add_16 | B v -> Y ^   | NOR2X4    | 0.054 |   7.898 |    8.203 | 
     | 3_30_g869                                          |              |           |       |         |          | 
     | u_cpu_add_167_30_Y_u_cpu_add_165_34_Y_u_cpu_add_16 | B0 ^ -> Y v  | AOI2BB1X4 | 0.047 |   7.945 |    8.250 | 
     | 3_30_g867                                          |              |           |       |         |          | 
     | u_cpu_add_167_30_Y_u_cpu_add_165_34_Y_u_cpu_add_16 | B v -> Y ^   | NOR2X4    | 0.053 |   7.998 |    8.302 | 
     | 3_30_g865                                          |              |           |       |         |          | 
     | u_cpu_add_167_30_Y_u_cpu_add_165_34_Y_u_cpu_add_16 | B ^ -> Y v   | NOR2X4    | 0.043 |   8.040 |    8.345 | 
     | 3_30_g863                                          |              |           |       |         |          | 
     | u_cpu_add_167_30_Y_u_cpu_add_165_34_Y_u_cpu_add_16 | B v -> Y ^   | NOR2X4    | 0.046 |   8.086 |    8.391 | 
     | 3_30_g861                                          |              |           |       |         |          | 
     | u_cpu_add_167_30_Y_u_cpu_add_165_34_Y_u_cpu_add_16 | B0 ^ -> Y v  | AOI2BB1X2 | 0.050 |   8.136 |    8.441 | 
     | 3_30_g859                                          |              |           |       |         |          | 
     | u_cpu_add_167_30_Y_u_cpu_add_165_34_Y_u_cpu_add_16 | B v -> Y ^   | NOR2X4    | 0.057 |   8.193 |    8.498 | 
     | 3_30_g857                                          |              |           |       |         |          | 
     | u_cpu_add_167_30_Y_u_cpu_add_165_34_Y_u_cpu_add_16 | B0 ^ -> Y v  | AOI2BB1X4 | 0.050 |   8.243 |    8.548 | 
     | 3_30_g855                                          |              |           |       |         |          | 
     | u_cpu_add_167_30_Y_u_cpu_add_165_34_Y_u_cpu_add_16 | B v -> Y ^   | NOR2X6    | 0.050 |   8.293 |    8.598 | 
     | 3_30_g853                                          |              |           |       |         |          | 
     | u_cpu_add_167_30_Y_u_cpu_add_165_34_Y_u_cpu_add_16 | B ^ -> Y v   | NOR2X4    | 0.039 |   8.333 |    8.637 | 
     | 3_30_g851                                          |              |           |       |         |          | 
     | u_cpu_add_167_30_Y_u_cpu_add_165_34_Y_u_cpu_add_16 | B v -> Y ^   | NOR2X4    | 0.056 |   8.389 |    8.693 | 
     | 3_30_g849                                          |              |           |       |         |          | 
     | u_cpu_add_167_30_Y_u_cpu_add_165_34_Y_u_cpu_add_16 | B ^ -> Y v   | NOR2X4    | 0.047 |   8.436 |    8.741 | 
     | 3_30_g848                                          |              |           |       |         |          | 
     | u_cpu_add_167_30_Y_u_cpu_add_165_34_Y_u_cpu_add_16 | B v -> Y ^   | NOR2X4    | 0.053 |   8.489 |    8.793 | 
     | 3_30_g846                                          |              |           |       |         |          | 
     | u_cpu_add_167_30_Y_u_cpu_add_165_34_Y_u_cpu_add_16 | B0 ^ -> Y v  | AOI2BB1X4 | 0.049 |   8.538 |    8.842 | 
     | 3_30_g845                                          |              |           |       |         |          | 
     | u_cpu_add_167_30_Y_u_cpu_add_165_34_Y_u_cpu_add_16 | B v -> Y ^   | NOR2X4    | 0.054 |   8.592 |    8.897 | 
     | 3_30_g843                                          |              |           |       |         |          | 
     | g655480                                            | B0 ^ -> Y v  | AOI2BB1X4 | 0.048 |   8.640 |    8.944 | 
     | u_cpu_add_167_30_Y_u_cpu_add_165_34_Y_u_cpu_add_16 | B v -> Y ^   | NOR2X4    | 0.057 |   8.697 |    9.001 | 
     | 3_30_g840                                          |              |           |       |         |          | 
     | u_cpu_add_167_30_Y_u_cpu_add_165_34_Y_u_cpu_add_16 | B ^ -> Y v   | NOR2X4    | 0.044 |   8.741 |    9.045 | 
     | 3_30_g839                                          |              |           |       |         |          | 
     | u_cpu_add_167_30_Y_u_cpu_add_165_34_Y_u_cpu_add_16 | B v -> Y ^   | NOR2X4    | 0.053 |   8.793 |    9.098 | 
     | 3_30_g837                                          |              |           |       |         |          | 
     | u_cpu_add_167_30_Y_u_cpu_add_165_34_Y_u_cpu_add_16 | B0 ^ -> Y v  | AOI2BB1X4 | 0.051 |   8.844 |    9.149 | 
     | 3_30_g836                                          |              |           |       |         |          | 
     | u_cpu_add_167_30_Y_u_cpu_add_165_34_Y_u_cpu_add_16 | B v -> Y ^   | NOR2X6    | 0.060 |   8.904 |    9.208 | 
     | 3_30_g834                                          |              |           |       |         |          | 
     | u_cpu_add_167_30_Y_u_cpu_add_165_34_Y_u_cpu_add_16 | B0 ^ -> Y v  | AOI2BB1X4 | 0.054 |   8.958 |    9.262 | 
     | 3_30_g833                                          |              |           |       |         |          | 
     | u_cpu_add_167_30_Y_u_cpu_add_165_34_Y_u_cpu_add_16 | B v -> Y ^   | NOR2X6    | 0.062 |   9.019 |    9.324 | 
     | 3_30_g831                                          |              |           |       |         |          | 
     | u_cpu_add_167_30_Y_u_cpu_add_165_34_Y_u_cpu_add_16 | B ^ -> Y v   | NOR2X4    | 0.048 |   9.067 |    9.372 | 
     | 3_30_g830                                          |              |           |       |         |          | 
     | u_cpu_add_167_30_Y_u_cpu_add_165_34_Y_u_cpu_add_16 | B v -> Y ^   | NOR2X4    | 0.051 |   9.118 |    9.423 | 
     | 3_30_g828                                          |              |           |       |         |          | 
     | u_cpu_add_167_30_Y_u_cpu_add_165_34_Y_u_cpu_add_16 | B0 ^ -> Y v  | AOI2BB1X4 | 0.049 |   9.167 |    9.472 | 
     | 3_30_g827                                          |              |           |       |         |          | 
     | u_cpu_add_167_30_Y_u_cpu_add_165_34_Y_u_cpu_add_16 | B v -> Y ^   | NOR2X6    | 0.050 |   9.217 |    9.522 | 
     | 3_30_g825                                          |              |           |       |         |          | 
     | u_cpu_add_167_30_Y_u_cpu_add_165_34_Y_u_cpu_add_16 | B ^ -> Y v   | NOR2X4    | 0.042 |   9.260 |    9.564 | 
     | 3_30_g824                                          |              |           |       |         |          | 
     | u_cpu_add_167_30_Y_u_cpu_add_165_34_Y_u_cpu_add_16 | B v -> Y ^   | NOR2X6    | 0.050 |   9.309 |    9.614 | 
     | 3_30_g822                                          |              |           |       |         |          | 
     | u_cpu_add_167_30_Y_u_cpu_add_165_34_Y_u_cpu_add_16 | B0 ^ -> Y v  | AOI2BB1X4 | 0.049 |   9.358 |    9.663 | 
     | 3_30_g821                                          |              |           |       |         |          | 
     | u_cpu_add_167_30_Y_u_cpu_add_165_34_Y_u_cpu_add_16 | B v -> Y ^   | NOR2X6    | 0.050 |   9.408 |    9.713 | 
     | 3_30_g819                                          |              |           |       |         |          | 
     | u_cpu_add_167_30_Y_u_cpu_add_165_34_Y_u_cpu_add_16 | B ^ -> Y v   | NOR2X4    | 0.039 |   9.448 |    9.752 | 
     | 3_30_g818                                          |              |           |       |         |          | 
     | u_cpu_add_167_30_Y_u_cpu_add_165_34_Y_u_cpu_add_16 | B v -> Y ^   | NOR2X4    | 0.051 |   9.498 |    9.803 | 
     | 3_30_g816                                          |              |           |       |         |          | 
     | g655057                                            | B0 ^ -> Y v  | AOI2BB1X4 | 0.051 |   9.550 |    9.854 | 
     | g655056                                            | A v -> Y ^   | NOR2X6    | 0.058 |   9.607 |    9.912 | 
     | u_cpu_add_167_30_Y_u_cpu_add_165_34_Y_u_cpu_add_16 | B0 ^ -> Y v  | AOI2BB1X4 | 0.045 |   9.652 |    9.957 | 
     | 3_30_g812                                          |              |           |       |         |          | 
     | u_cpu_add_167_30_Y_u_cpu_add_165_34_Y_u_cpu_add_16 | B v -> Y ^   | NOR2X4    | 0.040 |   9.692 |    9.997 | 
     | 3_30_g810                                          |              |           |       |         |          | 
     | u_cpu_add_167_30_Y_u_cpu_add_165_34_Y_u_cpu_add_16 | B ^ -> Y ^   | CLKXOR2X1 | 0.137 |   9.829 |   10.133 | 
     | 3_30_g809                                          |              |           |       |         |          | 
     | g641353                                            | B ^ -> Y v   | NAND2X1   | 0.062 |   9.891 |   10.195 | 
     | g653712                                            | B v -> Y ^   | NAND2X1   | 0.051 |   9.941 |   10.246 | 
     | u_cpu_pc_reg[31]                                   | D ^          | DFFRHQX1  | 0.000 |   9.941 |   10.246 | 
     +------------------------------------------------------------------------------------------------------------+ 
Path 9: MET Setup Check with Pin u_cpu_pc_reg[31]/CK 
Endpoint:   u_cpu_pc_reg[31]/D (^) checked with  leading edge of 'clk'
Beginpoint: u_cpu_ir_reg[0]/Q  (^) triggered by  leading edge of 'clk'
Path Groups: {clk}
Analysis View: av_ss
Other End Arrival Time          0.508
- Setup                         0.062
+ Phase Shift                  10.000
- Uncertainty                   0.200
= Required Time                10.246
- Arrival Time                  9.940
= Slack Time                    0.306
     Clock Rise Edge                 0.000
     + Clock Network Latency (Prop)  0.512
     = Beginpoint Arrival Time       0.512
     +------------------------------------------------------------------------------------------------------------+ 
     |                      Instance                      |     Arc      |   Cell    | Delay | Arrival | Required | 
     |                                                    |              |           |       |  Time   |   Time   | 
     |----------------------------------------------------+--------------+-----------+-------+---------+----------| 
     | u_cpu_ir_reg[0]                                    | CK ^         |           |       |   0.512 |    0.819 | 
     | u_cpu_ir_reg[0]                                    | CK ^ -> Q ^  | DFFRX1    | 0.451 |   0.963 |    1.269 | 
     | g655383                                            | A ^ -> Y v   | NAND2X1   | 0.145 |   1.108 |    1.414 | 
     | g160909                                            | B v -> Y ^   | NOR2X1    | 0.102 |   1.210 |    1.516 | 
     | g160892                                            | B0 ^ -> Y v  | OAI21X1   | 0.109 |   1.319 |    1.625 | 
     | g160890                                            | B v -> Y ^   | NOR2X1    | 0.138 |   1.456 |    1.763 | 
     | FE_OFC2349_n_8446                                  | A ^ -> Y v   | CLKINVX4  | 0.160 |   1.617 |    1.923 | 
     | g655053                                            | A1N v -> Y v | OAI2BB1X1 | 0.246 |   1.863 |    2.169 | 
     | FE_OFC511_n_8980                                   | A v -> Y v   | BUFX8     | 0.237 |   2.099 |    2.406 | 
     | FE_OFC2432_n_8980                                  | A v -> Y ^   | INVX3     | 0.155 |   2.254 |    2.560 | 
     | u_cpu_u_alu_sub_16_33_Y_u_cpu_u_alu_add_15_33_g417 | A0 ^ -> Y v  | OAI22X1   | 0.149 |   2.404 |    2.710 | 
     | 0                                                  |              |           |       |         |          | 
     | u_cpu_u_alu_sub_16_33_Y_u_cpu_u_alu_add_15_33_g411 | B v -> Y ^   | NOR2X1    | 0.112 |   2.515 |    2.822 | 
     | 5                                                  |              |           |       |         |          | 
     | u_cpu_u_alu_sub_16_33_Y_u_cpu_u_alu_add_15_33_g404 | A1 ^ -> Y v  | OAI21X1   | 0.133 |   2.648 |    2.954 | 
     | 6                                                  |              |           |       |         |          | 
     | u_cpu_u_alu_sub_16_33_Y_u_cpu_u_alu_add_15_33_g403 | A1 v -> Y ^  | AOI21X1   | 0.129 |   2.777 |    3.083 | 
     | 9                                                  |              |           |       |         |          | 
     | u_cpu_u_alu_sub_16_33_Y_u_cpu_u_alu_add_15_33_g403 | B ^ -> Y v   | NOR2X1    | 0.069 |   2.846 |    3.152 | 
     | 4                                                  |              |           |       |         |          | 
     | u_cpu_u_alu_sub_16_33_Y_u_cpu_u_alu_add_15_33_g403 | B v -> Y ^   | NOR2X1    | 0.076 |   2.922 |    3.228 | 
     | 2                                                  |              |           |       |         |          | 
     | u_cpu_u_alu_sub_16_33_Y_u_cpu_u_alu_add_15_33_g403 | B ^ -> Y v   | NOR2X1    | 0.066 |   2.988 |    3.294 | 
     | 0                                                  |              |           |       |         |          | 
     | u_cpu_u_alu_sub_16_33_Y_u_cpu_u_alu_add_15_33_g402 | B v -> Y ^   | NOR2X1    | 0.063 |   3.051 |    3.357 | 
     | 8                                                  |              |           |       |         |          | 
     | u_cpu_u_alu_sub_16_33_Y_u_cpu_u_alu_add_15_33_g402 | B ^ -> Y v   | NOR2X1    | 0.058 |   3.108 |    3.415 | 
     | 6                                                  |              |           |       |         |          | 
     | u_cpu_u_alu_sub_16_33_Y_u_cpu_u_alu_add_15_33_g402 | B v -> Y ^   | NOR2X1    | 0.105 |   3.214 |    3.520 | 
     | 4                                                  |              |           |       |         |          | 
     | u_cpu_u_alu_sub_16_33_Y_u_cpu_u_alu_add_15_33_g402 | B ^ -> Y v   | NOR2X1    | 0.099 |   3.313 |    3.619 | 
     | 1                                                  |              |           |       |         |          | 
     | u_cpu_u_alu_sub_16_33_Y_u_cpu_u_alu_add_15_33_g401 | A1 v -> Y ^  | AOI21X1   | 0.108 |   3.421 |    3.727 | 
     | 5                                                  |              |           |       |         |          | 
     | u_cpu_u_alu_sub_16_33_Y_u_cpu_u_alu_add_15_33_g401 | A1 ^ -> Y v  | OAI21X1   | 0.132 |   3.553 |    3.859 | 
     | 1                                                  |              |           |       |         |          | 
     | g655048                                            | A1N v -> Y v | OAI2BB1X1 | 0.166 |   3.719 |    4.026 | 
     | u_cpu_u_alu_sub_16_33_Y_u_cpu_u_alu_add_15_33_g400 | A v -> Y ^   | INVX1     | 0.069 |   3.789 |    4.095 | 
     | 7                                                  |              |           |       |         |          | 
     | u_cpu_u_alu_sub_16_33_Y_u_cpu_u_alu_add_15_33_g400 | A1 ^ -> Y v  | OAI21X1   | 0.095 |   3.883 |    4.189 | 
     | 5                                                  |              |           |       |         |          | 
     | u_cpu_u_alu_sub_16_33_Y_u_cpu_u_alu_add_15_33_g400 | A1 v -> Y ^  | AOI21X1   | 0.136 |   4.020 |    4.326 | 
     | 3                                                  |              |           |       |         |          | 
     | u_cpu_u_alu_sub_16_33_Y_u_cpu_u_alu_add_15_33_g400 | A1 ^ -> Y v  | OAI21X1   | 0.137 |   4.157 |    4.463 | 
     | 0                                                  |              |           |       |         |          | 
     | u_cpu_u_alu_sub_16_33_Y_u_cpu_u_alu_add_15_33_g399 | A v -> Y ^   | INVX1     | 0.068 |   4.224 |    4.530 | 
     | 9                                                  |              |           |       |         |          | 
     | u_cpu_u_alu_sub_16_33_Y_u_cpu_u_alu_add_15_33_g399 | B ^ -> Y v   | NOR2X1    | 0.039 |   4.263 |    4.569 | 
     | 8                                                  |              |           |       |         |          | 
     | u_cpu_u_alu_sub_16_33_Y_u_cpu_u_alu_add_15_33_g399 | B v -> Y ^   | NOR2X1    | 0.101 |   4.364 |    4.670 | 
     | 6                                                  |              |           |       |         |          | 
     | u_cpu_u_alu_sub_16_33_Y_u_cpu_u_alu_add_15_33_g399 | B ^ -> Y v   | NOR2X1    | 0.094 |   4.458 |    4.764 | 
     | 5                                                  |              |           |       |         |          | 
     | u_cpu_u_alu_sub_16_33_Y_u_cpu_u_alu_add_15_33_g399 | B v -> Y ^   | NAND2X1   | 0.045 |   4.504 |    4.810 | 
     | 1                                                  |              |           |       |         |          | 
     | u_cpu_u_alu_sub_16_33_Y_u_cpu_u_alu_add_15_33_g398 | B ^ -> Y v   | NAND2X1   | 0.128 |   4.632 |    4.938 | 
     | 9                                                  |              |           |       |         |          | 
     | u_cpu_u_alu_sub_16_33_Y_u_cpu_u_alu_add_15_33_g398 | B v -> Y ^   | NAND2X1   | 0.109 |   4.741 |    5.047 | 
     | 2                                                  |              |           |       |         |          | 
     | u_cpu_u_alu_sub_16_33_Y_u_cpu_u_alu_add_15_33_g397 | A1 ^ -> Y v  | OAI21X1   | 0.180 |   4.921 |    5.227 | 
     | 6                                                  |              |           |       |         |          | 
     | u_cpu_u_alu_sub_16_33_Y_u_cpu_u_alu_add_15_33_g655 | A1 v -> Y ^  | AOI21X1   | 0.143 |   5.064 |    5.370 | 
     | 409                                                |              |           |       |         |          | 
     | u_cpu_u_alu_sub_16_33_Y_u_cpu_u_alu_add_15_33_g430 | B ^ -> Y v   | XNOR2X1   | 0.157 |   5.221 |    5.527 | 
     | 7                                                  |              |           |       |         |          | 
     | g165624                                            | A1 v -> Y ^  | AOI21X1   | 0.173 |   5.394 |    5.700 | 
     | g655026                                            | C ^ -> Y v   | NAND4BBX2 | 0.242 |   5.636 |    5.942 | 
     | g165557                                            | A v -> Y ^   | NOR2X1    | 0.127 |   5.763 |    6.069 | 
     | g165556                                            | A ^ -> Y v   | NAND2X1   | 0.073 |   5.836 |    6.142 | 
     | g165555                                            | B v -> Y ^   | NOR2X1    | 0.096 |   5.931 |    6.237 | 
     | g165554                                            | B0 ^ -> Y v  | AOI2BB1X1 | 0.098 |   6.029 |    6.335 | 
     | g165553                                            | B v -> Y ^   | NOR2X4    | 0.097 |   6.126 |    6.432 | 
     | g165550                                            | S0 ^ -> Y ^  | MX2X1     | 0.193 |   6.319 |    6.625 | 
     | g655045                                            | A1 ^ -> Y ^  | OA21X1    | 0.158 |   6.476 |    6.783 | 
     | u_cpu_add_167_30_Y_u_cpu_add_165_34_Y_u_cpu_add_16 | B ^ -> Y v   | NOR2X1    | 0.053 |   6.529 |    6.835 | 
     | 3_30_g913                                          |              |           |       |         |          | 
     | u_cpu_add_167_30_Y_u_cpu_add_165_34_Y_u_cpu_add_16 | B v -> Y ^   | NOR2X1    | 0.065 |   6.594 |    6.900 | 
     | 3_30_g911                                          |              |           |       |         |          | 
     | u_cpu_add_167_30_Y_u_cpu_add_165_34_Y_u_cpu_add_16 | B ^ -> Y v   | NOR2X2    | 0.054 |   6.649 |    6.955 | 
     | 3_30_g909                                          |              |           |       |         |          | 
     | u_cpu_add_167_30_Y_u_cpu_add_165_34_Y_u_cpu_add_16 | B0 v -> Y ^  | AOI2BB1X1 | 0.071 |   6.720 |    7.026 | 
     | 3_30_g907                                          |              |           |       |         |          | 
     | u_cpu_add_167_30_Y_u_cpu_add_165_34_Y_u_cpu_add_16 | B ^ -> Y v   | NOR2X2    | 0.059 |   6.779 |    7.085 | 
     | 3_30_g905                                          |              |           |       |         |          | 
     | u_cpu_add_167_30_Y_u_cpu_add_165_34_Y_u_cpu_add_16 | B0 v -> Y ^  | AOI2BB1X1 | 0.082 |   6.861 |    7.167 | 
     | 3_30_g903                                          |              |           |       |         |          | 
     | g655044                                            | B0 ^ -> Y v  | AOI21X2   | 0.062 |   6.923 |    7.229 | 
     | u_cpu_add_167_30_Y_u_cpu_add_165_34_Y_u_cpu_add_16 | B0 v -> Y ^  | AOI2BB1X1 | 0.081 |   7.003 |    7.309 | 
     | 3_30_g899                                          |              |           |       |         |          | 
     | u_cpu_add_167_30_Y_u_cpu_add_165_34_Y_u_cpu_add_16 | B ^ -> Y v   | NOR2X1    | 0.066 |   7.069 |    7.375 | 
     | 3_30_g897                                          |              |           |       |         |          | 
     | g655043                                            | A1N v -> Y v | AOI2BB1X2 | 0.160 |   7.229 |    7.536 | 
     | u_cpu_add_167_30_Y_u_cpu_add_165_34_Y_u_cpu_add_16 | B0 v -> Y ^  | AOI2BB1X2 | 0.078 |   7.308 |    7.614 | 
     | 3_30_g891                                          |              |           |       |         |          | 
     | u_cpu_add_167_30_Y_u_cpu_add_165_34_Y_u_cpu_add_16 | B ^ -> Y v   | NOR2X4    | 0.050 |   7.358 |    7.664 | 
     | 3_30_g889                                          |              |           |       |         |          | 
     | u_cpu_add_167_30_Y_u_cpu_add_165_34_Y_u_cpu_add_16 | B v -> Y ^   | NOR2X2    | 0.057 |   7.415 |    7.721 | 
     | 3_30_g887                                          |              |           |       |         |          | 
     | u_cpu_add_167_30_Y_u_cpu_add_165_34_Y_u_cpu_add_16 | B ^ -> Y v   | NOR2X4    | 0.049 |   7.464 |    7.770 | 
     | 3_30_g885                                          |              |           |       |         |          | 
     | u_cpu_add_167_30_Y_u_cpu_add_165_34_Y_u_cpu_add_16 | B v -> Y ^   | NOR2X2    | 0.056 |   7.520 |    7.827 | 
     | 3_30_g883                                          |              |           |       |         |          | 
     | u_cpu_add_167_30_Y_u_cpu_add_165_34_Y_u_cpu_add_16 | B ^ -> Y v   | NOR2X4    | 0.049 |   7.569 |    7.875 | 
     | 3_30_g881                                          |              |           |       |         |          | 
     | u_cpu_add_167_30_Y_u_cpu_add_165_34_Y_u_cpu_add_16 | B0 v -> Y ^  | AOI2BB1X2 | 0.069 |   7.638 |    7.944 | 
     | 3_30_g879                                          |              |           |       |         |          | 
     | u_cpu_add_167_30_Y_u_cpu_add_165_34_Y_u_cpu_add_16 | B ^ -> Y v   | NOR2X4    | 0.055 |   7.692 |    7.998 | 
     | 3_30_g877                                          |              |           |       |         |          | 
     | u_cpu_add_167_30_Y_u_cpu_add_165_34_Y_u_cpu_add_16 | B0 v -> Y ^  | AOI2BB1X4 | 0.056 |   7.748 |    8.054 | 
     | 3_30_g875                                          |              |           |       |         |          | 
     | u_cpu_add_167_30_Y_u_cpu_add_165_34_Y_u_cpu_add_16 | B ^ -> Y v   | NOR2X4    | 0.049 |   7.797 |    8.104 | 
     | 3_30_g873                                          |              |           |       |         |          | 
     | u_cpu_add_167_30_Y_u_cpu_add_165_34_Y_u_cpu_add_16 | B v -> Y ^   | NOR2X4    | 0.049 |   7.846 |    8.152 | 
     | 3_30_g871                                          |              |           |       |         |          | 
     | u_cpu_add_167_30_Y_u_cpu_add_165_34_Y_u_cpu_add_16 | B ^ -> Y v   | NOR2X4    | 0.043 |   7.889 |    8.195 | 
     | 3_30_g869                                          |              |           |       |         |          | 
     | u_cpu_add_167_30_Y_u_cpu_add_165_34_Y_u_cpu_add_16 | B0 v -> Y ^  | AOI2BB1X4 | 0.056 |   7.945 |    8.251 | 
     | 3_30_g867                                          |              |           |       |         |          | 
     | u_cpu_add_167_30_Y_u_cpu_add_165_34_Y_u_cpu_add_16 | B ^ -> Y v   | NOR2X4    | 0.044 |   7.989 |    8.295 | 
     | 3_30_g865                                          |              |           |       |         |          | 
     | u_cpu_add_167_30_Y_u_cpu_add_165_34_Y_u_cpu_add_16 | B v -> Y ^   | NOR2X4    | 0.045 |   8.034 |    8.340 | 
     | 3_30_g863                                          |              |           |       |         |          | 
     | u_cpu_add_167_30_Y_u_cpu_add_165_34_Y_u_cpu_add_16 | B ^ -> Y v   | NOR2X4    | 0.038 |   8.072 |    8.378 | 
     | 3_30_g861                                          |              |           |       |         |          | 
     | u_cpu_add_167_30_Y_u_cpu_add_165_34_Y_u_cpu_add_16 | B0 v -> Y ^  | AOI2BB1X2 | 0.067 |   8.140 |    8.446 | 
     | 3_30_g859                                          |              |           |       |         |          | 
     | u_cpu_add_167_30_Y_u_cpu_add_165_34_Y_u_cpu_add_16 | B ^ -> Y v   | NOR2X4    | 0.054 |   8.193 |    8.499 | 
     | 3_30_g857                                          |              |           |       |         |          | 
     | u_cpu_add_167_30_Y_u_cpu_add_165_34_Y_u_cpu_add_16 | B0 v -> Y ^  | AOI2BB1X4 | 0.063 |   8.256 |    8.562 | 
     | 3_30_g855                                          |              |           |       |         |          | 
     | u_cpu_add_167_30_Y_u_cpu_add_165_34_Y_u_cpu_add_16 | B ^ -> Y v   | NOR2X6    | 0.046 |   8.302 |    8.608 | 
     | 3_30_g853                                          |              |           |       |         |          | 
     | u_cpu_add_167_30_Y_u_cpu_add_165_34_Y_u_cpu_add_16 | B v -> Y ^   | NOR2X4    | 0.043 |   8.345 |    8.651 | 
     | 3_30_g851                                          |              |           |       |         |          | 
     | u_cpu_add_167_30_Y_u_cpu_add_165_34_Y_u_cpu_add_16 | B ^ -> Y v   | NOR2X4    | 0.044 |   8.389 |    8.695 | 
     | 3_30_g849                                          |              |           |       |         |          | 
     | u_cpu_add_167_30_Y_u_cpu_add_165_34_Y_u_cpu_add_16 | B v -> Y ^   | NOR2X4    | 0.047 |   8.436 |    8.742 | 
     | 3_30_g848                                          |              |           |       |         |          | 
     | u_cpu_add_167_30_Y_u_cpu_add_165_34_Y_u_cpu_add_16 | B ^ -> Y v   | NOR2X4    | 0.043 |   8.479 |    8.785 | 
     | 3_30_g846                                          |              |           |       |         |          | 
     | u_cpu_add_167_30_Y_u_cpu_add_165_34_Y_u_cpu_add_16 | B0 v -> Y ^  | AOI2BB1X4 | 0.060 |   8.539 |    8.845 | 
     | 3_30_g845                                          |              |           |       |         |          | 
     | u_cpu_add_167_30_Y_u_cpu_add_165_34_Y_u_cpu_add_16 | B ^ -> Y v   | NOR2X4    | 0.047 |   8.586 |    8.892 | 
     | 3_30_g843                                          |              |           |       |         |          | 
     | g655480                                            | B0 v -> Y ^  | AOI2BB1X4 | 0.058 |   8.644 |    8.950 | 
     | u_cpu_add_167_30_Y_u_cpu_add_165_34_Y_u_cpu_add_16 | B ^ -> Y v   | NOR2X4    | 0.047 |   8.691 |    8.997 | 
     | 3_30_g840                                          |              |           |       |         |          | 
     | u_cpu_add_167_30_Y_u_cpu_add_165_34_Y_u_cpu_add_16 | B v -> Y ^   | NOR2X4    | 0.044 |   8.735 |    9.041 | 
     | 3_30_g839                                          |              |           |       |         |          | 
     | u_cpu_add_167_30_Y_u_cpu_add_165_34_Y_u_cpu_add_16 | B ^ -> Y v   | NOR2X4    | 0.042 |   8.777 |    9.083 | 
     | 3_30_g837                                          |              |           |       |         |          | 
     | u_cpu_add_167_30_Y_u_cpu_add_165_34_Y_u_cpu_add_16 | B0 v -> Y ^  | AOI2BB1X4 | 0.063 |   8.839 |    9.145 | 
     | 3_30_g836                                          |              |           |       |         |          | 
     | u_cpu_add_167_30_Y_u_cpu_add_165_34_Y_u_cpu_add_16 | B ^ -> Y v   | NOR2X6    | 0.052 |   8.891 |    9.197 | 
     | 3_30_g834                                          |              |           |       |         |          | 
     | u_cpu_add_167_30_Y_u_cpu_add_165_34_Y_u_cpu_add_16 | B0 v -> Y ^  | AOI2BB1X4 | 0.065 |   8.956 |    9.262 | 
     | 3_30_g833                                          |              |           |       |         |          | 
     | u_cpu_add_167_30_Y_u_cpu_add_165_34_Y_u_cpu_add_16 | B ^ -> Y v   | NOR2X6    | 0.052 |   9.007 |    9.314 | 
     | 3_30_g831                                          |              |           |       |         |          | 
     | u_cpu_add_167_30_Y_u_cpu_add_165_34_Y_u_cpu_add_16 | B v -> Y ^   | NOR2X4    | 0.047 |   9.055 |    9.361 | 
     | 3_30_g830                                          |              |           |       |         |          | 
     | u_cpu_add_167_30_Y_u_cpu_add_165_34_Y_u_cpu_add_16 | B ^ -> Y v   | NOR2X4    | 0.041 |   9.096 |    9.402 | 
     | 3_30_g828                                          |              |           |       |         |          | 
     | u_cpu_add_167_30_Y_u_cpu_add_165_34_Y_u_cpu_add_16 | B0 v -> Y ^  | AOI2BB1X4 | 0.061 |   9.157 |    9.463 | 
     | 3_30_g827                                          |              |           |       |         |          | 
     | u_cpu_add_167_30_Y_u_cpu_add_165_34_Y_u_cpu_add_16 | B ^ -> Y v   | NOR2X6    | 0.045 |   9.202 |    9.509 | 
     | 3_30_g825                                          |              |           |       |         |          | 
     | u_cpu_add_167_30_Y_u_cpu_add_165_34_Y_u_cpu_add_16 | B v -> Y ^   | NOR2X4    | 0.049 |   9.251 |    9.557 | 
     | 3_30_g824                                          |              |           |       |         |          | 
     | u_cpu_add_167_30_Y_u_cpu_add_165_34_Y_u_cpu_add_16 | B ^ -> Y v   | NOR2X6    | 0.044 |   9.295 |    9.601 | 
     | 3_30_g822                                          |              |           |       |         |          | 
     | u_cpu_add_167_30_Y_u_cpu_add_165_34_Y_u_cpu_add_16 | B0 v -> Y ^  | AOI2BB1X4 | 0.062 |   9.358 |    9.664 | 
     | 3_30_g821                                          |              |           |       |         |          | 
     | u_cpu_add_167_30_Y_u_cpu_add_165_34_Y_u_cpu_add_16 | B ^ -> Y v   | NOR2X6    | 0.046 |   9.403 |    9.709 | 
     | 3_30_g819                                          |              |           |       |         |          | 
     | u_cpu_add_167_30_Y_u_cpu_add_165_34_Y_u_cpu_add_16 | B v -> Y ^   | NOR2X4    | 0.043 |   9.447 |    9.753 | 
     | 3_30_g818                                          |              |           |       |         |          | 
     | u_cpu_add_167_30_Y_u_cpu_add_165_34_Y_u_cpu_add_16 | B ^ -> Y v   | NOR2X4    | 0.041 |   9.488 |    9.794 | 
     | 3_30_g816                                          |              |           |       |         |          | 
     | g655057                                            | B0 v -> Y ^  | AOI2BB1X4 | 0.065 |   9.553 |    9.859 | 
     | g655056                                            | A ^ -> Y v   | NOR2X6    | 0.051 |   9.604 |    9.910 | 
     | u_cpu_add_167_30_Y_u_cpu_add_165_34_Y_u_cpu_add_16 | B0 v -> Y ^  | AOI2BB1X4 | 0.055 |   9.659 |    9.965 | 
     | 3_30_g812                                          |              |           |       |         |          | 
     | u_cpu_add_167_30_Y_u_cpu_add_165_34_Y_u_cpu_add_16 | B ^ -> Y v   | NOR2X4    | 0.037 |   9.696 |   10.002 | 
     | 3_30_g810                                          |              |           |       |         |          | 
     | u_cpu_add_167_30_Y_u_cpu_add_165_34_Y_u_cpu_add_16 | B v -> Y ^   | CLKXOR2X1 | 0.131 |   9.827 |   10.133 | 
     | 3_30_g809                                          |              |           |       |         |          | 
     | g641353                                            | B ^ -> Y v   | NAND2X1   | 0.062 |   9.889 |   10.195 | 
     | g653712                                            | B v -> Y ^   | NAND2X1   | 0.051 |   9.940 |   10.246 | 
     | u_cpu_pc_reg[31]                                   | D ^          | DFFRHQX1  | 0.000 |   9.940 |   10.246 | 
     +------------------------------------------------------------------------------------------------------------+ 
Path 10: MET Setup Check with Pin u_cpu_pc_reg[31]/CK 
Endpoint:   u_cpu_pc_reg[31]/D (^) checked with  leading edge of 'clk'
Beginpoint: u_cpu_ir_reg[0]/Q  (^) triggered by  leading edge of 'clk'
Path Groups: {clk}
Analysis View: av_ss
Other End Arrival Time          0.508
- Setup                         0.062
+ Phase Shift                  10.000
- Uncertainty                   0.200
= Required Time                10.246
- Arrival Time                  9.938
= Slack Time                    0.308
     Clock Rise Edge                 0.000
     + Clock Network Latency (Prop)  0.512
     = Beginpoint Arrival Time       0.512
     +------------------------------------------------------------------------------------------------------------+ 
     |                      Instance                      |     Arc      |   Cell    | Delay | Arrival | Required | 
     |                                                    |              |           |       |  Time   |   Time   | 
     |----------------------------------------------------+--------------+-----------+-------+---------+----------| 
     | u_cpu_ir_reg[0]                                    | CK ^         |           |       |   0.512 |    0.820 | 
     | u_cpu_ir_reg[0]                                    | CK ^ -> Q ^  | DFFRX1    | 0.451 |   0.963 |    1.271 | 
     | g655383                                            | A ^ -> Y v   | NAND2X1   | 0.145 |   1.108 |    1.416 | 
     | g160909                                            | B v -> Y ^   | NOR2X1    | 0.102 |   1.210 |    1.517 | 
     | g160892                                            | B0 ^ -> Y v  | OAI21X1   | 0.109 |   1.319 |    1.626 | 
     | g160890                                            | B v -> Y ^   | NOR2X1    | 0.138 |   1.456 |    1.764 | 
     | FE_OFC2349_n_8446                                  | A ^ -> Y v   | CLKINVX4  | 0.160 |   1.617 |    1.924 | 
     | g655054                                            | A1N v -> Y v | OAI2BB1X1 | 0.259 |   1.876 |    2.183 | 
     | FE_OFC512_n_8982                                   | A v -> Y v   | CLKBUFX6  | 0.257 |   2.132 |    2.440 | 
     | FE_OFC1727_n_8982                                  | A v -> Y ^   | INVX3     | 0.226 |   2.359 |    2.666 | 
     | g655049                                            | A0 ^ -> Y v  | AOI22X1   | 0.195 |   2.553 |    2.861 | 
     | u_cpu_u_alu_sub_16_33_Y_u_cpu_u_alu_add_15_33_g404 | A0 v -> Y ^  | OAI21X1   | 0.138 |   2.691 |    2.999 | 
     | 6                                                  |              |           |       |         |          | 
     | u_cpu_u_alu_sub_16_33_Y_u_cpu_u_alu_add_15_33_g403 | A1 ^ -> Y v  | AOI21X1   | 0.135 |   2.827 |    3.134 | 
     | 9                                                  |              |           |       |         |          | 
     | u_cpu_u_alu_sub_16_33_Y_u_cpu_u_alu_add_15_33_g403 | B v -> Y ^   | NOR2X1    | 0.082 |   2.909 |    3.217 | 
     | 4                                                  |              |           |       |         |          | 
     | u_cpu_u_alu_sub_16_33_Y_u_cpu_u_alu_add_15_33_g403 | B ^ -> Y v   | NOR2X1    | 0.061 |   2.970 |    3.277 | 
     | 2                                                  |              |           |       |         |          | 
     | u_cpu_u_alu_sub_16_33_Y_u_cpu_u_alu_add_15_33_g403 | B v -> Y ^   | NOR2X1    | 0.056 |   3.026 |    3.333 | 
     | 0                                                  |              |           |       |         |          | 
     | u_cpu_u_alu_sub_16_33_Y_u_cpu_u_alu_add_15_33_g402 | B ^ -> Y v   | NOR2X1    | 0.053 |   3.078 |    3.386 | 
     | 8                                                  |              |           |       |         |          | 
     | u_cpu_u_alu_sub_16_33_Y_u_cpu_u_alu_add_15_33_g402 | B v -> Y ^   | NOR2X1    | 0.055 |   3.133 |    3.440 | 
     | 6                                                  |              |           |       |         |          | 
     | u_cpu_u_alu_sub_16_33_Y_u_cpu_u_alu_add_15_33_g402 | B ^ -> Y v   | NOR2X1    | 0.078 |   3.211 |    3.519 | 
     | 4                                                  |              |           |       |         |          | 
     | u_cpu_u_alu_sub_16_33_Y_u_cpu_u_alu_add_15_33_g402 | B v -> Y ^   | NOR2X1    | 0.090 |   3.301 |    3.608 | 
     | 1                                                  |              |           |       |         |          | 
     | u_cpu_u_alu_sub_16_33_Y_u_cpu_u_alu_add_15_33_g401 | A1 ^ -> Y v  | AOI21X1   | 0.130 |   3.431 |    3.739 | 
     | 5                                                  |              |           |       |         |          | 
     | u_cpu_u_alu_sub_16_33_Y_u_cpu_u_alu_add_15_33_g401 | A1 v -> Y ^  | OAI21X1   | 0.126 |   3.557 |    3.865 | 
     | 1                                                  |              |           |       |         |          | 
     | g655048                                            | A1N ^ -> Y ^ | OAI2BB1X1 | 0.170 |   3.727 |    4.034 | 
     | u_cpu_u_alu_sub_16_33_Y_u_cpu_u_alu_add_15_33_g400 | A ^ -> Y v   | INVX1     | 0.049 |   3.775 |    4.083 | 
     | 7                                                  |              |           |       |         |          | 
     | u_cpu_u_alu_sub_16_33_Y_u_cpu_u_alu_add_15_33_g400 | A1 v -> Y ^  | OAI21X1   | 0.082 |   3.857 |    4.165 | 
     | 5                                                  |              |           |       |         |          | 
     | u_cpu_u_alu_sub_16_33_Y_u_cpu_u_alu_add_15_33_g400 | A1 ^ -> Y v  | AOI21X1   | 0.145 |   4.002 |    4.309 | 
     | 3                                                  |              |           |       |         |          | 
     | u_cpu_u_alu_sub_16_33_Y_u_cpu_u_alu_add_15_33_g400 | A1 v -> Y ^  | OAI21X1   | 0.131 |   4.132 |    4.440 | 
     | 0                                                  |              |           |       |         |          | 
     | u_cpu_u_alu_sub_16_33_Y_u_cpu_u_alu_add_15_33_g399 | A ^ -> Y v   | INVX1     | 0.068 |   4.200 |    4.508 | 
     | 9                                                  |              |           |       |         |          | 
     | u_cpu_u_alu_sub_16_33_Y_u_cpu_u_alu_add_15_33_g399 | B v -> Y ^   | NOR2X1    | 0.056 |   4.256 |    4.564 | 
     | 8                                                  |              |           |       |         |          | 
     | u_cpu_u_alu_sub_16_33_Y_u_cpu_u_alu_add_15_33_g399 | B ^ -> Y v   | NOR2X1    | 0.080 |   4.336 |    4.644 | 
     | 6                                                  |              |           |       |         |          | 
     | u_cpu_u_alu_sub_16_33_Y_u_cpu_u_alu_add_15_33_g399 | B v -> Y ^   | NOR2X1    | 0.088 |   4.424 |    4.732 | 
     | 5                                                  |              |           |       |         |          | 
     | u_cpu_u_alu_sub_16_33_Y_u_cpu_u_alu_add_15_33_g399 | B ^ -> Y v   | NAND2X1   | 0.081 |   4.505 |    4.813 | 
     | 1                                                  |              |           |       |         |          | 
     | u_cpu_u_alu_sub_16_33_Y_u_cpu_u_alu_add_15_33_g398 | B v -> Y ^   | NAND2X1   | 0.079 |   4.584 |    4.891 | 
     | 9                                                  |              |           |       |         |          | 
     | u_cpu_u_alu_sub_16_33_Y_u_cpu_u_alu_add_15_33_g398 | B ^ -> Y v   | NAND2X1   | 0.102 |   4.686 |    4.993 | 
     | 2                                                  |              |           |       |         |          | 
     | u_cpu_u_alu_sub_16_33_Y_u_cpu_u_alu_add_15_33_g397 | A1 v -> Y ^  | OAI21X1   | 0.176 |   4.861 |    5.169 | 
     | 6                                                  |              |           |       |         |          | 
     | u_cpu_u_alu_sub_16_33_Y_u_cpu_u_alu_add_15_33_g429 | B ^ -> Y v   | CLKXOR2X1 | 0.243 |   5.104 |    5.412 | 
     | 3                                                  |              |           |       |         |          | 
     | g655417                                            | B v -> Y ^   | NAND2X1   | 0.050 |   5.154 |    5.461 | 
     | g655035                                            | C ^ -> Y v   | NAND3X2   | 0.189 |   5.343 |    5.650 | 
     | g165559                                            | A v -> Y ^   | NOR2X1    | 0.148 |   5.491 |    5.799 | 
     | g655026                                            | D ^ -> Y v   | NAND4BBX2 | 0.162 |   5.653 |    5.961 | 
     | g165557                                            | A v -> Y ^   | NOR2X1    | 0.127 |   5.780 |    6.088 | 
     | g165556                                            | A ^ -> Y v   | NAND2X1   | 0.073 |   5.853 |    6.160 | 
     | g165555                                            | B v -> Y ^   | NOR2X1    | 0.096 |   5.948 |    6.256 | 
     | g165554                                            | B0 ^ -> Y v  | AOI2BB1X1 | 0.098 |   6.046 |    6.354 | 
     | g165553                                            | B v -> Y ^   | NOR2X4    | 0.097 |   6.143 |    6.450 | 
     | g165550                                            | S0 ^ -> Y ^  | MX2X1     | 0.193 |   6.336 |    6.644 | 
     | u_cpu_add_167_30_Y_u_cpu_add_165_34_Y_u_cpu_add_16 | B ^ -> Y ^   | AND2X1    | 0.138 |   6.474 |    6.781 | 
     | 3_30_g975                                          |              |           |       |         |          | 
     | u_cpu_add_167_30_Y_u_cpu_add_165_34_Y_u_cpu_add_16 | A ^ -> Y v   | NOR2X1    | 0.054 |   6.528 |    6.835 | 
     | 3_30_g913                                          |              |           |       |         |          | 
     | u_cpu_add_167_30_Y_u_cpu_add_165_34_Y_u_cpu_add_16 | B v -> Y ^   | NOR2X1    | 0.065 |   6.593 |    6.900 | 
     | 3_30_g911                                          |              |           |       |         |          | 
     | u_cpu_add_167_30_Y_u_cpu_add_165_34_Y_u_cpu_add_16 | B ^ -> Y v   | NOR2X2    | 0.054 |   6.647 |    6.955 | 
     | 3_30_g909                                          |              |           |       |         |          | 
     | u_cpu_add_167_30_Y_u_cpu_add_165_34_Y_u_cpu_add_16 | B0 v -> Y ^  | AOI2BB1X1 | 0.071 |   6.718 |    7.026 | 
     | 3_30_g907                                          |              |           |       |         |          | 
     | u_cpu_add_167_30_Y_u_cpu_add_165_34_Y_u_cpu_add_16 | B ^ -> Y v   | NOR2X2    | 0.059 |   6.777 |    7.085 | 
     | 3_30_g905                                          |              |           |       |         |          | 
     | u_cpu_add_167_30_Y_u_cpu_add_165_34_Y_u_cpu_add_16 | B0 v -> Y ^  | AOI2BB1X1 | 0.082 |   6.859 |    7.167 | 
     | 3_30_g903                                          |              |           |       |         |          | 
     | g655044                                            | B0 ^ -> Y v  | AOI21X2   | 0.062 |   6.921 |    7.229 | 
     | u_cpu_add_167_30_Y_u_cpu_add_165_34_Y_u_cpu_add_16 | B0 v -> Y ^  | AOI2BB1X1 | 0.081 |   7.002 |    7.309 | 
     | 3_30_g899                                          |              |           |       |         |          | 
     | u_cpu_add_167_30_Y_u_cpu_add_165_34_Y_u_cpu_add_16 | B ^ -> Y v   | NOR2X1    | 0.066 |   7.068 |    7.375 | 
     | 3_30_g897                                          |              |           |       |         |          | 
     | g655043                                            | A1N v -> Y v | AOI2BB1X2 | 0.160 |   7.228 |    7.536 | 
     | u_cpu_add_167_30_Y_u_cpu_add_165_34_Y_u_cpu_add_16 | B0 v -> Y ^  | AOI2BB1X2 | 0.078 |   7.306 |    7.614 | 
     | 3_30_g891                                          |              |           |       |         |          | 
     | u_cpu_add_167_30_Y_u_cpu_add_165_34_Y_u_cpu_add_16 | B ^ -> Y v   | NOR2X4    | 0.050 |   7.357 |    7.664 | 
     | 3_30_g889                                          |              |           |       |         |          | 
     | u_cpu_add_167_30_Y_u_cpu_add_165_34_Y_u_cpu_add_16 | B v -> Y ^   | NOR2X2    | 0.057 |   7.413 |    7.721 | 
     | 3_30_g887                                          |              |           |       |         |          | 
     | u_cpu_add_167_30_Y_u_cpu_add_165_34_Y_u_cpu_add_16 | B ^ -> Y v   | NOR2X4    | 0.049 |   7.463 |    7.770 | 
     | 3_30_g885                                          |              |           |       |         |          | 
     | u_cpu_add_167_30_Y_u_cpu_add_165_34_Y_u_cpu_add_16 | B v -> Y ^   | NOR2X2    | 0.056 |   7.519 |    7.827 | 
     | 3_30_g883                                          |              |           |       |         |          | 
     | u_cpu_add_167_30_Y_u_cpu_add_165_34_Y_u_cpu_add_16 | B ^ -> Y v   | NOR2X4    | 0.049 |   7.567 |    7.875 | 
     | 3_30_g881                                          |              |           |       |         |          | 
     | u_cpu_add_167_30_Y_u_cpu_add_165_34_Y_u_cpu_add_16 | B0 v -> Y ^  | AOI2BB1X2 | 0.069 |   7.636 |    7.944 | 
     | 3_30_g879                                          |              |           |       |         |          | 
     | u_cpu_add_167_30_Y_u_cpu_add_165_34_Y_u_cpu_add_16 | B ^ -> Y v   | NOR2X4    | 0.055 |   7.691 |    7.998 | 
     | 3_30_g877                                          |              |           |       |         |          | 
     | u_cpu_add_167_30_Y_u_cpu_add_165_34_Y_u_cpu_add_16 | B0 v -> Y ^  | AOI2BB1X4 | 0.056 |   7.747 |    8.054 | 
     | 3_30_g875                                          |              |           |       |         |          | 
     | u_cpu_add_167_30_Y_u_cpu_add_165_34_Y_u_cpu_add_16 | B ^ -> Y v   | NOR2X4    | 0.049 |   7.796 |    8.104 | 
     | 3_30_g873                                          |              |           |       |         |          | 
     | u_cpu_add_167_30_Y_u_cpu_add_165_34_Y_u_cpu_add_16 | B v -> Y ^   | NOR2X4    | 0.049 |   7.845 |    8.152 | 
     | 3_30_g871                                          |              |           |       |         |          | 
     | u_cpu_add_167_30_Y_u_cpu_add_165_34_Y_u_cpu_add_16 | B ^ -> Y v   | NOR2X4    | 0.043 |   7.887 |    8.195 | 
     | 3_30_g869                                          |              |           |       |         |          | 
     | u_cpu_add_167_30_Y_u_cpu_add_165_34_Y_u_cpu_add_16 | B0 v -> Y ^  | AOI2BB1X4 | 0.056 |   7.943 |    8.251 | 
     | 3_30_g867                                          |              |           |       |         |          | 
     | u_cpu_add_167_30_Y_u_cpu_add_165_34_Y_u_cpu_add_16 | B ^ -> Y v   | NOR2X4    | 0.044 |   7.987 |    8.295 | 
     | 3_30_g865                                          |              |           |       |         |          | 
     | u_cpu_add_167_30_Y_u_cpu_add_165_34_Y_u_cpu_add_16 | B v -> Y ^   | NOR2X4    | 0.045 |   8.032 |    8.340 | 
     | 3_30_g863                                          |              |           |       |         |          | 
     | u_cpu_add_167_30_Y_u_cpu_add_165_34_Y_u_cpu_add_16 | B ^ -> Y v   | NOR2X4    | 0.038 |   8.071 |    8.378 | 
     | 3_30_g861                                          |              |           |       |         |          | 
     | u_cpu_add_167_30_Y_u_cpu_add_165_34_Y_u_cpu_add_16 | B0 v -> Y ^  | AOI2BB1X2 | 0.067 |   8.138 |    8.446 | 
     | 3_30_g859                                          |              |           |       |         |          | 
     | u_cpu_add_167_30_Y_u_cpu_add_165_34_Y_u_cpu_add_16 | B ^ -> Y v   | NOR2X4    | 0.054 |   8.192 |    8.499 | 
     | 3_30_g857                                          |              |           |       |         |          | 
     | u_cpu_add_167_30_Y_u_cpu_add_165_34_Y_u_cpu_add_16 | B0 v -> Y ^  | AOI2BB1X4 | 0.063 |   8.254 |    8.562 | 
     | 3_30_g855                                          |              |           |       |         |          | 
     | u_cpu_add_167_30_Y_u_cpu_add_165_34_Y_u_cpu_add_16 | B ^ -> Y v   | NOR2X6    | 0.046 |   8.300 |    8.608 | 
     | 3_30_g853                                          |              |           |       |         |          | 
     | u_cpu_add_167_30_Y_u_cpu_add_165_34_Y_u_cpu_add_16 | B v -> Y ^   | NOR2X4    | 0.043 |   8.343 |    8.651 | 
     | 3_30_g851                                          |              |           |       |         |          | 
     | u_cpu_add_167_30_Y_u_cpu_add_165_34_Y_u_cpu_add_16 | B ^ -> Y v   | NOR2X4    | 0.044 |   8.387 |    8.695 | 
     | 3_30_g849                                          |              |           |       |         |          | 
     | u_cpu_add_167_30_Y_u_cpu_add_165_34_Y_u_cpu_add_16 | B v -> Y ^   | NOR2X4    | 0.047 |   8.435 |    8.742 | 
     | 3_30_g848                                          |              |           |       |         |          | 
     | u_cpu_add_167_30_Y_u_cpu_add_165_34_Y_u_cpu_add_16 | B ^ -> Y v   | NOR2X4    | 0.043 |   8.478 |    8.785 | 
     | 3_30_g846                                          |              |           |       |         |          | 
     | u_cpu_add_167_30_Y_u_cpu_add_165_34_Y_u_cpu_add_16 | B0 v -> Y ^  | AOI2BB1X4 | 0.060 |   8.537 |    8.845 | 
     | 3_30_g845                                          |              |           |       |         |          | 
     | u_cpu_add_167_30_Y_u_cpu_add_165_34_Y_u_cpu_add_16 | B ^ -> Y v   | NOR2X4    | 0.047 |   8.584 |    8.892 | 
     | 3_30_g843                                          |              |           |       |         |          | 
     | g655480                                            | B0 v -> Y ^  | AOI2BB1X4 | 0.058 |   8.642 |    8.950 | 
     | u_cpu_add_167_30_Y_u_cpu_add_165_34_Y_u_cpu_add_16 | B ^ -> Y v   | NOR2X4    | 0.047 |   8.690 |    8.997 | 
     | 3_30_g840                                          |              |           |       |         |          | 
     | u_cpu_add_167_30_Y_u_cpu_add_165_34_Y_u_cpu_add_16 | B v -> Y ^   | NOR2X4    | 0.044 |   8.734 |    9.041 | 
     | 3_30_g839                                          |              |           |       |         |          | 
     | u_cpu_add_167_30_Y_u_cpu_add_165_34_Y_u_cpu_add_16 | B ^ -> Y v   | NOR2X4    | 0.042 |   8.775 |    9.083 | 
     | 3_30_g837                                          |              |           |       |         |          | 
     | u_cpu_add_167_30_Y_u_cpu_add_165_34_Y_u_cpu_add_16 | B0 v -> Y ^  | AOI2BB1X4 | 0.063 |   8.838 |    9.145 | 
     | 3_30_g836                                          |              |           |       |         |          | 
     | u_cpu_add_167_30_Y_u_cpu_add_165_34_Y_u_cpu_add_16 | B ^ -> Y v   | NOR2X6    | 0.052 |   8.889 |    9.197 | 
     | 3_30_g834                                          |              |           |       |         |          | 
     | u_cpu_add_167_30_Y_u_cpu_add_165_34_Y_u_cpu_add_16 | B0 v -> Y ^  | AOI2BB1X4 | 0.065 |   8.954 |    9.262 | 
     | 3_30_g833                                          |              |           |       |         |          | 
     | u_cpu_add_167_30_Y_u_cpu_add_165_34_Y_u_cpu_add_16 | B ^ -> Y v   | NOR2X6    | 0.052 |   9.006 |    9.314 | 
     | 3_30_g831                                          |              |           |       |         |          | 
     | u_cpu_add_167_30_Y_u_cpu_add_165_34_Y_u_cpu_add_16 | B v -> Y ^   | NOR2X4    | 0.047 |   9.053 |    9.361 | 
     | 3_30_g830                                          |              |           |       |         |          | 
     | u_cpu_add_167_30_Y_u_cpu_add_165_34_Y_u_cpu_add_16 | B ^ -> Y v   | NOR2X4    | 0.041 |   9.094 |    9.402 | 
     | 3_30_g828                                          |              |           |       |         |          | 
     | u_cpu_add_167_30_Y_u_cpu_add_165_34_Y_u_cpu_add_16 | B0 v -> Y ^  | AOI2BB1X4 | 0.061 |   9.155 |    9.463 | 
     | 3_30_g827                                          |              |           |       |         |          | 
     | u_cpu_add_167_30_Y_u_cpu_add_165_34_Y_u_cpu_add_16 | B ^ -> Y v   | NOR2X6    | 0.045 |   9.201 |    9.509 | 
     | 3_30_g825                                          |              |           |       |         |          | 
     | u_cpu_add_167_30_Y_u_cpu_add_165_34_Y_u_cpu_add_16 | B v -> Y ^   | NOR2X4    | 0.049 |   9.250 |    9.557 | 
     | 3_30_g824                                          |              |           |       |         |          | 
     | u_cpu_add_167_30_Y_u_cpu_add_165_34_Y_u_cpu_add_16 | B ^ -> Y v   | NOR2X6    | 0.044 |   9.294 |    9.601 | 
     | 3_30_g822                                          |              |           |       |         |          | 
     | u_cpu_add_167_30_Y_u_cpu_add_165_34_Y_u_cpu_add_16 | B0 v -> Y ^  | AOI2BB1X4 | 0.062 |   9.356 |    9.664 | 
     | 3_30_g821                                          |              |           |       |         |          | 
     | u_cpu_add_167_30_Y_u_cpu_add_165_34_Y_u_cpu_add_16 | B ^ -> Y v   | NOR2X6    | 0.046 |   9.402 |    9.709 | 
     | 3_30_g819                                          |              |           |       |         |          | 
     | u_cpu_add_167_30_Y_u_cpu_add_165_34_Y_u_cpu_add_16 | B v -> Y ^   | NOR2X4    | 0.043 |   9.445 |    9.753 | 
     | 3_30_g818                                          |              |           |       |         |          | 
     | u_cpu_add_167_30_Y_u_cpu_add_165_34_Y_u_cpu_add_16 | B ^ -> Y v   | NOR2X4    | 0.041 |   9.486 |    9.794 | 
     | 3_30_g816                                          |              |           |       |         |          | 
     | g655057                                            | B0 v -> Y ^  | AOI2BB1X4 | 0.065 |   9.551 |    9.859 | 
     | g655056                                            | A ^ -> Y v   | NOR2X6    | 0.051 |   9.602 |    9.910 | 
     | u_cpu_add_167_30_Y_u_cpu_add_165_34_Y_u_cpu_add_16 | B0 v -> Y ^  | AOI2BB1X4 | 0.055 |   9.657 |    9.965 | 
     | 3_30_g812                                          |              |           |       |         |          | 
     | u_cpu_add_167_30_Y_u_cpu_add_165_34_Y_u_cpu_add_16 | B ^ -> Y v   | NOR2X4    | 0.037 |   9.695 |   10.002 | 
     | 3_30_g810                                          |              |           |       |         |          | 
     | u_cpu_add_167_30_Y_u_cpu_add_165_34_Y_u_cpu_add_16 | B v -> Y ^   | CLKXOR2X1 | 0.131 |   9.826 |   10.133 | 
     | 3_30_g809                                          |              |           |       |         |          | 
     | g641353                                            | B ^ -> Y v   | NAND2X1   | 0.062 |   9.888 |   10.195 | 
     | g653712                                            | B v -> Y ^   | NAND2X1   | 0.051 |   9.938 |   10.246 | 
     | u_cpu_pc_reg[31]                                   | D ^          | DFFRHQX1  | 0.000 |   9.938 |   10.246 | 
     +------------------------------------------------------------------------------------------------------------+ 
Path 11: MET Setup Check with Pin u_cpu_pc_reg[31]/CK 
Endpoint:   u_cpu_pc_reg[31]/D (^) checked with  leading edge of 'clk'
Beginpoint: u_cpu_ir_reg[0]/Q  (^) triggered by  leading edge of 'clk'
Path Groups: {clk}
Analysis View: av_ss
Other End Arrival Time          0.508
- Setup                         0.062
+ Phase Shift                  10.000
- Uncertainty                   0.200
= Required Time                10.246
- Arrival Time                  9.936
= Slack Time                    0.310
     Clock Rise Edge                 0.000
     + Clock Network Latency (Prop)  0.512
     = Beginpoint Arrival Time       0.512
     +------------------------------------------------------------------------------------------------------------+ 
     |                      Instance                      |     Arc      |   Cell    | Delay | Arrival | Required | 
     |                                                    |              |           |       |  Time   |   Time   | 
     |----------------------------------------------------+--------------+-----------+-------+---------+----------| 
     | u_cpu_ir_reg[0]                                    | CK ^         |           |       |   0.512 |    0.822 | 
     | u_cpu_ir_reg[0]                                    | CK ^ -> Q ^  | DFFRX1    | 0.451 |   0.963 |    1.273 | 
     | g160918                                            | A ^ -> Y ^   | AND2X1    | 0.186 |   1.149 |    1.459 | 
     | g160908                                            | B ^ -> Y v   | NAND2X1   | 0.125 |   1.274 |    1.584 | 
     | g159929                                            | B v -> Y ^   | NOR2X1    | 0.127 |   1.402 |    1.711 | 
     | g159943                                            | B ^ -> Y v   | NAND2X1   | 0.174 |   1.576 |    1.885 | 
     | g655020                                            | AN v -> Y v  | NOR2BX1   | 0.137 |   1.712 |    2.022 | 
     | g159917                                            | B v -> Y ^   | NOR2X1    | 0.087 |   1.800 |    2.109 | 
     | FE_OFC1740_n_8751                                  | A ^ -> Y v   | INVX3     | 0.205 |   2.005 |    2.315 | 
     | FE_OFC1742_n_8751                                  | A v -> Y ^   | INVX1     | 0.206 |   2.211 |    2.521 | 
     | u_cpu_u_alu_sub_16_33_Y_u_cpu_u_alu_add_15_33_g417 | A1 ^ -> Y v  | OAI22X1   | 0.164 |   2.375 |    2.685 | 
     | 0                                                  |              |           |       |         |          | 
     | u_cpu_u_alu_sub_16_33_Y_u_cpu_u_alu_add_15_33_g411 | B v -> Y ^   | NOR2X1    | 0.112 |   2.487 |    2.796 | 
     | 5                                                  |              |           |       |         |          | 
     | u_cpu_u_alu_sub_16_33_Y_u_cpu_u_alu_add_15_33_g404 | A1 ^ -> Y v  | OAI21X1   | 0.133 |   2.620 |    2.929 | 
     | 6                                                  |              |           |       |         |          | 
     | u_cpu_u_alu_sub_16_33_Y_u_cpu_u_alu_add_15_33_g403 | A1 v -> Y ^  | AOI21X1   | 0.129 |   2.748 |    3.058 | 
     | 9                                                  |              |           |       |         |          | 
     | u_cpu_u_alu_sub_16_33_Y_u_cpu_u_alu_add_15_33_g403 | B ^ -> Y v   | NOR2X1    | 0.069 |   2.817 |    3.127 | 
     | 4                                                  |              |           |       |         |          | 
     | u_cpu_u_alu_sub_16_33_Y_u_cpu_u_alu_add_15_33_g403 | B v -> Y ^   | NOR2X1    | 0.076 |   2.893 |    3.203 | 
     | 2                                                  |              |           |       |         |          | 
     | u_cpu_u_alu_sub_16_33_Y_u_cpu_u_alu_add_15_33_g403 | B ^ -> Y v   | NOR2X1    | 0.066 |   2.959 |    3.269 | 
     | 0                                                  |              |           |       |         |          | 
     | u_cpu_u_alu_sub_16_33_Y_u_cpu_u_alu_add_15_33_g402 | B v -> Y ^   | NOR2X1    | 0.063 |   3.022 |    3.332 | 
     | 8                                                  |              |           |       |         |          | 
     | u_cpu_u_alu_sub_16_33_Y_u_cpu_u_alu_add_15_33_g402 | B ^ -> Y v   | NOR2X1    | 0.058 |   3.080 |    3.389 | 
     | 6                                                  |              |           |       |         |          | 
     | u_cpu_u_alu_sub_16_33_Y_u_cpu_u_alu_add_15_33_g402 | B v -> Y ^   | NOR2X1    | 0.105 |   3.185 |    3.495 | 
     | 4                                                  |              |           |       |         |          | 
     | u_cpu_u_alu_sub_16_33_Y_u_cpu_u_alu_add_15_33_g402 | B ^ -> Y v   | NOR2X1    | 0.099 |   3.284 |    3.594 | 
     | 1                                                  |              |           |       |         |          | 
     | u_cpu_u_alu_sub_16_33_Y_u_cpu_u_alu_add_15_33_g401 | A1 v -> Y ^  | AOI21X1   | 0.108 |   3.392 |    3.702 | 
     | 5                                                  |              |           |       |         |          | 
     | u_cpu_u_alu_sub_16_33_Y_u_cpu_u_alu_add_15_33_g401 | A1 ^ -> Y v  | OAI21X1   | 0.132 |   3.524 |    3.834 | 
     | 1                                                  |              |           |       |         |          | 
     | g655048                                            | A1N v -> Y v | OAI2BB1X1 | 0.166 |   3.691 |    4.000 | 
     | u_cpu_u_alu_sub_16_33_Y_u_cpu_u_alu_add_15_33_g400 | A v -> Y ^   | INVX1     | 0.069 |   3.760 |    4.070 | 
     | 7                                                  |              |           |       |         |          | 
     | u_cpu_u_alu_sub_16_33_Y_u_cpu_u_alu_add_15_33_g400 | A1 ^ -> Y v  | OAI21X1   | 0.095 |   3.855 |    4.164 | 
     | 5                                                  |              |           |       |         |          | 
     | u_cpu_u_alu_sub_16_33_Y_u_cpu_u_alu_add_15_33_g400 | A1 v -> Y ^  | AOI21X1   | 0.136 |   3.991 |    4.301 | 
     | 3                                                  |              |           |       |         |          | 
     | u_cpu_u_alu_sub_16_33_Y_u_cpu_u_alu_add_15_33_g400 | A1 ^ -> Y v  | OAI21X1   | 0.137 |   4.128 |    4.438 | 
     | 0                                                  |              |           |       |         |          | 
     | u_cpu_u_alu_sub_16_33_Y_u_cpu_u_alu_add_15_33_g399 | A v -> Y ^   | INVX1     | 0.068 |   4.196 |    4.505 | 
     | 9                                                  |              |           |       |         |          | 
     | u_cpu_u_alu_sub_16_33_Y_u_cpu_u_alu_add_15_33_g399 | B ^ -> Y v   | NOR2X1    | 0.039 |   4.235 |    4.544 | 
     | 8                                                  |              |           |       |         |          | 
     | u_cpu_u_alu_sub_16_33_Y_u_cpu_u_alu_add_15_33_g399 | B v -> Y ^   | NOR2X1    | 0.101 |   4.336 |    4.645 | 
     | 6                                                  |              |           |       |         |          | 
     | u_cpu_u_alu_sub_16_33_Y_u_cpu_u_alu_add_15_33_g399 | B ^ -> Y v   | NOR2X1    | 0.094 |   4.430 |    4.739 | 
     | 5                                                  |              |           |       |         |          | 
     | u_cpu_u_alu_sub_16_33_Y_u_cpu_u_alu_add_15_33_g399 | B v -> Y ^   | NAND2X1   | 0.045 |   4.475 |    4.785 | 
     | 1                                                  |              |           |       |         |          | 
     | u_cpu_u_alu_sub_16_33_Y_u_cpu_u_alu_add_15_33_g398 | B ^ -> Y v   | NAND2X1   | 0.128 |   4.603 |    4.913 | 
     | 9                                                  |              |           |       |         |          | 
     | u_cpu_u_alu_sub_16_33_Y_u_cpu_u_alu_add_15_33_g398 | B v -> Y ^   | NAND2X1   | 0.109 |   4.713 |    5.022 | 
     | 2                                                  |              |           |       |         |          | 
     | u_cpu_u_alu_sub_16_33_Y_u_cpu_u_alu_add_15_33_g397 | A1 ^ -> Y v  | OAI21X1   | 0.180 |   4.892 |    5.202 | 
     | 6                                                  |              |           |       |         |          | 
     | u_cpu_u_alu_sub_16_33_Y_u_cpu_u_alu_add_15_33_g429 | B v -> Y v   | CLKXOR2X1 | 0.207 |   5.099 |    5.409 | 
     | 3                                                  |              |           |       |         |          | 
     | g655417                                            | B v -> Y ^   | NAND2X1   | 0.050 |   5.149 |    5.458 | 
     | g655035                                            | C ^ -> Y v   | NAND3X2   | 0.189 |   5.338 |    5.647 | 
     | g165559                                            | A v -> Y ^   | NOR2X1    | 0.148 |   5.486 |    5.796 | 
     | g655026                                            | D ^ -> Y v   | NAND4BBX2 | 0.162 |   5.648 |    5.958 | 
     | g165557                                            | A v -> Y ^   | NOR2X1    | 0.127 |   5.775 |    6.085 | 
     | g165556                                            | A ^ -> Y v   | NAND2X1   | 0.073 |   5.848 |    6.157 | 
     | g165555                                            | B v -> Y ^   | NOR2X1    | 0.096 |   5.943 |    6.253 | 
     | g165554                                            | B0 ^ -> Y v  | AOI2BB1X1 | 0.098 |   6.041 |    6.351 | 
     | g165553                                            | B v -> Y ^   | NOR2X4    | 0.097 |   6.138 |    6.447 | 
     | g165550                                            | S0 ^ -> Y v  | MX2X1     | 0.233 |   6.371 |    6.681 | 
     | g655045                                            | A1 v -> Y v  | OA21X1    | 0.152 |   6.523 |    6.833 | 
     | u_cpu_add_167_30_Y_u_cpu_add_165_34_Y_u_cpu_add_16 | B v -> Y ^   | NOR2X1    | 0.076 |   6.599 |    6.909 | 
     | 3_30_g913                                          |              |           |       |         |          | 
     | u_cpu_add_167_30_Y_u_cpu_add_165_34_Y_u_cpu_add_16 | B ^ -> Y v   | NOR2X1    | 0.069 |   6.668 |    6.977 | 
     | 3_30_g911                                          |              |           |       |         |          | 
     | u_cpu_add_167_30_Y_u_cpu_add_165_34_Y_u_cpu_add_16 | B v -> Y ^   | NOR2X2    | 0.054 |   6.722 |    7.031 | 
     | 3_30_g909                                          |              |           |       |         |          | 
     | u_cpu_add_167_30_Y_u_cpu_add_165_34_Y_u_cpu_add_16 | B0 ^ -> Y v  | AOI2BB1X1 | 0.059 |   6.780 |    7.090 | 
     | 3_30_g907                                          |              |           |       |         |          | 
     | u_cpu_add_167_30_Y_u_cpu_add_165_34_Y_u_cpu_add_16 | B v -> Y ^   | NOR2X2    | 0.061 |   6.841 |    7.151 | 
     | 3_30_g905                                          |              |           |       |         |          | 
     | u_cpu_add_167_30_Y_u_cpu_add_165_34_Y_u_cpu_add_16 | B0 ^ -> Y v  | AOI2BB1X1 | 0.067 |   6.908 |    7.218 | 
     | 3_30_g903                                          |              |           |       |         |          | 
     | g655044                                            | B0 v -> Y ^  | AOI21X2   | 0.062 |   6.970 |    7.280 | 
     | u_cpu_add_167_30_Y_u_cpu_add_165_34_Y_u_cpu_add_16 | B0 ^ -> Y v  | AOI2BB1X1 | 0.056 |   7.026 |    7.336 | 
     | 3_30_g899                                          |              |           |       |         |          | 
     | u_cpu_add_167_30_Y_u_cpu_add_165_34_Y_u_cpu_add_16 | B v -> Y ^   | NOR2X1    | 0.078 |   7.104 |    7.414 | 
     | 3_30_g897                                          |              |           |       |         |          | 
     | g655043                                            | A1N ^ -> Y ^ | AOI2BB1X2 | 0.154 |   7.258 |    7.568 | 
     | u_cpu_add_167_30_Y_u_cpu_add_165_34_Y_u_cpu_add_16 | B0 ^ -> Y v  | AOI2BB1X2 | 0.069 |   7.327 |    7.636 | 
     | 3_30_g891                                          |              |           |       |         |          | 
     | u_cpu_add_167_30_Y_u_cpu_add_165_34_Y_u_cpu_add_16 | B v -> Y ^   | NOR2X4    | 0.052 |   7.379 |    7.689 | 
     | 3_30_g889                                          |              |           |       |         |          | 
     | u_cpu_add_167_30_Y_u_cpu_add_165_34_Y_u_cpu_add_16 | B ^ -> Y v   | NOR2X2    | 0.048 |   7.427 |    7.736 | 
     | 3_30_g887                                          |              |           |       |         |          | 
     | u_cpu_add_167_30_Y_u_cpu_add_165_34_Y_u_cpu_add_16 | B v -> Y ^   | NOR2X4    | 0.049 |   7.475 |    7.785 | 
     | 3_30_g885                                          |              |           |       |         |          | 
     | u_cpu_add_167_30_Y_u_cpu_add_165_34_Y_u_cpu_add_16 | B ^ -> Y v   | NOR2X2    | 0.048 |   7.523 |    7.832 | 
     | 3_30_g883                                          |              |           |       |         |          | 
     | u_cpu_add_167_30_Y_u_cpu_add_165_34_Y_u_cpu_add_16 | B v -> Y ^   | NOR2X4    | 0.047 |   7.570 |    7.880 | 
     | 3_30_g881                                          |              |           |       |         |          | 
     | u_cpu_add_167_30_Y_u_cpu_add_165_34_Y_u_cpu_add_16 | B0 ^ -> Y v  | AOI2BB1X2 | 0.052 |   7.622 |    7.931 | 
     | 3_30_g879                                          |              |           |       |         |          | 
     | u_cpu_add_167_30_Y_u_cpu_add_165_34_Y_u_cpu_add_16 | B v -> Y ^   | NOR2X4    | 0.058 |   7.679 |    7.989 | 
     | 3_30_g877                                          |              |           |       |         |          | 
     | u_cpu_add_167_30_Y_u_cpu_add_165_34_Y_u_cpu_add_16 | B0 ^ -> Y v  | AOI2BB1X4 | 0.047 |   7.726 |    8.036 | 
     | 3_30_g875                                          |              |           |       |         |          | 
     | u_cpu_add_167_30_Y_u_cpu_add_165_34_Y_u_cpu_add_16 | B v -> Y ^   | NOR2X4    | 0.062 |   7.789 |    8.098 | 
     | 3_30_g873                                          |              |           |       |         |          | 
     | u_cpu_add_167_30_Y_u_cpu_add_165_34_Y_u_cpu_add_16 | B ^ -> Y v   | NOR2X4    | 0.050 |   7.839 |    8.148 | 
     | 3_30_g871                                          |              |           |       |         |          | 
     | u_cpu_add_167_30_Y_u_cpu_add_165_34_Y_u_cpu_add_16 | B v -> Y ^   | NOR2X4    | 0.054 |   7.893 |    8.203 | 
     | 3_30_g869                                          |              |           |       |         |          | 
     | u_cpu_add_167_30_Y_u_cpu_add_165_34_Y_u_cpu_add_16 | B0 ^ -> Y v  | AOI2BB1X4 | 0.047 |   7.940 |    8.250 | 
     | 3_30_g867                                          |              |           |       |         |          | 
     | u_cpu_add_167_30_Y_u_cpu_add_165_34_Y_u_cpu_add_16 | B v -> Y ^   | NOR2X4    | 0.053 |   7.993 |    8.302 | 
     | 3_30_g865                                          |              |           |       |         |          | 
     | u_cpu_add_167_30_Y_u_cpu_add_165_34_Y_u_cpu_add_16 | B ^ -> Y v   | NOR2X4    | 0.043 |   8.035 |    8.345 | 
     | 3_30_g863                                          |              |           |       |         |          | 
     | u_cpu_add_167_30_Y_u_cpu_add_165_34_Y_u_cpu_add_16 | B v -> Y ^   | NOR2X4    | 0.046 |   8.081 |    8.391 | 
     | 3_30_g861                                          |              |           |       |         |          | 
     | u_cpu_add_167_30_Y_u_cpu_add_165_34_Y_u_cpu_add_16 | B0 ^ -> Y v  | AOI2BB1X2 | 0.050 |   8.131 |    8.441 | 
     | 3_30_g859                                          |              |           |       |         |          | 
     | u_cpu_add_167_30_Y_u_cpu_add_165_34_Y_u_cpu_add_16 | B v -> Y ^   | NOR2X4    | 0.057 |   8.188 |    8.498 | 
     | 3_30_g857                                          |              |           |       |         |          | 
     | u_cpu_add_167_30_Y_u_cpu_add_165_34_Y_u_cpu_add_16 | B0 ^ -> Y v  | AOI2BB1X4 | 0.050 |   8.238 |    8.548 | 
     | 3_30_g855                                          |              |           |       |         |          | 
     | u_cpu_add_167_30_Y_u_cpu_add_165_34_Y_u_cpu_add_16 | B v -> Y ^   | NOR2X6    | 0.050 |   8.288 |    8.598 | 
     | 3_30_g853                                          |              |           |       |         |          | 
     | u_cpu_add_167_30_Y_u_cpu_add_165_34_Y_u_cpu_add_16 | B ^ -> Y v   | NOR2X4    | 0.039 |   8.328 |    8.637 | 
     | 3_30_g851                                          |              |           |       |         |          | 
     | u_cpu_add_167_30_Y_u_cpu_add_165_34_Y_u_cpu_add_16 | B v -> Y ^   | NOR2X4    | 0.056 |   8.384 |    8.693 | 
     | 3_30_g849                                          |              |           |       |         |          | 
     | u_cpu_add_167_30_Y_u_cpu_add_165_34_Y_u_cpu_add_16 | B ^ -> Y v   | NOR2X4    | 0.047 |   8.431 |    8.741 | 
     | 3_30_g848                                          |              |           |       |         |          | 
     | u_cpu_add_167_30_Y_u_cpu_add_165_34_Y_u_cpu_add_16 | B v -> Y ^   | NOR2X4    | 0.053 |   8.484 |    8.793 | 
     | 3_30_g846                                          |              |           |       |         |          | 
     | u_cpu_add_167_30_Y_u_cpu_add_165_34_Y_u_cpu_add_16 | B0 ^ -> Y v  | AOI2BB1X4 | 0.049 |   8.533 |    8.842 | 
     | 3_30_g845                                          |              |           |       |         |          | 
     | u_cpu_add_167_30_Y_u_cpu_add_165_34_Y_u_cpu_add_16 | B v -> Y ^   | NOR2X4    | 0.054 |   8.587 |    8.897 | 
     | 3_30_g843                                          |              |           |       |         |          | 
     | g655480                                            | B0 ^ -> Y v  | AOI2BB1X4 | 0.048 |   8.635 |    8.944 | 
     | u_cpu_add_167_30_Y_u_cpu_add_165_34_Y_u_cpu_add_16 | B v -> Y ^   | NOR2X4    | 0.057 |   8.692 |    9.001 | 
     | 3_30_g840                                          |              |           |       |         |          | 
     | u_cpu_add_167_30_Y_u_cpu_add_165_34_Y_u_cpu_add_16 | B ^ -> Y v   | NOR2X4    | 0.044 |   8.736 |    9.045 | 
     | 3_30_g839                                          |              |           |       |         |          | 
     | u_cpu_add_167_30_Y_u_cpu_add_165_34_Y_u_cpu_add_16 | B v -> Y ^   | NOR2X4    | 0.053 |   8.788 |    9.098 | 
     | 3_30_g837                                          |              |           |       |         |          | 
     | u_cpu_add_167_30_Y_u_cpu_add_165_34_Y_u_cpu_add_16 | B0 ^ -> Y v  | AOI2BB1X4 | 0.051 |   8.839 |    9.149 | 
     | 3_30_g836                                          |              |           |       |         |          | 
     | u_cpu_add_167_30_Y_u_cpu_add_165_34_Y_u_cpu_add_16 | B v -> Y ^   | NOR2X6    | 0.060 |   8.899 |    9.208 | 
     | 3_30_g834                                          |              |           |       |         |          | 
     | u_cpu_add_167_30_Y_u_cpu_add_165_34_Y_u_cpu_add_16 | B0 ^ -> Y v  | AOI2BB1X4 | 0.054 |   8.953 |    9.262 | 
     | 3_30_g833                                          |              |           |       |         |          | 
     | u_cpu_add_167_30_Y_u_cpu_add_165_34_Y_u_cpu_add_16 | B v -> Y ^   | NOR2X6    | 0.062 |   9.014 |    9.324 | 
     | 3_30_g831                                          |              |           |       |         |          | 
     | u_cpu_add_167_30_Y_u_cpu_add_165_34_Y_u_cpu_add_16 | B ^ -> Y v   | NOR2X4    | 0.048 |   9.062 |    9.372 | 
     | 3_30_g830                                          |              |           |       |         |          | 
     | u_cpu_add_167_30_Y_u_cpu_add_165_34_Y_u_cpu_add_16 | B v -> Y ^   | NOR2X4    | 0.051 |   9.113 |    9.423 | 
     | 3_30_g828                                          |              |           |       |         |          | 
     | u_cpu_add_167_30_Y_u_cpu_add_165_34_Y_u_cpu_add_16 | B0 ^ -> Y v  | AOI2BB1X4 | 0.049 |   9.162 |    9.472 | 
     | 3_30_g827                                          |              |           |       |         |          | 
     | u_cpu_add_167_30_Y_u_cpu_add_165_34_Y_u_cpu_add_16 | B v -> Y ^   | NOR2X6    | 0.050 |   9.212 |    9.522 | 
     | 3_30_g825                                          |              |           |       |         |          | 
     | u_cpu_add_167_30_Y_u_cpu_add_165_34_Y_u_cpu_add_16 | B ^ -> Y v   | NOR2X4    | 0.042 |   9.255 |    9.564 | 
     | 3_30_g824                                          |              |           |       |         |          | 
     | u_cpu_add_167_30_Y_u_cpu_add_165_34_Y_u_cpu_add_16 | B v -> Y ^   | NOR2X6    | 0.050 |   9.304 |    9.614 | 
     | 3_30_g822                                          |              |           |       |         |          | 
     | u_cpu_add_167_30_Y_u_cpu_add_165_34_Y_u_cpu_add_16 | B0 ^ -> Y v  | AOI2BB1X4 | 0.049 |   9.353 |    9.663 | 
     | 3_30_g821                                          |              |           |       |         |          | 
     | u_cpu_add_167_30_Y_u_cpu_add_165_34_Y_u_cpu_add_16 | B v -> Y ^   | NOR2X6    | 0.050 |   9.403 |    9.713 | 
     | 3_30_g819                                          |              |           |       |         |          | 
     | u_cpu_add_167_30_Y_u_cpu_add_165_34_Y_u_cpu_add_16 | B ^ -> Y v   | NOR2X4    | 0.039 |   9.443 |    9.752 | 
     | 3_30_g818                                          |              |           |       |         |          | 
     | u_cpu_add_167_30_Y_u_cpu_add_165_34_Y_u_cpu_add_16 | B v -> Y ^   | NOR2X4    | 0.051 |   9.493 |    9.803 | 
     | 3_30_g816                                          |              |           |       |         |          | 
     | g655057                                            | B0 ^ -> Y v  | AOI2BB1X4 | 0.051 |   9.545 |    9.854 | 
     | g655056                                            | A v -> Y ^   | NOR2X6    | 0.058 |   9.602 |    9.912 | 
     | u_cpu_add_167_30_Y_u_cpu_add_165_34_Y_u_cpu_add_16 | B0 ^ -> Y v  | AOI2BB1X4 | 0.045 |   9.647 |    9.957 | 
     | 3_30_g812                                          |              |           |       |         |          | 
     | u_cpu_add_167_30_Y_u_cpu_add_165_34_Y_u_cpu_add_16 | B v -> Y ^   | NOR2X4    | 0.040 |   9.687 |    9.997 | 
     | 3_30_g810                                          |              |           |       |         |          | 
     | u_cpu_add_167_30_Y_u_cpu_add_165_34_Y_u_cpu_add_16 | B ^ -> Y ^   | CLKXOR2X1 | 0.137 |   9.824 |   10.133 | 
     | 3_30_g809                                          |              |           |       |         |          | 
     | g641353                                            | B ^ -> Y v   | NAND2X1   | 0.062 |   9.886 |   10.195 | 
     | g653712                                            | B v -> Y ^   | NAND2X1   | 0.051 |   9.936 |   10.246 | 
     | u_cpu_pc_reg[31]                                   | D ^          | DFFRHQX1  | 0.000 |   9.936 |   10.246 | 
     +------------------------------------------------------------------------------------------------------------+ 
Path 12: MET Setup Check with Pin u_cpu_pc_reg[31]/CK 
Endpoint:   u_cpu_pc_reg[31]/D (^) checked with  leading edge of 'clk'
Beginpoint: u_cpu_ir_reg[0]/Q  (^) triggered by  leading edge of 'clk'
Path Groups: {clk}
Analysis View: av_ss
Other End Arrival Time          0.508
- Setup                         0.062
+ Phase Shift                  10.000
- Uncertainty                   0.200
= Required Time                10.246
- Arrival Time                  9.935
= Slack Time                    0.311
     Clock Rise Edge                 0.000
     + Clock Network Latency (Prop)  0.512
     = Beginpoint Arrival Time       0.512
     +------------------------------------------------------------------------------------------------------------+ 
     |                      Instance                      |     Arc      |   Cell    | Delay | Arrival | Required | 
     |                                                    |              |           |       |  Time   |   Time   | 
     |----------------------------------------------------+--------------+-----------+-------+---------+----------| 
     | u_cpu_ir_reg[0]                                    | CK ^         |           |       |   0.512 |    0.823 | 
     | u_cpu_ir_reg[0]                                    | CK ^ -> Q ^  | DFFRX1    | 0.451 |   0.963 |    1.274 | 
     | g655383                                            | A ^ -> Y v   | NAND2X1   | 0.145 |   1.108 |    1.419 | 
     | g160909                                            | B v -> Y ^   | NOR2X1    | 0.102 |   1.210 |    1.521 | 
     | g160892                                            | B0 ^ -> Y v  | OAI21X1   | 0.109 |   1.319 |    1.629 | 
     | g160890                                            | B v -> Y ^   | NOR2X1    | 0.138 |   1.456 |    1.767 | 
     | FE_OFC2349_n_8446                                  | A ^ -> Y v   | CLKINVX4  | 0.160 |   1.617 |    1.927 | 
     | g655053                                            | A1N v -> Y v | OAI2BB1X1 | 0.246 |   1.863 |    2.174 | 
     | FE_OFC511_n_8980                                   | A v -> Y v   | BUFX8     | 0.237 |   2.099 |    2.410 | 
     | FE_OFC2432_n_8980                                  | A v -> Y ^   | INVX3     | 0.155 |   2.254 |    2.565 | 
     | u_cpu_u_alu_sub_16_33_Y_u_cpu_u_alu_add_15_33_g417 | A0 ^ -> Y v  | OAI22X1   | 0.149 |   2.404 |    2.715 | 
     | 0                                                  |              |           |       |         |          | 
     | u_cpu_u_alu_sub_16_33_Y_u_cpu_u_alu_add_15_33_g411 | B v -> Y ^   | NOR2X1    | 0.112 |   2.515 |    2.826 | 
     | 5                                                  |              |           |       |         |          | 
     | u_cpu_u_alu_sub_16_33_Y_u_cpu_u_alu_add_15_33_g404 | A1 ^ -> Y v  | OAI21X1   | 0.133 |   2.648 |    2.959 | 
     | 6                                                  |              |           |       |         |          | 
     | u_cpu_u_alu_sub_16_33_Y_u_cpu_u_alu_add_15_33_g403 | A1 v -> Y ^  | AOI21X1   | 0.129 |   2.777 |    3.088 | 
     | 9                                                  |              |           |       |         |          | 
     | u_cpu_u_alu_sub_16_33_Y_u_cpu_u_alu_add_15_33_g403 | B ^ -> Y v   | NOR2X1    | 0.069 |   2.846 |    3.157 | 
     | 4                                                  |              |           |       |         |          | 
     | u_cpu_u_alu_sub_16_33_Y_u_cpu_u_alu_add_15_33_g403 | B v -> Y ^   | NOR2X1    | 0.076 |   2.922 |    3.233 | 
     | 2                                                  |              |           |       |         |          | 
     | u_cpu_u_alu_sub_16_33_Y_u_cpu_u_alu_add_15_33_g403 | B ^ -> Y v   | NOR2X1    | 0.066 |   2.988 |    3.299 | 
     | 0                                                  |              |           |       |         |          | 
     | u_cpu_u_alu_sub_16_33_Y_u_cpu_u_alu_add_15_33_g402 | B v -> Y ^   | NOR2X1    | 0.063 |   3.051 |    3.361 | 
     | 8                                                  |              |           |       |         |          | 
     | u_cpu_u_alu_sub_16_33_Y_u_cpu_u_alu_add_15_33_g402 | B ^ -> Y v   | NOR2X1    | 0.058 |   3.108 |    3.419 | 
     | 6                                                  |              |           |       |         |          | 
     | u_cpu_u_alu_sub_16_33_Y_u_cpu_u_alu_add_15_33_g402 | B v -> Y ^   | NOR2X1    | 0.105 |   3.214 |    3.525 | 
     | 4                                                  |              |           |       |         |          | 
     | u_cpu_u_alu_sub_16_33_Y_u_cpu_u_alu_add_15_33_g402 | B ^ -> Y v   | NOR2X1    | 0.099 |   3.313 |    3.624 | 
     | 1                                                  |              |           |       |         |          | 
     | u_cpu_u_alu_sub_16_33_Y_u_cpu_u_alu_add_15_33_g401 | A1 v -> Y ^  | AOI21X1   | 0.108 |   3.421 |    3.731 | 
     | 5                                                  |              |           |       |         |          | 
     | u_cpu_u_alu_sub_16_33_Y_u_cpu_u_alu_add_15_33_g401 | A1 ^ -> Y v  | OAI21X1   | 0.132 |   3.553 |    3.864 | 
     | 1                                                  |              |           |       |         |          | 
     | g655048                                            | A1N v -> Y v | OAI2BB1X1 | 0.166 |   3.719 |    4.030 | 
     | u_cpu_u_alu_sub_16_33_Y_u_cpu_u_alu_add_15_33_g400 | A v -> Y ^   | INVX1     | 0.069 |   3.789 |    4.100 | 
     | 7                                                  |              |           |       |         |          | 
     | u_cpu_u_alu_sub_16_33_Y_u_cpu_u_alu_add_15_33_g400 | A1 ^ -> Y v  | OAI21X1   | 0.095 |   3.883 |    4.194 | 
     | 5                                                  |              |           |       |         |          | 
     | u_cpu_u_alu_sub_16_33_Y_u_cpu_u_alu_add_15_33_g400 | A1 v -> Y ^  | AOI21X1   | 0.136 |   4.020 |    4.330 | 
     | 3                                                  |              |           |       |         |          | 
     | u_cpu_u_alu_sub_16_33_Y_u_cpu_u_alu_add_15_33_g400 | A1 ^ -> Y v  | OAI21X1   | 0.137 |   4.157 |    4.467 | 
     | 0                                                  |              |           |       |         |          | 
     | u_cpu_u_alu_sub_16_33_Y_u_cpu_u_alu_add_15_33_g399 | A v -> Y ^   | INVX1     | 0.068 |   4.224 |    4.535 | 
     | 9                                                  |              |           |       |         |          | 
     | u_cpu_u_alu_sub_16_33_Y_u_cpu_u_alu_add_15_33_g399 | B ^ -> Y v   | NOR2X1    | 0.039 |   4.263 |    4.574 | 
     | 8                                                  |              |           |       |         |          | 
     | u_cpu_u_alu_sub_16_33_Y_u_cpu_u_alu_add_15_33_g399 | B v -> Y ^   | NOR2X1    | 0.101 |   4.364 |    4.675 | 
     | 6                                                  |              |           |       |         |          | 
     | u_cpu_u_alu_sub_16_33_Y_u_cpu_u_alu_add_15_33_g399 | B ^ -> Y v   | NOR2X1    | 0.094 |   4.458 |    4.769 | 
     | 5                                                  |              |           |       |         |          | 
     | u_cpu_u_alu_sub_16_33_Y_u_cpu_u_alu_add_15_33_g399 | B v -> Y ^   | NAND2X1   | 0.045 |   4.504 |    4.814 | 
     | 1                                                  |              |           |       |         |          | 
     | u_cpu_u_alu_sub_16_33_Y_u_cpu_u_alu_add_15_33_g398 | B ^ -> Y v   | NAND2X1   | 0.128 |   4.632 |    4.943 | 
     | 9                                                  |              |           |       |         |          | 
     | u_cpu_u_alu_sub_16_33_Y_u_cpu_u_alu_add_15_33_g398 | B v -> Y ^   | NAND2X1   | 0.109 |   4.741 |    5.052 | 
     | 2                                                  |              |           |       |         |          | 
     | u_cpu_u_alu_sub_16_33_Y_u_cpu_u_alu_add_15_33_g397 | B ^ -> Y v   | NAND2X1   | 0.099 |   4.840 |    5.151 | 
     | 9                                                  |              |           |       |         |          | 
     | u_cpu_u_alu_sub_16_33_Y_u_cpu_u_alu_add_15_33_g655 | A v -> Y ^   | INVX1     | 0.063 |   4.903 |    5.214 | 
     | 407                                                |              |           |       |         |          | 
     | u_cpu_u_alu_sub_16_33_Y_u_cpu_u_alu_add_15_33_g396 | A1 ^ -> Y v  | OAI21X1   | 0.075 |   4.979 |    5.289 | 
     | 9                                                  |              |           |       |         |          | 
     | u_cpu_u_alu_sub_16_33_Y_u_cpu_u_alu_add_15_33_g396 | B v -> Y v   | XNOR2X1   | 0.147 |   5.126 |    5.437 | 
     | 2                                                  |              |           |       |         |          | 
     | g165976                                            | B v -> Y ^   | NAND2X1   | 0.046 |   5.172 |    5.482 | 
     | g655037                                            | C ^ -> Y v   | NAND3X2   | 0.163 |   5.335 |    5.646 | 
     | g655026                                            | BN v -> Y v  | NAND4BBX2 | 0.312 |   5.647 |    5.958 | 
     | g165557                                            | A v -> Y ^   | NOR2X1    | 0.127 |   5.774 |    6.085 | 
     | g165556                                            | A ^ -> Y v   | NAND2X1   | 0.073 |   5.847 |    6.157 | 
     | g165555                                            | B v -> Y ^   | NOR2X1    | 0.096 |   5.942 |    6.253 | 
     | g165554                                            | B0 ^ -> Y v  | AOI2BB1X1 | 0.098 |   6.040 |    6.351 | 
     | g165553                                            | B v -> Y ^   | NOR2X4    | 0.097 |   6.137 |    6.447 | 
     | g165550                                            | S0 ^ -> Y v  | MX2X1     | 0.233 |   6.370 |    6.681 | 
     | g655045                                            | A1 v -> Y v  | OA21X1    | 0.152 |   6.522 |    6.833 | 
     | u_cpu_add_167_30_Y_u_cpu_add_165_34_Y_u_cpu_add_16 | B v -> Y ^   | NOR2X1    | 0.076 |   6.598 |    6.909 | 
     | 3_30_g913                                          |              |           |       |         |          | 
     | u_cpu_add_167_30_Y_u_cpu_add_165_34_Y_u_cpu_add_16 | B ^ -> Y v   | NOR2X1    | 0.069 |   6.667 |    6.977 | 
     | 3_30_g911                                          |              |           |       |         |          | 
     | u_cpu_add_167_30_Y_u_cpu_add_165_34_Y_u_cpu_add_16 | B v -> Y ^   | NOR2X2    | 0.054 |   6.721 |    7.031 | 
     | 3_30_g909                                          |              |           |       |         |          | 
     | u_cpu_add_167_30_Y_u_cpu_add_165_34_Y_u_cpu_add_16 | B0 ^ -> Y v  | AOI2BB1X1 | 0.059 |   6.779 |    7.090 | 
     | 3_30_g907                                          |              |           |       |         |          | 
     | u_cpu_add_167_30_Y_u_cpu_add_165_34_Y_u_cpu_add_16 | B v -> Y ^   | NOR2X2    | 0.061 |   6.840 |    7.151 | 
     | 3_30_g905                                          |              |           |       |         |          | 
     | u_cpu_add_167_30_Y_u_cpu_add_165_34_Y_u_cpu_add_16 | B0 ^ -> Y v  | AOI2BB1X1 | 0.067 |   6.907 |    7.218 | 
     | 3_30_g903                                          |              |           |       |         |          | 
     | g655044                                            | B0 v -> Y ^  | AOI21X2   | 0.062 |   6.969 |    7.280 | 
     | u_cpu_add_167_30_Y_u_cpu_add_165_34_Y_u_cpu_add_16 | B0 ^ -> Y v  | AOI2BB1X1 | 0.056 |   7.025 |    7.336 | 
     | 3_30_g899                                          |              |           |       |         |          | 
     | u_cpu_add_167_30_Y_u_cpu_add_165_34_Y_u_cpu_add_16 | B v -> Y ^   | NOR2X1    | 0.078 |   7.103 |    7.414 | 
     | 3_30_g897                                          |              |           |       |         |          | 
     | g655043                                            | A1N ^ -> Y ^ | AOI2BB1X2 | 0.154 |   7.257 |    7.568 | 
     | u_cpu_add_167_30_Y_u_cpu_add_165_34_Y_u_cpu_add_16 | B0 ^ -> Y v  | AOI2BB1X2 | 0.069 |   7.326 |    7.636 | 
     | 3_30_g891                                          |              |           |       |         |          | 
     | u_cpu_add_167_30_Y_u_cpu_add_165_34_Y_u_cpu_add_16 | B v -> Y ^   | NOR2X4    | 0.052 |   7.378 |    7.689 | 
     | 3_30_g889                                          |              |           |       |         |          | 
     | u_cpu_add_167_30_Y_u_cpu_add_165_34_Y_u_cpu_add_16 | B ^ -> Y v   | NOR2X2    | 0.048 |   7.426 |    7.736 | 
     | 3_30_g887                                          |              |           |       |         |          | 
     | u_cpu_add_167_30_Y_u_cpu_add_165_34_Y_u_cpu_add_16 | B v -> Y ^   | NOR2X4    | 0.049 |   7.474 |    7.785 | 
     | 3_30_g885                                          |              |           |       |         |          | 
     | u_cpu_add_167_30_Y_u_cpu_add_165_34_Y_u_cpu_add_16 | B ^ -> Y v   | NOR2X2    | 0.048 |   7.522 |    7.832 | 
     | 3_30_g883                                          |              |           |       |         |          | 
     | u_cpu_add_167_30_Y_u_cpu_add_165_34_Y_u_cpu_add_16 | B v -> Y ^   | NOR2X4    | 0.047 |   7.569 |    7.880 | 
     | 3_30_g881                                          |              |           |       |         |          | 
     | u_cpu_add_167_30_Y_u_cpu_add_165_34_Y_u_cpu_add_16 | B0 ^ -> Y v  | AOI2BB1X2 | 0.052 |   7.621 |    7.931 | 
     | 3_30_g879                                          |              |           |       |         |          | 
     | u_cpu_add_167_30_Y_u_cpu_add_165_34_Y_u_cpu_add_16 | B v -> Y ^   | NOR2X4    | 0.058 |   7.678 |    7.989 | 
     | 3_30_g877                                          |              |           |       |         |          | 
     | u_cpu_add_167_30_Y_u_cpu_add_165_34_Y_u_cpu_add_16 | B0 ^ -> Y v  | AOI2BB1X4 | 0.047 |   7.725 |    8.036 | 
     | 3_30_g875                                          |              |           |       |         |          | 
     | u_cpu_add_167_30_Y_u_cpu_add_165_34_Y_u_cpu_add_16 | B v -> Y ^   | NOR2X4    | 0.062 |   7.787 |    8.098 | 
     | 3_30_g873                                          |              |           |       |         |          | 
     | u_cpu_add_167_30_Y_u_cpu_add_165_34_Y_u_cpu_add_16 | B ^ -> Y v   | NOR2X4    | 0.050 |   7.838 |    8.148 | 
     | 3_30_g871                                          |              |           |       |         |          | 
     | u_cpu_add_167_30_Y_u_cpu_add_165_34_Y_u_cpu_add_16 | B v -> Y ^   | NOR2X4    | 0.054 |   7.892 |    8.203 | 
     | 3_30_g869                                          |              |           |       |         |          | 
     | u_cpu_add_167_30_Y_u_cpu_add_165_34_Y_u_cpu_add_16 | B0 ^ -> Y v  | AOI2BB1X4 | 0.047 |   7.939 |    8.250 | 
     | 3_30_g867                                          |              |           |       |         |          | 
     | u_cpu_add_167_30_Y_u_cpu_add_165_34_Y_u_cpu_add_16 | B v -> Y ^   | NOR2X4    | 0.053 |   7.991 |    8.302 | 
     | 3_30_g865                                          |              |           |       |         |          | 
     | u_cpu_add_167_30_Y_u_cpu_add_165_34_Y_u_cpu_add_16 | B ^ -> Y v   | NOR2X4    | 0.043 |   8.034 |    8.345 | 
     | 3_30_g863                                          |              |           |       |         |          | 
     | u_cpu_add_167_30_Y_u_cpu_add_165_34_Y_u_cpu_add_16 | B v -> Y ^   | NOR2X4    | 0.046 |   8.080 |    8.391 | 
     | 3_30_g861                                          |              |           |       |         |          | 
     | u_cpu_add_167_30_Y_u_cpu_add_165_34_Y_u_cpu_add_16 | B0 ^ -> Y v  | AOI2BB1X2 | 0.050 |   8.130 |    8.441 | 
     | 3_30_g859                                          |              |           |       |         |          | 
     | u_cpu_add_167_30_Y_u_cpu_add_165_34_Y_u_cpu_add_16 | B v -> Y ^   | NOR2X4    | 0.057 |   8.187 |    8.498 | 
     | 3_30_g857                                          |              |           |       |         |          | 
     | u_cpu_add_167_30_Y_u_cpu_add_165_34_Y_u_cpu_add_16 | B0 ^ -> Y v  | AOI2BB1X4 | 0.050 |   8.237 |    8.548 | 
     | 3_30_g855                                          |              |           |       |         |          | 
     | u_cpu_add_167_30_Y_u_cpu_add_165_34_Y_u_cpu_add_16 | B v -> Y ^   | NOR2X6    | 0.050 |   8.287 |    8.598 | 
     | 3_30_g853                                          |              |           |       |         |          | 
     | u_cpu_add_167_30_Y_u_cpu_add_165_34_Y_u_cpu_add_16 | B ^ -> Y v   | NOR2X4    | 0.039 |   8.326 |    8.637 | 
     | 3_30_g851                                          |              |           |       |         |          | 
     | u_cpu_add_167_30_Y_u_cpu_add_165_34_Y_u_cpu_add_16 | B v -> Y ^   | NOR2X4    | 0.056 |   8.382 |    8.693 | 
     | 3_30_g849                                          |              |           |       |         |          | 
     | u_cpu_add_167_30_Y_u_cpu_add_165_34_Y_u_cpu_add_16 | B ^ -> Y v   | NOR2X4    | 0.047 |   8.430 |    8.741 | 
     | 3_30_g848                                          |              |           |       |         |          | 
     | u_cpu_add_167_30_Y_u_cpu_add_165_34_Y_u_cpu_add_16 | B v -> Y ^   | NOR2X4    | 0.053 |   8.483 |    8.793 | 
     | 3_30_g846                                          |              |           |       |         |          | 
     | u_cpu_add_167_30_Y_u_cpu_add_165_34_Y_u_cpu_add_16 | B0 ^ -> Y v  | AOI2BB1X4 | 0.049 |   8.532 |    8.842 | 
     | 3_30_g845                                          |              |           |       |         |          | 
     | u_cpu_add_167_30_Y_u_cpu_add_165_34_Y_u_cpu_add_16 | B v -> Y ^   | NOR2X4    | 0.054 |   8.586 |    8.897 | 
     | 3_30_g843                                          |              |           |       |         |          | 
     | g655480                                            | B0 ^ -> Y v  | AOI2BB1X4 | 0.048 |   8.634 |    8.944 | 
     | u_cpu_add_167_30_Y_u_cpu_add_165_34_Y_u_cpu_add_16 | B v -> Y ^   | NOR2X4    | 0.057 |   8.690 |    9.001 | 
     | 3_30_g840                                          |              |           |       |         |          | 
     | u_cpu_add_167_30_Y_u_cpu_add_165_34_Y_u_cpu_add_16 | B ^ -> Y v   | NOR2X4    | 0.044 |   8.735 |    9.045 | 
     | 3_30_g839                                          |              |           |       |         |          | 
     | u_cpu_add_167_30_Y_u_cpu_add_165_34_Y_u_cpu_add_16 | B v -> Y ^   | NOR2X4    | 0.053 |   8.787 |    9.098 | 
     | 3_30_g837                                          |              |           |       |         |          | 
     | u_cpu_add_167_30_Y_u_cpu_add_165_34_Y_u_cpu_add_16 | B0 ^ -> Y v  | AOI2BB1X4 | 0.051 |   8.838 |    9.149 | 
     | 3_30_g836                                          |              |           |       |         |          | 
     | u_cpu_add_167_30_Y_u_cpu_add_165_34_Y_u_cpu_add_16 | B v -> Y ^   | NOR2X6    | 0.060 |   8.898 |    9.208 | 
     | 3_30_g834                                          |              |           |       |         |          | 
     | u_cpu_add_167_30_Y_u_cpu_add_165_34_Y_u_cpu_add_16 | B0 ^ -> Y v  | AOI2BB1X4 | 0.054 |   8.952 |    9.262 | 
     | 3_30_g833                                          |              |           |       |         |          | 
     | u_cpu_add_167_30_Y_u_cpu_add_165_34_Y_u_cpu_add_16 | B v -> Y ^   | NOR2X6    | 0.062 |   9.013 |    9.324 | 
     | 3_30_g831                                          |              |           |       |         |          | 
     | u_cpu_add_167_30_Y_u_cpu_add_165_34_Y_u_cpu_add_16 | B ^ -> Y v   | NOR2X4    | 0.048 |   9.061 |    9.372 | 
     | 3_30_g830                                          |              |           |       |         |          | 
     | u_cpu_add_167_30_Y_u_cpu_add_165_34_Y_u_cpu_add_16 | B v -> Y ^   | NOR2X4    | 0.051 |   9.112 |    9.423 | 
     | 3_30_g828                                          |              |           |       |         |          | 
     | u_cpu_add_167_30_Y_u_cpu_add_165_34_Y_u_cpu_add_16 | B0 ^ -> Y v  | AOI2BB1X4 | 0.049 |   9.161 |    9.472 | 
     | 3_30_g827                                          |              |           |       |         |          | 
     | u_cpu_add_167_30_Y_u_cpu_add_165_34_Y_u_cpu_add_16 | B v -> Y ^   | NOR2X6    | 0.050 |   9.211 |    9.522 | 
     | 3_30_g825                                          |              |           |       |         |          | 
     | u_cpu_add_167_30_Y_u_cpu_add_165_34_Y_u_cpu_add_16 | B ^ -> Y v   | NOR2X4    | 0.042 |   9.253 |    9.564 | 
     | 3_30_g824                                          |              |           |       |         |          | 
     | u_cpu_add_167_30_Y_u_cpu_add_165_34_Y_u_cpu_add_16 | B v -> Y ^   | NOR2X6    | 0.050 |   9.303 |    9.614 | 
     | 3_30_g822                                          |              |           |       |         |          | 
     | u_cpu_add_167_30_Y_u_cpu_add_165_34_Y_u_cpu_add_16 | B0 ^ -> Y v  | AOI2BB1X4 | 0.049 |   9.352 |    9.663 | 
     | 3_30_g821                                          |              |           |       |         |          | 
     | u_cpu_add_167_30_Y_u_cpu_add_165_34_Y_u_cpu_add_16 | B v -> Y ^   | NOR2X6    | 0.050 |   9.402 |    9.713 | 
     | 3_30_g819                                          |              |           |       |         |          | 
     | u_cpu_add_167_30_Y_u_cpu_add_165_34_Y_u_cpu_add_16 | B ^ -> Y v   | NOR2X4    | 0.039 |   9.441 |    9.752 | 
     | 3_30_g818                                          |              |           |       |         |          | 
     | u_cpu_add_167_30_Y_u_cpu_add_165_34_Y_u_cpu_add_16 | B v -> Y ^   | NOR2X4    | 0.051 |   9.492 |    9.803 | 
     | 3_30_g816                                          |              |           |       |         |          | 
     | g655057                                            | B0 ^ -> Y v  | AOI2BB1X4 | 0.051 |   9.544 |    9.854 | 
     | g655056                                            | A v -> Y ^   | NOR2X6    | 0.058 |   9.601 |    9.912 | 
     | u_cpu_add_167_30_Y_u_cpu_add_165_34_Y_u_cpu_add_16 | B0 ^ -> Y v  | AOI2BB1X4 | 0.045 |   9.646 |    9.957 | 
     | 3_30_g812                                          |              |           |       |         |          | 
     | u_cpu_add_167_30_Y_u_cpu_add_165_34_Y_u_cpu_add_16 | B v -> Y ^   | NOR2X4    | 0.040 |   9.686 |    9.997 | 
     | 3_30_g810                                          |              |           |       |         |          | 
     | u_cpu_add_167_30_Y_u_cpu_add_165_34_Y_u_cpu_add_16 | B ^ -> Y ^   | CLKXOR2X1 | 0.137 |   9.822 |   10.133 | 
     | 3_30_g809                                          |              |           |       |         |          | 
     | g641353                                            | B ^ -> Y v   | NAND2X1   | 0.062 |   9.885 |   10.195 | 
     | g653712                                            | B v -> Y ^   | NAND2X1   | 0.051 |   9.935 |   10.246 | 
     | u_cpu_pc_reg[31]                                   | D ^          | DFFRHQX1  | 0.000 |   9.935 |   10.246 | 
     +------------------------------------------------------------------------------------------------------------+ 
Path 13: MET Setup Check with Pin u_cpu_pc_reg[31]/CK 
Endpoint:   u_cpu_pc_reg[31]/D (^) checked with  leading edge of 'clk'
Beginpoint: u_cpu_ir_reg[6]/Q  (^) triggered by  leading edge of 'clk'
Path Groups: {clk}
Analysis View: av_ss
Other End Arrival Time          0.508
- Setup                         0.062
+ Phase Shift                  10.000
- Uncertainty                   0.200
= Required Time                10.246
- Arrival Time                  9.935
= Slack Time                    0.311
     Clock Rise Edge                 0.000
     + Clock Network Latency (Prop)  0.512
     = Beginpoint Arrival Time       0.512
     +------------------------------------------------------------------------------------------------------------+ 
     |                      Instance                      |     Arc      |   Cell    | Delay | Arrival | Required | 
     |                                                    |              |           |       |  Time   |   Time   | 
     |----------------------------------------------------+--------------+-----------+-------+---------+----------| 
     | u_cpu_ir_reg[6]                                    | CK ^         |           |       |   0.512 |    0.823 | 
     | u_cpu_ir_reg[6]                                    | CK ^ -> Q ^  | SDFFRXL   | 0.485 |   0.996 |    1.308 | 
     | g655025                                            | A1N ^ -> Y ^ | AOI2BB1X1 | 0.215 |   1.212 |    1.523 | 
     | g160898                                            | B ^ -> Y v   | NOR2X1    | 0.076 |   1.287 |    1.598 | 
     | g160890                                            | A v -> Y ^   | NOR2X1    | 0.123 |   1.411 |    1.722 | 
     | FE_OFC2349_n_8446                                  | A ^ -> Y v   | CLKINVX4  | 0.160 |   1.571 |    1.882 | 
     | g655053                                            | A1N v -> Y v | OAI2BB1X1 | 0.246 |   1.817 |    2.128 | 
     | FE_OFC511_n_8980                                   | A v -> Y v   | BUFX8     | 0.237 |   2.054 |    2.365 | 
     | FE_OFC2432_n_8980                                  | A v -> Y ^   | INVX3     | 0.155 |   2.208 |    2.520 | 
     | u_cpu_u_alu_sub_16_33_Y_u_cpu_u_alu_add_15_33_g417 | A0 ^ -> Y v  | OAI22X1   | 0.149 |   2.358 |    2.669 | 
     | 0                                                  |              |           |       |         |          | 
     | u_cpu_u_alu_sub_16_33_Y_u_cpu_u_alu_add_15_33_g411 | B v -> Y ^   | NOR2X1    | 0.112 |   2.470 |    2.781 | 
     | 5                                                  |              |           |       |         |          | 
     | u_cpu_u_alu_sub_16_33_Y_u_cpu_u_alu_add_15_33_g404 | A1 ^ -> Y v  | OAI21X1   | 0.133 |   2.602 |    2.914 | 
     | 6                                                  |              |           |       |         |          | 
     | u_cpu_u_alu_sub_16_33_Y_u_cpu_u_alu_add_15_33_g403 | A1 v -> Y ^  | AOI21X1   | 0.129 |   2.731 |    3.042 | 
     | 9                                                  |              |           |       |         |          | 
     | u_cpu_u_alu_sub_16_33_Y_u_cpu_u_alu_add_15_33_g403 | B ^ -> Y v   | NOR2X1    | 0.069 |   2.800 |    3.111 | 
     | 4                                                  |              |           |       |         |          | 
     | u_cpu_u_alu_sub_16_33_Y_u_cpu_u_alu_add_15_33_g403 | B v -> Y ^   | NOR2X1    | 0.076 |   2.876 |    3.187 | 
     | 2                                                  |              |           |       |         |          | 
     | u_cpu_u_alu_sub_16_33_Y_u_cpu_u_alu_add_15_33_g403 | B ^ -> Y v   | NOR2X1    | 0.066 |   2.942 |    3.253 | 
     | 0                                                  |              |           |       |         |          | 
     | u_cpu_u_alu_sub_16_33_Y_u_cpu_u_alu_add_15_33_g402 | B v -> Y ^   | NOR2X1    | 0.063 |   3.005 |    3.316 | 
     | 8                                                  |              |           |       |         |          | 
     | u_cpu_u_alu_sub_16_33_Y_u_cpu_u_alu_add_15_33_g402 | B ^ -> Y v   | NOR2X1    | 0.058 |   3.063 |    3.374 | 
     | 6                                                  |              |           |       |         |          | 
     | u_cpu_u_alu_sub_16_33_Y_u_cpu_u_alu_add_15_33_g402 | B v -> Y ^   | NOR2X1    | 0.105 |   3.168 |    3.479 | 
     | 4                                                  |              |           |       |         |          | 
     | u_cpu_u_alu_sub_16_33_Y_u_cpu_u_alu_add_15_33_g402 | B ^ -> Y v   | NOR2X1    | 0.099 |   3.267 |    3.578 | 
     | 1                                                  |              |           |       |         |          | 
     | u_cpu_u_alu_sub_16_33_Y_u_cpu_u_alu_add_15_33_g401 | A1 v -> Y ^  | AOI21X1   | 0.108 |   3.375 |    3.686 | 
     | 5                                                  |              |           |       |         |          | 
     | u_cpu_u_alu_sub_16_33_Y_u_cpu_u_alu_add_15_33_g401 | A1 ^ -> Y v  | OAI21X1   | 0.132 |   3.507 |    3.818 | 
     | 1                                                  |              |           |       |         |          | 
     | g655048                                            | A1N v -> Y v | OAI2BB1X1 | 0.166 |   3.674 |    3.985 | 
     | u_cpu_u_alu_sub_16_33_Y_u_cpu_u_alu_add_15_33_g400 | A v -> Y ^   | INVX1     | 0.069 |   3.743 |    4.054 | 
     | 7                                                  |              |           |       |         |          | 
     | u_cpu_u_alu_sub_16_33_Y_u_cpu_u_alu_add_15_33_g400 | A1 ^ -> Y v  | OAI21X1   | 0.095 |   3.837 |    4.149 | 
     | 5                                                  |              |           |       |         |          | 
     | u_cpu_u_alu_sub_16_33_Y_u_cpu_u_alu_add_15_33_g400 | A1 v -> Y ^  | AOI21X1   | 0.136 |   3.974 |    4.285 | 
     | 3                                                  |              |           |       |         |          | 
     | u_cpu_u_alu_sub_16_33_Y_u_cpu_u_alu_add_15_33_g400 | A1 ^ -> Y v  | OAI21X1   | 0.137 |   4.111 |    4.422 | 
     | 0                                                  |              |           |       |         |          | 
     | u_cpu_u_alu_sub_16_33_Y_u_cpu_u_alu_add_15_33_g399 | A v -> Y ^   | INVX1     | 0.068 |   4.178 |    4.490 | 
     | 9                                                  |              |           |       |         |          | 
     | u_cpu_u_alu_sub_16_33_Y_u_cpu_u_alu_add_15_33_g399 | B ^ -> Y v   | NOR2X1    | 0.039 |   4.217 |    4.529 | 
     | 8                                                  |              |           |       |         |          | 
     | u_cpu_u_alu_sub_16_33_Y_u_cpu_u_alu_add_15_33_g399 | B v -> Y ^   | NOR2X1    | 0.101 |   4.318 |    4.630 | 
     | 6                                                  |              |           |       |         |          | 
     | u_cpu_u_alu_sub_16_33_Y_u_cpu_u_alu_add_15_33_g399 | B ^ -> Y v   | NOR2X1    | 0.094 |   4.412 |    4.724 | 
     | 5                                                  |              |           |       |         |          | 
     | u_cpu_u_alu_sub_16_33_Y_u_cpu_u_alu_add_15_33_g399 | B v -> Y ^   | NAND2X1   | 0.045 |   4.458 |    4.769 | 
     | 1                                                  |              |           |       |         |          | 
     | u_cpu_u_alu_sub_16_33_Y_u_cpu_u_alu_add_15_33_g398 | B ^ -> Y v   | NAND2X1   | 0.128 |   4.586 |    4.897 | 
     | 9                                                  |              |           |       |         |          | 
     | u_cpu_u_alu_sub_16_33_Y_u_cpu_u_alu_add_15_33_g398 | B v -> Y ^   | NAND2X1   | 0.109 |   4.695 |    5.007 | 
     | 2                                                  |              |           |       |         |          | 
     | u_cpu_u_alu_sub_16_33_Y_u_cpu_u_alu_add_15_33_g397 | A1 ^ -> Y v  | OAI21X1   | 0.180 |   4.875 |    5.186 | 
     | 6                                                  |              |           |       |         |          | 
     | u_cpu_u_alu_sub_16_33_Y_u_cpu_u_alu_add_15_33_g429 | B v -> Y v   | CLKXOR2X1 | 0.207 |   5.082 |    5.393 | 
     | 3                                                  |              |           |       |         |          | 
     | g655417                                            | B v -> Y ^   | NAND2X1   | 0.050 |   5.131 |    5.443 | 
     | g655035                                            | C ^ -> Y v   | NAND3X2   | 0.189 |   5.321 |    5.632 | 
     | g165559                                            | A v -> Y ^   | NOR2X1    | 0.148 |   5.469 |    5.780 | 
     | g655026                                            | D ^ -> Y v   | NAND4BBX2 | 0.162 |   5.631 |    5.942 | 
     | g165557                                            | A v -> Y ^   | NOR2X1    | 0.127 |   5.758 |    6.069 | 
     | g165556                                            | A ^ -> Y v   | NAND2X1   | 0.073 |   5.830 |    6.142 | 
     | g165555                                            | B v -> Y ^   | NOR2X1    | 0.096 |   5.926 |    6.237 | 
     | g165554                                            | B0 ^ -> Y v  | AOI2BB1X1 | 0.098 |   6.024 |    6.335 | 
     | g165553                                            | B v -> Y ^   | NOR2X4    | 0.097 |   6.120 |    6.432 | 
     | g165550                                            | S0 ^ -> Y ^  | MX2X1     | 0.193 |   6.314 |    6.625 | 
     | g655045                                            | A1 ^ -> Y ^  | OA21X1    | 0.158 |   6.471 |    6.783 | 
     | u_cpu_add_167_30_Y_u_cpu_add_165_34_Y_u_cpu_add_16 | B ^ -> Y v   | NOR2X1    | 0.053 |   6.524 |    6.835 | 
     | 3_30_g913                                          |              |           |       |         |          | 
     | u_cpu_add_167_30_Y_u_cpu_add_165_34_Y_u_cpu_add_16 | B v -> Y ^   | NOR2X1    | 0.065 |   6.589 |    6.900 | 
     | 3_30_g911                                          |              |           |       |         |          | 
     | u_cpu_add_167_30_Y_u_cpu_add_165_34_Y_u_cpu_add_16 | B ^ -> Y v   | NOR2X2    | 0.054 |   6.644 |    6.955 | 
     | 3_30_g909                                          |              |           |       |         |          | 
     | u_cpu_add_167_30_Y_u_cpu_add_165_34_Y_u_cpu_add_16 | B0 v -> Y ^  | AOI2BB1X1 | 0.071 |   6.714 |    7.026 | 
     | 3_30_g907                                          |              |           |       |         |          | 
     | u_cpu_add_167_30_Y_u_cpu_add_165_34_Y_u_cpu_add_16 | B ^ -> Y v   | NOR2X2    | 0.059 |   6.774 |    7.085 | 
     | 3_30_g905                                          |              |           |       |         |          | 
     | u_cpu_add_167_30_Y_u_cpu_add_165_34_Y_u_cpu_add_16 | B0 v -> Y ^  | AOI2BB1X1 | 0.082 |   6.855 |    7.167 | 
     | 3_30_g903                                          |              |           |       |         |          | 
     | g655044                                            | B0 ^ -> Y v  | AOI21X2   | 0.062 |   6.917 |    7.229 | 
     | u_cpu_add_167_30_Y_u_cpu_add_165_34_Y_u_cpu_add_16 | B0 v -> Y ^  | AOI2BB1X1 | 0.081 |   6.998 |    7.309 | 
     | 3_30_g899                                          |              |           |       |         |          | 
     | u_cpu_add_167_30_Y_u_cpu_add_165_34_Y_u_cpu_add_16 | B ^ -> Y v   | NOR2X1    | 0.066 |   7.064 |    7.375 | 
     | 3_30_g897                                          |              |           |       |         |          | 
     | g655043                                            | A1N v -> Y v | AOI2BB1X2 | 0.160 |   7.224 |    7.536 | 
     | u_cpu_add_167_30_Y_u_cpu_add_165_34_Y_u_cpu_add_16 | B0 v -> Y ^  | AOI2BB1X2 | 0.078 |   7.303 |    7.614 | 
     | 3_30_g891                                          |              |           |       |         |          | 
     | u_cpu_add_167_30_Y_u_cpu_add_165_34_Y_u_cpu_add_16 | B ^ -> Y v   | NOR2X4    | 0.050 |   7.353 |    7.664 | 
     | 3_30_g889                                          |              |           |       |         |          | 
     | u_cpu_add_167_30_Y_u_cpu_add_165_34_Y_u_cpu_add_16 | B v -> Y ^   | NOR2X2    | 0.057 |   7.410 |    7.721 | 
     | 3_30_g887                                          |              |           |       |         |          | 
     | u_cpu_add_167_30_Y_u_cpu_add_165_34_Y_u_cpu_add_16 | B ^ -> Y v   | NOR2X4    | 0.049 |   7.459 |    7.770 | 
     | 3_30_g885                                          |              |           |       |         |          | 
     | u_cpu_add_167_30_Y_u_cpu_add_165_34_Y_u_cpu_add_16 | B v -> Y ^   | NOR2X2    | 0.056 |   7.515 |    7.827 | 
     | 3_30_g883                                          |              |           |       |         |          | 
     | u_cpu_add_167_30_Y_u_cpu_add_165_34_Y_u_cpu_add_16 | B ^ -> Y v   | NOR2X4    | 0.049 |   7.564 |    7.875 | 
     | 3_30_g881                                          |              |           |       |         |          | 
     | u_cpu_add_167_30_Y_u_cpu_add_165_34_Y_u_cpu_add_16 | B0 v -> Y ^  | AOI2BB1X2 | 0.069 |   7.633 |    7.944 | 
     | 3_30_g879                                          |              |           |       |         |          | 
     | u_cpu_add_167_30_Y_u_cpu_add_165_34_Y_u_cpu_add_16 | B ^ -> Y v   | NOR2X4    | 0.055 |   7.687 |    7.998 | 
     | 3_30_g877                                          |              |           |       |         |          | 
     | u_cpu_add_167_30_Y_u_cpu_add_165_34_Y_u_cpu_add_16 | B0 v -> Y ^  | AOI2BB1X4 | 0.056 |   7.743 |    8.054 | 
     | 3_30_g875                                          |              |           |       |         |          | 
     | u_cpu_add_167_30_Y_u_cpu_add_165_34_Y_u_cpu_add_16 | B ^ -> Y v   | NOR2X4    | 0.049 |   7.792 |    8.104 | 
     | 3_30_g873                                          |              |           |       |         |          | 
     | u_cpu_add_167_30_Y_u_cpu_add_165_34_Y_u_cpu_add_16 | B v -> Y ^   | NOR2X4    | 0.049 |   7.841 |    8.152 | 
     | 3_30_g871                                          |              |           |       |         |          | 
     | u_cpu_add_167_30_Y_u_cpu_add_165_34_Y_u_cpu_add_16 | B ^ -> Y v   | NOR2X4    | 0.043 |   7.884 |    8.195 | 
     | 3_30_g869                                          |              |           |       |         |          | 
     | u_cpu_add_167_30_Y_u_cpu_add_165_34_Y_u_cpu_add_16 | B0 v -> Y ^  | AOI2BB1X4 | 0.056 |   7.940 |    8.251 | 
     | 3_30_g867                                          |              |           |       |         |          | 
     | u_cpu_add_167_30_Y_u_cpu_add_165_34_Y_u_cpu_add_16 | B ^ -> Y v   | NOR2X4    | 0.044 |   7.984 |    8.295 | 
     | 3_30_g865                                          |              |           |       |         |          | 
     | u_cpu_add_167_30_Y_u_cpu_add_165_34_Y_u_cpu_add_16 | B v -> Y ^   | NOR2X4    | 0.045 |   8.029 |    8.340 | 
     | 3_30_g863                                          |              |           |       |         |          | 
     | u_cpu_add_167_30_Y_u_cpu_add_165_34_Y_u_cpu_add_16 | B ^ -> Y v   | NOR2X4    | 0.038 |   8.067 |    8.378 | 
     | 3_30_g861                                          |              |           |       |         |          | 
     | u_cpu_add_167_30_Y_u_cpu_add_165_34_Y_u_cpu_add_16 | B0 v -> Y ^  | AOI2BB1X2 | 0.067 |   8.134 |    8.446 | 
     | 3_30_g859                                          |              |           |       |         |          | 
     | u_cpu_add_167_30_Y_u_cpu_add_165_34_Y_u_cpu_add_16 | B ^ -> Y v   | NOR2X4    | 0.054 |   8.188 |    8.499 | 
     | 3_30_g857                                          |              |           |       |         |          | 
     | u_cpu_add_167_30_Y_u_cpu_add_165_34_Y_u_cpu_add_16 | B0 v -> Y ^  | AOI2BB1X4 | 0.063 |   8.251 |    8.562 | 
     | 3_30_g855                                          |              |           |       |         |          | 
     | u_cpu_add_167_30_Y_u_cpu_add_165_34_Y_u_cpu_add_16 | B ^ -> Y v   | NOR2X6    | 0.046 |   8.297 |    8.608 | 
     | 3_30_g853                                          |              |           |       |         |          | 
     | u_cpu_add_167_30_Y_u_cpu_add_165_34_Y_u_cpu_add_16 | B v -> Y ^   | NOR2X4    | 0.043 |   8.340 |    8.651 | 
     | 3_30_g851                                          |              |           |       |         |          | 
     | u_cpu_add_167_30_Y_u_cpu_add_165_34_Y_u_cpu_add_16 | B ^ -> Y v   | NOR2X4    | 0.044 |   8.384 |    8.695 | 
     | 3_30_g849                                          |              |           |       |         |          | 
     | u_cpu_add_167_30_Y_u_cpu_add_165_34_Y_u_cpu_add_16 | B v -> Y ^   | NOR2X4    | 0.047 |   8.431 |    8.742 | 
     | 3_30_g848                                          |              |           |       |         |          | 
     | u_cpu_add_167_30_Y_u_cpu_add_165_34_Y_u_cpu_add_16 | B ^ -> Y v   | NOR2X4    | 0.043 |   8.474 |    8.785 | 
     | 3_30_g846                                          |              |           |       |         |          | 
     | u_cpu_add_167_30_Y_u_cpu_add_165_34_Y_u_cpu_add_16 | B0 v -> Y ^  | AOI2BB1X4 | 0.060 |   8.534 |    8.845 | 
     | 3_30_g845                                          |              |           |       |         |          | 
     | u_cpu_add_167_30_Y_u_cpu_add_165_34_Y_u_cpu_add_16 | B ^ -> Y v   | NOR2X4    | 0.047 |   8.581 |    8.892 | 
     | 3_30_g843                                          |              |           |       |         |          | 
     | g655480                                            | B0 v -> Y ^  | AOI2BB1X4 | 0.058 |   8.639 |    8.950 | 
     | u_cpu_add_167_30_Y_u_cpu_add_165_34_Y_u_cpu_add_16 | B ^ -> Y v   | NOR2X4    | 0.047 |   8.686 |    8.997 | 
     | 3_30_g840                                          |              |           |       |         |          | 
     | u_cpu_add_167_30_Y_u_cpu_add_165_34_Y_u_cpu_add_16 | B v -> Y ^   | NOR2X4    | 0.044 |   8.730 |    9.041 | 
     | 3_30_g839                                          |              |           |       |         |          | 
     | u_cpu_add_167_30_Y_u_cpu_add_165_34_Y_u_cpu_add_16 | B ^ -> Y v   | NOR2X4    | 0.042 |   8.772 |    9.083 | 
     | 3_30_g837                                          |              |           |       |         |          | 
     | u_cpu_add_167_30_Y_u_cpu_add_165_34_Y_u_cpu_add_16 | B0 v -> Y ^  | AOI2BB1X4 | 0.063 |   8.834 |    9.145 | 
     | 3_30_g836                                          |              |           |       |         |          | 
     | u_cpu_add_167_30_Y_u_cpu_add_165_34_Y_u_cpu_add_16 | B ^ -> Y v   | NOR2X6    | 0.052 |   8.886 |    9.197 | 
     | 3_30_g834                                          |              |           |       |         |          | 
     | u_cpu_add_167_30_Y_u_cpu_add_165_34_Y_u_cpu_add_16 | B0 v -> Y ^  | AOI2BB1X4 | 0.065 |   8.950 |    9.262 | 
     | 3_30_g833                                          |              |           |       |         |          | 
     | u_cpu_add_167_30_Y_u_cpu_add_165_34_Y_u_cpu_add_16 | B ^ -> Y v   | NOR2X6    | 0.052 |   9.002 |    9.314 | 
     | 3_30_g831                                          |              |           |       |         |          | 
     | u_cpu_add_167_30_Y_u_cpu_add_165_34_Y_u_cpu_add_16 | B v -> Y ^   | NOR2X4    | 0.047 |   9.049 |    9.361 | 
     | 3_30_g830                                          |              |           |       |         |          | 
     | u_cpu_add_167_30_Y_u_cpu_add_165_34_Y_u_cpu_add_16 | B ^ -> Y v   | NOR2X4    | 0.041 |   9.090 |    9.402 | 
     | 3_30_g828                                          |              |           |       |         |          | 
     | u_cpu_add_167_30_Y_u_cpu_add_165_34_Y_u_cpu_add_16 | B0 v -> Y ^  | AOI2BB1X4 | 0.061 |   9.152 |    9.463 | 
     | 3_30_g827                                          |              |           |       |         |          | 
     | u_cpu_add_167_30_Y_u_cpu_add_165_34_Y_u_cpu_add_16 | B ^ -> Y v   | NOR2X6    | 0.045 |   9.197 |    9.509 | 
     | 3_30_g825                                          |              |           |       |         |          | 
     | u_cpu_add_167_30_Y_u_cpu_add_165_34_Y_u_cpu_add_16 | B v -> Y ^   | NOR2X4    | 0.049 |   9.246 |    9.557 | 
     | 3_30_g824                                          |              |           |       |         |          | 
     | u_cpu_add_167_30_Y_u_cpu_add_165_34_Y_u_cpu_add_16 | B ^ -> Y v   | NOR2X6    | 0.044 |   9.290 |    9.601 | 
     | 3_30_g822                                          |              |           |       |         |          | 
     | u_cpu_add_167_30_Y_u_cpu_add_165_34_Y_u_cpu_add_16 | B0 v -> Y ^  | AOI2BB1X4 | 0.062 |   9.352 |    9.664 | 
     | 3_30_g821                                          |              |           |       |         |          | 
     | u_cpu_add_167_30_Y_u_cpu_add_165_34_Y_u_cpu_add_16 | B ^ -> Y v   | NOR2X6    | 0.046 |   9.398 |    9.709 | 
     | 3_30_g819                                          |              |           |       |         |          | 
     | u_cpu_add_167_30_Y_u_cpu_add_165_34_Y_u_cpu_add_16 | B v -> Y ^   | NOR2X4    | 0.043 |   9.441 |    9.753 | 
     | 3_30_g818                                          |              |           |       |         |          | 
     | u_cpu_add_167_30_Y_u_cpu_add_165_34_Y_u_cpu_add_16 | B ^ -> Y v   | NOR2X4    | 0.041 |   9.483 |    9.794 | 
     | 3_30_g816                                          |              |           |       |         |          | 
     | g655057                                            | B0 v -> Y ^  | AOI2BB1X4 | 0.065 |   9.547 |    9.859 | 
     | g655056                                            | A ^ -> Y v   | NOR2X6    | 0.051 |   9.599 |    9.910 | 
     | u_cpu_add_167_30_Y_u_cpu_add_165_34_Y_u_cpu_add_16 | B0 v -> Y ^  | AOI2BB1X4 | 0.055 |   9.654 |    9.965 | 
     | 3_30_g812                                          |              |           |       |         |          | 
     | u_cpu_add_167_30_Y_u_cpu_add_165_34_Y_u_cpu_add_16 | B ^ -> Y v   | NOR2X4    | 0.037 |   9.691 |   10.002 | 
     | 3_30_g810                                          |              |           |       |         |          | 
     | u_cpu_add_167_30_Y_u_cpu_add_165_34_Y_u_cpu_add_16 | B v -> Y ^   | CLKXOR2X1 | 0.131 |   9.822 |   10.133 | 
     | 3_30_g809                                          |              |           |       |         |          | 
     | g641353                                            | B ^ -> Y v   | NAND2X1   | 0.062 |   9.884 |   10.195 | 
     | g653712                                            | B v -> Y ^   | NAND2X1   | 0.051 |   9.935 |   10.246 | 
     | u_cpu_pc_reg[31]                                   | D ^          | DFFRHQX1  | 0.000 |   9.935 |   10.246 | 
     +------------------------------------------------------------------------------------------------------------+ 
Path 14: MET Setup Check with Pin u_cpu_pc_reg[31]/CK 
Endpoint:   u_cpu_pc_reg[31]/D (^) checked with  leading edge of 'clk'
Beginpoint: u_cpu_ir_reg[0]/Q  (^) triggered by  leading edge of 'clk'
Path Groups: {clk}
Analysis View: av_ss
Other End Arrival Time          0.508
- Setup                         0.062
+ Phase Shift                  10.000
- Uncertainty                   0.200
= Required Time                10.246
- Arrival Time                  9.935
= Slack Time                    0.311
     Clock Rise Edge                 0.000
     + Clock Network Latency (Prop)  0.512
     = Beginpoint Arrival Time       0.512
     +------------------------------------------------------------------------------------------------------------+ 
     |                      Instance                      |     Arc      |   Cell    | Delay | Arrival | Required | 
     |                                                    |              |           |       |  Time   |   Time   | 
     |----------------------------------------------------+--------------+-----------+-------+---------+----------| 
     | u_cpu_ir_reg[0]                                    | CK ^         |           |       |   0.512 |    0.824 | 
     | u_cpu_ir_reg[0]                                    | CK ^ -> Q ^  | DFFRX1    | 0.451 |   0.963 |    1.275 | 
     | g655383                                            | A ^ -> Y v   | NAND2X1   | 0.145 |   1.108 |    1.419 | 
     | g160909                                            | B v -> Y ^   | NOR2X1    | 0.102 |   1.210 |    1.521 | 
     | g160892                                            | B0 ^ -> Y v  | OAI21X1   | 0.109 |   1.319 |    1.630 | 
     | g160890                                            | B v -> Y ^   | NOR2X1    | 0.138 |   1.456 |    1.768 | 
     | FE_OFC2349_n_8446                                  | A ^ -> Y v   | CLKINVX4  | 0.160 |   1.617 |    1.928 | 
     | g655053                                            | A1N v -> Y v | OAI2BB1X1 | 0.246 |   1.863 |    2.174 | 
     | FE_OFC511_n_8980                                   | A v -> Y v   | BUFX8     | 0.237 |   2.099 |    2.411 | 
     | FE_OFC2432_n_8980                                  | A v -> Y ^   | INVX3     | 0.155 |   2.254 |    2.566 | 
     | u_cpu_u_alu_sub_16_33_Y_u_cpu_u_alu_add_15_33_g417 | A0 ^ -> Y v  | OAI22X1   | 0.149 |   2.404 |    2.715 | 
     | 0                                                  |              |           |       |         |          | 
     | u_cpu_u_alu_sub_16_33_Y_u_cpu_u_alu_add_15_33_g411 | B v -> Y ^   | NOR2X1    | 0.112 |   2.515 |    2.827 | 
     | 5                                                  |              |           |       |         |          | 
     | u_cpu_u_alu_sub_16_33_Y_u_cpu_u_alu_add_15_33_g404 | A1 ^ -> Y v  | OAI21X1   | 0.133 |   2.648 |    2.960 | 
     | 6                                                  |              |           |       |         |          | 
     | u_cpu_u_alu_sub_16_33_Y_u_cpu_u_alu_add_15_33_g403 | A1 v -> Y ^  | AOI21X1   | 0.129 |   2.777 |    3.088 | 
     | 9                                                  |              |           |       |         |          | 
     | u_cpu_u_alu_sub_16_33_Y_u_cpu_u_alu_add_15_33_g403 | B ^ -> Y v   | NOR2X1    | 0.069 |   2.846 |    3.157 | 
     | 4                                                  |              |           |       |         |          | 
     | u_cpu_u_alu_sub_16_33_Y_u_cpu_u_alu_add_15_33_g403 | B v -> Y ^   | NOR2X1    | 0.076 |   2.922 |    3.233 | 
     | 2                                                  |              |           |       |         |          | 
     | u_cpu_u_alu_sub_16_33_Y_u_cpu_u_alu_add_15_33_g403 | B ^ -> Y v   | NOR2X1    | 0.066 |   2.988 |    3.299 | 
     | 0                                                  |              |           |       |         |          | 
     | u_cpu_u_alu_sub_16_33_Y_u_cpu_u_alu_add_15_33_g402 | B v -> Y ^   | NOR2X1    | 0.063 |   3.051 |    3.362 | 
     | 8                                                  |              |           |       |         |          | 
     | u_cpu_u_alu_sub_16_33_Y_u_cpu_u_alu_add_15_33_g402 | B ^ -> Y v   | NOR2X1    | 0.058 |   3.108 |    3.420 | 
     | 6                                                  |              |           |       |         |          | 
     | u_cpu_u_alu_sub_16_33_Y_u_cpu_u_alu_add_15_33_g402 | B v -> Y ^   | NOR2X1    | 0.105 |   3.214 |    3.525 | 
     | 4                                                  |              |           |       |         |          | 
     | u_cpu_u_alu_sub_16_33_Y_u_cpu_u_alu_add_15_33_g402 | B ^ -> Y v   | NOR2X1    | 0.099 |   3.313 |    3.624 | 
     | 1                                                  |              |           |       |         |          | 
     | u_cpu_u_alu_sub_16_33_Y_u_cpu_u_alu_add_15_33_g401 | A1 v -> Y ^  | AOI21X1   | 0.108 |   3.421 |    3.732 | 
     | 5                                                  |              |           |       |         |          | 
     | u_cpu_u_alu_sub_16_33_Y_u_cpu_u_alu_add_15_33_g401 | A1 ^ -> Y v  | OAI21X1   | 0.132 |   3.553 |    3.864 | 
     | 1                                                  |              |           |       |         |          | 
     | g655048                                            | A1N v -> Y v | OAI2BB1X1 | 0.166 |   3.719 |    4.031 | 
     | u_cpu_u_alu_sub_16_33_Y_u_cpu_u_alu_add_15_33_g400 | A v -> Y ^   | INVX1     | 0.069 |   3.789 |    4.100 | 
     | 7                                                  |              |           |       |         |          | 
     | u_cpu_u_alu_sub_16_33_Y_u_cpu_u_alu_add_15_33_g400 | A1 ^ -> Y v  | OAI21X1   | 0.095 |   3.883 |    4.195 | 
     | 5                                                  |              |           |       |         |          | 
     | u_cpu_u_alu_sub_16_33_Y_u_cpu_u_alu_add_15_33_g400 | A1 v -> Y ^  | AOI21X1   | 0.136 |   4.020 |    4.331 | 
     | 3                                                  |              |           |       |         |          | 
     | u_cpu_u_alu_sub_16_33_Y_u_cpu_u_alu_add_15_33_g400 | A1 ^ -> Y v  | OAI21X1   | 0.137 |   4.157 |    4.468 | 
     | 0                                                  |              |           |       |         |          | 
     | u_cpu_u_alu_sub_16_33_Y_u_cpu_u_alu_add_15_33_g399 | A v -> Y ^   | INVX1     | 0.068 |   4.224 |    4.536 | 
     | 9                                                  |              |           |       |         |          | 
     | u_cpu_u_alu_sub_16_33_Y_u_cpu_u_alu_add_15_33_g399 | B ^ -> Y v   | NOR2X1    | 0.039 |   4.263 |    4.575 | 
     | 8                                                  |              |           |       |         |          | 
     | u_cpu_u_alu_sub_16_33_Y_u_cpu_u_alu_add_15_33_g399 | B v -> Y ^   | NOR2X1    | 0.101 |   4.364 |    4.676 | 
     | 6                                                  |              |           |       |         |          | 
     | u_cpu_u_alu_sub_16_33_Y_u_cpu_u_alu_add_15_33_g399 | B ^ -> Y v   | NOR2X1    | 0.094 |   4.458 |    4.770 | 
     | 5                                                  |              |           |       |         |          | 
     | u_cpu_u_alu_sub_16_33_Y_u_cpu_u_alu_add_15_33_g399 | B v -> Y ^   | NAND2X1   | 0.045 |   4.504 |    4.815 | 
     | 1                                                  |              |           |       |         |          | 
     | u_cpu_u_alu_sub_16_33_Y_u_cpu_u_alu_add_15_33_g398 | B ^ -> Y v   | NAND2X1   | 0.128 |   4.632 |    4.943 | 
     | 9                                                  |              |           |       |         |          | 
     | u_cpu_u_alu_sub_16_33_Y_u_cpu_u_alu_add_15_33_g398 | B v -> Y ^   | NAND2X1   | 0.109 |   4.741 |    5.053 | 
     | 2                                                  |              |           |       |         |          | 
     | u_cpu_u_alu_sub_16_33_Y_u_cpu_u_alu_add_15_33_g397 | A1 ^ -> Y v  | OAI21X1   | 0.180 |   4.921 |    5.232 | 
     | 6                                                  |              |           |       |         |          | 
     | u_cpu_u_alu_sub_16_33_Y_u_cpu_u_alu_add_15_33_g396 | A1 v -> Y ^  | AOI21X1   | 0.146 |   5.067 |    5.378 | 
     | 5                                                  |              |           |       |         |          | 
     | u_cpu_u_alu_sub_16_33_Y_u_cpu_u_alu_add_15_33_g430 | B ^ -> Y v   | XNOR2X1   | 0.161 |   5.227 |    5.539 | 
     | 5                                                  |              |           |       |         |          | 
     | g655399                                            | B v -> Y ^   | NAND2X1   | 0.049 |   5.276 |    5.587 | 
     | g655033                                            | C ^ -> Y v   | NAND3X2   | 0.169 |   5.445 |    5.757 | 
     | g165580                                            | A v -> Y ^   | NOR2X1    | 0.124 |   5.570 |    5.881 | 
     | g165576                                            | B ^ -> Y v   | NAND2X1   | 0.127 |   5.697 |    6.008 | 
     | g165574                                            | B v -> Y ^   | NOR2X1    | 0.089 |   5.785 |    6.097 | 
     | g165556                                            | B ^ -> Y v   | NAND2X1   | 0.061 |   5.846 |    6.157 | 
     | g165555                                            | B v -> Y ^   | NOR2X1    | 0.096 |   5.942 |    6.253 | 
     | g165554                                            | B0 ^ -> Y v  | AOI2BB1X1 | 0.098 |   6.039 |    6.351 | 
     | g165553                                            | B v -> Y ^   | NOR2X4    | 0.097 |   6.136 |    6.447 | 
     | g165550                                            | S0 ^ -> Y v  | MX2X1     | 0.233 |   6.369 |    6.681 | 
     | g655045                                            | A1 v -> Y v  | OA21X1    | 0.152 |   6.521 |    6.833 | 
     | u_cpu_add_167_30_Y_u_cpu_add_165_34_Y_u_cpu_add_16 | B v -> Y ^   | NOR2X1    | 0.076 |   6.598 |    6.909 | 
     | 3_30_g913                                          |              |           |       |         |          | 
     | u_cpu_add_167_30_Y_u_cpu_add_165_34_Y_u_cpu_add_16 | B ^ -> Y v   | NOR2X1    | 0.069 |   6.666 |    6.977 | 
     | 3_30_g911                                          |              |           |       |         |          | 
     | u_cpu_add_167_30_Y_u_cpu_add_165_34_Y_u_cpu_add_16 | B v -> Y ^   | NOR2X2    | 0.054 |   6.720 |    7.031 | 
     | 3_30_g909                                          |              |           |       |         |          | 
     | u_cpu_add_167_30_Y_u_cpu_add_165_34_Y_u_cpu_add_16 | B0 ^ -> Y v  | AOI2BB1X1 | 0.059 |   6.779 |    7.090 | 
     | 3_30_g907                                          |              |           |       |         |          | 
     | u_cpu_add_167_30_Y_u_cpu_add_165_34_Y_u_cpu_add_16 | B v -> Y ^   | NOR2X2    | 0.061 |   6.840 |    7.151 | 
     | 3_30_g905                                          |              |           |       |         |          | 
     | u_cpu_add_167_30_Y_u_cpu_add_165_34_Y_u_cpu_add_16 | B0 ^ -> Y v  | AOI2BB1X1 | 0.067 |   6.906 |    7.218 | 
     | 3_30_g903                                          |              |           |       |         |          | 
     | g655044                                            | B0 v -> Y ^  | AOI21X2   | 0.062 |   6.968 |    7.280 | 
     | u_cpu_add_167_30_Y_u_cpu_add_165_34_Y_u_cpu_add_16 | B0 ^ -> Y v  | AOI2BB1X1 | 0.056 |   7.025 |    7.336 | 
     | 3_30_g899                                          |              |           |       |         |          | 
     | u_cpu_add_167_30_Y_u_cpu_add_165_34_Y_u_cpu_add_16 | B v -> Y ^   | NOR2X1    | 0.078 |   7.102 |    7.414 | 
     | 3_30_g897                                          |              |           |       |         |          | 
     | g655043                                            | A1N ^ -> Y ^ | AOI2BB1X2 | 0.154 |   7.256 |    7.568 | 
     | u_cpu_add_167_30_Y_u_cpu_add_165_34_Y_u_cpu_add_16 | B0 ^ -> Y v  | AOI2BB1X2 | 0.069 |   7.325 |    7.636 | 
     | 3_30_g891                                          |              |           |       |         |          | 
     | u_cpu_add_167_30_Y_u_cpu_add_165_34_Y_u_cpu_add_16 | B v -> Y ^   | NOR2X4    | 0.052 |   7.377 |    7.689 | 
     | 3_30_g889                                          |              |           |       |         |          | 
     | u_cpu_add_167_30_Y_u_cpu_add_165_34_Y_u_cpu_add_16 | B ^ -> Y v   | NOR2X2    | 0.048 |   7.425 |    7.736 | 
     | 3_30_g887                                          |              |           |       |         |          | 
     | u_cpu_add_167_30_Y_u_cpu_add_165_34_Y_u_cpu_add_16 | B v -> Y ^   | NOR2X4    | 0.049 |   7.474 |    7.785 | 
     | 3_30_g885                                          |              |           |       |         |          | 
     | u_cpu_add_167_30_Y_u_cpu_add_165_34_Y_u_cpu_add_16 | B ^ -> Y v   | NOR2X2    | 0.048 |   7.521 |    7.832 | 
     | 3_30_g883                                          |              |           |       |         |          | 
     | u_cpu_add_167_30_Y_u_cpu_add_165_34_Y_u_cpu_add_16 | B v -> Y ^   | NOR2X4    | 0.047 |   7.568 |    7.880 | 
     | 3_30_g881                                          |              |           |       |         |          | 
     | u_cpu_add_167_30_Y_u_cpu_add_165_34_Y_u_cpu_add_16 | B0 ^ -> Y v  | AOI2BB1X2 | 0.052 |   7.620 |    7.931 | 
     | 3_30_g879                                          |              |           |       |         |          | 
     | u_cpu_add_167_30_Y_u_cpu_add_165_34_Y_u_cpu_add_16 | B v -> Y ^   | NOR2X4    | 0.058 |   7.678 |    7.989 | 
     | 3_30_g877                                          |              |           |       |         |          | 
     | u_cpu_add_167_30_Y_u_cpu_add_165_34_Y_u_cpu_add_16 | B0 ^ -> Y v  | AOI2BB1X4 | 0.047 |   7.725 |    8.036 | 
     | 3_30_g875                                          |              |           |       |         |          | 
     | u_cpu_add_167_30_Y_u_cpu_add_165_34_Y_u_cpu_add_16 | B v -> Y ^   | NOR2X4    | 0.062 |   7.787 |    8.098 | 
     | 3_30_g873                                          |              |           |       |         |          | 
     | u_cpu_add_167_30_Y_u_cpu_add_165_34_Y_u_cpu_add_16 | B ^ -> Y v   | NOR2X4    | 0.050 |   7.837 |    8.148 | 
     | 3_30_g871                                          |              |           |       |         |          | 
     | u_cpu_add_167_30_Y_u_cpu_add_165_34_Y_u_cpu_add_16 | B v -> Y ^   | NOR2X4    | 0.054 |   7.891 |    8.203 | 
     | 3_30_g869                                          |              |           |       |         |          | 
     | u_cpu_add_167_30_Y_u_cpu_add_165_34_Y_u_cpu_add_16 | B0 ^ -> Y v  | AOI2BB1X4 | 0.047 |   7.938 |    8.250 | 
     | 3_30_g867                                          |              |           |       |         |          | 
     | u_cpu_add_167_30_Y_u_cpu_add_165_34_Y_u_cpu_add_16 | B v -> Y ^   | NOR2X4    | 0.053 |   7.991 |    8.302 | 
     | 3_30_g865                                          |              |           |       |         |          | 
     | u_cpu_add_167_30_Y_u_cpu_add_165_34_Y_u_cpu_add_16 | B ^ -> Y v   | NOR2X4    | 0.043 |   8.034 |    8.345 | 
     | 3_30_g863                                          |              |           |       |         |          | 
     | u_cpu_add_167_30_Y_u_cpu_add_165_34_Y_u_cpu_add_16 | B v -> Y ^   | NOR2X4    | 0.046 |   8.080 |    8.391 | 
     | 3_30_g861                                          |              |           |       |         |          | 
     | u_cpu_add_167_30_Y_u_cpu_add_165_34_Y_u_cpu_add_16 | B0 ^ -> Y v  | AOI2BB1X2 | 0.050 |   8.129 |    8.441 | 
     | 3_30_g859                                          |              |           |       |         |          | 
     | u_cpu_add_167_30_Y_u_cpu_add_165_34_Y_u_cpu_add_16 | B v -> Y ^   | NOR2X4    | 0.057 |   8.186 |    8.498 | 
     | 3_30_g857                                          |              |           |       |         |          | 
     | u_cpu_add_167_30_Y_u_cpu_add_165_34_Y_u_cpu_add_16 | B0 ^ -> Y v  | AOI2BB1X4 | 0.050 |   8.237 |    8.548 | 
     | 3_30_g855                                          |              |           |       |         |          | 
     | u_cpu_add_167_30_Y_u_cpu_add_165_34_Y_u_cpu_add_16 | B v -> Y ^   | NOR2X6    | 0.050 |   8.287 |    8.598 | 
     | 3_30_g853                                          |              |           |       |         |          | 
     | u_cpu_add_167_30_Y_u_cpu_add_165_34_Y_u_cpu_add_16 | B ^ -> Y v   | NOR2X4    | 0.039 |   8.326 |    8.637 | 
     | 3_30_g851                                          |              |           |       |         |          | 
     | u_cpu_add_167_30_Y_u_cpu_add_165_34_Y_u_cpu_add_16 | B v -> Y ^   | NOR2X4    | 0.056 |   8.382 |    8.693 | 
     | 3_30_g849                                          |              |           |       |         |          | 
     | u_cpu_add_167_30_Y_u_cpu_add_165_34_Y_u_cpu_add_16 | B ^ -> Y v   | NOR2X4    | 0.047 |   8.429 |    8.741 | 
     | 3_30_g848                                          |              |           |       |         |          | 
     | u_cpu_add_167_30_Y_u_cpu_add_165_34_Y_u_cpu_add_16 | B v -> Y ^   | NOR2X4    | 0.053 |   8.482 |    8.793 | 
     | 3_30_g846                                          |              |           |       |         |          | 
     | u_cpu_add_167_30_Y_u_cpu_add_165_34_Y_u_cpu_add_16 | B0 ^ -> Y v  | AOI2BB1X4 | 0.049 |   8.531 |    8.842 | 
     | 3_30_g845                                          |              |           |       |         |          | 
     | u_cpu_add_167_30_Y_u_cpu_add_165_34_Y_u_cpu_add_16 | B v -> Y ^   | NOR2X4    | 0.054 |   8.585 |    8.897 | 
     | 3_30_g843                                          |              |           |       |         |          | 
     | g655480                                            | B0 ^ -> Y v  | AOI2BB1X4 | 0.048 |   8.633 |    8.944 | 
     | u_cpu_add_167_30_Y_u_cpu_add_165_34_Y_u_cpu_add_16 | B v -> Y ^   | NOR2X4    | 0.057 |   8.690 |    9.001 | 
     | 3_30_g840                                          |              |           |       |         |          | 
     | u_cpu_add_167_30_Y_u_cpu_add_165_34_Y_u_cpu_add_16 | B ^ -> Y v   | NOR2X4    | 0.044 |   8.734 |    9.045 | 
     | 3_30_g839                                          |              |           |       |         |          | 
     | u_cpu_add_167_30_Y_u_cpu_add_165_34_Y_u_cpu_add_16 | B v -> Y ^   | NOR2X4    | 0.053 |   8.787 |    9.098 | 
     | 3_30_g837                                          |              |           |       |         |          | 
     | u_cpu_add_167_30_Y_u_cpu_add_165_34_Y_u_cpu_add_16 | B0 ^ -> Y v  | AOI2BB1X4 | 0.051 |   8.837 |    9.149 | 
     | 3_30_g836                                          |              |           |       |         |          | 
     | u_cpu_add_167_30_Y_u_cpu_add_165_34_Y_u_cpu_add_16 | B v -> Y ^   | NOR2X6    | 0.060 |   8.897 |    9.208 | 
     | 3_30_g834                                          |              |           |       |         |          | 
     | u_cpu_add_167_30_Y_u_cpu_add_165_34_Y_u_cpu_add_16 | B0 ^ -> Y v  | AOI2BB1X4 | 0.054 |   8.951 |    9.262 | 
     | 3_30_g833                                          |              |           |       |         |          | 
     | u_cpu_add_167_30_Y_u_cpu_add_165_34_Y_u_cpu_add_16 | B v -> Y ^   | NOR2X6    | 0.062 |   9.012 |    9.324 | 
     | 3_30_g831                                          |              |           |       |         |          | 
     | u_cpu_add_167_30_Y_u_cpu_add_165_34_Y_u_cpu_add_16 | B ^ -> Y v   | NOR2X4    | 0.048 |   9.060 |    9.372 | 
     | 3_30_g830                                          |              |           |       |         |          | 
     | u_cpu_add_167_30_Y_u_cpu_add_165_34_Y_u_cpu_add_16 | B v -> Y ^   | NOR2X4    | 0.051 |   9.111 |    9.423 | 
     | 3_30_g828                                          |              |           |       |         |          | 
     | u_cpu_add_167_30_Y_u_cpu_add_165_34_Y_u_cpu_add_16 | B0 ^ -> Y v  | AOI2BB1X4 | 0.049 |   9.161 |    9.472 | 
     | 3_30_g827                                          |              |           |       |         |          | 
     | u_cpu_add_167_30_Y_u_cpu_add_165_34_Y_u_cpu_add_16 | B v -> Y ^   | NOR2X6    | 0.050 |   9.211 |    9.522 | 
     | 3_30_g825                                          |              |           |       |         |          | 
     | u_cpu_add_167_30_Y_u_cpu_add_165_34_Y_u_cpu_add_16 | B ^ -> Y v   | NOR2X4    | 0.042 |   9.253 |    9.564 | 
     | 3_30_g824                                          |              |           |       |         |          | 
     | u_cpu_add_167_30_Y_u_cpu_add_165_34_Y_u_cpu_add_16 | B v -> Y ^   | NOR2X6    | 0.050 |   9.302 |    9.614 | 
     | 3_30_g822                                          |              |           |       |         |          | 
     | u_cpu_add_167_30_Y_u_cpu_add_165_34_Y_u_cpu_add_16 | B0 ^ -> Y v  | AOI2BB1X4 | 0.049 |   9.351 |    9.663 | 
     | 3_30_g821                                          |              |           |       |         |          | 
     | u_cpu_add_167_30_Y_u_cpu_add_165_34_Y_u_cpu_add_16 | B v -> Y ^   | NOR2X6    | 0.050 |   9.401 |    9.713 | 
     | 3_30_g819                                          |              |           |       |         |          | 
     | u_cpu_add_167_30_Y_u_cpu_add_165_34_Y_u_cpu_add_16 | B ^ -> Y v   | NOR2X4    | 0.039 |   9.441 |    9.752 | 
     | 3_30_g818                                          |              |           |       |         |          | 
     | u_cpu_add_167_30_Y_u_cpu_add_165_34_Y_u_cpu_add_16 | B v -> Y ^   | NOR2X4    | 0.051 |   9.492 |    9.803 | 
     | 3_30_g816                                          |              |           |       |         |          | 
     | g655057                                            | B0 ^ -> Y v  | AOI2BB1X4 | 0.051 |   9.543 |    9.854 | 
     | g655056                                            | A v -> Y ^   | NOR2X6    | 0.058 |   9.600 |    9.912 | 
     | u_cpu_add_167_30_Y_u_cpu_add_165_34_Y_u_cpu_add_16 | B0 ^ -> Y v  | AOI2BB1X4 | 0.045 |   9.645 |    9.957 | 
     | 3_30_g812                                          |              |           |       |         |          | 
     | u_cpu_add_167_30_Y_u_cpu_add_165_34_Y_u_cpu_add_16 | B v -> Y ^   | NOR2X4    | 0.040 |   9.685 |    9.997 | 
     | 3_30_g810                                          |              |           |       |         |          | 
     | u_cpu_add_167_30_Y_u_cpu_add_165_34_Y_u_cpu_add_16 | B ^ -> Y ^   | CLKXOR2X1 | 0.137 |   9.822 |   10.133 | 
     | 3_30_g809                                          |              |           |       |         |          | 
     | g641353                                            | B ^ -> Y v   | NAND2X1   | 0.062 |   9.884 |   10.195 | 
     | g653712                                            | B v -> Y ^   | NAND2X1   | 0.051 |   9.935 |   10.246 | 
     | u_cpu_pc_reg[31]                                   | D ^          | DFFRHQX1  | 0.000 |   9.935 |   10.246 | 
     +------------------------------------------------------------------------------------------------------------+ 
Path 15: MET Setup Check with Pin u_cpu_pc_reg[31]/CK 
Endpoint:   u_cpu_pc_reg[31]/D (^) checked with  leading edge of 'clk'
Beginpoint: u_cpu_ir_reg[2]/QN (v) triggered by  leading edge of 'clk'
Path Groups: {clk}
Analysis View: av_ss
Other End Arrival Time          0.508
- Setup                         0.062
+ Phase Shift                  10.000
- Uncertainty                   0.200
= Required Time                10.246
- Arrival Time                  9.934
= Slack Time                    0.312
     Clock Rise Edge                 0.000
     + Clock Network Latency (Prop)  0.512
     = Beginpoint Arrival Time       0.512
     +------------------------------------------------------------------------------------------------------------+ 
     |                      Instance                      |     Arc      |   Cell    | Delay | Arrival | Required | 
     |                                                    |              |           |       |  Time   |   Time   | 
     |----------------------------------------------------+--------------+-----------+-------+---------+----------| 
     | u_cpu_ir_reg[2]                                    | CK ^         |           |       |   0.512 |    0.824 | 
     | u_cpu_ir_reg[2]                                    | CK ^ -> QN v | SDFFRX2   | 0.474 |   0.985 |    1.297 | 
     | g160912                                            | B0 v -> Y ^  | OAI22X1   | 0.142 |   1.128 |    1.439 | 
     | g160892                                            | A0 ^ -> Y v  | OAI21X1   | 0.145 |   1.272 |    1.584 | 
     | g160890                                            | B v -> Y ^   | NOR2X1    | 0.138 |   1.410 |    1.722 | 
     | FE_OFC2349_n_8446                                  | A ^ -> Y v   | CLKINVX4  | 0.160 |   1.570 |    1.882 | 
     | g655053                                            | A1N v -> Y v | OAI2BB1X1 | 0.246 |   1.816 |    2.128 | 
     | FE_OFC511_n_8980                                   | A v -> Y v   | BUFX8     | 0.237 |   2.053 |    2.365 | 
     | FE_OFC2432_n_8980                                  | A v -> Y ^   | INVX3     | 0.155 |   2.208 |    2.520 | 
     | u_cpu_u_alu_sub_16_33_Y_u_cpu_u_alu_add_15_33_g417 | A0 ^ -> Y v  | OAI22X1   | 0.149 |   2.357 |    2.669 | 
     | 0                                                  |              |           |       |         |          | 
     | u_cpu_u_alu_sub_16_33_Y_u_cpu_u_alu_add_15_33_g411 | B v -> Y ^   | NOR2X1    | 0.112 |   2.469 |    2.781 | 
     | 5                                                  |              |           |       |         |          | 
     | u_cpu_u_alu_sub_16_33_Y_u_cpu_u_alu_add_15_33_g404 | A1 ^ -> Y v  | OAI21X1   | 0.133 |   2.602 |    2.914 | 
     | 6                                                  |              |           |       |         |          | 
     | u_cpu_u_alu_sub_16_33_Y_u_cpu_u_alu_add_15_33_g403 | A1 v -> Y ^  | AOI21X1   | 0.129 |   2.730 |    3.042 | 
     | 9                                                  |              |           |       |         |          | 
     | u_cpu_u_alu_sub_16_33_Y_u_cpu_u_alu_add_15_33_g403 | B ^ -> Y v   | NOR2X1    | 0.069 |   2.799 |    3.111 | 
     | 4                                                  |              |           |       |         |          | 
     | u_cpu_u_alu_sub_16_33_Y_u_cpu_u_alu_add_15_33_g403 | B v -> Y ^   | NOR2X1    | 0.076 |   2.876 |    3.187 | 
     | 2                                                  |              |           |       |         |          | 
     | u_cpu_u_alu_sub_16_33_Y_u_cpu_u_alu_add_15_33_g403 | B ^ -> Y v   | NOR2X1    | 0.066 |   2.941 |    3.253 | 
     | 0                                                  |              |           |       |         |          | 
     | u_cpu_u_alu_sub_16_33_Y_u_cpu_u_alu_add_15_33_g402 | B v -> Y ^   | NOR2X1    | 0.063 |   3.004 |    3.316 | 
     | 8                                                  |              |           |       |         |          | 
     | u_cpu_u_alu_sub_16_33_Y_u_cpu_u_alu_add_15_33_g402 | B ^ -> Y v   | NOR2X1    | 0.058 |   3.062 |    3.374 | 
     | 6                                                  |              |           |       |         |          | 
     | u_cpu_u_alu_sub_16_33_Y_u_cpu_u_alu_add_15_33_g402 | B v -> Y ^   | NOR2X1    | 0.105 |   3.167 |    3.479 | 
     | 4                                                  |              |           |       |         |          | 
     | u_cpu_u_alu_sub_16_33_Y_u_cpu_u_alu_add_15_33_g402 | B ^ -> Y v   | NOR2X1    | 0.099 |   3.266 |    3.578 | 
     | 1                                                  |              |           |       |         |          | 
     | u_cpu_u_alu_sub_16_33_Y_u_cpu_u_alu_add_15_33_g401 | A1 v -> Y ^  | AOI21X1   | 0.108 |   3.374 |    3.686 | 
     | 5                                                  |              |           |       |         |          | 
     | u_cpu_u_alu_sub_16_33_Y_u_cpu_u_alu_add_15_33_g401 | A1 ^ -> Y v  | OAI21X1   | 0.132 |   3.507 |    3.818 | 
     | 1                                                  |              |           |       |         |          | 
     | g655048                                            | A1N v -> Y v | OAI2BB1X1 | 0.166 |   3.673 |    3.985 | 
     | u_cpu_u_alu_sub_16_33_Y_u_cpu_u_alu_add_15_33_g400 | A v -> Y ^   | INVX1     | 0.069 |   3.742 |    4.054 | 
     | 7                                                  |              |           |       |         |          | 
     | u_cpu_u_alu_sub_16_33_Y_u_cpu_u_alu_add_15_33_g400 | A1 ^ -> Y v  | OAI21X1   | 0.095 |   3.837 |    4.149 | 
     | 5                                                  |              |           |       |         |          | 
     | u_cpu_u_alu_sub_16_33_Y_u_cpu_u_alu_add_15_33_g400 | A1 v -> Y ^  | AOI21X1   | 0.136 |   3.973 |    4.285 | 
     | 3                                                  |              |           |       |         |          | 
     | u_cpu_u_alu_sub_16_33_Y_u_cpu_u_alu_add_15_33_g400 | A1 ^ -> Y v  | OAI21X1   | 0.137 |   4.110 |    4.422 | 
     | 0                                                  |              |           |       |         |          | 
     | u_cpu_u_alu_sub_16_33_Y_u_cpu_u_alu_add_15_33_g399 | A v -> Y ^   | INVX1     | 0.068 |   4.178 |    4.490 | 
     | 9                                                  |              |           |       |         |          | 
     | u_cpu_u_alu_sub_16_33_Y_u_cpu_u_alu_add_15_33_g399 | B ^ -> Y v   | NOR2X1    | 0.039 |   4.217 |    4.529 | 
     | 8                                                  |              |           |       |         |          | 
     | u_cpu_u_alu_sub_16_33_Y_u_cpu_u_alu_add_15_33_g399 | B v -> Y ^   | NOR2X1    | 0.101 |   4.318 |    4.630 | 
     | 6                                                  |              |           |       |         |          | 
     | u_cpu_u_alu_sub_16_33_Y_u_cpu_u_alu_add_15_33_g399 | B ^ -> Y v   | NOR2X1    | 0.094 |   4.412 |    4.724 | 
     | 5                                                  |              |           |       |         |          | 
     | u_cpu_u_alu_sub_16_33_Y_u_cpu_u_alu_add_15_33_g399 | B v -> Y ^   | NAND2X1   | 0.045 |   4.457 |    4.769 | 
     | 1                                                  |              |           |       |         |          | 
     | u_cpu_u_alu_sub_16_33_Y_u_cpu_u_alu_add_15_33_g398 | B ^ -> Y v   | NAND2X1   | 0.128 |   4.585 |    4.897 | 
     | 9                                                  |              |           |       |         |          | 
     | u_cpu_u_alu_sub_16_33_Y_u_cpu_u_alu_add_15_33_g398 | B v -> Y ^   | NAND2X1   | 0.109 |   4.695 |    5.007 | 
     | 2                                                  |              |           |       |         |          | 
     | u_cpu_u_alu_sub_16_33_Y_u_cpu_u_alu_add_15_33_g397 | A1 ^ -> Y v  | OAI21X1   | 0.180 |   4.874 |    5.186 | 
     | 6                                                  |              |           |       |         |          | 
     | u_cpu_u_alu_sub_16_33_Y_u_cpu_u_alu_add_15_33_g429 | B v -> Y v   | CLKXOR2X1 | 0.207 |   5.081 |    5.393 | 
     | 3                                                  |              |           |       |         |          | 
     | g655417                                            | B v -> Y ^   | NAND2X1   | 0.050 |   5.131 |    5.443 | 
     | g655035                                            | C ^ -> Y v   | NAND3X2   | 0.189 |   5.320 |    5.632 | 
     | g165559                                            | A v -> Y ^   | NOR2X1    | 0.148 |   5.468 |    5.780 | 
     | g655026                                            | D ^ -> Y v   | NAND4BBX2 | 0.162 |   5.630 |    5.942 | 
     | g165557                                            | A v -> Y ^   | NOR2X1    | 0.127 |   5.757 |    6.069 | 
     | g165556                                            | A ^ -> Y v   | NAND2X1   | 0.073 |   5.830 |    6.142 | 
     | g165555                                            | B v -> Y ^   | NOR2X1    | 0.096 |   5.926 |    6.237 | 
     | g165554                                            | B0 ^ -> Y v  | AOI2BB1X1 | 0.098 |   6.023 |    6.335 | 
     | g165553                                            | B v -> Y ^   | NOR2X4    | 0.097 |   6.120 |    6.432 | 
     | g165550                                            | S0 ^ -> Y ^  | MX2X1     | 0.193 |   6.313 |    6.625 | 
     | g655045                                            | A1 ^ -> Y ^  | OA21X1    | 0.158 |   6.471 |    6.783 | 
     | u_cpu_add_167_30_Y_u_cpu_add_165_34_Y_u_cpu_add_16 | B ^ -> Y v   | NOR2X1    | 0.053 |   6.523 |    6.835 | 
     | 3_30_g913                                          |              |           |       |         |          | 
     | u_cpu_add_167_30_Y_u_cpu_add_165_34_Y_u_cpu_add_16 | B v -> Y ^   | NOR2X1    | 0.065 |   6.589 |    6.900 | 
     | 3_30_g911                                          |              |           |       |         |          | 
     | u_cpu_add_167_30_Y_u_cpu_add_165_34_Y_u_cpu_add_16 | B ^ -> Y v   | NOR2X2    | 0.054 |   6.643 |    6.955 | 
     | 3_30_g909                                          |              |           |       |         |          | 
     | u_cpu_add_167_30_Y_u_cpu_add_165_34_Y_u_cpu_add_16 | B0 v -> Y ^  | AOI2BB1X1 | 0.071 |   6.714 |    7.026 | 
     | 3_30_g907                                          |              |           |       |         |          | 
     | u_cpu_add_167_30_Y_u_cpu_add_165_34_Y_u_cpu_add_16 | B ^ -> Y v   | NOR2X2    | 0.059 |   6.773 |    7.085 | 
     | 3_30_g905                                          |              |           |       |         |          | 
     | u_cpu_add_167_30_Y_u_cpu_add_165_34_Y_u_cpu_add_16 | B0 v -> Y ^  | AOI2BB1X1 | 0.082 |   6.855 |    7.167 | 
     | 3_30_g903                                          |              |           |       |         |          | 
     | g655044                                            | B0 ^ -> Y v  | AOI21X2   | 0.062 |   6.917 |    7.229 | 
     | u_cpu_add_167_30_Y_u_cpu_add_165_34_Y_u_cpu_add_16 | B0 v -> Y ^  | AOI2BB1X1 | 0.081 |   6.997 |    7.309 | 
     | 3_30_g899                                          |              |           |       |         |          | 
     | u_cpu_add_167_30_Y_u_cpu_add_165_34_Y_u_cpu_add_16 | B ^ -> Y v   | NOR2X1    | 0.066 |   7.063 |    7.375 | 
     | 3_30_g897                                          |              |           |       |         |          | 
     | g655043                                            | A1N v -> Y v | AOI2BB1X2 | 0.160 |   7.224 |    7.536 | 
     | u_cpu_add_167_30_Y_u_cpu_add_165_34_Y_u_cpu_add_16 | B0 v -> Y ^  | AOI2BB1X2 | 0.078 |   7.302 |    7.614 | 
     | 3_30_g891                                          |              |           |       |         |          | 
     | u_cpu_add_167_30_Y_u_cpu_add_165_34_Y_u_cpu_add_16 | B ^ -> Y v   | NOR2X4    | 0.050 |   7.352 |    7.664 | 
     | 3_30_g889                                          |              |           |       |         |          | 
     | u_cpu_add_167_30_Y_u_cpu_add_165_34_Y_u_cpu_add_16 | B v -> Y ^   | NOR2X2    | 0.057 |   7.409 |    7.721 | 
     | 3_30_g887                                          |              |           |       |         |          | 
     | u_cpu_add_167_30_Y_u_cpu_add_165_34_Y_u_cpu_add_16 | B ^ -> Y v   | NOR2X4    | 0.049 |   7.458 |    7.770 | 
     | 3_30_g885                                          |              |           |       |         |          | 
     | u_cpu_add_167_30_Y_u_cpu_add_165_34_Y_u_cpu_add_16 | B v -> Y ^   | NOR2X2    | 0.056 |   7.515 |    7.827 | 
     | 3_30_g883                                          |              |           |       |         |          | 
     | u_cpu_add_167_30_Y_u_cpu_add_165_34_Y_u_cpu_add_16 | B ^ -> Y v   | NOR2X4    | 0.049 |   7.563 |    7.875 | 
     | 3_30_g881                                          |              |           |       |         |          | 
     | u_cpu_add_167_30_Y_u_cpu_add_165_34_Y_u_cpu_add_16 | B0 v -> Y ^  | AOI2BB1X2 | 0.069 |   7.632 |    7.944 | 
     | 3_30_g879                                          |              |           |       |         |          | 
     | u_cpu_add_167_30_Y_u_cpu_add_165_34_Y_u_cpu_add_16 | B ^ -> Y v   | NOR2X4    | 0.055 |   7.687 |    7.998 | 
     | 3_30_g877                                          |              |           |       |         |          | 
     | u_cpu_add_167_30_Y_u_cpu_add_165_34_Y_u_cpu_add_16 | B0 v -> Y ^  | AOI2BB1X4 | 0.056 |   7.743 |    8.054 | 
     | 3_30_g875                                          |              |           |       |         |          | 
     | u_cpu_add_167_30_Y_u_cpu_add_165_34_Y_u_cpu_add_16 | B ^ -> Y v   | NOR2X4    | 0.049 |   7.792 |    8.104 | 
     | 3_30_g873                                          |              |           |       |         |          | 
     | u_cpu_add_167_30_Y_u_cpu_add_165_34_Y_u_cpu_add_16 | B v -> Y ^   | NOR2X4    | 0.049 |   7.840 |    8.152 | 
     | 3_30_g871                                          |              |           |       |         |          | 
     | u_cpu_add_167_30_Y_u_cpu_add_165_34_Y_u_cpu_add_16 | B ^ -> Y v   | NOR2X4    | 0.043 |   7.883 |    8.195 | 
     | 3_30_g869                                          |              |           |       |         |          | 
     | u_cpu_add_167_30_Y_u_cpu_add_165_34_Y_u_cpu_add_16 | B0 v -> Y ^  | AOI2BB1X4 | 0.056 |   7.939 |    8.251 | 
     | 3_30_g867                                          |              |           |       |         |          | 
     | u_cpu_add_167_30_Y_u_cpu_add_165_34_Y_u_cpu_add_16 | B ^ -> Y v   | NOR2X4    | 0.044 |   7.983 |    8.295 | 
     | 3_30_g865                                          |              |           |       |         |          | 
     | u_cpu_add_167_30_Y_u_cpu_add_165_34_Y_u_cpu_add_16 | B v -> Y ^   | NOR2X4    | 0.045 |   8.028 |    8.340 | 
     | 3_30_g863                                          |              |           |       |         |          | 
     | u_cpu_add_167_30_Y_u_cpu_add_165_34_Y_u_cpu_add_16 | B ^ -> Y v   | NOR2X4    | 0.038 |   8.066 |    8.378 | 
     | 3_30_g861                                          |              |           |       |         |          | 
     | u_cpu_add_167_30_Y_u_cpu_add_165_34_Y_u_cpu_add_16 | B0 v -> Y ^  | AOI2BB1X2 | 0.067 |   8.134 |    8.446 | 
     | 3_30_g859                                          |              |           |       |         |          | 
     | u_cpu_add_167_30_Y_u_cpu_add_165_34_Y_u_cpu_add_16 | B ^ -> Y v   | NOR2X4    | 0.054 |   8.188 |    8.499 | 
     | 3_30_g857                                          |              |           |       |         |          | 
     | u_cpu_add_167_30_Y_u_cpu_add_165_34_Y_u_cpu_add_16 | B0 v -> Y ^  | AOI2BB1X4 | 0.063 |   8.250 |    8.562 | 
     | 3_30_g855                                          |              |           |       |         |          | 
     | u_cpu_add_167_30_Y_u_cpu_add_165_34_Y_u_cpu_add_16 | B ^ -> Y v   | NOR2X6    | 0.046 |   8.296 |    8.608 | 
     | 3_30_g853                                          |              |           |       |         |          | 
     | u_cpu_add_167_30_Y_u_cpu_add_165_34_Y_u_cpu_add_16 | B v -> Y ^   | NOR2X4    | 0.043 |   8.339 |    8.651 | 
     | 3_30_g851                                          |              |           |       |         |          | 
     | u_cpu_add_167_30_Y_u_cpu_add_165_34_Y_u_cpu_add_16 | B ^ -> Y v   | NOR2X4    | 0.044 |   8.383 |    8.695 | 
     | 3_30_g849                                          |              |           |       |         |          | 
     | u_cpu_add_167_30_Y_u_cpu_add_165_34_Y_u_cpu_add_16 | B v -> Y ^   | NOR2X4    | 0.047 |   8.431 |    8.742 | 
     | 3_30_g848                                          |              |           |       |         |          | 
     | u_cpu_add_167_30_Y_u_cpu_add_165_34_Y_u_cpu_add_16 | B ^ -> Y v   | NOR2X4    | 0.043 |   8.473 |    8.785 | 
     | 3_30_g846                                          |              |           |       |         |          | 
     | u_cpu_add_167_30_Y_u_cpu_add_165_34_Y_u_cpu_add_16 | B0 v -> Y ^  | AOI2BB1X4 | 0.060 |   8.533 |    8.845 | 
     | 3_30_g845                                          |              |           |       |         |          | 
     | u_cpu_add_167_30_Y_u_cpu_add_165_34_Y_u_cpu_add_16 | B ^ -> Y v   | NOR2X4    | 0.047 |   8.580 |    8.892 | 
     | 3_30_g843                                          |              |           |       |         |          | 
     | g655480                                            | B0 v -> Y ^  | AOI2BB1X4 | 0.058 |   8.638 |    8.950 | 
     | u_cpu_add_167_30_Y_u_cpu_add_165_34_Y_u_cpu_add_16 | B ^ -> Y v   | NOR2X4    | 0.047 |   8.685 |    8.997 | 
     | 3_30_g840                                          |              |           |       |         |          | 
     | u_cpu_add_167_30_Y_u_cpu_add_165_34_Y_u_cpu_add_16 | B v -> Y ^   | NOR2X4    | 0.044 |   8.729 |    9.041 | 
     | 3_30_g839                                          |              |           |       |         |          | 
     | u_cpu_add_167_30_Y_u_cpu_add_165_34_Y_u_cpu_add_16 | B ^ -> Y v   | NOR2X4    | 0.042 |   8.771 |    9.083 | 
     | 3_30_g837                                          |              |           |       |         |          | 
     | u_cpu_add_167_30_Y_u_cpu_add_165_34_Y_u_cpu_add_16 | B0 v -> Y ^  | AOI2BB1X4 | 0.063 |   8.834 |    9.145 | 
     | 3_30_g836                                          |              |           |       |         |          | 
     | u_cpu_add_167_30_Y_u_cpu_add_165_34_Y_u_cpu_add_16 | B ^ -> Y v   | NOR2X6    | 0.052 |   8.885 |    9.197 | 
     | 3_30_g834                                          |              |           |       |         |          | 
     | u_cpu_add_167_30_Y_u_cpu_add_165_34_Y_u_cpu_add_16 | B0 v -> Y ^  | AOI2BB1X4 | 0.065 |   8.950 |    9.262 | 
     | 3_30_g833                                          |              |           |       |         |          | 
     | u_cpu_add_167_30_Y_u_cpu_add_165_34_Y_u_cpu_add_16 | B ^ -> Y v   | NOR2X6    | 0.052 |   9.002 |    9.314 | 
     | 3_30_g831                                          |              |           |       |         |          | 
     | u_cpu_add_167_30_Y_u_cpu_add_165_34_Y_u_cpu_add_16 | B v -> Y ^   | NOR2X4    | 0.047 |   9.049 |    9.361 | 
     | 3_30_g830                                          |              |           |       |         |          | 
     | u_cpu_add_167_30_Y_u_cpu_add_165_34_Y_u_cpu_add_16 | B ^ -> Y v   | NOR2X4    | 0.041 |   9.090 |    9.402 | 
     | 3_30_g828                                          |              |           |       |         |          | 
     | u_cpu_add_167_30_Y_u_cpu_add_165_34_Y_u_cpu_add_16 | B0 v -> Y ^  | AOI2BB1X4 | 0.061 |   9.151 |    9.463 | 
     | 3_30_g827                                          |              |           |       |         |          | 
     | u_cpu_add_167_30_Y_u_cpu_add_165_34_Y_u_cpu_add_16 | B ^ -> Y v   | NOR2X6    | 0.045 |   9.197 |    9.509 | 
     | 3_30_g825                                          |              |           |       |         |          | 
     | u_cpu_add_167_30_Y_u_cpu_add_165_34_Y_u_cpu_add_16 | B v -> Y ^   | NOR2X4    | 0.049 |   9.245 |    9.557 | 
     | 3_30_g824                                          |              |           |       |         |          | 
     | u_cpu_add_167_30_Y_u_cpu_add_165_34_Y_u_cpu_add_16 | B ^ -> Y v   | NOR2X6    | 0.044 |   9.289 |    9.601 | 
     | 3_30_g822                                          |              |           |       |         |          | 
     | u_cpu_add_167_30_Y_u_cpu_add_165_34_Y_u_cpu_add_16 | B0 v -> Y ^  | AOI2BB1X4 | 0.062 |   9.352 |    9.664 | 
     | 3_30_g821                                          |              |           |       |         |          | 
     | u_cpu_add_167_30_Y_u_cpu_add_165_34_Y_u_cpu_add_16 | B ^ -> Y v   | NOR2X6    | 0.046 |   9.398 |    9.709 | 
     | 3_30_g819                                          |              |           |       |         |          | 
     | u_cpu_add_167_30_Y_u_cpu_add_165_34_Y_u_cpu_add_16 | B v -> Y ^   | NOR2X4    | 0.043 |   9.441 |    9.753 | 
     | 3_30_g818                                          |              |           |       |         |          | 
     | u_cpu_add_167_30_Y_u_cpu_add_165_34_Y_u_cpu_add_16 | B ^ -> Y v   | NOR2X4    | 0.041 |   9.482 |    9.794 | 
     | 3_30_g816                                          |              |           |       |         |          | 
     | g655057                                            | B0 v -> Y ^  | AOI2BB1X4 | 0.065 |   9.547 |    9.859 | 
     | g655056                                            | A ^ -> Y v   | NOR2X6    | 0.051 |   9.598 |    9.910 | 
     | u_cpu_add_167_30_Y_u_cpu_add_165_34_Y_u_cpu_add_16 | B0 v -> Y ^  | AOI2BB1X4 | 0.055 |   9.653 |    9.965 | 
     | 3_30_g812                                          |              |           |       |         |          | 
     | u_cpu_add_167_30_Y_u_cpu_add_165_34_Y_u_cpu_add_16 | B ^ -> Y v   | NOR2X4    | 0.037 |   9.690 |   10.002 | 
     | 3_30_g810                                          |              |           |       |         |          | 
     | u_cpu_add_167_30_Y_u_cpu_add_165_34_Y_u_cpu_add_16 | B v -> Y ^   | CLKXOR2X1 | 0.131 |   9.821 |   10.133 | 
     | 3_30_g809                                          |              |           |       |         |          | 
     | g641353                                            | B ^ -> Y v   | NAND2X1   | 0.062 |   9.883 |   10.195 | 
     | g653712                                            | B v -> Y ^   | NAND2X1   | 0.051 |   9.934 |   10.246 | 
     | u_cpu_pc_reg[31]                                   | D ^          | DFFRHQX1  | 0.000 |   9.934 |   10.246 | 
     +------------------------------------------------------------------------------------------------------------+ 
Path 16: MET Setup Check with Pin u_cpu_pc_reg[31]/CK 
Endpoint:   u_cpu_pc_reg[31]/D (^) checked with  leading edge of 'clk'
Beginpoint: u_cpu_ir_reg[0]/Q  (^) triggered by  leading edge of 'clk'
Path Groups: {clk}
Analysis View: av_ss
Other End Arrival Time          0.508
- Setup                         0.062
+ Phase Shift                  10.000
- Uncertainty                   0.200
= Required Time                10.246
- Arrival Time                  9.933
= Slack Time                    0.313
     Clock Rise Edge                 0.000
     + Clock Network Latency (Prop)  0.512
     = Beginpoint Arrival Time       0.512
     +------------------------------------------------------------------------------------------------------------+ 
     |                      Instance                      |     Arc      |   Cell    | Delay | Arrival | Required | 
     |                                                    |              |           |       |  Time   |   Time   | 
     |----------------------------------------------------+--------------+-----------+-------+---------+----------| 
     | u_cpu_ir_reg[0]                                    | CK ^         |           |       |   0.512 |    0.825 | 
     | u_cpu_ir_reg[0]                                    | CK ^ -> Q ^  | DFFRX1    | 0.451 |   0.963 |    1.276 | 
     | g160918                                            | A ^ -> Y ^   | AND2X1    | 0.186 |   1.149 |    1.462 | 
     | g160908                                            | B ^ -> Y v   | NAND2X1   | 0.125 |   1.274 |    1.587 | 
     | g159929                                            | B v -> Y ^   | NOR2X1    | 0.127 |   1.402 |    1.714 | 
     | g159943                                            | B ^ -> Y v   | NAND2X1   | 0.174 |   1.576 |    1.888 | 
     | g655020                                            | AN v -> Y v  | NOR2BX1   | 0.137 |   1.712 |    2.025 | 
     | g159917                                            | B v -> Y ^   | NOR2X1    | 0.087 |   1.800 |    2.112 | 
     | FE_OFC1740_n_8751                                  | A ^ -> Y v   | INVX3     | 0.205 |   2.005 |    2.318 | 
     | FE_OFC1742_n_8751                                  | A v -> Y ^   | INVX1     | 0.206 |   2.211 |    2.524 | 
     | u_cpu_u_alu_sub_16_33_Y_u_cpu_u_alu_add_15_33_g417 | A1 ^ -> Y v  | OAI22X1   | 0.164 |   2.375 |    2.688 | 
     | 0                                                  |              |           |       |         |          | 
     | u_cpu_u_alu_sub_16_33_Y_u_cpu_u_alu_add_15_33_g411 | B v -> Y ^   | NOR2X1    | 0.112 |   2.487 |    2.799 | 
     | 5                                                  |              |           |       |         |          | 
     | u_cpu_u_alu_sub_16_33_Y_u_cpu_u_alu_add_15_33_g404 | A1 ^ -> Y v  | OAI21X1   | 0.133 |   2.620 |    2.932 | 
     | 6                                                  |              |           |       |         |          | 
     | u_cpu_u_alu_sub_16_33_Y_u_cpu_u_alu_add_15_33_g403 | A1 v -> Y ^  | AOI21X1   | 0.129 |   2.748 |    3.061 | 
     | 9                                                  |              |           |       |         |          | 
     | u_cpu_u_alu_sub_16_33_Y_u_cpu_u_alu_add_15_33_g403 | B ^ -> Y v   | NOR2X1    | 0.069 |   2.817 |    3.130 | 
     | 4                                                  |              |           |       |         |          | 
     | u_cpu_u_alu_sub_16_33_Y_u_cpu_u_alu_add_15_33_g403 | B v -> Y ^   | NOR2X1    | 0.076 |   2.893 |    3.206 | 
     | 2                                                  |              |           |       |         |          | 
     | u_cpu_u_alu_sub_16_33_Y_u_cpu_u_alu_add_15_33_g403 | B ^ -> Y v   | NOR2X1    | 0.066 |   2.959 |    3.272 | 
     | 0                                                  |              |           |       |         |          | 
     | u_cpu_u_alu_sub_16_33_Y_u_cpu_u_alu_add_15_33_g402 | B v -> Y ^   | NOR2X1    | 0.063 |   3.022 |    3.335 | 
     | 8                                                  |              |           |       |         |          | 
     | u_cpu_u_alu_sub_16_33_Y_u_cpu_u_alu_add_15_33_g402 | B ^ -> Y v   | NOR2X1    | 0.058 |   3.080 |    3.392 | 
     | 6                                                  |              |           |       |         |          | 
     | u_cpu_u_alu_sub_16_33_Y_u_cpu_u_alu_add_15_33_g402 | B v -> Y ^   | NOR2X1    | 0.105 |   3.185 |    3.498 | 
     | 4                                                  |              |           |       |         |          | 
     | u_cpu_u_alu_sub_16_33_Y_u_cpu_u_alu_add_15_33_g402 | B ^ -> Y v   | NOR2X1    | 0.099 |   3.284 |    3.597 | 
     | 1                                                  |              |           |       |         |          | 
     | u_cpu_u_alu_sub_16_33_Y_u_cpu_u_alu_add_15_33_g401 | A1 v -> Y ^  | AOI21X1   | 0.108 |   3.392 |    3.705 | 
     | 5                                                  |              |           |       |         |          | 
     | u_cpu_u_alu_sub_16_33_Y_u_cpu_u_alu_add_15_33_g401 | A1 ^ -> Y v  | OAI21X1   | 0.132 |   3.524 |    3.837 | 
     | 1                                                  |              |           |       |         |          | 
     | g655048                                            | A1N v -> Y v | OAI2BB1X1 | 0.166 |   3.691 |    4.003 | 
     | u_cpu_u_alu_sub_16_33_Y_u_cpu_u_alu_add_15_33_g400 | A v -> Y ^   | INVX1     | 0.069 |   3.760 |    4.073 | 
     | 7                                                  |              |           |       |         |          | 
     | u_cpu_u_alu_sub_16_33_Y_u_cpu_u_alu_add_15_33_g400 | A1 ^ -> Y v  | OAI21X1   | 0.095 |   3.855 |    4.167 | 
     | 5                                                  |              |           |       |         |          | 
     | u_cpu_u_alu_sub_16_33_Y_u_cpu_u_alu_add_15_33_g400 | A1 v -> Y ^  | AOI21X1   | 0.136 |   3.991 |    4.304 | 
     | 3                                                  |              |           |       |         |          | 
     | u_cpu_u_alu_sub_16_33_Y_u_cpu_u_alu_add_15_33_g400 | A1 ^ -> Y v  | OAI21X1   | 0.137 |   4.128 |    4.441 | 
     | 0                                                  |              |           |       |         |          | 
     | u_cpu_u_alu_sub_16_33_Y_u_cpu_u_alu_add_15_33_g399 | A v -> Y ^   | INVX1     | 0.068 |   4.196 |    4.508 | 
     | 9                                                  |              |           |       |         |          | 
     | u_cpu_u_alu_sub_16_33_Y_u_cpu_u_alu_add_15_33_g399 | B ^ -> Y v   | NOR2X1    | 0.039 |   4.235 |    4.547 | 
     | 8                                                  |              |           |       |         |          | 
     | u_cpu_u_alu_sub_16_33_Y_u_cpu_u_alu_add_15_33_g399 | B v -> Y ^   | NOR2X1    | 0.101 |   4.336 |    4.648 | 
     | 6                                                  |              |           |       |         |          | 
     | u_cpu_u_alu_sub_16_33_Y_u_cpu_u_alu_add_15_33_g399 | B ^ -> Y v   | NOR2X1    | 0.094 |   4.430 |    4.742 | 
     | 5                                                  |              |           |       |         |          | 
     | u_cpu_u_alu_sub_16_33_Y_u_cpu_u_alu_add_15_33_g399 | B v -> Y ^   | NAND2X1   | 0.045 |   4.475 |    4.788 | 
     | 1                                                  |              |           |       |         |          | 
     | u_cpu_u_alu_sub_16_33_Y_u_cpu_u_alu_add_15_33_g398 | B ^ -> Y v   | NAND2X1   | 0.128 |   4.603 |    4.916 | 
     | 9                                                  |              |           |       |         |          | 
     | u_cpu_u_alu_sub_16_33_Y_u_cpu_u_alu_add_15_33_g398 | B v -> Y ^   | NAND2X1   | 0.109 |   4.713 |    5.025 | 
     | 2                                                  |              |           |       |         |          | 
     | u_cpu_u_alu_sub_16_33_Y_u_cpu_u_alu_add_15_33_g397 | A1 ^ -> Y v  | OAI21X1   | 0.180 |   4.892 |    5.205 | 
     | 6                                                  |              |           |       |         |          | 
     | u_cpu_u_alu_sub_16_33_Y_u_cpu_u_alu_add_15_33_g429 | B v -> Y v   | CLKXOR2X1 | 0.207 |   5.099 |    5.412 | 
     | 3                                                  |              |           |       |         |          | 
     | g655417                                            | B v -> Y ^   | NAND2X1   | 0.050 |   5.149 |    5.461 | 
     | g655035                                            | C ^ -> Y v   | NAND3X2   | 0.189 |   5.338 |    5.650 | 
     | g165559                                            | A v -> Y ^   | NOR2X1    | 0.148 |   5.486 |    5.799 | 
     | g655026                                            | D ^ -> Y v   | NAND4BBX2 | 0.162 |   5.648 |    5.961 | 
     | g165557                                            | A v -> Y ^   | NOR2X1    | 0.127 |   5.775 |    6.088 | 
     | g165556                                            | A ^ -> Y v   | NAND2X1   | 0.073 |   5.848 |    6.160 | 
     | g165555                                            | B v -> Y ^   | NOR2X1    | 0.096 |   5.943 |    6.256 | 
     | g165554                                            | B0 ^ -> Y v  | AOI2BB1X1 | 0.098 |   6.041 |    6.354 | 
     | g165553                                            | B v -> Y ^   | NOR2X4    | 0.097 |   6.138 |    6.450 | 
     | g165550                                            | S0 ^ -> Y ^  | MX2X1     | 0.193 |   6.331 |    6.644 | 
     | u_cpu_add_167_30_Y_u_cpu_add_165_34_Y_u_cpu_add_16 | B ^ -> Y ^   | AND2X1    | 0.138 |   6.469 |    6.781 | 
     | 3_30_g975                                          |              |           |       |         |          | 
     | u_cpu_add_167_30_Y_u_cpu_add_165_34_Y_u_cpu_add_16 | A ^ -> Y v   | NOR2X1    | 0.054 |   6.523 |    6.835 | 
     | 3_30_g913                                          |              |           |       |         |          | 
     | u_cpu_add_167_30_Y_u_cpu_add_165_34_Y_u_cpu_add_16 | B v -> Y ^   | NOR2X1    | 0.065 |   6.588 |    6.900 | 
     | 3_30_g911                                          |              |           |       |         |          | 
     | u_cpu_add_167_30_Y_u_cpu_add_165_34_Y_u_cpu_add_16 | B ^ -> Y v   | NOR2X2    | 0.054 |   6.642 |    6.955 | 
     | 3_30_g909                                          |              |           |       |         |          | 
     | u_cpu_add_167_30_Y_u_cpu_add_165_34_Y_u_cpu_add_16 | B0 v -> Y ^  | AOI2BB1X1 | 0.071 |   6.713 |    7.026 | 
     | 3_30_g907                                          |              |           |       |         |          | 
     | u_cpu_add_167_30_Y_u_cpu_add_165_34_Y_u_cpu_add_16 | B ^ -> Y v   | NOR2X2    | 0.059 |   6.772 |    7.085 | 
     | 3_30_g905                                          |              |           |       |         |          | 
     | u_cpu_add_167_30_Y_u_cpu_add_165_34_Y_u_cpu_add_16 | B0 v -> Y ^  | AOI2BB1X1 | 0.082 |   6.854 |    7.167 | 
     | 3_30_g903                                          |              |           |       |         |          | 
     | g655044                                            | B0 ^ -> Y v  | AOI21X2   | 0.062 |   6.916 |    7.229 | 
     | u_cpu_add_167_30_Y_u_cpu_add_165_34_Y_u_cpu_add_16 | B0 v -> Y ^  | AOI2BB1X1 | 0.081 |   6.997 |    7.309 | 
     | 3_30_g899                                          |              |           |       |         |          | 
     | u_cpu_add_167_30_Y_u_cpu_add_165_34_Y_u_cpu_add_16 | B ^ -> Y v   | NOR2X1    | 0.066 |   7.063 |    7.375 | 
     | 3_30_g897                                          |              |           |       |         |          | 
     | g655043                                            | A1N v -> Y v | AOI2BB1X2 | 0.160 |   7.223 |    7.536 | 
     | u_cpu_add_167_30_Y_u_cpu_add_165_34_Y_u_cpu_add_16 | B0 v -> Y ^  | AOI2BB1X2 | 0.078 |   7.301 |    7.614 | 
     | 3_30_g891                                          |              |           |       |         |          | 
     | u_cpu_add_167_30_Y_u_cpu_add_165_34_Y_u_cpu_add_16 | B ^ -> Y v   | NOR2X4    | 0.050 |   7.352 |    7.664 | 
     | 3_30_g889                                          |              |           |       |         |          | 
     | u_cpu_add_167_30_Y_u_cpu_add_165_34_Y_u_cpu_add_16 | B v -> Y ^   | NOR2X2    | 0.057 |   7.408 |    7.721 | 
     | 3_30_g887                                          |              |           |       |         |          | 
     | u_cpu_add_167_30_Y_u_cpu_add_165_34_Y_u_cpu_add_16 | B ^ -> Y v   | NOR2X4    | 0.049 |   7.458 |    7.770 | 
     | 3_30_g885                                          |              |           |       |         |          | 
     | u_cpu_add_167_30_Y_u_cpu_add_165_34_Y_u_cpu_add_16 | B v -> Y ^   | NOR2X2    | 0.056 |   7.514 |    7.827 | 
     | 3_30_g883                                          |              |           |       |         |          | 
     | u_cpu_add_167_30_Y_u_cpu_add_165_34_Y_u_cpu_add_16 | B ^ -> Y v   | NOR2X4    | 0.049 |   7.562 |    7.875 | 
     | 3_30_g881                                          |              |           |       |         |          | 
     | u_cpu_add_167_30_Y_u_cpu_add_165_34_Y_u_cpu_add_16 | B0 v -> Y ^  | AOI2BB1X2 | 0.069 |   7.631 |    7.944 | 
     | 3_30_g879                                          |              |           |       |         |          | 
     | u_cpu_add_167_30_Y_u_cpu_add_165_34_Y_u_cpu_add_16 | B ^ -> Y v   | NOR2X4    | 0.055 |   7.686 |    7.998 | 
     | 3_30_g877                                          |              |           |       |         |          | 
     | u_cpu_add_167_30_Y_u_cpu_add_165_34_Y_u_cpu_add_16 | B0 v -> Y ^  | AOI2BB1X4 | 0.056 |   7.742 |    8.054 | 
     | 3_30_g875                                          |              |           |       |         |          | 
     | u_cpu_add_167_30_Y_u_cpu_add_165_34_Y_u_cpu_add_16 | B ^ -> Y v   | NOR2X4    | 0.049 |   7.791 |    8.104 | 
     | 3_30_g873                                          |              |           |       |         |          | 
     | u_cpu_add_167_30_Y_u_cpu_add_165_34_Y_u_cpu_add_16 | B v -> Y ^   | NOR2X4    | 0.049 |   7.840 |    8.152 | 
     | 3_30_g871                                          |              |           |       |         |          | 
     | u_cpu_add_167_30_Y_u_cpu_add_165_34_Y_u_cpu_add_16 | B ^ -> Y v   | NOR2X4    | 0.043 |   7.882 |    8.195 | 
     | 3_30_g869                                          |              |           |       |         |          | 
     | u_cpu_add_167_30_Y_u_cpu_add_165_34_Y_u_cpu_add_16 | B0 v -> Y ^  | AOI2BB1X4 | 0.056 |   7.938 |    8.251 | 
     | 3_30_g867                                          |              |           |       |         |          | 
     | u_cpu_add_167_30_Y_u_cpu_add_165_34_Y_u_cpu_add_16 | B ^ -> Y v   | NOR2X4    | 0.044 |   7.982 |    8.295 | 
     | 3_30_g865                                          |              |           |       |         |          | 
     | u_cpu_add_167_30_Y_u_cpu_add_165_34_Y_u_cpu_add_16 | B v -> Y ^   | NOR2X4    | 0.045 |   8.027 |    8.340 | 
     | 3_30_g863                                          |              |           |       |         |          | 
     | u_cpu_add_167_30_Y_u_cpu_add_165_34_Y_u_cpu_add_16 | B ^ -> Y v   | NOR2X4    | 0.038 |   8.066 |    8.378 | 
     | 3_30_g861                                          |              |           |       |         |          | 
     | u_cpu_add_167_30_Y_u_cpu_add_165_34_Y_u_cpu_add_16 | B0 v -> Y ^  | AOI2BB1X2 | 0.067 |   8.133 |    8.446 | 
     | 3_30_g859                                          |              |           |       |         |          | 
     | u_cpu_add_167_30_Y_u_cpu_add_165_34_Y_u_cpu_add_16 | B ^ -> Y v   | NOR2X4    | 0.054 |   8.187 |    8.499 | 
     | 3_30_g857                                          |              |           |       |         |          | 
     | u_cpu_add_167_30_Y_u_cpu_add_165_34_Y_u_cpu_add_16 | B0 v -> Y ^  | AOI2BB1X4 | 0.063 |   8.249 |    8.562 | 
     | 3_30_g855                                          |              |           |       |         |          | 
     | u_cpu_add_167_30_Y_u_cpu_add_165_34_Y_u_cpu_add_16 | B ^ -> Y v   | NOR2X6    | 0.046 |   8.295 |    8.608 | 
     | 3_30_g853                                          |              |           |       |         |          | 
     | u_cpu_add_167_30_Y_u_cpu_add_165_34_Y_u_cpu_add_16 | B v -> Y ^   | NOR2X4    | 0.043 |   8.338 |    8.651 | 
     | 3_30_g851                                          |              |           |       |         |          | 
     | u_cpu_add_167_30_Y_u_cpu_add_165_34_Y_u_cpu_add_16 | B ^ -> Y v   | NOR2X4    | 0.044 |   8.382 |    8.695 | 
     | 3_30_g849                                          |              |           |       |         |          | 
     | u_cpu_add_167_30_Y_u_cpu_add_165_34_Y_u_cpu_add_16 | B v -> Y ^   | NOR2X4    | 0.047 |   8.430 |    8.742 | 
     | 3_30_g848                                          |              |           |       |         |          | 
     | u_cpu_add_167_30_Y_u_cpu_add_165_34_Y_u_cpu_add_16 | B ^ -> Y v   | NOR2X4    | 0.043 |   8.473 |    8.785 | 
     | 3_30_g846                                          |              |           |       |         |          | 
     | u_cpu_add_167_30_Y_u_cpu_add_165_34_Y_u_cpu_add_16 | B0 v -> Y ^  | AOI2BB1X4 | 0.060 |   8.532 |    8.845 | 
     | 3_30_g845                                          |              |           |       |         |          | 
     | u_cpu_add_167_30_Y_u_cpu_add_165_34_Y_u_cpu_add_16 | B ^ -> Y v   | NOR2X4    | 0.047 |   8.579 |    8.892 | 
     | 3_30_g843                                          |              |           |       |         |          | 
     | g655480                                            | B0 v -> Y ^  | AOI2BB1X4 | 0.058 |   8.637 |    8.950 | 
     | u_cpu_add_167_30_Y_u_cpu_add_165_34_Y_u_cpu_add_16 | B ^ -> Y v   | NOR2X4    | 0.047 |   8.685 |    8.997 | 
     | 3_30_g840                                          |              |           |       |         |          | 
     | u_cpu_add_167_30_Y_u_cpu_add_165_34_Y_u_cpu_add_16 | B v -> Y ^   | NOR2X4    | 0.044 |   8.729 |    9.041 | 
     | 3_30_g839                                          |              |           |       |         |          | 
     | u_cpu_add_167_30_Y_u_cpu_add_165_34_Y_u_cpu_add_16 | B ^ -> Y v   | NOR2X4    | 0.042 |   8.770 |    9.083 | 
     | 3_30_g837                                          |              |           |       |         |          | 
     | u_cpu_add_167_30_Y_u_cpu_add_165_34_Y_u_cpu_add_16 | B0 v -> Y ^  | AOI2BB1X4 | 0.063 |   8.833 |    9.145 | 
     | 3_30_g836                                          |              |           |       |         |          | 
     | u_cpu_add_167_30_Y_u_cpu_add_165_34_Y_u_cpu_add_16 | B ^ -> Y v   | NOR2X6    | 0.052 |   8.884 |    9.197 | 
     | 3_30_g834                                          |              |           |       |         |          | 
     | u_cpu_add_167_30_Y_u_cpu_add_165_34_Y_u_cpu_add_16 | B0 v -> Y ^  | AOI2BB1X4 | 0.065 |   8.949 |    9.262 | 
     | 3_30_g833                                          |              |           |       |         |          | 
     | u_cpu_add_167_30_Y_u_cpu_add_165_34_Y_u_cpu_add_16 | B ^ -> Y v   | NOR2X6    | 0.052 |   9.001 |    9.314 | 
     | 3_30_g831                                          |              |           |       |         |          | 
     | u_cpu_add_167_30_Y_u_cpu_add_165_34_Y_u_cpu_add_16 | B v -> Y ^   | NOR2X4    | 0.047 |   9.048 |    9.361 | 
     | 3_30_g830                                          |              |           |       |         |          | 
     | u_cpu_add_167_30_Y_u_cpu_add_165_34_Y_u_cpu_add_16 | B ^ -> Y v   | NOR2X4    | 0.041 |   9.089 |    9.402 | 
     | 3_30_g828                                          |              |           |       |         |          | 
     | u_cpu_add_167_30_Y_u_cpu_add_165_34_Y_u_cpu_add_16 | B0 v -> Y ^  | AOI2BB1X4 | 0.061 |   9.150 |    9.463 | 
     | 3_30_g827                                          |              |           |       |         |          | 
     | u_cpu_add_167_30_Y_u_cpu_add_165_34_Y_u_cpu_add_16 | B ^ -> Y v   | NOR2X6    | 0.045 |   9.196 |    9.509 | 
     | 3_30_g825                                          |              |           |       |         |          | 
     | u_cpu_add_167_30_Y_u_cpu_add_165_34_Y_u_cpu_add_16 | B v -> Y ^   | NOR2X4    | 0.049 |   9.245 |    9.557 | 
     | 3_30_g824                                          |              |           |       |         |          | 
     | u_cpu_add_167_30_Y_u_cpu_add_165_34_Y_u_cpu_add_16 | B ^ -> Y v   | NOR2X6    | 0.044 |   9.289 |    9.601 | 
     | 3_30_g822                                          |              |           |       |         |          | 
     | u_cpu_add_167_30_Y_u_cpu_add_165_34_Y_u_cpu_add_16 | B0 v -> Y ^  | AOI2BB1X4 | 0.062 |   9.351 |    9.664 | 
     | 3_30_g821                                          |              |           |       |         |          | 
     | u_cpu_add_167_30_Y_u_cpu_add_165_34_Y_u_cpu_add_16 | B ^ -> Y v   | NOR2X6    | 0.046 |   9.397 |    9.709 | 
     | 3_30_g819                                          |              |           |       |         |          | 
     | u_cpu_add_167_30_Y_u_cpu_add_165_34_Y_u_cpu_add_16 | B v -> Y ^   | NOR2X4    | 0.043 |   9.440 |    9.753 | 
     | 3_30_g818                                          |              |           |       |         |          | 
     | u_cpu_add_167_30_Y_u_cpu_add_165_34_Y_u_cpu_add_16 | B ^ -> Y v   | NOR2X4    | 0.041 |   9.481 |    9.794 | 
     | 3_30_g816                                          |              |           |       |         |          | 
     | g655057                                            | B0 v -> Y ^  | AOI2BB1X4 | 0.065 |   9.546 |    9.859 | 
     | g655056                                            | A ^ -> Y v   | NOR2X6    | 0.051 |   9.597 |    9.910 | 
     | u_cpu_add_167_30_Y_u_cpu_add_165_34_Y_u_cpu_add_16 | B0 v -> Y ^  | AOI2BB1X4 | 0.055 |   9.652 |    9.965 | 
     | 3_30_g812                                          |              |           |       |         |          | 
     | u_cpu_add_167_30_Y_u_cpu_add_165_34_Y_u_cpu_add_16 | B ^ -> Y v   | NOR2X4    | 0.037 |   9.690 |   10.002 | 
     | 3_30_g810                                          |              |           |       |         |          | 
     | u_cpu_add_167_30_Y_u_cpu_add_165_34_Y_u_cpu_add_16 | B v -> Y ^   | CLKXOR2X1 | 0.131 |   9.821 |   10.133 | 
     | 3_30_g809                                          |              |           |       |         |          | 
     | g641353                                            | B ^ -> Y v   | NAND2X1   | 0.062 |   9.883 |   10.195 | 
     | g653712                                            | B v -> Y ^   | NAND2X1   | 0.051 |   9.933 |   10.246 | 
     | u_cpu_pc_reg[31]                                   | D ^          | DFFRHQX1  | 0.000 |   9.933 |   10.246 | 
     +------------------------------------------------------------------------------------------------------------+ 
Path 17: MET Setup Check with Pin u_cpu_pc_reg[31]/CK 
Endpoint:   u_cpu_pc_reg[31]/D (^) checked with  leading edge of 'clk'
Beginpoint: u_cpu_ir_reg[0]/Q  (^) triggered by  leading edge of 'clk'
Path Groups: {clk}
Analysis View: av_ss
Other End Arrival Time          0.508
- Setup                         0.062
+ Phase Shift                  10.000
- Uncertainty                   0.200
= Required Time                10.246
- Arrival Time                  9.932
= Slack Time                    0.314
     Clock Rise Edge                 0.000
     + Clock Network Latency (Prop)  0.512
     = Beginpoint Arrival Time       0.512
     +------------------------------------------------------------------------------------------------------------+ 
     |                      Instance                      |     Arc      |   Cell    | Delay | Arrival | Required | 
     |                                                    |              |           |       |  Time   |   Time   | 
     |----------------------------------------------------+--------------+-----------+-------+---------+----------| 
     | u_cpu_ir_reg[0]                                    | CK ^         |           |       |   0.512 |    0.826 | 
     | u_cpu_ir_reg[0]                                    | CK ^ -> Q ^  | DFFRX1    | 0.451 |   0.963 |    1.277 | 
     | g655383                                            | A ^ -> Y v   | NAND2X1   | 0.145 |   1.108 |    1.422 | 
     | g160909                                            | B v -> Y ^   | NOR2X1    | 0.102 |   1.210 |    1.524 | 
     | g160892                                            | B0 ^ -> Y v  | OAI21X1   | 0.109 |   1.319 |    1.632 | 
     | g160890                                            | B v -> Y ^   | NOR2X1    | 0.138 |   1.456 |    1.770 | 
     | FE_OFC2349_n_8446                                  | A ^ -> Y v   | CLKINVX4  | 0.160 |   1.617 |    1.930 | 
     | g655053                                            | A1N v -> Y v | OAI2BB1X1 | 0.246 |   1.863 |    2.177 | 
     | FE_OFC511_n_8980                                   | A v -> Y v   | BUFX8     | 0.237 |   2.099 |    2.413 | 
     | FE_OFC2432_n_8980                                  | A v -> Y ^   | INVX3     | 0.155 |   2.254 |    2.568 | 
     | u_cpu_u_alu_sub_16_33_Y_u_cpu_u_alu_add_15_33_g417 | A0 ^ -> Y v  | OAI22X1   | 0.149 |   2.404 |    2.718 | 
     | 0                                                  |              |           |       |         |          | 
     | u_cpu_u_alu_sub_16_33_Y_u_cpu_u_alu_add_15_33_g411 | B v -> Y ^   | NOR2X1    | 0.112 |   2.515 |    2.829 | 
     | 5                                                  |              |           |       |         |          | 
     | u_cpu_u_alu_sub_16_33_Y_u_cpu_u_alu_add_15_33_g404 | A1 ^ -> Y v  | OAI21X1   | 0.133 |   2.648 |    2.962 | 
     | 6                                                  |              |           |       |         |          | 
     | u_cpu_u_alu_sub_16_33_Y_u_cpu_u_alu_add_15_33_g403 | A1 v -> Y ^  | AOI21X1   | 0.129 |   2.777 |    3.091 | 
     | 9                                                  |              |           |       |         |          | 
     | u_cpu_u_alu_sub_16_33_Y_u_cpu_u_alu_add_15_33_g403 | B ^ -> Y v   | NOR2X1    | 0.069 |   2.846 |    3.160 | 
     | 4                                                  |              |           |       |         |          | 
     | u_cpu_u_alu_sub_16_33_Y_u_cpu_u_alu_add_15_33_g403 | B v -> Y ^   | NOR2X1    | 0.076 |   2.922 |    3.236 | 
     | 2                                                  |              |           |       |         |          | 
     | u_cpu_u_alu_sub_16_33_Y_u_cpu_u_alu_add_15_33_g403 | B ^ -> Y v   | NOR2X1    | 0.066 |   2.988 |    3.302 | 
     | 0                                                  |              |           |       |         |          | 
     | u_cpu_u_alu_sub_16_33_Y_u_cpu_u_alu_add_15_33_g402 | B v -> Y ^   | NOR2X1    | 0.063 |   3.051 |    3.364 | 
     | 8                                                  |              |           |       |         |          | 
     | u_cpu_u_alu_sub_16_33_Y_u_cpu_u_alu_add_15_33_g402 | B ^ -> Y v   | NOR2X1    | 0.058 |   3.108 |    3.422 | 
     | 6                                                  |              |           |       |         |          | 
     | u_cpu_u_alu_sub_16_33_Y_u_cpu_u_alu_add_15_33_g402 | B v -> Y ^   | NOR2X1    | 0.105 |   3.214 |    3.528 | 
     | 4                                                  |              |           |       |         |          | 
     | u_cpu_u_alu_sub_16_33_Y_u_cpu_u_alu_add_15_33_g402 | B ^ -> Y v   | NOR2X1    | 0.099 |   3.313 |    3.627 | 
     | 1                                                  |              |           |       |         |          | 
     | u_cpu_u_alu_sub_16_33_Y_u_cpu_u_alu_add_15_33_g401 | A1 v -> Y ^  | AOI21X1   | 0.108 |   3.421 |    3.734 | 
     | 5                                                  |              |           |       |         |          | 
     | u_cpu_u_alu_sub_16_33_Y_u_cpu_u_alu_add_15_33_g401 | A1 ^ -> Y v  | OAI21X1   | 0.132 |   3.553 |    3.867 | 
     | 1                                                  |              |           |       |         |          | 
     | g655048                                            | A1N v -> Y v | OAI2BB1X1 | 0.166 |   3.719 |    4.033 | 
     | u_cpu_u_alu_sub_16_33_Y_u_cpu_u_alu_add_15_33_g400 | A v -> Y ^   | INVX1     | 0.069 |   3.789 |    4.103 | 
     | 7                                                  |              |           |       |         |          | 
     | u_cpu_u_alu_sub_16_33_Y_u_cpu_u_alu_add_15_33_g400 | A1 ^ -> Y v  | OAI21X1   | 0.095 |   3.883 |    4.197 | 
     | 5                                                  |              |           |       |         |          | 
     | u_cpu_u_alu_sub_16_33_Y_u_cpu_u_alu_add_15_33_g400 | A1 v -> Y ^  | AOI21X1   | 0.136 |   4.020 |    4.333 | 
     | 3                                                  |              |           |       |         |          | 
     | u_cpu_u_alu_sub_16_33_Y_u_cpu_u_alu_add_15_33_g400 | A1 ^ -> Y v  | OAI21X1   | 0.137 |   4.157 |    4.470 | 
     | 0                                                  |              |           |       |         |          | 
     | u_cpu_u_alu_sub_16_33_Y_u_cpu_u_alu_add_15_33_g399 | A v -> Y ^   | INVX1     | 0.068 |   4.224 |    4.538 | 
     | 9                                                  |              |           |       |         |          | 
     | u_cpu_u_alu_sub_16_33_Y_u_cpu_u_alu_add_15_33_g399 | B ^ -> Y v   | NOR2X1    | 0.039 |   4.263 |    4.577 | 
     | 8                                                  |              |           |       |         |          | 
     | u_cpu_u_alu_sub_16_33_Y_u_cpu_u_alu_add_15_33_g399 | B v -> Y ^   | NOR2X1    | 0.101 |   4.364 |    4.678 | 
     | 6                                                  |              |           |       |         |          | 
     | u_cpu_u_alu_sub_16_33_Y_u_cpu_u_alu_add_15_33_g399 | B ^ -> Y v   | NOR2X1    | 0.094 |   4.458 |    4.772 | 
     | 5                                                  |              |           |       |         |          | 
     | u_cpu_u_alu_sub_16_33_Y_u_cpu_u_alu_add_15_33_g399 | B v -> Y ^   | NAND2X1   | 0.045 |   4.504 |    4.817 | 
     | 1                                                  |              |           |       |         |          | 
     | u_cpu_u_alu_sub_16_33_Y_u_cpu_u_alu_add_15_33_g398 | B ^ -> Y v   | NAND2X1   | 0.128 |   4.632 |    4.946 | 
     | 9                                                  |              |           |       |         |          | 
     | u_cpu_u_alu_sub_16_33_Y_u_cpu_u_alu_add_15_33_g398 | B v -> Y ^   | NAND2X1   | 0.109 |   4.741 |    5.055 | 
     | 2                                                  |              |           |       |         |          | 
     | u_cpu_u_alu_sub_16_33_Y_u_cpu_u_alu_add_15_33_g397 | B ^ -> Y v   | NAND2X1   | 0.099 |   4.840 |    5.154 | 
     | 9                                                  |              |           |       |         |          | 
     | u_cpu_u_alu_sub_16_33_Y_u_cpu_u_alu_add_15_33_g655 | A v -> Y ^   | INVX1     | 0.063 |   4.903 |    5.217 | 
     | 407                                                |              |           |       |         |          | 
     | u_cpu_u_alu_sub_16_33_Y_u_cpu_u_alu_add_15_33_g396 | A1 ^ -> Y v  | OAI21X1   | 0.075 |   4.979 |    5.292 | 
     | 9                                                  |              |           |       |         |          | 
     | u_cpu_u_alu_sub_16_33_Y_u_cpu_u_alu_add_15_33_g396 | B v -> Y v   | XNOR2X1   | 0.147 |   5.126 |    5.440 | 
     | 2                                                  |              |           |       |         |          | 
     | g165976                                            | B v -> Y ^   | NAND2X1   | 0.046 |   5.172 |    5.485 | 
     | g655037                                            | C ^ -> Y v   | NAND3X2   | 0.163 |   5.335 |    5.649 | 
     | g655026                                            | BN v -> Y v  | NAND4BBX2 | 0.312 |   5.647 |    5.961 | 
     | g165557                                            | A v -> Y ^   | NOR2X1    | 0.127 |   5.774 |    6.088 | 
     | g165556                                            | A ^ -> Y v   | NAND2X1   | 0.073 |   5.847 |    6.160 | 
     | g165555                                            | B v -> Y ^   | NOR2X1    | 0.096 |   5.942 |    6.256 | 
     | g165554                                            | B0 ^ -> Y v  | AOI2BB1X1 | 0.098 |   6.040 |    6.354 | 
     | g165553                                            | B v -> Y ^   | NOR2X4    | 0.097 |   6.137 |    6.450 | 
     | g165550                                            | S0 ^ -> Y ^  | MX2X1     | 0.193 |   6.330 |    6.644 | 
     | u_cpu_add_167_30_Y_u_cpu_add_165_34_Y_u_cpu_add_16 | B ^ -> Y ^   | AND2X1    | 0.138 |   6.467 |    6.781 | 
     | 3_30_g975                                          |              |           |       |         |          | 
     | u_cpu_add_167_30_Y_u_cpu_add_165_34_Y_u_cpu_add_16 | A ^ -> Y v   | NOR2X1    | 0.054 |   6.521 |    6.835 | 
     | 3_30_g913                                          |              |           |       |         |          | 
     | u_cpu_add_167_30_Y_u_cpu_add_165_34_Y_u_cpu_add_16 | B v -> Y ^   | NOR2X1    | 0.065 |   6.587 |    6.900 | 
     | 3_30_g911                                          |              |           |       |         |          | 
     | u_cpu_add_167_30_Y_u_cpu_add_165_34_Y_u_cpu_add_16 | B ^ -> Y v   | NOR2X2    | 0.054 |   6.641 |    6.955 | 
     | 3_30_g909                                          |              |           |       |         |          | 
     | u_cpu_add_167_30_Y_u_cpu_add_165_34_Y_u_cpu_add_16 | B0 v -> Y ^  | AOI2BB1X1 | 0.071 |   6.712 |    7.026 | 
     | 3_30_g907                                          |              |           |       |         |          | 
     | u_cpu_add_167_30_Y_u_cpu_add_165_34_Y_u_cpu_add_16 | B ^ -> Y v   | NOR2X2    | 0.059 |   6.771 |    7.085 | 
     | 3_30_g905                                          |              |           |       |         |          | 
     | u_cpu_add_167_30_Y_u_cpu_add_165_34_Y_u_cpu_add_16 | B0 v -> Y ^  | AOI2BB1X1 | 0.082 |   6.853 |    7.167 | 
     | 3_30_g903                                          |              |           |       |         |          | 
     | g655044                                            | B0 ^ -> Y v  | AOI21X2   | 0.062 |   6.915 |    7.229 | 
     | u_cpu_add_167_30_Y_u_cpu_add_165_34_Y_u_cpu_add_16 | B0 v -> Y ^  | AOI2BB1X1 | 0.081 |   6.995 |    7.309 | 
     | 3_30_g899                                          |              |           |       |         |          | 
     | u_cpu_add_167_30_Y_u_cpu_add_165_34_Y_u_cpu_add_16 | B ^ -> Y v   | NOR2X1    | 0.066 |   7.061 |    7.375 | 
     | 3_30_g897                                          |              |           |       |         |          | 
     | g655043                                            | A1N v -> Y v | AOI2BB1X2 | 0.160 |   7.222 |    7.536 | 
     | u_cpu_add_167_30_Y_u_cpu_add_165_34_Y_u_cpu_add_16 | B0 v -> Y ^  | AOI2BB1X2 | 0.078 |   7.300 |    7.614 | 
     | 3_30_g891                                          |              |           |       |         |          | 
     | u_cpu_add_167_30_Y_u_cpu_add_165_34_Y_u_cpu_add_16 | B ^ -> Y v   | NOR2X4    | 0.050 |   7.350 |    7.664 | 
     | 3_30_g889                                          |              |           |       |         |          | 
     | u_cpu_add_167_30_Y_u_cpu_add_165_34_Y_u_cpu_add_16 | B v -> Y ^   | NOR2X2    | 0.057 |   7.407 |    7.721 | 
     | 3_30_g887                                          |              |           |       |         |          | 
     | u_cpu_add_167_30_Y_u_cpu_add_165_34_Y_u_cpu_add_16 | B ^ -> Y v   | NOR2X4    | 0.049 |   7.457 |    7.770 | 
     | 3_30_g885                                          |              |           |       |         |          | 
     | u_cpu_add_167_30_Y_u_cpu_add_165_34_Y_u_cpu_add_16 | B v -> Y ^   | NOR2X2    | 0.056 |   7.513 |    7.827 | 
     | 3_30_g883                                          |              |           |       |         |          | 
     | u_cpu_add_167_30_Y_u_cpu_add_165_34_Y_u_cpu_add_16 | B ^ -> Y v   | NOR2X4    | 0.049 |   7.561 |    7.875 | 
     | 3_30_g881                                          |              |           |       |         |          | 
     | u_cpu_add_167_30_Y_u_cpu_add_165_34_Y_u_cpu_add_16 | B0 v -> Y ^  | AOI2BB1X2 | 0.069 |   7.630 |    7.944 | 
     | 3_30_g879                                          |              |           |       |         |          | 
     | u_cpu_add_167_30_Y_u_cpu_add_165_34_Y_u_cpu_add_16 | B ^ -> Y v   | NOR2X4    | 0.055 |   7.685 |    7.998 | 
     | 3_30_g877                                          |              |           |       |         |          | 
     | u_cpu_add_167_30_Y_u_cpu_add_165_34_Y_u_cpu_add_16 | B0 v -> Y ^  | AOI2BB1X4 | 0.056 |   7.741 |    8.054 | 
     | 3_30_g875                                          |              |           |       |         |          | 
     | u_cpu_add_167_30_Y_u_cpu_add_165_34_Y_u_cpu_add_16 | B ^ -> Y v   | NOR2X4    | 0.049 |   7.790 |    8.104 | 
     | 3_30_g873                                          |              |           |       |         |          | 
     | u_cpu_add_167_30_Y_u_cpu_add_165_34_Y_u_cpu_add_16 | B v -> Y ^   | NOR2X4    | 0.049 |   7.838 |    8.152 | 
     | 3_30_g871                                          |              |           |       |         |          | 
     | u_cpu_add_167_30_Y_u_cpu_add_165_34_Y_u_cpu_add_16 | B ^ -> Y v   | NOR2X4    | 0.043 |   7.881 |    8.195 | 
     | 3_30_g869                                          |              |           |       |         |          | 
     | u_cpu_add_167_30_Y_u_cpu_add_165_34_Y_u_cpu_add_16 | B0 v -> Y ^  | AOI2BB1X4 | 0.056 |   7.937 |    8.251 | 
     | 3_30_g867                                          |              |           |       |         |          | 
     | u_cpu_add_167_30_Y_u_cpu_add_165_34_Y_u_cpu_add_16 | B ^ -> Y v   | NOR2X4    | 0.044 |   7.981 |    8.295 | 
     | 3_30_g865                                          |              |           |       |         |          | 
     | u_cpu_add_167_30_Y_u_cpu_add_165_34_Y_u_cpu_add_16 | B v -> Y ^   | NOR2X4    | 0.045 |   8.026 |    8.340 | 
     | 3_30_g863                                          |              |           |       |         |          | 
     | u_cpu_add_167_30_Y_u_cpu_add_165_34_Y_u_cpu_add_16 | B ^ -> Y v   | NOR2X4    | 0.038 |   8.065 |    8.378 | 
     | 3_30_g861                                          |              |           |       |         |          | 
     | u_cpu_add_167_30_Y_u_cpu_add_165_34_Y_u_cpu_add_16 | B0 v -> Y ^  | AOI2BB1X2 | 0.067 |   8.132 |    8.446 | 
     | 3_30_g859                                          |              |           |       |         |          | 
     | u_cpu_add_167_30_Y_u_cpu_add_165_34_Y_u_cpu_add_16 | B ^ -> Y v   | NOR2X4    | 0.054 |   8.186 |    8.499 | 
     | 3_30_g857                                          |              |           |       |         |          | 
     | u_cpu_add_167_30_Y_u_cpu_add_165_34_Y_u_cpu_add_16 | B0 v -> Y ^  | AOI2BB1X4 | 0.063 |   8.248 |    8.562 | 
     | 3_30_g855                                          |              |           |       |         |          | 
     | u_cpu_add_167_30_Y_u_cpu_add_165_34_Y_u_cpu_add_16 | B ^ -> Y v   | NOR2X6    | 0.046 |   8.294 |    8.608 | 
     | 3_30_g853                                          |              |           |       |         |          | 
     | u_cpu_add_167_30_Y_u_cpu_add_165_34_Y_u_cpu_add_16 | B v -> Y ^   | NOR2X4    | 0.043 |   8.337 |    8.651 | 
     | 3_30_g851                                          |              |           |       |         |          | 
     | u_cpu_add_167_30_Y_u_cpu_add_165_34_Y_u_cpu_add_16 | B ^ -> Y v   | NOR2X4    | 0.044 |   8.381 |    8.695 | 
     | 3_30_g849                                          |              |           |       |         |          | 
     | u_cpu_add_167_30_Y_u_cpu_add_165_34_Y_u_cpu_add_16 | B v -> Y ^   | NOR2X4    | 0.047 |   8.429 |    8.742 | 
     | 3_30_g848                                          |              |           |       |         |          | 
     | u_cpu_add_167_30_Y_u_cpu_add_165_34_Y_u_cpu_add_16 | B ^ -> Y v   | NOR2X4    | 0.043 |   8.472 |    8.785 | 
     | 3_30_g846                                          |              |           |       |         |          | 
     | u_cpu_add_167_30_Y_u_cpu_add_165_34_Y_u_cpu_add_16 | B0 v -> Y ^  | AOI2BB1X4 | 0.060 |   8.531 |    8.845 | 
     | 3_30_g845                                          |              |           |       |         |          | 
     | u_cpu_add_167_30_Y_u_cpu_add_165_34_Y_u_cpu_add_16 | B ^ -> Y v   | NOR2X4    | 0.047 |   8.578 |    8.892 | 
     | 3_30_g843                                          |              |           |       |         |          | 
     | g655480                                            | B0 v -> Y ^  | AOI2BB1X4 | 0.058 |   8.636 |    8.950 | 
     | u_cpu_add_167_30_Y_u_cpu_add_165_34_Y_u_cpu_add_16 | B ^ -> Y v   | NOR2X4    | 0.047 |   8.683 |    8.997 | 
     | 3_30_g840                                          |              |           |       |         |          | 
     | u_cpu_add_167_30_Y_u_cpu_add_165_34_Y_u_cpu_add_16 | B v -> Y ^   | NOR2X4    | 0.044 |   8.727 |    9.041 | 
     | 3_30_g839                                          |              |           |       |         |          | 
     | u_cpu_add_167_30_Y_u_cpu_add_165_34_Y_u_cpu_add_16 | B ^ -> Y v   | NOR2X4    | 0.042 |   8.769 |    9.083 | 
     | 3_30_g837                                          |              |           |       |         |          | 
     | u_cpu_add_167_30_Y_u_cpu_add_165_34_Y_u_cpu_add_16 | B0 v -> Y ^  | AOI2BB1X4 | 0.063 |   8.832 |    9.145 | 
     | 3_30_g836                                          |              |           |       |         |          | 
     | u_cpu_add_167_30_Y_u_cpu_add_165_34_Y_u_cpu_add_16 | B ^ -> Y v   | NOR2X6    | 0.052 |   8.883 |    9.197 | 
     | 3_30_g834                                          |              |           |       |         |          | 
     | u_cpu_add_167_30_Y_u_cpu_add_165_34_Y_u_cpu_add_16 | B0 v -> Y ^  | AOI2BB1X4 | 0.065 |   8.948 |    9.262 | 
     | 3_30_g833                                          |              |           |       |         |          | 
     | u_cpu_add_167_30_Y_u_cpu_add_165_34_Y_u_cpu_add_16 | B ^ -> Y v   | NOR2X6    | 0.052 |   9.000 |    9.314 | 
     | 3_30_g831                                          |              |           |       |         |          | 
     | u_cpu_add_167_30_Y_u_cpu_add_165_34_Y_u_cpu_add_16 | B v -> Y ^   | NOR2X4    | 0.047 |   9.047 |    9.361 | 
     | 3_30_g830                                          |              |           |       |         |          | 
     | u_cpu_add_167_30_Y_u_cpu_add_165_34_Y_u_cpu_add_16 | B ^ -> Y v   | NOR2X4    | 0.041 |   9.088 |    9.402 | 
     | 3_30_g828                                          |              |           |       |         |          | 
     | u_cpu_add_167_30_Y_u_cpu_add_165_34_Y_u_cpu_add_16 | B0 v -> Y ^  | AOI2BB1X4 | 0.061 |   9.149 |    9.463 | 
     | 3_30_g827                                          |              |           |       |         |          | 
     | u_cpu_add_167_30_Y_u_cpu_add_165_34_Y_u_cpu_add_16 | B ^ -> Y v   | NOR2X6    | 0.045 |   9.195 |    9.509 | 
     | 3_30_g825                                          |              |           |       |         |          | 
     | u_cpu_add_167_30_Y_u_cpu_add_165_34_Y_u_cpu_add_16 | B v -> Y ^   | NOR2X4    | 0.049 |   9.243 |    9.557 | 
     | 3_30_g824                                          |              |           |       |         |          | 
     | u_cpu_add_167_30_Y_u_cpu_add_165_34_Y_u_cpu_add_16 | B ^ -> Y v   | NOR2X6    | 0.044 |   9.287 |    9.601 | 
     | 3_30_g822                                          |              |           |       |         |          | 
     | u_cpu_add_167_30_Y_u_cpu_add_165_34_Y_u_cpu_add_16 | B0 v -> Y ^  | AOI2BB1X4 | 0.062 |   9.350 |    9.664 | 
     | 3_30_g821                                          |              |           |       |         |          | 
     | u_cpu_add_167_30_Y_u_cpu_add_165_34_Y_u_cpu_add_16 | B ^ -> Y v   | NOR2X6    | 0.046 |   9.396 |    9.709 | 
     | 3_30_g819                                          |              |           |       |         |          | 
     | u_cpu_add_167_30_Y_u_cpu_add_165_34_Y_u_cpu_add_16 | B v -> Y ^   | NOR2X4    | 0.043 |   9.439 |    9.753 | 
     | 3_30_g818                                          |              |           |       |         |          | 
     | u_cpu_add_167_30_Y_u_cpu_add_165_34_Y_u_cpu_add_16 | B ^ -> Y v   | NOR2X4    | 0.041 |   9.480 |    9.794 | 
     | 3_30_g816                                          |              |           |       |         |          | 
     | g655057                                            | B0 v -> Y ^  | AOI2BB1X4 | 0.065 |   9.545 |    9.859 | 
     | g655056                                            | A ^ -> Y v   | NOR2X6    | 0.051 |   9.596 |    9.910 | 
     | u_cpu_add_167_30_Y_u_cpu_add_165_34_Y_u_cpu_add_16 | B0 v -> Y ^  | AOI2BB1X4 | 0.055 |   9.651 |    9.965 | 
     | 3_30_g812                                          |              |           |       |         |          | 
     | u_cpu_add_167_30_Y_u_cpu_add_165_34_Y_u_cpu_add_16 | B ^ -> Y v   | NOR2X4    | 0.037 |   9.688 |   10.002 | 
     | 3_30_g810                                          |              |           |       |         |          | 
     | u_cpu_add_167_30_Y_u_cpu_add_165_34_Y_u_cpu_add_16 | B v -> Y ^   | CLKXOR2X1 | 0.131 |   9.819 |   10.133 | 
     | 3_30_g809                                          |              |           |       |         |          | 
     | g641353                                            | B ^ -> Y v   | NAND2X1   | 0.062 |   9.882 |   10.195 | 
     | g653712                                            | B v -> Y ^   | NAND2X1   | 0.051 |   9.932 |   10.246 | 
     | u_cpu_pc_reg[31]                                   | D ^          | DFFRHQX1  | 0.000 |   9.932 |   10.246 | 
     +------------------------------------------------------------------------------------------------------------+ 
Path 18: MET Setup Check with Pin u_cpu_pc_reg[31]/CK 
Endpoint:   u_cpu_pc_reg[31]/D (^) checked with  leading edge of 'clk'
Beginpoint: u_cpu_ir_reg[0]/Q  (^) triggered by  leading edge of 'clk'
Path Groups: {clk}
Analysis View: av_ss
Other End Arrival Time          0.508
- Setup                         0.062
+ Phase Shift                  10.000
- Uncertainty                   0.200
= Required Time                10.246
- Arrival Time                  9.932
= Slack Time                    0.314
     Clock Rise Edge                 0.000
     + Clock Network Latency (Prop)  0.512
     = Beginpoint Arrival Time       0.512
     +------------------------------------------------------------------------------------------------------------+ 
     |                      Instance                      |     Arc      |   Cell    | Delay | Arrival | Required | 
     |                                                    |              |           |       |  Time   |   Time   | 
     |----------------------------------------------------+--------------+-----------+-------+---------+----------| 
     | u_cpu_ir_reg[0]                                    | CK ^         |           |       |   0.512 |    0.827 | 
     | u_cpu_ir_reg[0]                                    | CK ^ -> Q ^  | DFFRX1    | 0.451 |   0.963 |    1.278 | 
     | g655383                                            | A ^ -> Y v   | NAND2X1   | 0.145 |   1.108 |    1.422 | 
     | g160909                                            | B v -> Y ^   | NOR2X1    | 0.102 |   1.210 |    1.524 | 
     | g160892                                            | B0 ^ -> Y v  | OAI21X1   | 0.109 |   1.319 |    1.633 | 
     | g160890                                            | B v -> Y ^   | NOR2X1    | 0.138 |   1.456 |    1.771 | 
     | FE_OFC2349_n_8446                                  | A ^ -> Y v   | CLKINVX4  | 0.160 |   1.617 |    1.931 | 
     | g655053                                            | A1N v -> Y v | OAI2BB1X1 | 0.246 |   1.863 |    2.177 | 
     | FE_OFC511_n_8980                                   | A v -> Y v   | BUFX8     | 0.237 |   2.099 |    2.414 | 
     | FE_OFC2432_n_8980                                  | A v -> Y ^   | INVX3     | 0.155 |   2.254 |    2.569 | 
     | u_cpu_u_alu_sub_16_33_Y_u_cpu_u_alu_add_15_33_g417 | A0 ^ -> Y v  | OAI22X1   | 0.149 |   2.404 |    2.718 | 
     | 0                                                  |              |           |       |         |          | 
     | u_cpu_u_alu_sub_16_33_Y_u_cpu_u_alu_add_15_33_g411 | B v -> Y ^   | NOR2X1    | 0.112 |   2.515 |    2.830 | 
     | 5                                                  |              |           |       |         |          | 
     | u_cpu_u_alu_sub_16_33_Y_u_cpu_u_alu_add_15_33_g404 | A1 ^ -> Y v  | OAI21X1   | 0.133 |   2.648 |    2.963 | 
     | 6                                                  |              |           |       |         |          | 
     | u_cpu_u_alu_sub_16_33_Y_u_cpu_u_alu_add_15_33_g403 | A1 v -> Y ^  | AOI21X1   | 0.129 |   2.777 |    3.091 | 
     | 9                                                  |              |           |       |         |          | 
     | u_cpu_u_alu_sub_16_33_Y_u_cpu_u_alu_add_15_33_g403 | B ^ -> Y v   | NOR2X1    | 0.069 |   2.846 |    3.160 | 
     | 4                                                  |              |           |       |         |          | 
     | u_cpu_u_alu_sub_16_33_Y_u_cpu_u_alu_add_15_33_g403 | B v -> Y ^   | NOR2X1    | 0.076 |   2.922 |    3.236 | 
     | 2                                                  |              |           |       |         |          | 
     | u_cpu_u_alu_sub_16_33_Y_u_cpu_u_alu_add_15_33_g403 | B ^ -> Y v   | NOR2X1    | 0.066 |   2.988 |    3.302 | 
     | 0                                                  |              |           |       |         |          | 
     | u_cpu_u_alu_sub_16_33_Y_u_cpu_u_alu_add_15_33_g402 | B v -> Y ^   | NOR2X1    | 0.063 |   3.051 |    3.365 | 
     | 8                                                  |              |           |       |         |          | 
     | u_cpu_u_alu_sub_16_33_Y_u_cpu_u_alu_add_15_33_g402 | B ^ -> Y v   | NOR2X1    | 0.058 |   3.108 |    3.423 | 
     | 6                                                  |              |           |       |         |          | 
     | u_cpu_u_alu_sub_16_33_Y_u_cpu_u_alu_add_15_33_g402 | B v -> Y ^   | NOR2X1    | 0.105 |   3.214 |    3.528 | 
     | 4                                                  |              |           |       |         |          | 
     | u_cpu_u_alu_sub_16_33_Y_u_cpu_u_alu_add_15_33_g402 | B ^ -> Y v   | NOR2X1    | 0.099 |   3.313 |    3.627 | 
     | 1                                                  |              |           |       |         |          | 
     | u_cpu_u_alu_sub_16_33_Y_u_cpu_u_alu_add_15_33_g401 | A1 v -> Y ^  | AOI21X1   | 0.108 |   3.421 |    3.735 | 
     | 5                                                  |              |           |       |         |          | 
     | u_cpu_u_alu_sub_16_33_Y_u_cpu_u_alu_add_15_33_g401 | A1 ^ -> Y v  | OAI21X1   | 0.132 |   3.553 |    3.867 | 
     | 1                                                  |              |           |       |         |          | 
     | g655048                                            | A1N v -> Y v | OAI2BB1X1 | 0.166 |   3.719 |    4.034 | 
     | u_cpu_u_alu_sub_16_33_Y_u_cpu_u_alu_add_15_33_g400 | A v -> Y ^   | INVX1     | 0.069 |   3.789 |    4.103 | 
     | 7                                                  |              |           |       |         |          | 
     | u_cpu_u_alu_sub_16_33_Y_u_cpu_u_alu_add_15_33_g400 | A1 ^ -> Y v  | OAI21X1   | 0.095 |   3.883 |    4.198 | 
     | 5                                                  |              |           |       |         |          | 
     | u_cpu_u_alu_sub_16_33_Y_u_cpu_u_alu_add_15_33_g400 | A1 v -> Y ^  | AOI21X1   | 0.136 |   4.020 |    4.334 | 
     | 3                                                  |              |           |       |         |          | 
     | u_cpu_u_alu_sub_16_33_Y_u_cpu_u_alu_add_15_33_g400 | A1 ^ -> Y v  | OAI21X1   | 0.137 |   4.157 |    4.471 | 
     | 0                                                  |              |           |       |         |          | 
     | u_cpu_u_alu_sub_16_33_Y_u_cpu_u_alu_add_15_33_g399 | A v -> Y ^   | INVX1     | 0.068 |   4.224 |    4.539 | 
     | 9                                                  |              |           |       |         |          | 
     | u_cpu_u_alu_sub_16_33_Y_u_cpu_u_alu_add_15_33_g399 | B ^ -> Y v   | NOR2X1    | 0.039 |   4.263 |    4.578 | 
     | 8                                                  |              |           |       |         |          | 
     | u_cpu_u_alu_sub_16_33_Y_u_cpu_u_alu_add_15_33_g399 | B v -> Y ^   | NOR2X1    | 0.101 |   4.364 |    4.679 | 
     | 6                                                  |              |           |       |         |          | 
     | u_cpu_u_alu_sub_16_33_Y_u_cpu_u_alu_add_15_33_g399 | B ^ -> Y v   | NOR2X1    | 0.094 |   4.458 |    4.773 | 
     | 5                                                  |              |           |       |         |          | 
     | u_cpu_u_alu_sub_16_33_Y_u_cpu_u_alu_add_15_33_g399 | B v -> Y ^   | NAND2X1   | 0.045 |   4.504 |    4.818 | 
     | 1                                                  |              |           |       |         |          | 
     | u_cpu_u_alu_sub_16_33_Y_u_cpu_u_alu_add_15_33_g398 | B ^ -> Y v   | NAND2X1   | 0.128 |   4.632 |    4.946 | 
     | 9                                                  |              |           |       |         |          | 
     | u_cpu_u_alu_sub_16_33_Y_u_cpu_u_alu_add_15_33_g398 | B v -> Y ^   | NAND2X1   | 0.109 |   4.741 |    5.056 | 
     | 2                                                  |              |           |       |         |          | 
     | u_cpu_u_alu_sub_16_33_Y_u_cpu_u_alu_add_15_33_g397 | A1 ^ -> Y v  | OAI21X1   | 0.180 |   4.921 |    5.235 | 
     | 6                                                  |              |           |       |         |          | 
     | u_cpu_u_alu_sub_16_33_Y_u_cpu_u_alu_add_15_33_g396 | A1 v -> Y ^  | AOI21X1   | 0.146 |   5.067 |    5.381 | 
     | 5                                                  |              |           |       |         |          | 
     | u_cpu_u_alu_sub_16_33_Y_u_cpu_u_alu_add_15_33_g430 | B ^ -> Y v   | XNOR2X1   | 0.161 |   5.227 |    5.542 | 
     | 5                                                  |              |           |       |         |          | 
     | g655399                                            | B v -> Y ^   | NAND2X1   | 0.049 |   5.276 |    5.590 | 
     | g655033                                            | C ^ -> Y v   | NAND3X2   | 0.169 |   5.445 |    5.760 | 
     | g165580                                            | A v -> Y ^   | NOR2X1    | 0.124 |   5.570 |    5.884 | 
     | g165576                                            | B ^ -> Y v   | NAND2X1   | 0.127 |   5.697 |    6.011 | 
     | g165574                                            | B v -> Y ^   | NOR2X1    | 0.089 |   5.785 |    6.100 | 
     | g165556                                            | B ^ -> Y v   | NAND2X1   | 0.061 |   5.846 |    6.160 | 
     | g165555                                            | B v -> Y ^   | NOR2X1    | 0.096 |   5.942 |    6.256 | 
     | g165554                                            | B0 ^ -> Y v  | AOI2BB1X1 | 0.098 |   6.039 |    6.354 | 
     | g165553                                            | B v -> Y ^   | NOR2X4    | 0.097 |   6.136 |    6.450 | 
     | g165550                                            | S0 ^ -> Y ^  | MX2X1     | 0.193 |   6.329 |    6.644 | 
     | u_cpu_add_167_30_Y_u_cpu_add_165_34_Y_u_cpu_add_16 | B ^ -> Y ^   | AND2X1    | 0.138 |   6.467 |    6.781 | 
     | 3_30_g975                                          |              |           |       |         |          | 
     | u_cpu_add_167_30_Y_u_cpu_add_165_34_Y_u_cpu_add_16 | A ^ -> Y v   | NOR2X1    | 0.054 |   6.521 |    6.835 | 
     | 3_30_g913                                          |              |           |       |         |          | 
     | u_cpu_add_167_30_Y_u_cpu_add_165_34_Y_u_cpu_add_16 | B v -> Y ^   | NOR2X1    | 0.065 |   6.586 |    6.900 | 
     | 3_30_g911                                          |              |           |       |         |          | 
     | u_cpu_add_167_30_Y_u_cpu_add_165_34_Y_u_cpu_add_16 | B ^ -> Y v   | NOR2X2    | 0.054 |   6.640 |    6.955 | 
     | 3_30_g909                                          |              |           |       |         |          | 
     | u_cpu_add_167_30_Y_u_cpu_add_165_34_Y_u_cpu_add_16 | B0 v -> Y ^  | AOI2BB1X1 | 0.071 |   6.711 |    7.026 | 
     | 3_30_g907                                          |              |           |       |         |          | 
     | u_cpu_add_167_30_Y_u_cpu_add_165_34_Y_u_cpu_add_16 | B ^ -> Y v   | NOR2X2    | 0.059 |   6.771 |    7.085 | 
     | 3_30_g905                                          |              |           |       |         |          | 
     | u_cpu_add_167_30_Y_u_cpu_add_165_34_Y_u_cpu_add_16 | B0 v -> Y ^  | AOI2BB1X1 | 0.082 |   6.852 |    7.167 | 
     | 3_30_g903                                          |              |           |       |         |          | 
     | g655044                                            | B0 ^ -> Y v  | AOI21X2   | 0.062 |   6.914 |    7.229 | 
     | u_cpu_add_167_30_Y_u_cpu_add_165_34_Y_u_cpu_add_16 | B0 v -> Y ^  | AOI2BB1X1 | 0.081 |   6.995 |    7.309 | 
     | 3_30_g899                                          |              |           |       |         |          | 
     | u_cpu_add_167_30_Y_u_cpu_add_165_34_Y_u_cpu_add_16 | B ^ -> Y v   | NOR2X1    | 0.066 |   7.061 |    7.375 | 
     | 3_30_g897                                          |              |           |       |         |          | 
     | g655043                                            | A1N v -> Y v | AOI2BB1X2 | 0.160 |   7.221 |    7.536 | 
     | u_cpu_add_167_30_Y_u_cpu_add_165_34_Y_u_cpu_add_16 | B0 v -> Y ^  | AOI2BB1X2 | 0.078 |   7.299 |    7.614 | 
     | 3_30_g891                                          |              |           |       |         |          | 
     | u_cpu_add_167_30_Y_u_cpu_add_165_34_Y_u_cpu_add_16 | B ^ -> Y v   | NOR2X4    | 0.050 |   7.350 |    7.664 | 
     | 3_30_g889                                          |              |           |       |         |          | 
     | u_cpu_add_167_30_Y_u_cpu_add_165_34_Y_u_cpu_add_16 | B v -> Y ^   | NOR2X2    | 0.057 |   7.406 |    7.721 | 
     | 3_30_g887                                          |              |           |       |         |          | 
     | u_cpu_add_167_30_Y_u_cpu_add_165_34_Y_u_cpu_add_16 | B ^ -> Y v   | NOR2X4    | 0.049 |   7.456 |    7.770 | 
     | 3_30_g885                                          |              |           |       |         |          | 
     | u_cpu_add_167_30_Y_u_cpu_add_165_34_Y_u_cpu_add_16 | B v -> Y ^   | NOR2X2    | 0.056 |   7.512 |    7.827 | 
     | 3_30_g883                                          |              |           |       |         |          | 
     | u_cpu_add_167_30_Y_u_cpu_add_165_34_Y_u_cpu_add_16 | B ^ -> Y v   | NOR2X4    | 0.049 |   7.561 |    7.875 | 
     | 3_30_g881                                          |              |           |       |         |          | 
     | u_cpu_add_167_30_Y_u_cpu_add_165_34_Y_u_cpu_add_16 | B0 v -> Y ^  | AOI2BB1X2 | 0.069 |   7.630 |    7.944 | 
     | 3_30_g879                                          |              |           |       |         |          | 
     | u_cpu_add_167_30_Y_u_cpu_add_165_34_Y_u_cpu_add_16 | B ^ -> Y v   | NOR2X4    | 0.055 |   7.684 |    7.998 | 
     | 3_30_g877                                          |              |           |       |         |          | 
     | u_cpu_add_167_30_Y_u_cpu_add_165_34_Y_u_cpu_add_16 | B0 v -> Y ^  | AOI2BB1X4 | 0.056 |   7.740 |    8.054 | 
     | 3_30_g875                                          |              |           |       |         |          | 
     | u_cpu_add_167_30_Y_u_cpu_add_165_34_Y_u_cpu_add_16 | B ^ -> Y v   | NOR2X4    | 0.049 |   7.789 |    8.104 | 
     | 3_30_g873                                          |              |           |       |         |          | 
     | u_cpu_add_167_30_Y_u_cpu_add_165_34_Y_u_cpu_add_16 | B v -> Y ^   | NOR2X4    | 0.049 |   7.838 |    8.152 | 
     | 3_30_g871                                          |              |           |       |         |          | 
     | u_cpu_add_167_30_Y_u_cpu_add_165_34_Y_u_cpu_add_16 | B ^ -> Y v   | NOR2X4    | 0.043 |   7.880 |    8.195 | 
     | 3_30_g869                                          |              |           |       |         |          | 
     | u_cpu_add_167_30_Y_u_cpu_add_165_34_Y_u_cpu_add_16 | B0 v -> Y ^  | AOI2BB1X4 | 0.056 |   7.937 |    8.251 | 
     | 3_30_g867                                          |              |           |       |         |          | 
     | u_cpu_add_167_30_Y_u_cpu_add_165_34_Y_u_cpu_add_16 | B ^ -> Y v   | NOR2X4    | 0.044 |   7.981 |    8.295 | 
     | 3_30_g865                                          |              |           |       |         |          | 
     | u_cpu_add_167_30_Y_u_cpu_add_165_34_Y_u_cpu_add_16 | B v -> Y ^   | NOR2X4    | 0.045 |   8.025 |    8.340 | 
     | 3_30_g863                                          |              |           |       |         |          | 
     | u_cpu_add_167_30_Y_u_cpu_add_165_34_Y_u_cpu_add_16 | B ^ -> Y v   | NOR2X4    | 0.038 |   8.064 |    8.378 | 
     | 3_30_g861                                          |              |           |       |         |          | 
     | u_cpu_add_167_30_Y_u_cpu_add_165_34_Y_u_cpu_add_16 | B0 v -> Y ^  | AOI2BB1X2 | 0.067 |   8.131 |    8.446 | 
     | 3_30_g859                                          |              |           |       |         |          | 
     | u_cpu_add_167_30_Y_u_cpu_add_165_34_Y_u_cpu_add_16 | B ^ -> Y v   | NOR2X4    | 0.054 |   8.185 |    8.499 | 
     | 3_30_g857                                          |              |           |       |         |          | 
     | u_cpu_add_167_30_Y_u_cpu_add_165_34_Y_u_cpu_add_16 | B0 v -> Y ^  | AOI2BB1X4 | 0.063 |   8.248 |    8.562 | 
     | 3_30_g855                                          |              |           |       |         |          | 
     | u_cpu_add_167_30_Y_u_cpu_add_165_34_Y_u_cpu_add_16 | B ^ -> Y v   | NOR2X6    | 0.046 |   8.293 |    8.608 | 
     | 3_30_g853                                          |              |           |       |         |          | 
     | u_cpu_add_167_30_Y_u_cpu_add_165_34_Y_u_cpu_add_16 | B v -> Y ^   | NOR2X4    | 0.043 |   8.337 |    8.651 | 
     | 3_30_g851                                          |              |           |       |         |          | 
     | u_cpu_add_167_30_Y_u_cpu_add_165_34_Y_u_cpu_add_16 | B ^ -> Y v   | NOR2X4    | 0.044 |   8.381 |    8.695 | 
     | 3_30_g849                                          |              |           |       |         |          | 
     | u_cpu_add_167_30_Y_u_cpu_add_165_34_Y_u_cpu_add_16 | B v -> Y ^   | NOR2X4    | 0.047 |   8.428 |    8.742 | 
     | 3_30_g848                                          |              |           |       |         |          | 
     | u_cpu_add_167_30_Y_u_cpu_add_165_34_Y_u_cpu_add_16 | B ^ -> Y v   | NOR2X4    | 0.043 |   8.471 |    8.785 | 
     | 3_30_g846                                          |              |           |       |         |          | 
     | u_cpu_add_167_30_Y_u_cpu_add_165_34_Y_u_cpu_add_16 | B0 v -> Y ^  | AOI2BB1X4 | 0.060 |   8.531 |    8.845 | 
     | 3_30_g845                                          |              |           |       |         |          | 
     | u_cpu_add_167_30_Y_u_cpu_add_165_34_Y_u_cpu_add_16 | B ^ -> Y v   | NOR2X4    | 0.047 |   8.577 |    8.892 | 
     | 3_30_g843                                          |              |           |       |         |          | 
     | g655480                                            | B0 v -> Y ^  | AOI2BB1X4 | 0.058 |   8.635 |    8.950 | 
     | u_cpu_add_167_30_Y_u_cpu_add_165_34_Y_u_cpu_add_16 | B ^ -> Y v   | NOR2X4    | 0.047 |   8.683 |    8.997 | 
     | 3_30_g840                                          |              |           |       |         |          | 
     | u_cpu_add_167_30_Y_u_cpu_add_165_34_Y_u_cpu_add_16 | B v -> Y ^   | NOR2X4    | 0.044 |   8.727 |    9.041 | 
     | 3_30_g839                                          |              |           |       |         |          | 
     | u_cpu_add_167_30_Y_u_cpu_add_165_34_Y_u_cpu_add_16 | B ^ -> Y v   | NOR2X4    | 0.042 |   8.768 |    9.083 | 
     | 3_30_g837                                          |              |           |       |         |          | 
     | u_cpu_add_167_30_Y_u_cpu_add_165_34_Y_u_cpu_add_16 | B0 v -> Y ^  | AOI2BB1X4 | 0.063 |   8.831 |    9.145 | 
     | 3_30_g836                                          |              |           |       |         |          | 
     | u_cpu_add_167_30_Y_u_cpu_add_165_34_Y_u_cpu_add_16 | B ^ -> Y v   | NOR2X6    | 0.052 |   8.883 |    9.197 | 
     | 3_30_g834                                          |              |           |       |         |          | 
     | u_cpu_add_167_30_Y_u_cpu_add_165_34_Y_u_cpu_add_16 | B0 v -> Y ^  | AOI2BB1X4 | 0.065 |   8.947 |    9.262 | 
     | 3_30_g833                                          |              |           |       |         |          | 
     | u_cpu_add_167_30_Y_u_cpu_add_165_34_Y_u_cpu_add_16 | B ^ -> Y v   | NOR2X6    | 0.052 |   8.999 |    9.314 | 
     | 3_30_g831                                          |              |           |       |         |          | 
     | u_cpu_add_167_30_Y_u_cpu_add_165_34_Y_u_cpu_add_16 | B v -> Y ^   | NOR2X4    | 0.047 |   9.046 |    9.361 | 
     | 3_30_g830                                          |              |           |       |         |          | 
     | u_cpu_add_167_30_Y_u_cpu_add_165_34_Y_u_cpu_add_16 | B ^ -> Y v   | NOR2X4    | 0.041 |   9.087 |    9.402 | 
     | 3_30_g828                                          |              |           |       |         |          | 
     | u_cpu_add_167_30_Y_u_cpu_add_165_34_Y_u_cpu_add_16 | B0 v -> Y ^  | AOI2BB1X4 | 0.061 |   9.149 |    9.463 | 
     | 3_30_g827                                          |              |           |       |         |          | 
     | u_cpu_add_167_30_Y_u_cpu_add_165_34_Y_u_cpu_add_16 | B ^ -> Y v   | NOR2X6    | 0.045 |   9.194 |    9.509 | 
     | 3_30_g825                                          |              |           |       |         |          | 
     | u_cpu_add_167_30_Y_u_cpu_add_165_34_Y_u_cpu_add_16 | B v -> Y ^   | NOR2X4    | 0.049 |   9.243 |    9.557 | 
     | 3_30_g824                                          |              |           |       |         |          | 
     | u_cpu_add_167_30_Y_u_cpu_add_165_34_Y_u_cpu_add_16 | B ^ -> Y v   | NOR2X6    | 0.044 |   9.287 |    9.601 | 
     | 3_30_g822                                          |              |           |       |         |          | 
     | u_cpu_add_167_30_Y_u_cpu_add_165_34_Y_u_cpu_add_16 | B0 v -> Y ^  | AOI2BB1X4 | 0.062 |   9.349 |    9.664 | 
     | 3_30_g821                                          |              |           |       |         |          | 
     | u_cpu_add_167_30_Y_u_cpu_add_165_34_Y_u_cpu_add_16 | B ^ -> Y v   | NOR2X6    | 0.046 |   9.395 |    9.709 | 
     | 3_30_g819                                          |              |           |       |         |          | 
     | u_cpu_add_167_30_Y_u_cpu_add_165_34_Y_u_cpu_add_16 | B v -> Y ^   | NOR2X4    | 0.043 |   9.438 |    9.753 | 
     | 3_30_g818                                          |              |           |       |         |          | 
     | u_cpu_add_167_30_Y_u_cpu_add_165_34_Y_u_cpu_add_16 | B ^ -> Y v   | NOR2X4    | 0.041 |   9.480 |    9.794 | 
     | 3_30_g816                                          |              |           |       |         |          | 
     | g655057                                            | B0 v -> Y ^  | AOI2BB1X4 | 0.065 |   9.544 |    9.859 | 
     | g655056                                            | A ^ -> Y v   | NOR2X6    | 0.051 |   9.596 |    9.910 | 
     | u_cpu_add_167_30_Y_u_cpu_add_165_34_Y_u_cpu_add_16 | B0 v -> Y ^  | AOI2BB1X4 | 0.055 |   9.651 |    9.965 | 
     | 3_30_g812                                          |              |           |       |         |          | 
     | u_cpu_add_167_30_Y_u_cpu_add_165_34_Y_u_cpu_add_16 | B ^ -> Y v   | NOR2X4    | 0.037 |   9.688 |   10.002 | 
     | 3_30_g810                                          |              |           |       |         |          | 
     | u_cpu_add_167_30_Y_u_cpu_add_165_34_Y_u_cpu_add_16 | B v -> Y ^   | CLKXOR2X1 | 0.131 |   9.819 |   10.133 | 
     | 3_30_g809                                          |              |           |       |         |          | 
     | g641353                                            | B ^ -> Y v   | NAND2X1   | 0.062 |   9.881 |   10.195 | 
     | g653712                                            | B v -> Y ^   | NAND2X1   | 0.051 |   9.932 |   10.246 | 
     | u_cpu_pc_reg[31]                                   | D ^          | DFFRHQX1  | 0.000 |   9.932 |   10.246 | 
     +------------------------------------------------------------------------------------------------------------+ 
Path 19: MET Setup Check with Pin u_cpu_pc_reg[31]/CK 
Endpoint:   u_cpu_pc_reg[31]/D (^) checked with  leading edge of 'clk'
Beginpoint: u_cpu_ir_reg[0]/Q  (^) triggered by  leading edge of 'clk'
Path Groups: {clk}
Analysis View: av_ss
Other End Arrival Time          0.508
- Setup                         0.062
+ Phase Shift                  10.000
- Uncertainty                   0.200
= Required Time                10.246
- Arrival Time                  9.928
= Slack Time                    0.318
     Clock Rise Edge                 0.000
     + Clock Network Latency (Prop)  0.512
     = Beginpoint Arrival Time       0.512
     +------------------------------------------------------------------------------------------------------------+ 
     |                      Instance                      |     Arc      |   Cell    | Delay | Arrival | Required | 
     |                                                    |              |           |       |  Time   |   Time   | 
     |----------------------------------------------------+--------------+-----------+-------+---------+----------| 
     | u_cpu_ir_reg[0]                                    | CK ^         |           |       |   0.512 |    0.830 | 
     | u_cpu_ir_reg[0]                                    | CK ^ -> Q ^  | DFFRX1    | 0.451 |   0.963 |    1.281 | 
     | g655383                                            | A ^ -> Y v   | NAND2X1   | 0.145 |   1.108 |    1.426 | 
     | g160909                                            | B v -> Y ^   | NOR2X1    | 0.102 |   1.210 |    1.528 | 
     | g160892                                            | B0 ^ -> Y v  | OAI21X1   | 0.109 |   1.319 |    1.636 | 
     | g160890                                            | B v -> Y ^   | NOR2X1    | 0.138 |   1.456 |    1.774 | 
     | FE_OFC2349_n_8446                                  | A ^ -> Y v   | CLKINVX4  | 0.160 |   1.617 |    1.935 | 
     | g655053                                            | A1N v -> Y v | OAI2BB1X1 | 0.246 |   1.863 |    2.181 | 
     | FE_OFC511_n_8980                                   | A v -> Y v   | BUFX8     | 0.237 |   2.099 |    2.417 | 
     | FE_OFC2432_n_8980                                  | A v -> Y ^   | INVX3     | 0.155 |   2.254 |    2.572 | 
     | u_cpu_u_alu_sub_16_33_Y_u_cpu_u_alu_add_15_33_g417 | A0 ^ -> Y v  | OAI22X1   | 0.149 |   2.404 |    2.722 | 
     | 0                                                  |              |           |       |         |          | 
     | u_cpu_u_alu_sub_16_33_Y_u_cpu_u_alu_add_15_33_g411 | B v -> Y ^   | NAND2X1   | 0.078 |   2.482 |    2.800 | 
     | 0                                                  |              |           |       |         |          | 
     | u_cpu_u_alu_sub_16_33_Y_u_cpu_u_alu_add_15_33_g404 | B0 ^ -> Y v  | OAI21X1   | 0.114 |   2.596 |    2.914 | 
     | 6                                                  |              |           |       |         |          | 
     | u_cpu_u_alu_sub_16_33_Y_u_cpu_u_alu_add_15_33_g403 | A1 v -> Y ^  | AOI21X1   | 0.129 |   2.724 |    3.042 | 
     | 9                                                  |              |           |       |         |          | 
     | u_cpu_u_alu_sub_16_33_Y_u_cpu_u_alu_add_15_33_g403 | B ^ -> Y v   | NOR2X1    | 0.069 |   2.793 |    3.111 | 
     | 4                                                  |              |           |       |         |          | 
     | u_cpu_u_alu_sub_16_33_Y_u_cpu_u_alu_add_15_33_g403 | B v -> Y ^   | NOR2X1    | 0.076 |   2.870 |    3.187 | 
     | 2                                                  |              |           |       |         |          | 
     | u_cpu_u_alu_sub_16_33_Y_u_cpu_u_alu_add_15_33_g403 | B ^ -> Y v   | NOR2X1    | 0.066 |   2.935 |    3.253 | 
     | 0                                                  |              |           |       |         |          | 
     | u_cpu_u_alu_sub_16_33_Y_u_cpu_u_alu_add_15_33_g402 | B v -> Y ^   | NOR2X1    | 0.063 |   2.998 |    3.316 | 
     | 8                                                  |              |           |       |         |          | 
     | u_cpu_u_alu_sub_16_33_Y_u_cpu_u_alu_add_15_33_g402 | B ^ -> Y v   | NOR2X1    | 0.058 |   3.056 |    3.374 | 
     | 6                                                  |              |           |       |         |          | 
     | u_cpu_u_alu_sub_16_33_Y_u_cpu_u_alu_add_15_33_g402 | B v -> Y ^   | NOR2X1    | 0.105 |   3.161 |    3.479 | 
     | 4                                                  |              |           |       |         |          | 
     | u_cpu_u_alu_sub_16_33_Y_u_cpu_u_alu_add_15_33_g402 | B ^ -> Y v   | NOR2X1    | 0.099 |   3.260 |    3.578 | 
     | 1                                                  |              |           |       |         |          | 
     | u_cpu_u_alu_sub_16_33_Y_u_cpu_u_alu_add_15_33_g401 | A1 v -> Y ^  | AOI21X1   | 0.108 |   3.368 |    3.686 | 
     | 5                                                  |              |           |       |         |          | 
     | u_cpu_u_alu_sub_16_33_Y_u_cpu_u_alu_add_15_33_g401 | A1 ^ -> Y v  | OAI21X1   | 0.132 |   3.501 |    3.818 | 
     | 1                                                  |              |           |       |         |          | 
     | g655048                                            | A1N v -> Y v | OAI2BB1X1 | 0.166 |   3.667 |    3.985 | 
     | u_cpu_u_alu_sub_16_33_Y_u_cpu_u_alu_add_15_33_g400 | A v -> Y ^   | INVX1     | 0.069 |   3.736 |    4.054 | 
     | 7                                                  |              |           |       |         |          | 
     | u_cpu_u_alu_sub_16_33_Y_u_cpu_u_alu_add_15_33_g400 | A1 ^ -> Y v  | OAI21X1   | 0.095 |   3.831 |    4.149 | 
     | 5                                                  |              |           |       |         |          | 
     | u_cpu_u_alu_sub_16_33_Y_u_cpu_u_alu_add_15_33_g400 | A1 v -> Y ^  | AOI21X1   | 0.136 |   3.967 |    4.285 | 
     | 3                                                  |              |           |       |         |          | 
     | u_cpu_u_alu_sub_16_33_Y_u_cpu_u_alu_add_15_33_g400 | A1 ^ -> Y v  | OAI21X1   | 0.137 |   4.104 |    4.422 | 
     | 0                                                  |              |           |       |         |          | 
     | u_cpu_u_alu_sub_16_33_Y_u_cpu_u_alu_add_15_33_g399 | A v -> Y ^   | INVX1     | 0.068 |   4.172 |    4.490 | 
     | 9                                                  |              |           |       |         |          | 
     | u_cpu_u_alu_sub_16_33_Y_u_cpu_u_alu_add_15_33_g399 | B ^ -> Y v   | NOR2X1    | 0.039 |   4.211 |    4.529 | 
     | 8                                                  |              |           |       |         |          | 
     | u_cpu_u_alu_sub_16_33_Y_u_cpu_u_alu_add_15_33_g399 | B v -> Y ^   | NOR2X1    | 0.101 |   4.312 |    4.630 | 
     | 6                                                  |              |           |       |         |          | 
     | u_cpu_u_alu_sub_16_33_Y_u_cpu_u_alu_add_15_33_g399 | B ^ -> Y v   | NOR2X1    | 0.094 |   4.406 |    4.724 | 
     | 5                                                  |              |           |       |         |          | 
     | u_cpu_u_alu_sub_16_33_Y_u_cpu_u_alu_add_15_33_g399 | B v -> Y ^   | NAND2X1   | 0.045 |   4.451 |    4.769 | 
     | 1                                                  |              |           |       |         |          | 
     | u_cpu_u_alu_sub_16_33_Y_u_cpu_u_alu_add_15_33_g398 | B ^ -> Y v   | NAND2X1   | 0.128 |   4.579 |    4.897 | 
     | 9                                                  |              |           |       |         |          | 
     | u_cpu_u_alu_sub_16_33_Y_u_cpu_u_alu_add_15_33_g398 | B v -> Y ^   | NAND2X1   | 0.109 |   4.689 |    5.007 | 
     | 2                                                  |              |           |       |         |          | 
     | u_cpu_u_alu_sub_16_33_Y_u_cpu_u_alu_add_15_33_g397 | A1 ^ -> Y v  | OAI21X1   | 0.180 |   4.868 |    5.186 | 
     | 6                                                  |              |           |       |         |          | 
     | u_cpu_u_alu_sub_16_33_Y_u_cpu_u_alu_add_15_33_g429 | B v -> Y v   | CLKXOR2X1 | 0.207 |   5.075 |    5.393 | 
     | 3                                                  |              |           |       |         |          | 
     | g655417                                            | B v -> Y ^   | NAND2X1   | 0.050 |   5.125 |    5.443 | 
     | g655035                                            | C ^ -> Y v   | NAND3X2   | 0.189 |   5.314 |    5.632 | 
     | g165559                                            | A v -> Y ^   | NOR2X1    | 0.148 |   5.462 |    5.780 | 
     | g655026                                            | D ^ -> Y v   | NAND4BBX2 | 0.162 |   5.624 |    5.942 | 
     | g165557                                            | A v -> Y ^   | NOR2X1    | 0.127 |   5.751 |    6.069 | 
     | g165556                                            | A ^ -> Y v   | NAND2X1   | 0.073 |   5.824 |    6.142 | 
     | g165555                                            | B v -> Y ^   | NOR2X1    | 0.096 |   5.920 |    6.237 | 
     | g165554                                            | B0 ^ -> Y v  | AOI2BB1X1 | 0.098 |   6.017 |    6.335 | 
     | g165553                                            | B v -> Y ^   | NOR2X4    | 0.097 |   6.114 |    6.432 | 
     | g165550                                            | S0 ^ -> Y ^  | MX2X1     | 0.193 |   6.307 |    6.625 | 
     | g655045                                            | A1 ^ -> Y ^  | OA21X1    | 0.158 |   6.465 |    6.783 | 
     | u_cpu_add_167_30_Y_u_cpu_add_165_34_Y_u_cpu_add_16 | B ^ -> Y v   | NOR2X1    | 0.053 |   6.517 |    6.835 | 
     | 3_30_g913                                          |              |           |       |         |          | 
     | u_cpu_add_167_30_Y_u_cpu_add_165_34_Y_u_cpu_add_16 | B v -> Y ^   | NOR2X1    | 0.065 |   6.583 |    6.900 | 
     | 3_30_g911                                          |              |           |       |         |          | 
     | u_cpu_add_167_30_Y_u_cpu_add_165_34_Y_u_cpu_add_16 | B ^ -> Y v   | NOR2X2    | 0.054 |   6.637 |    6.955 | 
     | 3_30_g909                                          |              |           |       |         |          | 
     | u_cpu_add_167_30_Y_u_cpu_add_165_34_Y_u_cpu_add_16 | B0 v -> Y ^  | AOI2BB1X1 | 0.071 |   6.708 |    7.026 | 
     | 3_30_g907                                          |              |           |       |         |          | 
     | u_cpu_add_167_30_Y_u_cpu_add_165_34_Y_u_cpu_add_16 | B ^ -> Y v   | NOR2X2    | 0.059 |   6.767 |    7.085 | 
     | 3_30_g905                                          |              |           |       |         |          | 
     | u_cpu_add_167_30_Y_u_cpu_add_165_34_Y_u_cpu_add_16 | B0 v -> Y ^  | AOI2BB1X1 | 0.082 |   6.849 |    7.167 | 
     | 3_30_g903                                          |              |           |       |         |          | 
     | g655044                                            | B0 ^ -> Y v  | AOI21X2   | 0.062 |   6.911 |    7.229 | 
     | u_cpu_add_167_30_Y_u_cpu_add_165_34_Y_u_cpu_add_16 | B0 v -> Y ^  | AOI2BB1X1 | 0.081 |   6.991 |    7.309 | 
     | 3_30_g899                                          |              |           |       |         |          | 
     | u_cpu_add_167_30_Y_u_cpu_add_165_34_Y_u_cpu_add_16 | B ^ -> Y v   | NOR2X1    | 0.066 |   7.057 |    7.375 | 
     | 3_30_g897                                          |              |           |       |         |          | 
     | g655043                                            | A1N v -> Y v | AOI2BB1X2 | 0.160 |   7.218 |    7.536 | 
     | u_cpu_add_167_30_Y_u_cpu_add_165_34_Y_u_cpu_add_16 | B0 v -> Y ^  | AOI2BB1X2 | 0.078 |   7.296 |    7.614 | 
     | 3_30_g891                                          |              |           |       |         |          | 
     | u_cpu_add_167_30_Y_u_cpu_add_165_34_Y_u_cpu_add_16 | B ^ -> Y v   | NOR2X4    | 0.050 |   7.346 |    7.664 | 
     | 3_30_g889                                          |              |           |       |         |          | 
     | u_cpu_add_167_30_Y_u_cpu_add_165_34_Y_u_cpu_add_16 | B v -> Y ^   | NOR2X2    | 0.057 |   7.403 |    7.721 | 
     | 3_30_g887                                          |              |           |       |         |          | 
     | u_cpu_add_167_30_Y_u_cpu_add_165_34_Y_u_cpu_add_16 | B ^ -> Y v   | NOR2X4    | 0.049 |   7.452 |    7.770 | 
     | 3_30_g885                                          |              |           |       |         |          | 
     | u_cpu_add_167_30_Y_u_cpu_add_165_34_Y_u_cpu_add_16 | B v -> Y ^   | NOR2X2    | 0.056 |   7.509 |    7.827 | 
     | 3_30_g883                                          |              |           |       |         |          | 
     | u_cpu_add_167_30_Y_u_cpu_add_165_34_Y_u_cpu_add_16 | B ^ -> Y v   | NOR2X4    | 0.049 |   7.557 |    7.875 | 
     | 3_30_g881                                          |              |           |       |         |          | 
     | u_cpu_add_167_30_Y_u_cpu_add_165_34_Y_u_cpu_add_16 | B0 v -> Y ^  | AOI2BB1X2 | 0.069 |   7.626 |    7.944 | 
     | 3_30_g879                                          |              |           |       |         |          | 
     | u_cpu_add_167_30_Y_u_cpu_add_165_34_Y_u_cpu_add_16 | B ^ -> Y v   | NOR2X4    | 0.055 |   7.681 |    7.998 | 
     | 3_30_g877                                          |              |           |       |         |          | 
     | u_cpu_add_167_30_Y_u_cpu_add_165_34_Y_u_cpu_add_16 | B0 v -> Y ^  | AOI2BB1X4 | 0.056 |   7.737 |    8.054 | 
     | 3_30_g875                                          |              |           |       |         |          | 
     | u_cpu_add_167_30_Y_u_cpu_add_165_34_Y_u_cpu_add_16 | B ^ -> Y v   | NOR2X4    | 0.049 |   7.786 |    8.104 | 
     | 3_30_g873                                          |              |           |       |         |          | 
     | u_cpu_add_167_30_Y_u_cpu_add_165_34_Y_u_cpu_add_16 | B v -> Y ^   | NOR2X4    | 0.049 |   7.834 |    8.152 | 
     | 3_30_g871                                          |              |           |       |         |          | 
     | u_cpu_add_167_30_Y_u_cpu_add_165_34_Y_u_cpu_add_16 | B ^ -> Y v   | NOR2X4    | 0.043 |   7.877 |    8.195 | 
     | 3_30_g869                                          |              |           |       |         |          | 
     | u_cpu_add_167_30_Y_u_cpu_add_165_34_Y_u_cpu_add_16 | B0 v -> Y ^  | AOI2BB1X4 | 0.056 |   7.933 |    8.251 | 
     | 3_30_g867                                          |              |           |       |         |          | 
     | u_cpu_add_167_30_Y_u_cpu_add_165_34_Y_u_cpu_add_16 | B ^ -> Y v   | NOR2X4    | 0.044 |   7.977 |    8.295 | 
     | 3_30_g865                                          |              |           |       |         |          | 
     | u_cpu_add_167_30_Y_u_cpu_add_165_34_Y_u_cpu_add_16 | B v -> Y ^   | NOR2X4    | 0.045 |   8.022 |    8.340 | 
     | 3_30_g863                                          |              |           |       |         |          | 
     | u_cpu_add_167_30_Y_u_cpu_add_165_34_Y_u_cpu_add_16 | B ^ -> Y v   | NOR2X4    | 0.038 |   8.060 |    8.378 | 
     | 3_30_g861                                          |              |           |       |         |          | 
     | u_cpu_add_167_30_Y_u_cpu_add_165_34_Y_u_cpu_add_16 | B0 v -> Y ^  | AOI2BB1X2 | 0.067 |   8.128 |    8.446 | 
     | 3_30_g859                                          |              |           |       |         |          | 
     | u_cpu_add_167_30_Y_u_cpu_add_165_34_Y_u_cpu_add_16 | B ^ -> Y v   | NOR2X4    | 0.054 |   8.182 |    8.499 | 
     | 3_30_g857                                          |              |           |       |         |          | 
     | u_cpu_add_167_30_Y_u_cpu_add_165_34_Y_u_cpu_add_16 | B0 v -> Y ^  | AOI2BB1X4 | 0.063 |   8.244 |    8.562 | 
     | 3_30_g855                                          |              |           |       |         |          | 
     | u_cpu_add_167_30_Y_u_cpu_add_165_34_Y_u_cpu_add_16 | B ^ -> Y v   | NOR2X6    | 0.046 |   8.290 |    8.608 | 
     | 3_30_g853                                          |              |           |       |         |          | 
     | u_cpu_add_167_30_Y_u_cpu_add_165_34_Y_u_cpu_add_16 | B v -> Y ^   | NOR2X4    | 0.043 |   8.333 |    8.651 | 
     | 3_30_g851                                          |              |           |       |         |          | 
     | u_cpu_add_167_30_Y_u_cpu_add_165_34_Y_u_cpu_add_16 | B ^ -> Y v   | NOR2X4    | 0.044 |   8.377 |    8.695 | 
     | 3_30_g849                                          |              |           |       |         |          | 
     | u_cpu_add_167_30_Y_u_cpu_add_165_34_Y_u_cpu_add_16 | B v -> Y ^   | NOR2X4    | 0.047 |   8.425 |    8.742 | 
     | 3_30_g848                                          |              |           |       |         |          | 
     | u_cpu_add_167_30_Y_u_cpu_add_165_34_Y_u_cpu_add_16 | B ^ -> Y v   | NOR2X4    | 0.043 |   8.467 |    8.785 | 
     | 3_30_g846                                          |              |           |       |         |          | 
     | u_cpu_add_167_30_Y_u_cpu_add_165_34_Y_u_cpu_add_16 | B0 v -> Y ^  | AOI2BB1X4 | 0.060 |   8.527 |    8.845 | 
     | 3_30_g845                                          |              |           |       |         |          | 
     | u_cpu_add_167_30_Y_u_cpu_add_165_34_Y_u_cpu_add_16 | B ^ -> Y v   | NOR2X4    | 0.047 |   8.574 |    8.892 | 
     | 3_30_g843                                          |              |           |       |         |          | 
     | g655480                                            | B0 v -> Y ^  | AOI2BB1X4 | 0.058 |   8.632 |    8.950 | 
     | u_cpu_add_167_30_Y_u_cpu_add_165_34_Y_u_cpu_add_16 | B ^ -> Y v   | NOR2X4    | 0.047 |   8.679 |    8.997 | 
     | 3_30_g840                                          |              |           |       |         |          | 
     | u_cpu_add_167_30_Y_u_cpu_add_165_34_Y_u_cpu_add_16 | B v -> Y ^   | NOR2X4    | 0.044 |   8.723 |    9.041 | 
     | 3_30_g839                                          |              |           |       |         |          | 
     | u_cpu_add_167_30_Y_u_cpu_add_165_34_Y_u_cpu_add_16 | B ^ -> Y v   | NOR2X4    | 0.042 |   8.765 |    9.083 | 
     | 3_30_g837                                          |              |           |       |         |          | 
     | u_cpu_add_167_30_Y_u_cpu_add_165_34_Y_u_cpu_add_16 | B0 v -> Y ^  | AOI2BB1X4 | 0.063 |   8.828 |    9.145 | 
     | 3_30_g836                                          |              |           |       |         |          | 
     | u_cpu_add_167_30_Y_u_cpu_add_165_34_Y_u_cpu_add_16 | B ^ -> Y v   | NOR2X6    | 0.052 |   8.879 |    9.197 | 
     | 3_30_g834                                          |              |           |       |         |          | 
     | u_cpu_add_167_30_Y_u_cpu_add_165_34_Y_u_cpu_add_16 | B0 v -> Y ^  | AOI2BB1X4 | 0.065 |   8.944 |    9.262 | 
     | 3_30_g833                                          |              |           |       |         |          | 
     | u_cpu_add_167_30_Y_u_cpu_add_165_34_Y_u_cpu_add_16 | B ^ -> Y v   | NOR2X6    | 0.052 |   8.996 |    9.314 | 
     | 3_30_g831                                          |              |           |       |         |          | 
     | u_cpu_add_167_30_Y_u_cpu_add_165_34_Y_u_cpu_add_16 | B v -> Y ^   | NOR2X4    | 0.047 |   9.043 |    9.361 | 
     | 3_30_g830                                          |              |           |       |         |          | 
     | u_cpu_add_167_30_Y_u_cpu_add_165_34_Y_u_cpu_add_16 | B ^ -> Y v   | NOR2X4    | 0.041 |   9.084 |    9.402 | 
     | 3_30_g828                                          |              |           |       |         |          | 
     | u_cpu_add_167_30_Y_u_cpu_add_165_34_Y_u_cpu_add_16 | B0 v -> Y ^  | AOI2BB1X4 | 0.061 |   9.145 |    9.463 | 
     | 3_30_g827                                          |              |           |       |         |          | 
     | u_cpu_add_167_30_Y_u_cpu_add_165_34_Y_u_cpu_add_16 | B ^ -> Y v   | NOR2X6    | 0.045 |   9.191 |    9.509 | 
     | 3_30_g825                                          |              |           |       |         |          | 
     | u_cpu_add_167_30_Y_u_cpu_add_165_34_Y_u_cpu_add_16 | B v -> Y ^   | NOR2X4    | 0.049 |   9.239 |    9.557 | 
     | 3_30_g824                                          |              |           |       |         |          | 
     | u_cpu_add_167_30_Y_u_cpu_add_165_34_Y_u_cpu_add_16 | B ^ -> Y v   | NOR2X6    | 0.044 |   9.283 |    9.601 | 
     | 3_30_g822                                          |              |           |       |         |          | 
     | u_cpu_add_167_30_Y_u_cpu_add_165_34_Y_u_cpu_add_16 | B0 v -> Y ^  | AOI2BB1X4 | 0.062 |   9.346 |    9.664 | 
     | 3_30_g821                                          |              |           |       |         |          | 
     | u_cpu_add_167_30_Y_u_cpu_add_165_34_Y_u_cpu_add_16 | B ^ -> Y v   | NOR2X6    | 0.046 |   9.392 |    9.709 | 
     | 3_30_g819                                          |              |           |       |         |          | 
     | u_cpu_add_167_30_Y_u_cpu_add_165_34_Y_u_cpu_add_16 | B v -> Y ^   | NOR2X4    | 0.043 |   9.435 |    9.753 | 
     | 3_30_g818                                          |              |           |       |         |          | 
     | u_cpu_add_167_30_Y_u_cpu_add_165_34_Y_u_cpu_add_16 | B ^ -> Y v   | NOR2X4    | 0.041 |   9.476 |    9.794 | 
     | 3_30_g816                                          |              |           |       |         |          | 
     | g655057                                            | B0 v -> Y ^  | AOI2BB1X4 | 0.065 |   9.541 |    9.859 | 
     | g655056                                            | A ^ -> Y v   | NOR2X6    | 0.051 |   9.592 |    9.910 | 
     | u_cpu_add_167_30_Y_u_cpu_add_165_34_Y_u_cpu_add_16 | B0 v -> Y ^  | AOI2BB1X4 | 0.055 |   9.647 |    9.965 | 
     | 3_30_g812                                          |              |           |       |         |          | 
     | u_cpu_add_167_30_Y_u_cpu_add_165_34_Y_u_cpu_add_16 | B ^ -> Y v   | NOR2X4    | 0.037 |   9.684 |   10.002 | 
     | 3_30_g810                                          |              |           |       |         |          | 
     | u_cpu_add_167_30_Y_u_cpu_add_165_34_Y_u_cpu_add_16 | B v -> Y ^   | CLKXOR2X1 | 0.131 |   9.815 |   10.133 | 
     | 3_30_g809                                          |              |           |       |         |          | 
     | g641353                                            | B ^ -> Y v   | NAND2X1   | 0.062 |   9.877 |   10.195 | 
     | g653712                                            | B v -> Y ^   | NAND2X1   | 0.051 |   9.928 |   10.246 | 
     | u_cpu_pc_reg[31]                                   | D ^          | DFFRHQX1  | 0.000 |   9.928 |   10.246 | 
     +------------------------------------------------------------------------------------------------------------+ 
Path 20: MET Setup Check with Pin u_cpu_pc_reg[30]/CK 
Endpoint:   u_cpu_pc_reg[30]/D (^) checked with  leading edge of 'clk'
Beginpoint: u_cpu_ir_reg[0]/Q  (^) triggered by  leading edge of 'clk'
Path Groups: {clk}
Analysis View: av_ss
Other End Arrival Time          0.508
- Setup                         0.061
+ Phase Shift                  10.000
- Uncertainty                   0.200
= Required Time                10.247
- Arrival Time                  9.929
= Slack Time                    0.318
     Clock Rise Edge                 0.000
     + Clock Network Latency (Prop)  0.512
     = Beginpoint Arrival Time       0.512
     +------------------------------------------------------------------------------------------------------------+ 
     |                      Instance                      |     Arc      |   Cell    | Delay | Arrival | Required | 
     |                                                    |              |           |       |  Time   |   Time   | 
     |----------------------------------------------------+--------------+-----------+-------+---------+----------| 
     | u_cpu_ir_reg[0]                                    | CK ^         |           |       |   0.512 |    0.831 | 
     | u_cpu_ir_reg[0]                                    | CK ^ -> Q ^  | DFFRX1    | 0.451 |   0.963 |    1.281 | 
     | g655383                                            | A ^ -> Y v   | NAND2X1   | 0.145 |   1.108 |    1.426 | 
     | g160909                                            | B v -> Y ^   | NOR2X1    | 0.102 |   1.210 |    1.528 | 
     | g160892                                            | B0 ^ -> Y v  | OAI21X1   | 0.109 |   1.319 |    1.637 | 
     | g160890                                            | B v -> Y ^   | NOR2X1    | 0.138 |   1.456 |    1.775 | 
     | FE_OFC2349_n_8446                                  | A ^ -> Y v   | CLKINVX4  | 0.160 |   1.617 |    1.935 | 
     | g655053                                            | A1N v -> Y v | OAI2BB1X1 | 0.246 |   1.863 |    2.181 | 
     | FE_OFC511_n_8980                                   | A v -> Y v   | BUFX8     | 0.237 |   2.099 |    2.418 | 
     | FE_OFC2432_n_8980                                  | A v -> Y ^   | INVX3     | 0.155 |   2.254 |    2.572 | 
     | u_cpu_u_alu_sub_16_33_Y_u_cpu_u_alu_add_15_33_g417 | A0 ^ -> Y v  | OAI22X1   | 0.149 |   2.404 |    2.722 | 
     | 0                                                  |              |           |       |         |          | 
     | u_cpu_u_alu_sub_16_33_Y_u_cpu_u_alu_add_15_33_g411 | B v -> Y ^   | NOR2X1    | 0.112 |   2.515 |    2.834 | 
     | 5                                                  |              |           |       |         |          | 
     | u_cpu_u_alu_sub_16_33_Y_u_cpu_u_alu_add_15_33_g404 | A1 ^ -> Y v  | OAI21X1   | 0.133 |   2.648 |    2.966 | 
     | 6                                                  |              |           |       |         |          | 
     | u_cpu_u_alu_sub_16_33_Y_u_cpu_u_alu_add_15_33_g403 | A1 v -> Y ^  | AOI21X1   | 0.129 |   2.777 |    3.095 | 
     | 9                                                  |              |           |       |         |          | 
     | u_cpu_u_alu_sub_16_33_Y_u_cpu_u_alu_add_15_33_g403 | B ^ -> Y v   | NOR2X1    | 0.069 |   2.846 |    3.164 | 
     | 4                                                  |              |           |       |         |          | 
     | u_cpu_u_alu_sub_16_33_Y_u_cpu_u_alu_add_15_33_g403 | B v -> Y ^   | NOR2X1    | 0.076 |   2.922 |    3.240 | 
     | 2                                                  |              |           |       |         |          | 
     | u_cpu_u_alu_sub_16_33_Y_u_cpu_u_alu_add_15_33_g403 | B ^ -> Y v   | NOR2X1    | 0.066 |   2.988 |    3.306 | 
     | 0                                                  |              |           |       |         |          | 
     | u_cpu_u_alu_sub_16_33_Y_u_cpu_u_alu_add_15_33_g402 | B v -> Y ^   | NOR2X1    | 0.063 |   3.051 |    3.369 | 
     | 8                                                  |              |           |       |         |          | 
     | u_cpu_u_alu_sub_16_33_Y_u_cpu_u_alu_add_15_33_g402 | B ^ -> Y v   | NOR2X1    | 0.058 |   3.108 |    3.427 | 
     | 6                                                  |              |           |       |         |          | 
     | u_cpu_u_alu_sub_16_33_Y_u_cpu_u_alu_add_15_33_g402 | B v -> Y ^   | NOR2X1    | 0.105 |   3.214 |    3.532 | 
     | 4                                                  |              |           |       |         |          | 
     | u_cpu_u_alu_sub_16_33_Y_u_cpu_u_alu_add_15_33_g402 | B ^ -> Y v   | NOR2X1    | 0.099 |   3.313 |    3.631 | 
     | 1                                                  |              |           |       |         |          | 
     | u_cpu_u_alu_sub_16_33_Y_u_cpu_u_alu_add_15_33_g401 | A1 v -> Y ^  | AOI21X1   | 0.108 |   3.421 |    3.739 | 
     | 5                                                  |              |           |       |         |          | 
     | u_cpu_u_alu_sub_16_33_Y_u_cpu_u_alu_add_15_33_g401 | A1 ^ -> Y v  | OAI21X1   | 0.132 |   3.553 |    3.871 | 
     | 1                                                  |              |           |       |         |          | 
     | g655048                                            | A1N v -> Y v | OAI2BB1X1 | 0.166 |   3.719 |    4.038 | 
     | u_cpu_u_alu_sub_16_33_Y_u_cpu_u_alu_add_15_33_g400 | A v -> Y ^   | INVX1     | 0.069 |   3.789 |    4.107 | 
     | 7                                                  |              |           |       |         |          | 
     | u_cpu_u_alu_sub_16_33_Y_u_cpu_u_alu_add_15_33_g400 | A1 ^ -> Y v  | OAI21X1   | 0.095 |   3.883 |    4.202 | 
     | 5                                                  |              |           |       |         |          | 
     | u_cpu_u_alu_sub_16_33_Y_u_cpu_u_alu_add_15_33_g400 | A1 v -> Y ^  | AOI21X1   | 0.136 |   4.020 |    4.338 | 
     | 3                                                  |              |           |       |         |          | 
     | u_cpu_u_alu_sub_16_33_Y_u_cpu_u_alu_add_15_33_g400 | A1 ^ -> Y v  | OAI21X1   | 0.137 |   4.157 |    4.475 | 
     | 0                                                  |              |           |       |         |          | 
     | u_cpu_u_alu_sub_16_33_Y_u_cpu_u_alu_add_15_33_g399 | A v -> Y ^   | INVX1     | 0.068 |   4.224 |    4.542 | 
     | 9                                                  |              |           |       |         |          | 
     | u_cpu_u_alu_sub_16_33_Y_u_cpu_u_alu_add_15_33_g399 | B ^ -> Y v   | NOR2X1    | 0.039 |   4.263 |    4.581 | 
     | 8                                                  |              |           |       |         |          | 
     | u_cpu_u_alu_sub_16_33_Y_u_cpu_u_alu_add_15_33_g399 | B v -> Y ^   | NOR2X1    | 0.101 |   4.364 |    4.682 | 
     | 6                                                  |              |           |       |         |          | 
     | u_cpu_u_alu_sub_16_33_Y_u_cpu_u_alu_add_15_33_g399 | B ^ -> Y v   | NOR2X1    | 0.094 |   4.458 |    4.777 | 
     | 5                                                  |              |           |       |         |          | 
     | u_cpu_u_alu_sub_16_33_Y_u_cpu_u_alu_add_15_33_g399 | B v -> Y ^   | NAND2X1   | 0.045 |   4.504 |    4.822 | 
     | 1                                                  |              |           |       |         |          | 
     | u_cpu_u_alu_sub_16_33_Y_u_cpu_u_alu_add_15_33_g398 | B ^ -> Y v   | NAND2X1   | 0.128 |   4.632 |    4.950 | 
     | 9                                                  |              |           |       |         |          | 
     | u_cpu_u_alu_sub_16_33_Y_u_cpu_u_alu_add_15_33_g398 | B v -> Y ^   | NAND2X1   | 0.109 |   4.741 |    5.059 | 
     | 2                                                  |              |           |       |         |          | 
     | u_cpu_u_alu_sub_16_33_Y_u_cpu_u_alu_add_15_33_g397 | A1 ^ -> Y v  | OAI21X1   | 0.180 |   4.921 |    5.239 | 
     | 6                                                  |              |           |       |         |          | 
     | u_cpu_u_alu_sub_16_33_Y_u_cpu_u_alu_add_15_33_g429 | B v -> Y v   | CLKXOR2X1 | 0.207 |   5.128 |    5.446 | 
     | 3                                                  |              |           |       |         |          | 
     | g655417                                            | B v -> Y ^   | NAND2X1   | 0.050 |   5.177 |    5.496 | 
     | g655035                                            | C ^ -> Y v   | NAND3X2   | 0.189 |   5.366 |    5.685 | 
     | g165559                                            | A v -> Y ^   | NOR2X1    | 0.148 |   5.515 |    5.833 | 
     | g655026                                            | D ^ -> Y v   | NAND4BBX2 | 0.162 |   5.677 |    5.995 | 
     | g165557                                            | A v -> Y ^   | NOR2X1    | 0.127 |   5.804 |    6.122 | 
     | g165556                                            | A ^ -> Y v   | NAND2X1   | 0.073 |   5.876 |    6.195 | 
     | g165555                                            | B v -> Y ^   | NOR2X1    | 0.096 |   5.972 |    6.290 | 
     | g165554                                            | B0 ^ -> Y v  | AOI2BB1X1 | 0.098 |   6.070 |    6.388 | 
     | g165553                                            | B v -> Y ^   | NOR2X4    | 0.097 |   6.166 |    6.485 | 
     | g165550                                            | S0 ^ -> Y ^  | MX2X1     | 0.193 |   6.360 |    6.678 | 
     | g655045                                            | A1 ^ -> Y ^  | OA21X1    | 0.158 |   6.517 |    6.835 | 
     | u_cpu_add_167_30_Y_u_cpu_add_165_34_Y_u_cpu_add_16 | B ^ -> Y v   | NOR2X1    | 0.053 |   6.570 |    6.888 | 
     | 3_30_g913                                          |              |           |       |         |          | 
     | u_cpu_add_167_30_Y_u_cpu_add_165_34_Y_u_cpu_add_16 | B v -> Y ^   | NOR2X1    | 0.065 |   6.635 |    6.953 | 
     | 3_30_g911                                          |              |           |       |         |          | 
     | u_cpu_add_167_30_Y_u_cpu_add_165_34_Y_u_cpu_add_16 | B ^ -> Y v   | NOR2X2    | 0.054 |   6.689 |    7.008 | 
     | 3_30_g909                                          |              |           |       |         |          | 
     | u_cpu_add_167_30_Y_u_cpu_add_165_34_Y_u_cpu_add_16 | B0 v -> Y ^  | AOI2BB1X1 | 0.071 |   6.760 |    7.079 | 
     | 3_30_g907                                          |              |           |       |         |          | 
     | u_cpu_add_167_30_Y_u_cpu_add_165_34_Y_u_cpu_add_16 | B ^ -> Y v   | NOR2X2    | 0.059 |   6.820 |    7.138 | 
     | 3_30_g905                                          |              |           |       |         |          | 
     | u_cpu_add_167_30_Y_u_cpu_add_165_34_Y_u_cpu_add_16 | B0 v -> Y ^  | AOI2BB1X1 | 0.082 |   6.901 |    7.220 | 
     | 3_30_g903                                          |              |           |       |         |          | 
     | g655044                                            | B0 ^ -> Y v  | AOI21X2   | 0.062 |   6.963 |    7.281 | 
     | u_cpu_add_167_30_Y_u_cpu_add_165_34_Y_u_cpu_add_16 | B0 v -> Y ^  | AOI2BB1X1 | 0.081 |   7.044 |    7.362 | 
     | 3_30_g899                                          |              |           |       |         |          | 
     | u_cpu_add_167_30_Y_u_cpu_add_165_34_Y_u_cpu_add_16 | B ^ -> Y v   | NOR2X1    | 0.066 |   7.110 |    7.428 | 
     | 3_30_g897                                          |              |           |       |         |          | 
     | g655043                                            | A1N v -> Y v | AOI2BB1X2 | 0.160 |   7.270 |    7.588 | 
     | u_cpu_add_167_30_Y_u_cpu_add_165_34_Y_u_cpu_add_16 | B0 v -> Y ^  | AOI2BB1X2 | 0.078 |   7.348 |    7.667 | 
     | 3_30_g891                                          |              |           |       |         |          | 
     | u_cpu_add_167_30_Y_u_cpu_add_165_34_Y_u_cpu_add_16 | B ^ -> Y v   | NOR2X4    | 0.050 |   7.399 |    7.717 | 
     | 3_30_g889                                          |              |           |       |         |          | 
     | u_cpu_add_167_30_Y_u_cpu_add_165_34_Y_u_cpu_add_16 | B v -> Y ^   | NOR2X2    | 0.057 |   7.455 |    7.774 | 
     | 3_30_g887                                          |              |           |       |         |          | 
     | u_cpu_add_167_30_Y_u_cpu_add_165_34_Y_u_cpu_add_16 | B ^ -> Y v   | NOR2X4    | 0.049 |   7.505 |    7.823 | 
     | 3_30_g885                                          |              |           |       |         |          | 
     | u_cpu_add_167_30_Y_u_cpu_add_165_34_Y_u_cpu_add_16 | B v -> Y ^   | NOR2X2    | 0.056 |   7.561 |    7.879 | 
     | 3_30_g883                                          |              |           |       |         |          | 
     | u_cpu_add_167_30_Y_u_cpu_add_165_34_Y_u_cpu_add_16 | B ^ -> Y v   | NOR2X4    | 0.049 |   7.610 |    7.928 | 
     | 3_30_g881                                          |              |           |       |         |          | 
     | u_cpu_add_167_30_Y_u_cpu_add_165_34_Y_u_cpu_add_16 | B0 v -> Y ^  | AOI2BB1X2 | 0.069 |   7.679 |    7.997 | 
     | 3_30_g879                                          |              |           |       |         |          | 
     | u_cpu_add_167_30_Y_u_cpu_add_165_34_Y_u_cpu_add_16 | B ^ -> Y v   | NOR2X4    | 0.055 |   7.733 |    8.051 | 
     | 3_30_g877                                          |              |           |       |         |          | 
     | u_cpu_add_167_30_Y_u_cpu_add_165_34_Y_u_cpu_add_16 | B0 v -> Y ^  | AOI2BB1X4 | 0.056 |   7.789 |    8.107 | 
     | 3_30_g875                                          |              |           |       |         |          | 
     | u_cpu_add_167_30_Y_u_cpu_add_165_34_Y_u_cpu_add_16 | B ^ -> Y v   | NOR2X4    | 0.049 |   7.838 |    8.156 | 
     | 3_30_g873                                          |              |           |       |         |          | 
     | u_cpu_add_167_30_Y_u_cpu_add_165_34_Y_u_cpu_add_16 | B v -> Y ^   | NOR2X4    | 0.049 |   7.887 |    8.205 | 
     | 3_30_g871                                          |              |           |       |         |          | 
     | u_cpu_add_167_30_Y_u_cpu_add_165_34_Y_u_cpu_add_16 | B ^ -> Y v   | NOR2X4    | 0.043 |   7.929 |    8.248 | 
     | 3_30_g869                                          |              |           |       |         |          | 
     | u_cpu_add_167_30_Y_u_cpu_add_165_34_Y_u_cpu_add_16 | B0 v -> Y ^  | AOI2BB1X4 | 0.056 |   7.986 |    8.304 | 
     | 3_30_g867                                          |              |           |       |         |          | 
     | u_cpu_add_167_30_Y_u_cpu_add_165_34_Y_u_cpu_add_16 | B ^ -> Y v   | NOR2X4    | 0.044 |   8.030 |    8.348 | 
     | 3_30_g865                                          |              |           |       |         |          | 
     | u_cpu_add_167_30_Y_u_cpu_add_165_34_Y_u_cpu_add_16 | B v -> Y ^   | NOR2X4    | 0.045 |   8.074 |    8.393 | 
     | 3_30_g863                                          |              |           |       |         |          | 
     | u_cpu_add_167_30_Y_u_cpu_add_165_34_Y_u_cpu_add_16 | B ^ -> Y v   | NOR2X4    | 0.038 |   8.113 |    8.431 | 
     | 3_30_g861                                          |              |           |       |         |          | 
     | u_cpu_add_167_30_Y_u_cpu_add_165_34_Y_u_cpu_add_16 | B0 v -> Y ^  | AOI2BB1X2 | 0.067 |   8.180 |    8.498 | 
     | 3_30_g859                                          |              |           |       |         |          | 
     | u_cpu_add_167_30_Y_u_cpu_add_165_34_Y_u_cpu_add_16 | B ^ -> Y v   | NOR2X4    | 0.054 |   8.234 |    8.552 | 
     | 3_30_g857                                          |              |           |       |         |          | 
     | u_cpu_add_167_30_Y_u_cpu_add_165_34_Y_u_cpu_add_16 | B0 v -> Y ^  | AOI2BB1X4 | 0.063 |   8.297 |    8.615 | 
     | 3_30_g855                                          |              |           |       |         |          | 
     | u_cpu_add_167_30_Y_u_cpu_add_165_34_Y_u_cpu_add_16 | B ^ -> Y v   | NOR2X6    | 0.046 |   8.342 |    8.661 | 
     | 3_30_g853                                          |              |           |       |         |          | 
     | u_cpu_add_167_30_Y_u_cpu_add_165_34_Y_u_cpu_add_16 | B v -> Y ^   | NOR2X4    | 0.043 |   8.386 |    8.704 | 
     | 3_30_g851                                          |              |           |       |         |          | 
     | u_cpu_add_167_30_Y_u_cpu_add_165_34_Y_u_cpu_add_16 | B ^ -> Y v   | NOR2X4    | 0.044 |   8.430 |    8.748 | 
     | 3_30_g849                                          |              |           |       |         |          | 
     | u_cpu_add_167_30_Y_u_cpu_add_165_34_Y_u_cpu_add_16 | B v -> Y ^   | NOR2X4    | 0.047 |   8.477 |    8.795 | 
     | 3_30_g848                                          |              |           |       |         |          | 
     | u_cpu_add_167_30_Y_u_cpu_add_165_34_Y_u_cpu_add_16 | B ^ -> Y v   | NOR2X4    | 0.043 |   8.520 |    8.838 | 
     | 3_30_g846                                          |              |           |       |         |          | 
     | u_cpu_add_167_30_Y_u_cpu_add_165_34_Y_u_cpu_add_16 | B0 v -> Y ^  | AOI2BB1X4 | 0.060 |   8.580 |    8.898 | 
     | 3_30_g845                                          |              |           |       |         |          | 
     | u_cpu_add_167_30_Y_u_cpu_add_165_34_Y_u_cpu_add_16 | B ^ -> Y v   | NOR2X4    | 0.047 |   8.626 |    8.945 | 
     | 3_30_g843                                          |              |           |       |         |          | 
     | g655480                                            | B0 v -> Y ^  | AOI2BB1X4 | 0.058 |   8.684 |    9.003 | 
     | u_cpu_add_167_30_Y_u_cpu_add_165_34_Y_u_cpu_add_16 | B ^ -> Y v   | NOR2X4    | 0.047 |   8.732 |    9.050 | 
     | 3_30_g840                                          |              |           |       |         |          | 
     | u_cpu_add_167_30_Y_u_cpu_add_165_34_Y_u_cpu_add_16 | B v -> Y ^   | NOR2X4    | 0.044 |   8.776 |    9.094 | 
     | 3_30_g839                                          |              |           |       |         |          | 
     | u_cpu_add_167_30_Y_u_cpu_add_165_34_Y_u_cpu_add_16 | B ^ -> Y v   | NOR2X4    | 0.042 |   8.817 |    9.136 | 
     | 3_30_g837                                          |              |           |       |         |          | 
     | u_cpu_add_167_30_Y_u_cpu_add_165_34_Y_u_cpu_add_16 | B0 v -> Y ^  | AOI2BB1X4 | 0.063 |   8.880 |    9.198 | 
     | 3_30_g836                                          |              |           |       |         |          | 
     | u_cpu_add_167_30_Y_u_cpu_add_165_34_Y_u_cpu_add_16 | B ^ -> Y v   | NOR2X6    | 0.052 |   8.932 |    9.250 | 
     | 3_30_g834                                          |              |           |       |         |          | 
     | u_cpu_add_167_30_Y_u_cpu_add_165_34_Y_u_cpu_add_16 | B0 v -> Y ^  | AOI2BB1X4 | 0.065 |   8.996 |    9.314 | 
     | 3_30_g833                                          |              |           |       |         |          | 
     | u_cpu_add_167_30_Y_u_cpu_add_165_34_Y_u_cpu_add_16 | B ^ -> Y v   | NOR2X6    | 0.052 |   9.048 |    9.366 | 
     | 3_30_g831                                          |              |           |       |         |          | 
     | u_cpu_add_167_30_Y_u_cpu_add_165_34_Y_u_cpu_add_16 | B v -> Y ^   | NOR2X4    | 0.047 |   9.095 |    9.414 | 
     | 3_30_g830                                          |              |           |       |         |          | 
     | u_cpu_add_167_30_Y_u_cpu_add_165_34_Y_u_cpu_add_16 | B ^ -> Y v   | NOR2X4    | 0.041 |   9.136 |    9.455 | 
     | 3_30_g828                                          |              |           |       |         |          | 
     | u_cpu_add_167_30_Y_u_cpu_add_165_34_Y_u_cpu_add_16 | B0 v -> Y ^  | AOI2BB1X4 | 0.061 |   9.198 |    9.516 | 
     | 3_30_g827                                          |              |           |       |         |          | 
     | u_cpu_add_167_30_Y_u_cpu_add_165_34_Y_u_cpu_add_16 | B ^ -> Y v   | NOR2X6    | 0.045 |   9.243 |    9.561 | 
     | 3_30_g825                                          |              |           |       |         |          | 
     | u_cpu_add_167_30_Y_u_cpu_add_165_34_Y_u_cpu_add_16 | B v -> Y ^   | NOR2X4    | 0.049 |   9.292 |    9.610 | 
     | 3_30_g824                                          |              |           |       |         |          | 
     | u_cpu_add_167_30_Y_u_cpu_add_165_34_Y_u_cpu_add_16 | B ^ -> Y v   | NOR2X6    | 0.044 |   9.336 |    9.654 | 
     | 3_30_g822                                          |              |           |       |         |          | 
     | u_cpu_add_167_30_Y_u_cpu_add_165_34_Y_u_cpu_add_16 | B0 v -> Y ^  | AOI2BB1X4 | 0.062 |   9.398 |    9.716 | 
     | 3_30_g821                                          |              |           |       |         |          | 
     | u_cpu_add_167_30_Y_u_cpu_add_165_34_Y_u_cpu_add_16 | B ^ -> Y v   | NOR2X6    | 0.046 |   9.444 |    9.762 | 
     | 3_30_g819                                          |              |           |       |         |          | 
     | u_cpu_add_167_30_Y_u_cpu_add_165_34_Y_u_cpu_add_16 | B v -> Y ^   | NOR2X4    | 0.043 |   9.487 |    9.806 | 
     | 3_30_g818                                          |              |           |       |         |          | 
     | u_cpu_add_167_30_Y_u_cpu_add_165_34_Y_u_cpu_add_16 | B ^ -> Y v   | NOR2X4    | 0.041 |   9.529 |    9.847 | 
     | 3_30_g816                                          |              |           |       |         |          | 
     | g655057                                            | B0 v -> Y ^  | AOI2BB1X4 | 0.065 |   9.593 |    9.911 | 
     | g655056                                            | A ^ -> Y v   | NOR2X6    | 0.051 |   9.645 |    9.963 | 
     | u_cpu_add_167_30_Y_u_cpu_add_165_34_Y_u_cpu_add_16 | B v -> Y ^   | XNOR2X1   | 0.174 |   9.818 |   10.137 | 
     | 3_30_g1082                                         |              |           |       |         |          | 
     | g641352                                            | B ^ -> Y v   | NAND2X1   | 0.062 |   9.880 |   10.198 | 
     | g653710                                            | B v -> Y ^   | NAND2X1   | 0.049 |   9.929 |   10.247 | 
     | u_cpu_pc_reg[30]                                   | D ^          | DFFRHQX1  | 0.000 |   9.929 |   10.247 | 
     +------------------------------------------------------------------------------------------------------------+ 

