###############################################################
#  Generated by:      Cadence Innovus 21.15-s110_1
#  OS:                Linux x86_64(Host ID cad16)
#  Generated on:      Mon Aug 10 11:19:30 2026
#  Design:            soc_top
#  Command:           summaryReport -noHtml -outfile /home/student/rt/MINISP/PNR/reports/54_final_summary.rpt
###############################################################


==============================
General Design Information
==============================
Design Status: Routed  
Design Name: soc_top  
# Instances: 58791  
# Hard Macros: 0  
# Std Cells: 58791  
    ------------------------------
    Standard Cells in Netlist
    ------------------------------
               Cell Type   Instance Count  Area (um^2)  
               OAI2BB1X1              173         295.8300  
                  MXI3XL                1           5.8140  
                 SDFFRX2               21         229.8240  
                NAND3BX2                5          15.3900  
                   OR3X2                1           2.3940  
                   INVX8                4          12.3120  
                   OR4X4                1           3.7620  
                 NAND3X2              229         626.5440  
                   OR2XL                4           5.4720  
                  NOR2X6                7          28.7280  
                CLKBUFX8               43         161.7660  
                 NOR2BX4                1           3.7620  
                NAND4BXL                1           2.3940  
                   FILL1            10602        3625.8840  
                  NOR2X4               26          80.0280  
                   OR2X6              171         643.3020  
               CLKBUFX12                3          15.3900  
                 AOI21X2                1           2.7360  
                  INVX12                5          20.5200  
                 NOR2BX2                6          16.4160  
                   INVX3               45          61.5600  
                  AO21X4                2           6.8400  
                   BUFX2              500         855.0000  
                  NOR2X2               20          34.2000  
               CLKXOR2X1               15          41.0400  
                  NOR4X6                1           8.2080  
                AOI222X1              179         550.9620  
                  NOR3X2                1           2.7360  
                 NOR3BX2                1           3.4200  
                CLKINVX6                3           7.1820  
                   OR2X1               82         112.1760  
               AOI2BB1X4               11          45.1440  
                   BUFX8                5          18.8100  
                   MX2XL               60         143.6400  
                NAND4BX2                1           4.4460  
               AOI2BB1X1               13          26.6760  
                  AND2X1              889        1216.1520  
                CLKMX2X2                3           9.2340  
                OAI211X1               21          35.9100  
                  DFFRX1               30         205.2000  
                  AND3X1                3           7.1820  
                   FILL2            10578        7235.3520  
                  DFFSX1                1           7.5240  
                   BUFX3               28          57.4560  
                  AND4X1                1           2.3940  
               OAI2BB1X2                2           6.1560  
                   INVX4                5           8.5500  
                  FILL64             1010       22106.8800  
                 SDFFQX1             8320       62599.6800  
                 XNOR2X1               93         222.6420  
                   MX2X1              141         337.5540  
               OAI2BB2XL                1           3.7620  
                   FILL8             3067        8391.3120  
                CLKBUFX3               26          53.3520  
                 NAND2X1              558         572.5080  
                   OR2X2               18          30.7800  
                  FILL16             1160        6347.5200  
                CLKBUFX6              124         381.6720  
                 OAI21X1               38          64.9800  
                  AND3XL                3           6.1560  
                OAI221X1                3           7.1820  
                 OAI31X1                1           2.0520  
                  OA21X1                8          16.4160  
                   OR2X8                5          22.2300  
                  OA22X1                5          11.9700  
                AOI211X1                5          11.9700  
                   OR4X1              191         391.9320  
                   BUFX4               22          52.6680  
                CLKINVX4               40          68.4000  
                NAND2BX1               62          84.8160  
                NAND2BX4                1           3.7620  
                  ADDFX1              972        4986.3600  
               AOI2BB1X2                4          12.3120  
                 NAND3X1              929        1588.5900  
                 DFFHQX1               32         175.1040  
               SDFFRHQX1             1521       12484.3680  
                  ADDHX1               95         357.3900  
                 OAI22X1               14          28.7280  
                CLKMX2X6                5          22.2300  
                 NOR2BX1               63          86.1840  
                 OAI32X1                3           7.1820  
                   INVXL               89          60.8760  
                   FILL4             8646       11827.7280  
                  NOR2X1              174         178.5240  
                 NOR3BX1                6          12.3120  
                  AND2X6               25          94.0500  
                AOI221X1             1201        2875.1940  
                 AOI21X1               62         106.0200  
                   INVX6               59         141.2460  
                   OR4X2               76         259.9200  
                  AO21X1               41          98.1540  
                  NOR3X1                7          11.9700  
                  AND2X4              241         659.3760  
                 NOR4BX1                3           7.1820  
                 AOI31X1                3           6.1560  
                NAND3BX1                9          18.4680  
                 SDFFRXL                2          20.5200  
                  AND2X2               21          35.9100  
                CLKBUFX4              281         672.7140  
                  AO22X1             1081        2957.6160  
                  NOR4X1               35          59.8500  
                DFFRHQX1              152         935.7120  
                AOI211XL               30          61.5600  
                  DFFRX2               15         112.8600  
                   OR2X4              101         276.3360  
                 NAND4X1               13          26.6760  
                  AND3X4                4          12.3120  
                DFFRHQX4                1           9.5760  
                DFFSHQX1                6          38.9880  
                  NOR2XL                2           2.0520  
                  FILL32              337        3688.1280  
                   INVX1              634         433.6560  
                 AOI22X1             2744        5630.6880  
                AOI211X2                3          10.2600  
                   OR3X1               14          28.7280  
                 NOR3BXL                1           2.0520  
                NAND2BX2                2           4.7880  
                 AOI32X1                1           2.3940  
                 NAND2X2                9          15.3900  
                   MX3XL               25         119.7000  
                CLKINVX8               36         110.8080  
                NAND4BX1               48         114.9120  
               NAND4BBX2                1           5.4720  
               CLKINVX12                1           4.1040  
                NAND3BXL               39          66.6900  
                OAI222X1                4          10.9440  
               SDFFRHQX2               20         198.3600  
                CLKMX2X4                2           8.2080  
                 NAND4XL               51          87.2100  
                   INVX2               74          75.9240  
                  MXI2XL               14          33.5160  
# Pads: 0  
# Net: 24887  
# Special Net: 2  
# IO Pins: 
    ------------------------------
    Issued IO Information
    ------------------------------
    # Unplaced IO Pin  0  
    # Floating IO  0  
    # IO Connected to Non-IO Inst  
        ------------------------------
        IO Connected to Non-IO Inst
        ------------------------------
                     IO Name      Non-IO Inst Name  
                    done_irq   FE_OFC2292_done_irq  
                         rst          FE_DBTC7_rst  
                         clk   CTS_ccl_a_buf_00334  3  3  
# Pins: 
    ------------------------------
    Correctness of Pin Connectivity for All Instances
    ------------------------------
    # Floating Terms  0  
    # Output Term Marked Tie Hi/Lo  0  
    # Output Term Shorted to PG Net  0  106719  
# PG Pins: 
    ------------------------------
    Correctness of PG Pin Connectivity for All Instances
    ------------------------------
    # Instances that No Net Defined for Any PG Pin  0  
    # Floating PG Terms  0  
    # PG Pins Connect to Non-PG Net  0  
    # Power Pins Connect Ground Net  0  
    # Ground Pins Connect Power Net  0  117582  
Average Pins Per Net(Signal): 4.288  

==============================
General Library Information
==============================
# Routing Layers: 11  
# Masterslice Layers: 2  
# Pin Layers: 
    General Caution:
        1) Library have M1 and M3 pins, you should setPlaceMode -prerouteAsObs {1 2 3}                                 to ensure these pins are accessible after placement

    ------------------------------
    Pin Layers
    ------------------------------
    M3  
    M1  2  
# Layers: 
    ------------------------------
    Layer OVERLAP Information
    ------------------------------
    Type  Overlap  
    ------------------------------
    Layer M11 Information
    ------------------------------
    Type  Routing  
    Wire Pitch X  0.480 um  
    Wire Pitch Y  0.480 um  
    Offset X  0.240 um  
    Offset Y  0.240 um  
    Wire Width  0.220 um  
    Spacing  0.200 um  
    ------------------------------
    Layer Via10 Information
    ------------------------------
    Type  Cut  
    Wire Width  0.180 um  
    Vias  
        ------------------------------
        Via list in layer Via10
        ------------------------------
               Vias in Via10  Default  
                 VIA_M10_M11      Yes  For complete list click here  
    Multiple Orientation Vias  CAUTION: There is only one default via in this layer  
    ------------------------------
    Layer M10 Information
    ------------------------------
    Type  Routing  
    Wire Pitch X  0.480 um  
    Wire Pitch Y  0.480 um  
    Offset X  0.240 um  
    Offset Y  0.240 um  
    Wire Width  0.220 um  
    Spacing  0.200 um  
    ------------------------------
    Layer Via9 Information
    ------------------------------
    Type  Cut  
    Wire Width  0.180 um  
    Vias  
        ------------------------------
        Via list in layer Via9
        ------------------------------
                Vias in Via9  Default  
                  VIA_M9_M10      Yes  For complete list click here  
    Multiple Orientation Vias  CAUTION: There is only one default via in this layer  
    ------------------------------
    Layer M9 Information
    ------------------------------
    Type  Routing  
    Wire Pitch X  0.330 um  
    Wire Pitch Y  0.330 um  
    Offset X  0.165 um  
    Offset Y  0.165 um  
    Wire Width  0.080 um  
    Spacing  0.070 um  
    ------------------------------
    Layer Via8 Information
    ------------------------------
    Type  Cut  
    Wire Width  0.070 um  
    Vias  
        ------------------------------
        Via list in layer Via8
        ------------------------------
                Vias in Via8  Default  
                   VIA_M8_M9      Yes  For complete list click here  
    Multiple Orientation Vias  CAUTION: There is only one default via in this layer  
    ------------------------------
    Layer M8 Information
    ------------------------------
    Type  Routing  
    Wire Pitch X  0.200 um  
    Wire Pitch Y  0.200 um  
    Offset X  0.100 um  
    Offset Y  0.100 um  
    Wire Width  0.080 um  
    Spacing  0.070 um  
    ------------------------------
    Layer Via7 Information
    ------------------------------
    Type  Cut  
    Wire Width  0.070 um  
    Vias  
        ------------------------------
        Via list in layer Via7
        ------------------------------
                Vias in Via7  Default  
                   VIA_M7_M8      Yes  For complete list click here  
    Multiple Orientation Vias  CAUTION: There is only one default via in this layer  
    ------------------------------
    Layer M7 Information
    ------------------------------
    Type  Routing  
    Wire Pitch X  0.200 um  
    Wire Pitch Y  0.200 um  
    Offset X  0.100 um  
    Offset Y  0.100 um  
    Wire Width  0.080 um  
    Spacing  0.070 um  
    ------------------------------
    Layer Via6 Information
    ------------------------------
    Type  Cut  
    Wire Width  0.070 um  
    Vias  
        ------------------------------
        Via list in layer Via6
        ------------------------------
                Vias in Via6  Default  
                   VIA_M6_M7      Yes  For complete list click here  
    Multiple Orientation Vias  CAUTION: There is only one default via in this layer  
    ------------------------------
    Layer M6 Information
    ------------------------------
    Type  Routing  
    Wire Pitch X  0.200 um  
    Wire Pitch Y  0.200 um  
    Offset X  0.100 um  
    Offset Y  0.100 um  
    Wire Width  0.080 um  
    Spacing  0.070 um  
    ------------------------------
    Layer Via5 Information
    ------------------------------
    Type  Cut  
    Wire Width  0.070 um  
    Vias  
        ------------------------------
        Via list in layer Via5
        ------------------------------
                Vias in Via5  Default  
                   VIA_M5_M6      Yes  For complete list click here  
    Multiple Orientation Vias  CAUTION: There is only one default via in this layer  
    ------------------------------
    Layer M5 Information
    ------------------------------
    Type  Routing  
    Wire Pitch X  0.200 um  
    Wire Pitch Y  0.200 um  
    Offset X  0.100 um  
    Offset Y  0.100 um  
    Wire Width  0.080 um  
    Spacing  0.070 um  
    ------------------------------
    Layer Via4 Information
    ------------------------------
    Type  Cut  
    Wire Width  0.070 um  
    Vias  
        ------------------------------
        Via list in layer Via4
        ------------------------------
                Vias in Via4  Default  
                   VIA_M4_M5      Yes  For complete list click here  
    Multiple Orientation Vias  CAUTION: There is only one default via in this layer  
    ------------------------------
    Layer M4 Information
    ------------------------------
    Type  Routing  
    Wire Pitch X  0.200 um  
    Wire Pitch Y  0.200 um  
    Offset X  0.100 um  
    Offset Y  0.100 um  
    Wire Width  0.080 um  
    Spacing  0.070 um  
    ------------------------------
    Layer Via3 Information
    ------------------------------
    Type  Cut  
    Wire Width  0.070 um  
    Vias  
        ------------------------------
        Via list in layer Via3
        ------------------------------
                Vias in Via3  Default  
                   VIA_M3_M4      Yes  For complete list click here  
    Multiple Orientation Vias  CAUTION: There is only one default via in this layer  
    ------------------------------
    Layer M3 Information
    ------------------------------
    Type  Routing  
    Wire Pitch X  0.200 um  
    Wire Pitch Y  0.200 um  
    Offset X  0.100 um  
    Offset Y  0.100 um  
    Wire Width  0.080 um  
    Spacing  0.070 um  
    ------------------------------
    Layer Via2 Information
    ------------------------------
    Type  Cut  
    Wire Width  0.070 um  
    Vias  
        ------------------------------
        Via list in layer Via2
        ------------------------------
                Vias in Via2  Default  
                   VIA_M2_M3      Yes  For complete list click here  
    Multiple Orientation Vias  CAUTION: There is only one default via in this layer  
    ------------------------------
    Layer M2 Information
    ------------------------------
    Type  Routing  
    Wire Pitch X  0.200 um  
    Wire Pitch Y  0.200 um  
    Offset X  0.100 um  
    Offset Y  0.100 um  
    Wire Width  0.080 um  
    Spacing  0.070 um  
    ------------------------------
    Layer Via1 Information
    ------------------------------
    Type  Cut  
    Wire Width  0.070 um  
    Vias  
        ------------------------------
        Via list in layer Via1
        ------------------------------
                Vias in Via1  Default  
                   VIA_M1_M2      Yes  For complete list click here  
    Multiple Orientation Vias  CAUTION: There is only one default via in this layer  
    ------------------------------
    Layer M1 Information
    ------------------------------
    Type  Routing  
    Wire Pitch X  0.190 um  
    Wire Pitch Y  0.190 um  
    Offset X  0.095 um  
    Offset Y  0.095 um  
    Wire Width  0.060 um  
    Spacing  0.060 um  
    ------------------------------
    Layer Cont Information
    ------------------------------
    Type  Cut  
    Wire Width  0.060 um  
    Vias  
        ------------------------------
        Via list in layer Cont
        ------------------------------  
    ------------------------------
    Layer SiProt Information
    ------------------------------
    Type  Implant  
    Wire Width  0.220 um  
    ------------------------------
    Layer Plvt Information
    ------------------------------
    Type  Implant  
    ------------------------------
    Layer Nlvt Information
    ------------------------------
    Type  Implant  
    ------------------------------
    Layer Nzvt Information
    ------------------------------
    Type  Implant  
    Wire Width  0.350 um  
    ------------------------------
    Layer Pimp Information
    ------------------------------
    Type  Implant  
    Wire Width  0.120 um  
    ------------------------------
    Layer Phvt Information
    ------------------------------
    Type  Implant  
    ------------------------------
    Layer Nimp Information
    ------------------------------
    Type  Implant  
    Wire Width  0.120 um  
    ------------------------------
    Layer Nhvt Information
    ------------------------------
    Type  Implant  
    ------------------------------
    Layer Poly Information
    ------------------------------
    Type  Masterslice  
    ------------------------------
    Layer Oxide Information
    ------------------------------
    Type  Masterslice  33  
# Pins without Physical Port: 0  
# Pins in Library without Timing Lib: 
    ------------------------------
    Pins in Library without timing lib
    ------------------------------
               Cell Name      List of Pin Name  
                DFFNSRX4                   CKN  
                DFFNSRX4                     D  
                DFFNSRX4                     Q  
                DFFNSRX4                    QN  
                DFFNSRX4                    RN  
                DFFNSRX4                    SN  
                 ANTENNA                     A  
                  DFFSX2                    CK  
                  DFFSX2                     D  
                  DFFSX2                     Q  
                  DFFSX2                    QN  
                  DFFSX2                    SN  12  
# Pins Missing Direction: 0  
Antenna Summary Report: 
    General Caution:
    ------------------------------
    These Layers have antenna info
    ------------------------------
    M11  
    Via10  
    M10  
    Via9  
    M9  
    Via8  
    M8  
    Via7  
    M7  
    Via6  
    M6  
    Via5  
    M5  
    Via4  
    M4  
    Via3  
    M3  
    Via2  
    M2  
    Via1  
    M1  
    Cont  
    ------------------------------
    These Pins have antenna info
    ------------------------------
               Cell Name      List of Pin Name  
               OAI2BB1X4                     Y  
               OAI2BB1X4                    B0  
               OAI2BB1X4                   A1N  
               OAI2BB1X4                   A0N  
                  OA22X2                     Y  
                  OA22X2                    B1  
                  OA22X2                    B0  
                  OA22X2                    A1  
                  OA22X2                    A0  
                 NAND3X8                     Y  
                 NAND3X8                     C  
                 NAND3X8                     B  
                 NAND3X8                     A  
                 SDFFRX4                    SI  
                 SDFFRX4                    SE  
                 SDFFRX4                    RN  
                 SDFFRX4                    QN  
                 SDFFRX4                     Q  
                 SDFFRX4                     D  
                 SDFFRX4                    CK  
                TLATSRX1                    SN  
                TLATSRX1                    RN  
                TLATSRX1                    QN  
                TLATSRX1                     Q  
                TLATSRX1                     G  
                TLATSRX1                     D  
               OAI2BB1X1                     Y  
               OAI2BB1X1                    B0  
               OAI2BB1X1                   A1N  
               OAI2BB1X1                   A0N  
                  DLY4X1                     Y  
                  DLY4X1                     A  
                  ADDFX4                     S  
                  ADDFX4                    CO  
                  ADDFX4                    CI  
                  ADDFX4                     B  
                  ADDFX4                     A  
              CLKAND2X12                     Y  
              CLKAND2X12                     B  
              CLKAND2X12                     A  
                  MXI3XL                     Y  
                  MXI3XL                    S1  
                  MXI3XL                    S0  
                  MXI3XL                     C  
                  MXI3XL                     B  
                  MXI3XL                     A  
                 NAND3X6                     Y  
                 NAND3X6                     C  
                 NAND3X6                     B  
                 NAND3X6                     A  
                   MX3X1                     Y  
                   MX3X1                    S1  
                   MX3X1                    S0  
                   MX3X1                     C  
                   MX3X1                     B  
                   MX3X1                     A  
              SDFFSRHQX1                    SN  
              SDFFSRHQX1                    SI  
              SDFFSRHQX1                    SE  
              SDFFSRHQX1                    RN  
              SDFFSRHQX1                     Q  
              SDFFSRHQX1                     D  
              SDFFSRHQX1                    CK  
            TLATNTSCAX16                    SE  
            TLATNTSCAX16                   ECK  
            TLATNTSCAX16                     E  
            TLATNTSCAX16                    CK  
                 OAI33XL                     Y  
                 OAI33XL                    B2  
                 OAI33XL                    B1  
                 OAI33XL                    B0  
                 OAI33XL                    A2  
                 OAI33XL                    A1  
                 OAI33XL                    A0  
                TLATSRX4                    SN  
                TLATSRX4                    RN  
                TLATSRX4                    QN  
                TLATSRX4                     Q  
                TLATSRX4                     G  
                TLATSRX4                     D  
                 DFFHQX4                     Q  
                 DFFHQX4                     D  
                 DFFHQX4                    CK  
                AOI221X2                     Y  
                AOI221X2                    C0  
                AOI221X2                    B1  
                AOI221X2                    B0  
                AOI221X2                    A1  
                AOI221X2                    A0  
                 SDFFRX2                    SI  
                 SDFFRX2                    SE  
                 SDFFRX2                    RN  
                 SDFFRX2                    QN  
                 SDFFRX2                     Q  
                 SDFFRX2                     D  
                 SDFFRX2                    CK  
                  ADDFX2                     S  
                  ADDFX2                    CO  
                  ADDFX2                    CI  
                  ADDFX2                     B  
                  ADDFX2                     A  
                 AOI22XL                     Y  
                 AOI22XL                    B1  
                 AOI22XL                    B0  
                 AOI22XL                    A1  
                 AOI22XL                    A0  
                NAND3BX2                     Y  
                NAND3BX2                     C  
                NAND3BX2                     B  
                NAND3BX2                    AN  
                SDFFTRXL                    SI  
                SDFFTRXL                    SE  
                SDFFTRXL                    RN  
                SDFFTRXL                    QN  
                SDFFTRXL                     Q  
                SDFFTRXL                     D  
                SDFFTRXL                    CK  
                   OR3X2                     Y  
                   OR3X2                     C  
                   OR3X2                     B  
                   OR3X2                     A  
                CLKBUFX2                     Y  
                CLKBUFX2                     A  
                  TLATX1                    QN  
                  TLATX1                     Q  
                  TLATX1                     G  
                  TLATX1                     D  
                 DFFHQX2                     Q  
                 DFFHQX2                     D  
                 DFFHQX2                    CK  
                  MXI4XL                     Y  
                  MXI4XL                    S1  
                  MXI4XL                    S0  
                  MXI4XL                     D  
                  MXI4XL                     C  
                  MXI4XL                     B  
                  MXI4XL                     A  
               AOI2BB2X2                     Y  
               AOI2BB2X2                    B1  
               AOI2BB2X2                    B0  
               AOI2BB2X2                   A1N  
               AOI2BB2X2                   A0N  
               SEDFFTRX2                    SI  
               SEDFFTRX2                    SE  
               SEDFFTRX2                    RN  
               SEDFFTRX2                    QN  
               SEDFFTRX2                     Q  
               SEDFFTRX2                     E  
               SEDFFTRX2                     D  
               SEDFFTRX2                    CK  
               SDFFNSRX2                    SN  
               SDFFNSRX2                    SI  
               SDFFNSRX2                    SE  
               SDFFNSRX2                    RN  
               SDFFNSRX2                    QN  
               SDFFNSRX2                     Q  
               SDFFNSRX2                     D  
               SDFFNSRX2                   CKN  
                   INVX8                     Y  
                   INVX8                     A  
                 AOI33X1                     Y  
                 AOI33X1                    B2  
                 AOI33X1                    B1  
                 AOI33X1                    B0  
                 AOI33X1                    A2  
                 AOI33X1                    A1  
                 AOI33X1                    A0  
                   OR4X4                     Y  
                   OR4X4                     D  
                   OR4X4                     C  
                   OR4X4                     B  
                   OR4X4                     A  
                DFFNSRX1                    SN  
                DFFNSRX1                    RN  
                DFFNSRX1                    QN  
                DFFNSRX1                     Q  
                DFFNSRX1                     D  
                DFFNSRX1                   CKN  
                 NAND3X2                     Y  
                 NAND3X2                     C  
                 NAND3X2                     B  
                 NAND3X2                     A  
                 ADDFHX4                     S  
                 ADDFHX4                    CO  
                 ADDFHX4                    CI  
                 ADDFHX4                     B  
                 ADDFHX4                     A  
                 NAND3X4                     Y  
                 NAND3X4                     C  
                 NAND3X4                     B  
                 NAND3X4                     A  
                  NOR2X8                     Y  
                  NOR2X8                     B  
                  NOR2X8                     A  
                 AOI32XL                     Y  
                 AOI32XL                    B1  
                 AOI32XL                    B0  
                 AOI32XL                    A2  
                 AOI32XL                    A1  
                 AOI32XL                    A0  
                 OAI22X4                     Y  
                 OAI22X4                    B1  
                 OAI22X4                    B0  
                 OAI22X4                    A1  
                 OAI22X4                    A0  
                NOR4BBXL                     Y  
                NOR4BBXL                     D  
                NOR4BBXL                     C  
                NOR4BBXL                    BN  
                NOR4BBXL                    AN  
              SDFFSRHQX4                    SN  
              SDFFSRHQX4                    SI  
              SDFFSRHQX4                    SE  
              SDFFSRHQX4                    RN  
              SDFFSRHQX4                     Q  
              SDFFSRHQX4                     D  
              SDFFSRHQX4                    CK  
                 TBUFX20                     Y  
                 TBUFX20                    OE  
                 TBUFX20                     A  
                  INVX16                     Y  
                  INVX16                     A  
                  ADDHX4                     S  
                  ADDHX4                    CO  
                  ADDHX4                     B  
                  ADDHX4                     A  
               SDFFSHQX8                    SN  
               SDFFSHQX8                    SI  
               SDFFSHQX8                    SE  
               SDFFSHQX8                     Q  
               SDFFSHQX8                     D  
               SDFFSHQX8                    CK  
                DFFRHQX2                    RN  
                DFFRHQX2                     Q  
                DFFRHQX2                     D  
                DFFRHQX2                    CK  
                DFFNSRX4                   CKN  
                DFFNSRX4                     D  
                DFFNSRX4                     Q  
                DFFNSRX4                    QN  
                DFFNSRX4                    RN  
                DFFNSRX4                    SN  
               TLATNSRX4                    SN  
               TLATNSRX4                    RN  
               TLATNSRX4                    QN  
               TLATNSRX4                     Q  
               TLATNSRX4                    GN  
               TLATNSRX4                     D  
                 ADDFHX2                     S  
                 ADDFHX2                    CO  
                 ADDFHX2                    CI  
                 ADDFHX2                     B  
                 ADDFHX2                     A  
                   OR2XL                     Y  
                   OR2XL                     B  
                   OR2XL                     A  
                  NOR2X6                     Y  
                  NOR2X6                     B  
                  NOR2X6                     A  
                CLKBUFX8                     Y  
                CLKBUFX8                     A  
                 NOR2BX4                     Y  
                 NOR2BX4                     B  
                 NOR2BX4                    AN  
               TLATNSRX1                    SN  
               TLATNSRX1                    RN  
               TLATNSRX1                    QN  
               TLATNSRX1                     Q  
               TLATNSRX1                    GN  
               TLATNSRX1                     D  
                  TBUFX3                     Y  
                  TBUFX3                    OE  
                  TBUFX3                     A  
                  NOR3X8                     Y  
                  NOR3X8                     C  
                  NOR3X8                     B  
                  NOR3X8                     A  
                  ADDHX2                     S  
                  ADDHX2                    CO  
                  ADDHX2                     B  
                  ADDHX2                     A  
                 OAI32X4                     Y  
                 OAI32X4                    B1  
                 OAI32X4                    B0  
                 OAI32X4                    A2  
                 OAI32X4                    A1  
                 OAI32X4                    A0  
                NAND4BXL                     Y  
                NAND4BXL                     D  
                NAND4BXL                     C  
                NAND4BXL                     B  
                NAND4BXL                    AN  
              TLATNCAX16                   ECK  
              TLATNCAX16                     E  
              TLATNCAX16                    CK  
                DFFSHQX2                    SN  
                DFFSHQX2                     Q  
                DFFSHQX2                     D  
                DFFSHQX2                    CK  
               AOI2BB1XL                     Y  
               AOI2BB1XL                    B0  
               AOI2BB1XL                   A1N  
               AOI2BB1XL                   A0N  
                  NOR2X4                     Y  
                  NOR2X4                     B  
                  NOR2X4                     A  
                 AOI21X4                     Y  
                 AOI21X4                    B0  
                 AOI21X4                    A1  
                 AOI21X4                    A0  
                   OR2X6                     Y  
                   OR2X6                     B  
                   OR2X6                     A  
                 OAI22X2                     Y  
                 OAI22X2                    B1  
                 OAI22X2                    B0  
                 OAI22X2                    A1  
                 OAI22X2                    A0  
               CLKBUFX12                     Y  
               CLKBUFX12                     A  
                  SDFFX4                    SI  
                  SDFFX4                    SE  
                  SDFFX4                    QN  
                  SDFFX4                     Q  
                  SDFFX4                     D  
                  SDFFX4                    CK  
                  NOR3X6                     Y  
                  NOR3X6                     C  
                  NOR3X6                     B  
                  NOR3X6                     A  
                DFFRHQX8                    RN  
                DFFRHQX8                     Q  
                DFFRHQX8                     D  
                DFFRHQX8                    CK  
                 NOR3BX4                     Y  
                 NOR3BX4                     C  
                 NOR3BX4                     B  
                 NOR3BX4                    AN  
                   OR3X8                     Y  
                   OR3X8                     C  
                   OR3X8                     B  
                   OR3X8                     A  
               SDFFSHQX2                    SN  
               SDFFSHQX2                    SI  
               SDFFSHQX2                    SE  
               SDFFSHQX2                     Q  
               SDFFSHQX2                     D  
               SDFFSHQX2                    CK  
                SDFFTRX2                    SI  
                SDFFTRX2                    SE  
                SDFFTRX2                    RN  
                SDFFTRX2                    QN  
                SDFFTRX2                     Q  
                SDFFTRX2                     D  
                SDFFTRX2                    CK  
                  NOR4X8                     Y  
                  NOR4X8                     D  
                  NOR4X8                     C  
                  NOR4X8                     B  
                  NOR4X8                     A  
                 AOI21X2                     Y  
                 AOI21X2                    B0  
                 AOI21X2                    A1  
                 AOI21X2                    A0  
                   DFFX4                    QN  
                   DFFX4                     Q  
                   DFFX4                     D  
                   DFFX4                    CK  
                  TBUFX1                     Y  
                  TBUFX1                    OE  
                  TBUFX1                     A  
                  INVX12                     Y  
                  INVX12                     A  
                   TIELO                     Y  
                SDFFHQX1                    SI  
                SDFFHQX1                    SE  
                SDFFHQX1                     Q  
                SDFFHQX1                     D  
                SDFFHQX1                    CK  
                 NOR2BX2                     Y  
                 NOR2BX2                     B  
                 NOR2BX2                    AN  
                   INVX3                     Y  
                   INVX3                     A  
               CLKXOR2X4                     Y  
               CLKXOR2X4                     B  
               CLKXOR2X4                     A  
                 DFFSRX1                    SN  
                 DFFSRX1                    RN  
                 DFFSRX1                    QN  
                 DFFSRX1                     Q  
                 DFFSRX1                     D  
                 DFFSRX1                    CK  
                  AO21X4                     Y  
                  AO21X4                    B0  
                  AO21X4                    A1  
                  AO21X4                    A0  
                   BUFX2                     Y  
                   BUFX2                     A  
                  SDFFX2                    SI  
                  SDFFX2                    SE  
                  SDFFX2                    QN  
                  SDFFX2                     Q  
                  SDFFX2                     D  
                  SDFFX2                    CK  
                  NOR3X4                     Y  
                  NOR3X4                     C  
                  NOR3X4                     B  
                  NOR3X4                     A  
                 AOI31X4                     Y  
                 AOI31X4                    B0  
                 AOI31X4                    A2  
                 AOI31X4                    A1  
                 AOI31X4                    A0  
                  NOR2X2                     Y  
                  NOR2X2                     B  
                  NOR2X2                     A  
               CLKXOR2X1                     Y  
               CLKXOR2X1                     B  
               CLKXOR2X1                     A  
                  NOR4X6                     Y  
                  NOR4X6                     D  
                  NOR4X6                     C  
                  NOR4X6                     B  
                  NOR4X6                     A  
                AOI222X1                     Y  
                AOI222X1                    C1  
                AOI222X1                    C0  
                AOI222X1                    B1  
                AOI222X1                    B0  
                AOI222X1                    A1  
                AOI222X1                    A0  
                 NAND4X8                     Y  
                 NAND4X8                     D  
                 NAND4X8                     C  
                 NAND4X8                     B  
                 NAND4X8                     A  
                 SDFFSX4                    SN  
                 SDFFSX4                    SI  
                 SDFFSX4                    SE  
                 SDFFSX4                    QN  
                 SDFFSX4                     Q  
                 SDFFSX4                     D  
                 SDFFSX4                    CK  
                DFFSHQX8                    SN  
                DFFSHQX8                     Q  
                DFFSHQX8                     D  
                DFFSHQX8                    CK  
                NOR4BBX2                     Y  
                NOR4BBX2                     D  
                NOR4BBX2                     C  
                NOR4BBX2                    BN  
                NOR4BBX2                    AN  
                CLKINVX3                     Y  
                CLKINVX3                     A  
                SDFFHQX4                    SI  
                SDFFHQX4                    SE  
                SDFFHQX4                     Q  
                SDFFHQX4                     D  
                SDFFHQX4                    CK  
                 OAI32X2                     Y  
                 OAI32X2                    B1  
                 OAI32X2                    B0  
                 OAI32X2                    A2  
                 OAI32X2                    A1  
                 OAI32X2                    A0  
                 TLATNX1                    QN  
                 TLATNX1                     Q  
                 TLATNX1                    GN  
                 TLATNX1                     D  
                  AO21X2                     Y  
                  AO21X2                    B0  
                  AO21X2                    A1  
                  AO21X2                    A0  
                 AOI31X2                     Y  
                 AOI31X2                    B0  
                 AOI31X2                    A2  
                 AOI31X2                    A1  
                 AOI31X2                    A0  
                  NOR3X2                     Y  
                  NOR3X2                     C  
                  NOR3X2                     B  
                  NOR3X2                     A  
                 NOR3BX2                     Y  
                 NOR3BX2                     C  
                 NOR3BX2                     B  
                 NOR3BX2                    AN  
                 DFFTRX1                    RN  
                 DFFTRX1                    QN  
                 DFFTRX1                     Q  
                 DFFTRX1                     D  
                 DFFTRX1                    CK  
                  TLATXL                    QN  
                  TLATXL                     Q  
                  TLATXL                     G  
                  TLATXL                     D  
                  AO22X4                     Y  
                  AO22X4                    B1  
                  AO22X4                    B0  
                  AO22X4                    A1  
                  AO22X4                    A0  
                 NAND4X6                     Y  
                 NAND4X6                     D  
                 NAND4X6                     C  
                 NAND4X6                     B  
                 NAND4X6                     A  
                 SDFFSX2                    SN  
                 SDFFSX2                    SI  
                 SDFFSX2                    SE  
                 SDFFSX2                    QN  
                 SDFFSX2                     Q  
                 SDFFSX2                     D  
                 SDFFSX2                    CK  
                   MX3X2                     Y  
                   MX3X2                    S1  
                   MX3X2                    S0  
                   MX3X2                     C  
                   MX3X2                     B  
                   MX3X2                     A  
                  NOR4X4                     Y  
                  NOR4X4                     D  
                  NOR4X4                     C  
                  NOR4X4                     B  
                  NOR4X4                     A  
                OAI222XL                     Y  
                OAI222XL                    C1  
                OAI222XL                    C0  
                OAI222XL                    B1  
                OAI222XL                    B0  
                OAI222XL                    A1  
                OAI222XL                    A0  
                AOI222X4                     Y  
                AOI222X4                    C1  
                AOI222X4                    C0  
                AOI222X4                    B1  
                AOI222X4                    B0  
                AOI222X4                    A1  
                AOI222X4                    A0  
                CLKINVX6                     Y  
                CLKINVX6                     A  
                   OR2X1                     Y  
                   OR2X1                     B  
                   OR2X1                     A  
                   MX4X4                     Y  
                   MX4X4                    S1  
                   MX4X4                    S0  
                   MX4X4                     D  
                   MX4X4                     C  
                   MX4X4                     B  
                   MX4X4                     A  
                MDFFHQX1                    S0  
                MDFFHQX1                     Q  
                MDFFHQX1                    D1  
                MDFFHQX1                    D0  
                MDFFHQX1                    CK  
                 NOR4BX2                     Y  
                 NOR4BX2                     D  
                 NOR4BX2                     C  
                 NOR4BX2                     B  
                 NOR4BX2                    AN  
               DFFSRHQX4                    SN  
               DFFSRHQX4                    RN  
               DFFSRHQX4                     Q  
               DFFSRHQX4                     D  
               DFFSRHQX4                    CK  
                 NAND4X4                     Y  
                 NAND4X4                     D  
                 NAND4X4                     C  
                 NAND4X4                     B  
                 NAND4X4                     A  
               AOI2BB1X4                     Y  
               AOI2BB1X4                    B0  
               AOI2BB1X4                   A1N  
               AOI2BB1X4                   A0N  
                  AO22X2                     Y  
                  AO22X2                    B1  
                  AO22X2                    B0  
                  AO22X2                    A1  
                  AO22X2                    A0  
                   BUFX8                     Y  
                   BUFX8                     A  
                  DFFQX1                     Q  
                  DFFQX1                     D  
                  DFFQX1                    CK  
                   MX2XL                     Y  
                   MX2XL                    S0  
                   MX2XL                     B  
                   MX2XL                     A  
                  XOR2X1                     Y  
                  XOR2X1                     B  
                  XOR2X1                     A  
                NAND4BX2                     Y  
                NAND4BX2                     D  
                NAND4BX2                     C  
                NAND4BX2                     B  
                NAND4BX2                    AN  
               AOI2BB1X1                     Y  
               AOI2BB1X1                    B0  
               AOI2BB1X1                   A1N  
               AOI2BB1X1                   A0N  
                 NOR4BX4                     Y  
                 NOR4BX4                     D  
                 NOR4BX4                     C  
                 NOR4BX4                     B  
                 NOR4BX4                    AN  
                TLATSRXL                    SN  
                TLATSRXL                    RN  
                TLATSRXL                    QN  
                TLATSRXL                     Q  
                TLATSRXL                     G  
                TLATSRXL                     D  
                  MXI2X8                     Y  
                  MXI2X8                    S0  
                  MXI2X8                     B  
                  MXI2X8                     A  
                  AND2X1                     Y  
                  AND2X1                     B  
                  AND2X1                     A  
                 NAND4X2                     Y  
                 NAND4X2                     D  
                 NAND4X2                     C  
                 NAND4X2                     B  
                 NAND4X2                     A  
               DFFSRHQX1                    SN  
               DFFSRHQX1                    RN  
               DFFSRHQX1                     Q  
               DFFSRHQX1                     D  
               DFFSRHQX1                    CK  
             TLATNTSCAX3                    SE  
             TLATNTSCAX3                   ECK  
             TLATNTSCAX3                     E  
             TLATNTSCAX3                    CK  
                  BUFX16                     Y  
                  BUFX16                     A  
                 AOI33XL                     Y  
                 AOI33XL                    B2  
                 AOI33XL                    B1  
                 AOI33XL                    B0  
                 AOI33XL                    A2  
                 AOI33XL                    A1  
                 AOI33XL                    A0  
               CLKINVX16                     Y  
               CLKINVX16                     A  
                  NOR4X2                     Y  
                  NOR4X2                     D  
                  NOR4X2                     C  
                  NOR4X2                     B  
                  NOR4X2                     A  
                CLKMX2X2                     Y  
                CLKMX2X2                    S0  
                CLKMX2X2                     B  
                CLKMX2X2                     A  
                   MX2X6                     Y  
                   MX2X6                    S0  
                   MX2X6                     B  
                   MX2X6                     A  
                  MXI2X6                     Y  
                  MXI2X6                    S0  
                  MXI2X6                     B  
                  MXI2X6                     A  
                  XOR3X1                     Y  
                  XOR3X1                     C  
                  XOR3X1                     B  
                  XOR3X1                     A  
                MDFFHQX4                    S0  
                MDFFHQX4                     Q  
                MDFFHQX4                    D1  
                MDFFHQX4                    D0  
                MDFFHQX4                    CK  
                OAI211X1                     Y  
                OAI211X1                    C0  
                OAI211X1                    B0  
                OAI211X1                    A1  
                OAI211X1                    A0  
                  TBUFXL                     Y  
                  TBUFXL                    OE  
                  TBUFXL                     A  
                  DFFRX1                    RN  
                  DFFRX1                    QN  
                  DFFRX1                     Q  
                  DFFRX1                     D  
                  DFFRX1                    CK  
                  AND3X1                     Y  
                  AND3X1                     C  
                  AND3X1                     B  
                  AND3X1                     A  
                OAI222X2                     Y  
                OAI222X2                    C1  
                OAI222X2                    C0  
                OAI222X2                    B1  
                OAI222X2                    B0  
                OAI222X2                    A1  
                OAI222X2                    A0  
                 OAI33X4                     Y  
                 OAI33X4                    B2  
                 OAI33X4                    B1  
                 OAI33X4                    B0  
                 OAI33X4                    A2  
                 OAI33X4                    A1  
                 OAI33X4                    A0  
                  MXI2X4                     Y  
                  MXI2X4                    S0  
                  MXI2X4                     B  
                  MXI2X4                     A  
               CLKAND2X4                     Y  
               CLKAND2X4                     B  
               CLKAND2X4                     A  
                EDFFHQX2                     Q  
                EDFFHQX2                     E  
                EDFFHQX2                     D  
                EDFFHQX2                    CK  
                DFFNSRXL                    SN  
                DFFNSRXL                    RN  
                DFFNSRXL                    QN  
                DFFNSRXL                     Q  
                DFFNSRXL                     D  
                DFFNSRXL                   CKN  
                OAI211X4                     Y  
                OAI211X4                    C0  
                OAI211X4                    B0  
                OAI211X4                    A1  
                OAI211X4                    A0  
               TLATNCAX8                   ECK  
               TLATNCAX8                     E  
               TLATNCAX8                    CK  
                  BUFX12                     Y  
                  BUFX12                     A  
                 AOI22X4                     Y  
                 AOI22X4                    B1  
                 AOI22X4                    B0  
                 AOI22X4                    A1  
                 AOI22X4                    A0  
                 OAI33X2                     Y  
                 OAI33X2                    B2  
                 OAI33X2                    B1  
                 OAI33X2                    B0  
                 OAI33X2                    A2  
                 OAI33X2                    A1  
                 OAI33X2                    A0  
                  DFFSX1                    SN  
                  DFFSX1                    QN  
                  DFFSX1                     Q  
                  DFFSX1                     D  
                  DFFSX1                    CK  
                CLKMX2X8                     Y  
                CLKMX2X8                    S0  
                CLKMX2X8                     B  
                CLKMX2X8                     A  
                  MXI2X2                     Y  
                  MXI2X2                    S0  
                  MXI2X2                     B  
                  MXI2X2                     A  
                 SEDFFX1                    SI  
                 SEDFFX1                    SE  
                 SEDFFX1                    QN  
                 SEDFFX1                     Q  
                 SEDFFX1                     E  
                 SEDFFX1                     D  
                 SEDFFX1                    CK  
               SMDFFHQX4                    SI  
               SMDFFHQX4                    SE  
               SMDFFHQX4                    S0  
               SMDFFHQX4                     Q  
               SMDFFHQX4                    D1  
               SMDFFHQX4                    D0  
               SMDFFHQX4                    CK  
                   BUFX3                     Y  
                   BUFX3                     A  
              TLATNCAX20                   ECK  
              TLATNCAX20                     E  
              TLATNCAX20                    CK  
                 AOI22X2                     Y  
                 AOI22X2                    B1  
                 AOI22X2                    B0  
                 AOI22X2                    A1  
                 AOI22X2                    A0  
                  MXI3X4                     Y  
                  MXI3X4                    S1  
                  MXI3X4                    S0  
                  MXI3X4                     C  
                  MXI3X4                     B  
                  MXI3X4                     A  
                  AND4X1                     Y  
                  AND4X1                     D  
                  AND4X1                     C  
                  AND4X1                     B  
                  AND4X1                     A  
               TLATNCAX2                   ECK  
               TLATNCAX2                     E  
               TLATNCAX2                    CK  
               OAI2BB1X2                     Y  
               OAI2BB1X2                    B0  
               OAI2BB1X2                   A1N  
               OAI2BB1X2                   A0N  
                   INVX4                     Y  
                   INVX4                     A  
               SMDFFHQX1                    SI  
               SMDFFHQX1                    SE  
               SMDFFHQX1                    S0  
               SMDFFHQX1                     Q  
               SMDFFHQX1                    D1  
               SMDFFHQX1                    D0  
               SMDFFHQX1                    CK  
                TLATSRX2                    SN  
                TLATSRX2                    RN  
                TLATSRX2                    QN  
                TLATSRX2                     Q  
                TLATSRX2                     G  
                TLATSRX2                     D  
                  INVX20                     Y  
                  INVX20                     A  
                 AOI32X4                     Y  
                 AOI32X4                    B1  
                 AOI32X4                    B0  
                 AOI32X4                    A2  
                 AOI32X4                    A1  
                 AOI32X4                    A0  
                 SDFFQX1                    SI  
                 SDFFQX1                    SE  
                 SDFFQX1                     Q  
                 SDFFQX1                     D  
                 SDFFQX1                    CK  
                 XNOR2X1                     Y  
                 XNOR2X1                     B  
                 XNOR2X1                     A  
               CLKMX2X12                     Y  
               CLKMX2X12                    S0  
               CLKMX2X12                     B  
               CLKMX2X12                     A  
                 DFFSRXL                    SN  
                 DFFSRXL                    RN  
                 DFFSRXL                    QN  
                 DFFSRXL                     Q  
                 DFFSRXL                     D  
                 DFFSRXL                    CK  
                EDFFHQX8                     Q  
                EDFFHQX8                     E  
                EDFFHQX8                     D  
                EDFFHQX8                    CK  
                  MXI3X2                     Y  
                  MXI3X2                    S1  
                  MXI3X2                    S0  
                  MXI3X2                     C  
                  MXI3X2                     B  
                  MXI3X2                     A  
                   MX2X1                     Y  
                   MX2X1                    S0  
                   MX2X1                     B  
                   MX2X1                     A  
               SEDFFHQX4                    SI  
               SEDFFHQX4                    SE  
               SEDFFHQX4                     Q  
               SEDFFHQX4                     E  
               SEDFFHQX4                     D  
               SEDFFHQX4                    CK  
                  MXI4X4                     Y  
                  MXI4X4                    S1  
                  MXI4X4                    S0  
                  MXI4X4                     D  
                  MXI4X4                     C  
                  MXI4X4                     B  
                  MXI4X4                     A  
                  DFFQXL                     Q  
                  DFFQXL                     D  
                  DFFQXL                    CK  
              SDFFSRHQX2                    SN  
              SDFFSRHQX2                    SI  
              SDFFSRHQX2                    SE  
              SDFFSRHQX2                    RN  
              SDFFSRHQX2                     Q  
              SDFFSRHQX2                     D  
              SDFFSRHQX2                    CK  
                  XOR2XL                     Y  
                  XOR2XL                     B  
                  XOR2XL                     A  
               SEDFFHQX1                    SI  
               SEDFFHQX1                    SE  
               SEDFFHQX1                     Q  
               SEDFFHQX1                     E  
               SEDFFHQX1                     D  
               SEDFFHQX1                    CK  
                 TLATNXL                    QN  
                 TLATNXL                     Q  
                 TLATNXL                    GN  
                 TLATNXL                     D  
               OAI2BB2XL                     Y  
               OAI2BB2XL                    B1  
               OAI2BB2XL                    B0  
               OAI2BB2XL                   A1N  
               OAI2BB2XL                   A0N  
                   OR4XL                     Y  
                   OR4XL                     D  
                   OR4XL                     C  
                   OR4XL                     B  
                   OR4XL                     A  
                  DLY1X4                     Y  
                  DLY1X4                     A  
                  AND2XL                     Y  
                  AND2XL                     B  
                  AND2XL                     A  
                CLKBUFX3                     Y  
                CLKBUFX3                     A  
                 DFFTRXL                    RN  
                 DFFTRXL                    QN  
                 DFFTRXL                     Q  
                 DFFTRXL                     D  
                 DFFTRXL                    CK  
                  DLY2X4                     Y  
                  DLY2X4                     A  
                 NAND2X1                     Y  
                 NAND2X1                     B  
                 NAND2X1                     A  
                  MXI4X2                     Y  
                  MXI4X2                    S1  
                  MXI4X2                    S0  
                  MXI4X2                     D  
                  MXI4X2                     C  
                  MXI4X2                     B  
                  MXI4X2                     A  
                 AOI32X2                     Y  
                 AOI32X2                    B1  
                 AOI32X2                    B0  
                 AOI32X2                    A2  
                 AOI32X2                    A1  
                 AOI32X2                    A0  
                DFFNSRX2                    SN  
                DFFNSRX2                    RN  
                DFFNSRX2                    QN  
                DFFNSRX2                     Q  
                DFFNSRX2                     D  
                DFFNSRX2                   CKN  
                   OR3X4                     Y  
                   OR3X4                     C  
                   OR3X4                     B  
                   OR3X4                     A  
                   OR2X2                     Y  
                   OR2X2                     B  
                   OR2X2                     A  
                  DFFRXL                    RN  
                  DFFRXL                    QN  
                  DFFRXL                     Q  
                  DFFRXL                     D  
                  DFFRXL                    CK  
                  XOR3XL                     Y  
                  XOR3XL                     C  
                  XOR3XL                     B  
                  XOR3XL                     A  
                CLKBUFX6                     Y  
                CLKBUFX6                     A  
                AOI222XL                     Y  
                AOI222XL                    C1  
                AOI222XL                    C0  
                AOI222XL                    B1  
                AOI222XL                    B0  
                AOI222XL                    A1  
                AOI222XL                    A0  
                   OR4X6                     Y  
                   OR4X6                     D  
                   OR4X6                     C  
                   OR4X6                     B  
                   OR4X6                     A  
                ACHCONX2                   CON  
                ACHCONX2                    CI  
                ACHCONX2                     B  
                ACHCONX2                     A  
                 OAI21X1                     Y  
                 OAI21X1                    B0  
                 OAI21X1                    A1  
                 OAI21X1                    A0  
                  DLY3X4                     Y  
                  DLY3X4                     A  
               TLATNSRX2                    SN  
               TLATNSRX2                    RN  
               TLATNSRX2                    QN  
               TLATNSRX2                     Q  
               TLATNSRX2                    GN  
               TLATNSRX2                     D  
                  AND3XL                     Y  
                  AND3XL                     C  
                  AND3XL                     B  
                  AND3XL                     A  
                  DFFSXL                    SN  
                  DFFSXL                    QN  
                  DFFSXL                     Q  
                  DFFSXL                     D  
                  DFFSXL                    CK  
               NAND4BBXL                     Y  
               NAND4BBXL                     D  
               NAND4BBXL                     C  
               NAND4BBXL                    BN  
               NAND4BBXL                    AN  
               CLKBUFX16                     Y  
               CLKBUFX16                     A  
                OAI221X1                     Y  
                OAI221X1                    C0  
                OAI221X1                    B1  
                OAI221X1                    B0  
                OAI221X1                    A1  
                OAI221X1                    A0  
                 OAI31X1                     Y  
                 OAI31X1                    B0  
                 OAI31X1                    A2  
                 OAI31X1                    A1  
                 OAI31X1                    A0  
                  OA21X1                     Y  
                  OA21X1                    B0  
                  OA21X1                    A1  
                  OA21X1                    A0  
                  DLY4X4                     Y  
                  DLY4X4                     A  
               CLKXOR2X8                     Y  
               CLKXOR2X8                     B  
               CLKXOR2X8                     A  
                   OR2X8                     Y  
                   OR2X8                     B  
                   OR2X8                     A  
                   DFFXL                    QN  
                   DFFXL                     Q  
                   DFFXL                     D  
                   DFFXL                    CK  
                  AND4XL                     Y  
                  AND4XL                     D  
                  AND4XL                     C  
                  AND4XL                     B  
                  AND4XL                     A  
               OAI2BB2X4                     Y  
               OAI2BB2X4                    B1  
               OAI2BB2X4                    B0  
               OAI2BB2X4                   A1N  
               OAI2BB2X4                   A0N  
                  EDFFX1                    QN  
                  EDFFX1                     Q  
                  EDFFX1                     E  
                  EDFFX1                     D  
                  EDFFX1                    CK  
                  HOLDX1                     Y  
             TLATNTSCAX8                    SE  
             TLATNTSCAX8                   ECK  
             TLATNTSCAX8                     E  
             TLATNTSCAX8                    CK  
                 ANTENNA                     A  
               OAI2BB2X1                     Y  
               OAI2BB2X1                    B1  
               OAI2BB2X1                    B0  
               OAI2BB2X1                   A1N  
               OAI2BB2X1                   A0N  
                CLKINVX1                     Y  
                CLKINVX1                     A  
                SDFFHQX2                    SI  
                SDFFHQX2                    SE  
                SDFFHQX2                     Q  
                SDFFHQX2                     D  
                SDFFHQX2                    CK  
              SDFFSRHQX8                    SN  
              SDFFSRHQX8                    SI  
              SDFFSRHQX8                    SE  
              SDFFSRHQX8                    RN  
              SDFFSRHQX8                     Q  
              SDFFSRHQX8                     D  
              SDFFSRHQX8                    CK  
               CLKXOR2X2                     Y  
               CLKXOR2X2                     B  
               CLKXOR2X2                     A  
                OAI221X4                     Y  
                OAI221X4                    C0  
                OAI221X4                    B1  
                OAI221X4                    B0  
                OAI221X4                    A1  
                OAI221X4                    A0  
                 XNOR3X1                     Y  
                 XNOR3X1                     C  
                 XNOR3X1                     B  
                 XNOR3X1                     A  
                 SEDFFXL                    SI  
                 SEDFFXL                    SE  
                 SEDFFXL                    QN  
                 SEDFFXL                     Q  
                 SEDFFXL                     E  
                 SEDFFXL                     D  
                 SEDFFXL                    CK  
                  OA22X1                     Y  
                  OA22X1                    B1  
                  OA22X1                    B0  
                  OA22X1                    A1  
                  OA22X1                    A0  
                AOI211X1                     Y  
                AOI211X1                    C0  
                AOI211X1                    B0  
                AOI211X1                    A1  
                AOI211X1                    A0  
                  TLATX4                    QN  
                  TLATX4                     Q  
                  TLATX4                     G  
                  TLATX4                     D  
                  BUFX20                     Y  
                  BUFX20                     A  
                AOI222X2                     Y  
                AOI222X2                    C1  
                AOI222X2                    C0  
                AOI222X2                    B1  
                AOI222X2                    B0  
                AOI222X2                    A1  
                AOI222X2                    A0  
                   OR4X1                     Y  
                   OR4X1                     D  
                   OR4X1                     C  
                   OR4X1                     B  
                   OR4X1                     A  
                OAI211XL                     Y  
                OAI211XL                    C0  
                OAI211XL                    B0  
                OAI211XL                    A1  
                OAI211XL                    A0  
                   BUFX4                     Y  
                   BUFX4                     A  
                CLKINVX4                     Y  
                CLKINVX4                     A  
                 AOI33X4                     Y  
                 AOI33X4                    B2  
                 AOI33X4                    B1  
                 AOI33X4                    B0  
                 AOI33X4                    A2  
                 AOI33X4                    A1  
                 AOI33X4                    A0  
                 TBUFX16                     Y  
                 TBUFX16                    OE  
                 TBUFX16                     A  
                 SDFFRX1                    SI  
                 SDFFRX1                    SE  
                 SDFFRX1                    RN  
                 SDFFRX1                    QN  
                 SDFFRX1                     Q  
                 SDFFRX1                     D  
                 SDFFRX1                    CK  
               DFFSRHQX8                    SN  
               DFFSRHQX8                    RN  
               DFFSRHQX8                     Q  
               DFFSRHQX8                     D  
               DFFSRHQX8                    CK  
                 XNOR2XL                     Y  
                 XNOR2XL                     B  
                 XNOR2XL                     A  
                NAND2BX1                     Y  
                NAND2BX1                     B  
                NAND2BX1                    AN  
                AOI211X4                     Y  
                AOI211X4                    C0  
                AOI211X4                    B0  
                AOI211X4                    A1  
                AOI211X4                    A0  
                  BMXIX4                    X2  
                  BMXIX4                     S  
                  BMXIX4                   PPN  
                  BMXIX4                    M1  
                  BMXIX4                    M0  
                  BMXIX4                     A  
                   MX4XL                     Y  
                   MX4XL                    S1  
                   MX4XL                    S0  
                   MX4XL                     D  
                   MX4XL                     C  
                   MX4XL                     B  
                   MX4XL                     A  
                  TLATX2                    QN  
                  TLATX2                     Q  
                  TLATX2                     G  
                  TLATX2                     D  
                  TBUFX8                     Y  
                  TBUFX8                    OE  
                  TBUFX8                     A  
                NAND2BX4                     Y  
                NAND2BX4                     B  
                NAND2BX4                    AN  
                 SDFFQXL                    SI  
                 SDFFQXL                    SE  
                 SDFFQXL                     Q  
                 SDFFQXL                     D  
                 SDFFQXL                    CK  
                   MX2X2                     Y  
                   MX2X2                    S0  
                   MX2X2                     B  
                   MX2X2                     A  
                  ADDFX1                     S  
                  ADDFX1                    CO  
                  ADDFX1                    CI  
                  ADDFX1                     B  
                  ADDFX1                     A  
                SDFFHQX8                    SI  
                SDFFHQX8                    SE  
                SDFFHQX8                     Q  
                SDFFHQX8                     D  
                SDFFHQX8                    CK  
                MDFFHQX2                    S0  
                MDFFHQX2                     Q  
                MDFFHQX2                    D1  
                MDFFHQX2                    D0  
                MDFFHQX2                    CK  
                   MX3X4                     Y  
                   MX3X4                    S1  
                   MX3X4                    S0  
                   MX3X4                     C  
                   MX3X4                     B  
                   MX3X4                     A  
                 AOI33X2                     Y  
                 AOI33X2                    B2  
                 AOI33X2                    B1  
                 AOI33X2                    B0  
                 AOI33X2                    A2  
                 AOI33X2                    A1  
                 AOI33X2                    A0  
               NAND4BBX4                     Y  
               NAND4BBX4                     D  
               NAND4BBX4                     C  
               NAND4BBX4                    BN  
               NAND4BBX4                    AN  
                  BMXIX2                    X2  
                  BMXIX2                     S  
                  BMXIX2                   PPN  
                  BMXIX2                    M1  
                  BMXIX2                    M0  
                  BMXIX2                     A  
               AOI2BB1X2                     Y  
               AOI2BB1X2                    B0  
               AOI2BB1X2                   A1N  
               AOI2BB1X2                   A0N  
                  TBUFX6                     Y  
                  TBUFX6                    OE  
                  TBUFX6                     A  
                 TBUFX12                     Y  
                 TBUFX12                    OE  
                 TBUFX12                     A  
                 NAND3X1                     Y  
                 NAND3X1                     C  
                 NAND3X1                     B  
                 NAND3X1                     A  
               DFFSRHQX2                    SN  
               DFFSRHQX2                    RN  
               DFFSRHQX2                     Q  
               DFFSRHQX2                     D  
               DFFSRHQX2                    CK  
               NAND4BBX1                     Y  
               NAND4BBX1                     D  
               NAND4BBX1                     C  
               NAND4BBX1                    BN  
               NAND4BBX1                    AN  
                 DFFHQX1                     Q  
                 DFFHQX1                     D  
                 DFFHQX1                    CK  
               SEDFFTRXL                    SI  
               SEDFFTRXL                    SE  
               SEDFFTRXL                    RN  
               SEDFFTRXL                    QN  
               SEDFFTRXL                     Q  
               SEDFFTRXL                     E  
               SEDFFTRXL                     D  
               SEDFFTRXL                    CK  
             TLATNTSCAX6                    SE  
             TLATNTSCAX6                   ECK  
             TLATNTSCAX6                     E  
             TLATNTSCAX6                    CK  
               SDFFRHQX4                    SI  
               SDFFRHQX4                    SE  
               SDFFRHQX4                    RN  
               SDFFRHQX4                     Q  
               SDFFRHQX4                     D  
               SDFFRHQX4                    CK  
                 NAND2XL                     Y  
                 NAND2XL                     B  
                 NAND2XL                     A  
                  TBUFX4                     Y  
                  TBUFX4                    OE  
                  TBUFX4                     A  
               AOI2BB2XL                     Y  
               AOI2BB2XL                    B1  
               AOI2BB2XL                    B0  
               AOI2BB2XL                   A1N  
               AOI2BB2XL                   A0N  
               SDFFNSRXL                    SN  
               SDFFNSRXL                    SI  
               SDFFNSRXL                    SE  
               SDFFNSRXL                    RN  
               SDFFNSRXL                    QN  
               SDFFNSRXL                     Q  
               SDFFNSRXL                     D  
               SDFFNSRXL                   CKN  
                 ADDFHX1                     S  
                 ADDFHX1                    CO  
                 ADDFHX1                    CI  
                 ADDFHX1                     B  
                 ADDFHX1                     A  
               SDFFRHQX1                    SI  
               SDFFRHQX1                    SE  
               SDFFRHQX1                    RN  
               SDFFRHQX1                     Q  
               SDFFRHQX1                     D  
               SDFFRHQX1                    CK  
                CLKMX2X3                     Y  
                CLKMX2X3                    S0  
                CLKMX2X3                     B  
                CLKMX2X3                     A  
                EDFFTRX1                    RN  
                EDFFTRX1                    QN  
                EDFFTRX1                     Q  
                EDFFTRX1                     E  
                EDFFTRX1                     D  
                EDFFTRX1                    CK  
                   DFFX1                    QN  
                   DFFX1                     Q  
                   DFFX1                     D  
                   DFFX1                    CK  
                MDFFHQX8                    S0  
                MDFFHQX8                     Q  
                MDFFHQX8                    D1  
                MDFFHQX8                    D0  
                MDFFHQX8                    CK  
               CLKAND2X8                     Y  
               CLKAND2X8                     B  
               CLKAND2X8                     A  
               CLKINVX20                     Y  
               CLKINVX20                     A  
                  OA21XL                     Y  
                  OA21XL                    B0  
                  OA21XL                    A1  
                  OA21XL                    A0  
                OAI211X2                     Y  
                OAI211X2                    C0  
                OAI211X2                    B0  
                OAI211X2                    A1  
                OAI211X2                    A0  
                  TBUFX2                     Y  
                  TBUFX2                    OE  
                  TBUFX2                     A  
                 DFFSRX4                    SN  
                 DFFSRX4                    RN  
                 DFFSRX4                    QN  
                 DFFSRX4                     Q  
                 DFFSRX4                     D  
                 DFFSRX4                    CK  
                  ADDHX1                     S  
                  ADDHX1                    CO  
                  ADDHX1                     B  
                  ADDHX1                     A  
                 OAI22X1                     Y  
                 OAI22X1                    B1  
                 OAI22X1                    B0  
                 OAI22X1                    A1  
                 OAI22X1                    A0  
                 OAI21XL                     Y  
                 OAI21XL                    B0  
                 OAI21XL                    A1  
                 OAI21XL                    A0  
                   MX2X8                     Y  
                   MX2X8                    S0  
                   MX2X8                     B  
                   MX2X8                     A  
                CLKMX2X6                     Y  
                CLKMX2X6                    S0  
                CLKMX2X6                     B  
                CLKMX2X6                     A  
                EDFFTRX4                    RN  
                EDFFTRX4                    QN  
                EDFFTRX4                     Q  
                EDFFTRX4                     E  
                EDFFTRX4                     D  
                EDFFTRX4                    CK  
                 NOR2BX1                     Y  
                 NOR2BX1                     B  
                 NOR2BX1                    AN  
                SDFFSRX1                    SN  
                SDFFSRX1                    SI  
                SDFFSRX1                    SE  
                SDFFSRX1                    RN  
                SDFFSRX1                    QN  
                SDFFSRX1                     Q  
                SDFFSRX1                     D  
                SDFFSRX1                    CK  
               SMDFFHQX8                    SI  
               SMDFFHQX8                    SE  
               SMDFFHQX8                    S0  
               SMDFFHQX8                     Q  
               SMDFFHQX8                    D1  
               SMDFFHQX8                    D0  
               SMDFFHQX8                    CK  
                  EDFFXL                    QN  
                  EDFFXL                     Q  
                  EDFFXL                     E  
                  EDFFXL                     D  
                  EDFFXL                    CK  
                 DFFSRX2                    SN  
                 DFFSRX2                    RN  
                 DFFSRX2                    QN  
                 DFFSRX2                     Q  
                 DFFSRX2                     D  
                 DFFSRX2                    CK  
                 OAI32X1                     Y  
                 OAI32X1                    B1  
                 OAI32X1                    B0  
                 OAI32X1                    A2  
                 OAI32X1                    A1  
                 OAI32X1                    A0  
               TLATNCAX6                   ECK  
               TLATNCAX6                     E  
               TLATNCAX6                    CK  
                SDFFSRX4                    SN  
                SDFFSRX4                    SI  
                SDFFSRX4                    SE  
                SDFFSRX4                    RN  
                SDFFSRX4                    QN  
                SDFFSRX4                     Q  
                SDFFSRX4                     D  
                SDFFSRX4                    CK  
                  AND2X8                     Y  
                  AND2X8                     B  
                  AND2X8                     A  
                 TLATNX4                    QN  
                 TLATNX4                     Q  
                 TLATNX4                    GN  
                 TLATNX4                     D  
               CLKAND2X2                     Y  
               CLKAND2X2                     B  
               CLKAND2X2                     A  
                   INVXL                     Y  
                   INVXL                     A  
                 DFFTRX4                    RN  
                 DFFTRX4                    QN  
                 DFFTRX4                     Q  
                 DFFTRX4                     D  
                 DFFTRX4                    CK  
               TLATNCAX3                   ECK  
               TLATNCAX3                     E  
               TLATNCAX3                    CK  
                 OAI31XL                     Y  
                 OAI31XL                    B0  
                 OAI31XL                    A2  
                 OAI31XL                    A1  
                 OAI31XL                    A0  
                  NOR2X1                     Y  
                  NOR2X1                     B  
                  NOR2X1                     A  
                  OA22XL                     Y  
                  OA22XL                    B1  
                  OA22XL                    B0  
                  OA22XL                    A1  
                  OA22XL                    A0  
                   MX4X1                     Y  
                   MX4X1                    S1  
                   MX4X1                    S0  
                   MX4X1                     D  
                   MX4X1                     C  
                   MX4X1                     B  
                   MX4X1                     A  
                 NOR3BX1                     Y  
                 NOR3BX1                     C  
                 NOR3BX1                     B  
                 NOR3BX1                    AN  
                  SDFFX1                    SI  
                  SDFFX1                    SE  
                  SDFFX1                    QN  
                  SDFFX1                     Q  
                  SDFFX1                     D  
                  SDFFX1                    CK  
                  AND2X6                     Y  
                  AND2X6                     B  
                  AND2X6                     A  
               SEDFFHQX8                    SI  
               SEDFFHQX8                    SE  
               SEDFFHQX8                     Q  
               SEDFFHQX8                     E  
               SEDFFHQX8                     D  
               SEDFFHQX8                    CK  
               SMDFFHQX2                    SI  
               SMDFFHQX2                    SE  
               SMDFFHQX2                    S0  
               SMDFFHQX2                     Q  
               SMDFFHQX2                    D1  
               SMDFFHQX2                    D0  
               SMDFFHQX2                    CK  
                 DFFTRX2                    RN  
                 DFFTRX2                    QN  
                 DFFTRX2                     Q  
                 DFFTRX2                     D  
                 DFFTRX2                    CK  
             TLATNTSCAX4                    SE  
             TLATNTSCAX4                   ECK  
             TLATNTSCAX4                     E  
             TLATNTSCAX4                    CK  
                  DFFQX4                     Q  
                  DFFQX4                     D  
                  DFFQX4                    CK  
                  AND3X8                     Y  
                  AND3X8                     C  
                  AND3X8                     B  
                  AND3X8                     A  
                AOI221X1                     Y  
                AOI221X1                    C0  
                AOI221X1                    B1  
                AOI221X1                    B0  
                AOI221X1                    A1  
                AOI221X1                    A0  
                 TLATNX2                    QN  
                 TLATNX2                     Q  
                 TLATNX2                    GN  
                 TLATNX2                     D  
                 AOI21X1                     Y  
                 AOI21X1                    B0  
                 AOI21X1                    A1  
                 AOI21X1                    A0  
                  XOR2X4                     Y  
                  XOR2X4                     B  
                  XOR2X4                     A  
                   INVX6                     Y  
                   INVX6                     A  
               SEDFFTRX4                    SI  
               SEDFFTRX4                    SE  
               SEDFFTRX4                    RN  
               SEDFFTRX4                    QN  
               SEDFFTRX4                     Q  
               SEDFFTRX4                     E  
               SEDFFTRX4                     D  
               SEDFFTRX4                    CK  
                   OR4X2                     Y  
                   OR4X2                     D  
                   OR4X2                     C  
                   OR4X2                     B  
                   OR4X2                     A  
                  AO21X1                     Y  
                  AO21X1                    B0  
                  AO21X1                    A1  
                  AO21X1                    A0  
                OAI221XL                     Y  
                OAI221XL                    C0  
                OAI221XL                    B1  
                OAI221XL                    B0  
                OAI221XL                    A1  
                OAI221XL                    A0  
                  NOR3X1                     Y  
                  NOR3X1                     C  
                  NOR3X1                     B  
                  NOR3X1                     A  
                  AND2X4                     Y  
                  AND2X4                     B  
                  AND2X4                     A  
                  ADDFXL                     S  
                  ADDFXL                    CO  
                  ADDFXL                    CI  
                  ADDFXL                     B  
                  ADDFXL                     A  
                 SDFFSX1                    SN  
                 SDFFSX1                    SI  
                 SDFFSX1                    SE  
                 SDFFSX1                    QN  
                 SDFFSX1                     Q  
                 SDFFSX1                     D  
                 SDFFSX1                    CK  
               AOI2BB2X4                     Y  
               AOI2BB2X4                    B1  
               AOI2BB2X4                    B0  
               AOI2BB2X4                   A1N  
               AOI2BB2X4                   A0N  
                 NOR4BX1                     Y  
                 NOR4BX1                     D  
                 NOR4BX1                     C  
                 NOR4BX1                     B  
                 NOR4BX1                    AN  
               SEDFFTRX1                    SI  
               SEDFFTRX1                    SE  
               SEDFFTRX1                    RN  
               SEDFFTRX1                    QN  
               SEDFFTRX1                     Q  
               SEDFFTRX1                     E  
               SEDFFTRX1                     D  
               SEDFFTRX1                    CK  
                 AOI31X1                     Y  
                 AOI31X1                    B0  
                 AOI31X1                    A2  
                 AOI31X1                    A1  
                 AOI31X1                    A0  
                NAND3BX1                     Y  
                NAND3BX1                     C  
                NAND3BX1                     B  
                NAND3BX1                    AN  
                  DFFQX2                     Q  
                  DFFQX2                     D  
                  DFFQX2                    CK  
                  AND3X6                     Y  
                  AND3X6                     C  
                  AND3X6                     B  
                  AND3X6                     A  
                AOI221X4                     Y  
                AOI221X4                    C0  
                AOI221X4                    B1  
                AOI221X4                    B0  
                AOI221X4                    A1  
                AOI221X4                    A0  
                  XOR2X2                     Y  
                  XOR2X2                     B  
                  XOR2X2                     A  
              TLATNCAX12                   ECK  
              TLATNCAX12                     E  
              TLATNCAX12                    CK  
                  DFFRX4                    RN  
                  DFFRX4                    QN  
                  DFFRX4                     Q  
                  DFFRX4                     D  
                  DFFRX4                    CK  
                 SDFFRXL                    SI  
                 SDFFRXL                    SE  
                 SDFFRXL                    RN  
                 SDFFRXL                    QN  
                 SDFFRXL                     Q  
                 SDFFRXL                     D  
                 SDFFRXL                    CK  
                 XNOR3XL                     Y  
                 XNOR3XL                     C  
                 XNOR3XL                     B  
                 XNOR3XL                     A  
               SDFFNSRX4                    SN  
               SDFFNSRX4                    SI  
               SDFFNSRX4                    SE  
               SDFFNSRX4                    RN  
               SDFFNSRX4                    QN  
               SDFFNSRX4                     Q  
               SDFFNSRX4                     D  
               SDFFNSRX4                   CKN  
                  AND2X2                     Y  
                  AND2X2                     B  
                  AND2X2                     A  
                   OR3XL                     Y  
                   OR3XL                     C  
                   OR3XL                     B  
                   OR3XL                     A  
                CLKBUFX4                     Y  
                CLKBUFX4                     A  
                  AO22X1                     Y  
                  AO22X1                    B1  
                  AO22X1                    B0  
                  AO22X1                    A1  
                  AO22X1                    A0  
                  NOR4X1                     Y  
                  NOR4X1                     D  
                  NOR4X1                     C  
                  NOR4X1                     B  
                  NOR4X1                     A  
                NAND3BX4                     Y  
                NAND3BX4                     C  
                NAND3BX4                     B  
                NAND3BX4                    AN  
                  AND4X8                     Y  
                  AND4X8                     D  
                  AND4X8                     C  
                  AND4X8                     B  
                  AND4X8                     A  
               SDFFNSRX1                    SN  
               SDFFNSRX1                    SI  
               SDFFNSRX1                    SE  
               SDFFNSRX1                    RN  
               SDFFNSRX1                    QN  
               SDFFNSRX1                     Q  
               SDFFNSRX1                     D  
               SDFFNSRX1                   CKN  
                DFFRHQX1                    RN  
                DFFRHQX1                     Q  
                DFFRHQX1                     D  
                DFFRHQX1                    CK  
                AOI211XL                     Y  
                AOI211XL                    C0  
                AOI211XL                    B0  
                AOI211XL                    A1  
                AOI211XL                    A0  
                  DFFRX2                    RN  
                  DFFRX2                    QN  
                  DFFRX2                     Q  
                  DFFRX2                     D  
                  DFFRX2                    CK  
                  AND4X6                     Y  
                  AND4X6                     D  
                  AND4X6                     C  
                  AND4X6                     B  
                  AND4X6                     A  
                   OR2X4                     Y  
                   OR2X4                     B  
                   OR2X4                     A  
                 NAND4X1                     Y  
                 NAND4X1                     D  
                 NAND4X1                     C  
                 NAND4X1                     B  
                 NAND4X1                     A  
               AOI2BB2X1                     Y  
               AOI2BB2X1                    B1  
               AOI2BB2X1                    B0  
               AOI2BB2X1                   A1N  
               AOI2BB2X1                   A0N  
                  AND3X4                     Y  
                  AND3X4                     C  
                  AND3X4                     B  
                  AND3X4                     A  
                  DFFSX4                    SN  
                  DFFSX4                    QN  
                  DFFSX4                     Q  
                  DFFSX4                     D  
                  DFFSX4                    CK  
                   OR3X6                     Y  
                   OR3X6                     C  
                   OR3X6                     B  
                   OR3X6                     A  
                  AND3X2                     Y  
                  AND3X2                     C  
                  AND3X2                     B  
                  AND3X2                     A  
                  ADDHXL                     S  
                  ADDHXL                    CO  
                  ADDHXL                     B  
                  ADDHXL                     A  
                DFFRHQX4                    RN  
                DFFRHQX4                     Q  
                DFFRHQX4                     D  
                DFFRHQX4                    CK  
                 NAND3XL                     Y  
                 NAND3XL                     C  
                 NAND3XL                     B  
                 NAND3XL                     A  
                 SEDFFX4                    SI  
                 SEDFFX4                    SE  
                 SEDFFX4                    QN  
                 SEDFFX4                     Q  
                 SEDFFX4                     E  
                 SEDFFX4                     D  
                 SEDFFX4                    CK  
                NAND2BXL                     Y  
                NAND2BXL                     B  
                NAND2BXL                    AN  
                  AND4X4                     Y  
                  AND4X4                     D  
                  AND4X4                     C  
                  AND4X4                     B  
                  AND4X4                     A  
                   OR4X8                     Y  
                   OR4X8                     D  
                   OR4X8                     C  
                   OR4X8                     B  
                   OR4X8                     A  
                DFFSHQX1                    SN  
                DFFSHQX1                     Q  
                DFFSHQX1                     D  
                DFFSHQX1                    CK  
               SDFFSHQX1                    SN  
               SDFFSHQX1                    SI  
               SDFFSHQX1                    SE  
               SDFFSHQX1                     Q  
               SDFFSHQX1                     D  
               SDFFSHQX1                    CK  
               SDFFSHQX4                    SN  
               SDFFSHQX4                    SI  
               SDFFSHQX4                    SE  
               SDFFSHQX4                     Q  
               SDFFSHQX4                     D  
               SDFFSHQX4                    CK  
             TLATNTSCAX2                    SE  
             TLATNTSCAX2                   ECK  
             TLATNTSCAX2                     E  
             TLATNTSCAX2                    CK  
                 XNOR2X4                     Y  
                 XNOR2X4                     B  
                 XNOR2X4                     A  
                  DFFSX2                    CK  
                  DFFSX2                     D  
                  DFFSX2                     Q  
                  DFFSX2                    QN  
                  DFFSX2                    SN  
                   DFFX2                    QN  
                   DFFX2                     Q  
                   DFFX2                     D  
                   DFFX2                    CK  
                 ADDFHXL                     S  
                 ADDFHXL                    CO  
                 ADDFHXL                    CI  
                 ADDFHXL                     B  
                 ADDFHXL                     A  
                OAI221X2                     Y  
                OAI221X2                    C0  
                OAI221X2                    B1  
                OAI221X2                    B0  
                OAI221X2                    A1  
                OAI221X2                    A0  
               SEDFFHQX2                    SI  
               SEDFFHQX2                    SE  
               SEDFFHQX2                     Q  
               SEDFFHQX2                     E  
               SEDFFHQX2                     D  
               SEDFFHQX2                    CK  
                SDFFTRX1                    SI  
                SDFFTRX1                    SE  
                SDFFTRX1                    RN  
                SDFFTRX1                    QN  
                SDFFTRX1                     Q  
                SDFFTRX1                     D  
                SDFFTRX1                    CK  
                  AND4X2                     Y  
                  AND4X2                     D  
                  AND4X2                     C  
                  AND4X2                     B  
                  AND4X2                     A  
                 OAI22XL                     Y  
                 OAI22XL                    B1  
                 OAI22XL                    B0  
                 OAI22XL                    A1  
                 OAI22XL                    A0  
                DFFSHQX4                    SN  
                DFFSHQX4                     Q  
                DFFSHQX4                     D  
                DFFSHQX4                    CK  
                  NOR2XL                     Y  
                  NOR2XL                     B  
                  NOR2XL                     A  
                 XNOR2X2                     Y  
                 XNOR2X2                     B  
                 XNOR2X2                     A  
                 NAND2X8                     Y  
                 NAND2X8                     B  
                 NAND2X8                     A  
                 SDFFQX4                    SI  
                 SDFFQX4                    SE  
                 SDFFQX4                     Q  
                 SDFFQX4                     D  
                 SDFFQX4                    CK  
                  SDFFXL                    SI  
                  SDFFXL                    SE  
                  SDFFXL                    QN  
                  SDFFXL                     Q  
                  SDFFXL                     D  
                  SDFFXL                    CK  
               CLKBUFX20                     Y  
               CLKBUFX20                     A  
               OAI2BB2X2                     Y  
               OAI2BB2X2                    B1  
               OAI2BB2X2                    B0  
               OAI2BB2X2                   A1N  
               OAI2BB2X2                   A0N  
                   INVX1                     Y  
                   INVX1                     A  
                 OAI33X1                     Y  
                 OAI33X1                    B2  
                 OAI33X1                    B1  
                 OAI33X1                    B0  
                 OAI33X1                    A2  
                 OAI33X1                    A1  
                 OAI33X1                    A0  
                SDFFTRX4                    SI  
                SDFFTRX4                    SE  
                SDFFTRX4                    RN  
                SDFFTRX4                    QN  
                SDFFTRX4                     Q  
                SDFFTRX4                     D  
                SDFFTRX4                    CK  
                 NOR2BXL                     Y  
                 NOR2BXL                     B  
                 NOR2BXL                    AN  
                  MXI2X1                     Y  
                  MXI2X1                    S0  
                  MXI2X1                     B  
                  MXI2X1                     A  
                NOR4BBX1                     Y  
                NOR4BBX1                     D  
                NOR4BBX1                     C  
                NOR4BBX1                    BN  
                NOR4BBX1                    AN  
                CLKINVX2                     Y  
                CLKINVX2                     A  
                 SDFFQX2                    SI  
                 SDFFQX2                    SE  
                 SDFFQX2                     Q  
                 SDFFQX2                     D  
                 SDFFQX2                    CK  
                 AOI22X1                     Y  
                 AOI22X1                    B1  
                 AOI22X1                    B0  
                 AOI22X1                    A1  
                 AOI22X1                    A0  
                 SEDFFX2                    SI  
                 SEDFFX2                    SE  
                 SEDFFX2                    QN  
                 SEDFFX2                     Q  
                 SEDFFX2                     E  
                 SEDFFX2                     D  
                 SEDFFX2                    CK  
            TLATNTSCAX20                    SE  
            TLATNTSCAX20                   ECK  
            TLATNTSCAX20                     E  
            TLATNTSCAX20                    CK  
                  AO21XL                     Y  
                  AO21XL                    B0  
                  AO21XL                    A1  
                  AO21XL                    A0  
                 OAI32XL                     Y  
                 OAI32XL                    B1  
                 OAI32XL                    B0  
                 OAI32XL                    A2  
                 OAI32XL                    A1  
                 OAI32XL                    A0  
                  NOR3XL                     Y  
                  NOR3XL                     C  
                  NOR3XL                     B  
                  NOR3XL                     A  
                AOI211X2                     Y  
                AOI211X2                    C0  
                AOI211X2                    B0  
                AOI211X2                    A1  
                AOI211X2                    A0  
                   MX4X2                     Y  
                   MX4X2                    S1  
                   MX4X2                    S0  
                   MX4X2                     D  
                   MX4X2                     C  
                   MX4X2                     B  
                   MX4X2                     A  
                 NAND2X6                     Y  
                 NAND2X6                     B  
                 NAND2X6                     A  
                 AOI21XL                     Y  
                 AOI21XL                    B0  
                 AOI21XL                    A1  
                 AOI21XL                    A0  
                 NAND2X4                     Y  
                 NAND2X4                     B  
                 NAND2X4                     A  
                NOR4BBX4                     Y  
                NOR4BBX4                     D  
                NOR4BBX4                     C  
                NOR4BBX4                    BN  
                NOR4BBX4                    AN  
                SDFFSRXL                    SN  
                SDFFSRXL                    SI  
                SDFFSRXL                    SE  
                SDFFSRXL                    RN  
                SDFFSRXL                    QN  
                SDFFSRXL                     Q  
                SDFFSRXL                     D  
                SDFFSRXL                    CK  
                   OR3X1                     Y  
                   OR3X1                     C  
                   OR3X1                     B  
                   OR3X1                     A  
                EDFFTRXL                    RN  
                EDFFTRXL                    QN  
                EDFFTRXL                     Q  
                EDFFTRXL                     E  
                EDFFTRXL                     D  
                EDFFTRXL                    CK  
                   BUFX6                     Y  
                   BUFX6                     A  
                 NOR3BXL                     Y  
                 NOR3BXL                     C  
                 NOR3BXL                     B  
                 NOR3BXL                    AN  
                  MXI3X1                     Y  
                  MXI3X1                    S1  
                  MXI3X1                    S0  
                  MXI3X1                     C  
                  MXI3X1                     B  
                  MXI3X1                     A  
                NAND2BX2                     Y  
                NAND2BX2                     B  
                NAND2BX2                    AN  
                 AOI32X1                     Y  
                 AOI32X1                    B1  
                 AOI32X1                    B0  
                 AOI32X1                    A2  
                 AOI32X1                    A1  
                 AOI32X1                    A0  
               OAI2BB1XL                     Y  
               OAI2BB1XL                    B0  
               OAI2BB1XL                   A1N  
               OAI2BB1XL                   A0N  
                  AO22XL                     Y  
                  AO22XL                    B1  
                  AO22XL                    B0  
                  AO22XL                    A1  
                  AO22XL                    A0  
                 NAND2X2                     Y  
                 NAND2X2                     B  
                 NAND2X2                     A  
                   MX3XL                     Y  
                   MX3XL                    S1  
                   MX3XL                    S0  
                   MX3XL                     C  
                   MX3XL                     B  
                   MX3XL                     A  
                CLKINVX8                     Y  
                CLKINVX8                     A  
                NAND4BX1                     Y  
                NAND4BX1                     D  
                NAND4BX1                     C  
                NAND4BX1                     B  
                NAND4BX1                    AN  
                 AOI31XL                     Y  
                 AOI31XL                    B0  
                 AOI31XL                    A2  
                 AOI31XL                    A1  
                 AOI31XL                    A0  
                  DLY1X1                     Y  
                  DLY1X1                     A  
                 OAI21X4                     Y  
                 OAI21X4                    B0  
                 OAI21X4                    A1  
                 OAI21X4                    A0  
                  NOR4XL                     Y  
                  NOR4XL                     D  
                  NOR4XL                     C  
                  NOR4XL                     B  
                  NOR4XL                     A  
               SDFFRHQX8                    SI  
               SDFFRHQX8                    SE  
               SDFFRHQX8                    RN  
               SDFFRHQX8                     Q  
               SDFFRHQX8                     D  
               SDFFRHQX8                    CK  
                NAND4BX4                     Y  
                NAND4BX4                     D  
                NAND4BX4                     C  
                NAND4BX4                     B  
                NAND4BX4                    AN  
                 SDFFSXL                    SN  
                 SDFFSXL                    SI  
                 SDFFSXL                    SE  
                 SDFFSXL                    QN  
                 SDFFSXL                     Q  
                 SDFFSXL                     D  
                 SDFFSXL                    CK  
                   MX2X4                     Y  
                   MX2X4                    S0  
                   MX2X4                     B  
                   MX2X4                     A  
                 NOR4BXL                     Y  
                 NOR4BXL                     D  
                 NOR4BXL                     C  
                 NOR4BXL                     B  
                 NOR4BXL                    AN  
                  MXI4X1                     Y  
                  MXI4X1                    S1  
                  MXI4X1                    S0  
                  MXI4X1                     D  
                  MXI4X1                     C  
                  MXI4X1                     B  
                  MXI4X1                     A  
                 OAI21X2                     Y  
                 OAI21X2                    B0  
                 OAI21X2                    A1  
                 OAI21X2                    A0  
               NAND4BBX2                     Y  
               NAND4BBX2                     D  
               NAND4BBX2                     C  
               NAND4BBX2                    BN  
               NAND4BBX2                    AN  
                   TIEHI                     Y  
               CLKINVX12                     Y  
               CLKINVX12                     A  
                  OA21X4                     Y  
                  OA21X4                    B0  
                  OA21X4                    A1  
                  OA21X4                    A0  
                AOI221XL                     Y  
                AOI221XL                    C0  
                AOI221XL                    B1  
                AOI221XL                    B0  
                AOI221XL                    A1  
                AOI221XL                    A0  
                  DLY2X1                     Y  
                  DLY2X1                     A  
                 OAI31X4                     Y  
                 OAI31X4                    B0  
                 OAI31X4                    A2  
                 OAI31X4                    A1  
                 OAI31X4                    A0  
            TLATNTSCAX12                    SE  
            TLATNTSCAX12                   ECK  
            TLATNTSCAX12                     E  
            TLATNTSCAX12                    CK  
                NAND3BXL                     Y  
                NAND3BXL                     C  
                NAND3BXL                     B  
                NAND3BXL                    AN  
                  EDFFX4                    QN  
                  EDFFX4                     Q  
                  EDFFX4                     E  
                  EDFFX4                     D  
                  EDFFX4                    CK  
                OAI222X1                     Y  
                OAI222X1                    C1  
                OAI222X1                    C0  
                OAI222X1                    B1  
                OAI222X1                    B0  
                OAI222X1                    A1  
                OAI222X1                    A0  
               SDFFRHQX2                    SI  
               SDFFRHQX2                    SE  
               SDFFRHQX2                    RN  
               SDFFRHQX2                     Q  
               SDFFRHQX2                     D  
               SDFFRHQX2                    CK  
                CLKMX2X4                     Y  
                CLKMX2X4                    S0  
                CLKMX2X4                     B  
                CLKMX2X4                     A  
                EDFFTRX2                    RN  
                EDFFTRX2                    QN  
                EDFFTRX2                     Q  
                EDFFTRX2                     E  
                EDFFTRX2                     D  
                EDFFTRX2                    CK  
               CLKAND2X6                     Y  
               CLKAND2X6                     B  
               CLKAND2X6                     A  
                  OA21X2                     Y  
                  OA21X2                    B0  
                  OA21X2                    A1  
                  OA21X2                    A0  
                 OAI31X2                     Y  
                 OAI31X2                    B0  
                 OAI31X2                    A2  
                 OAI31X2                    A1  
                 OAI31X2                    A0  
                EDFFHQX1                     Q  
                EDFFHQX1                     E  
                EDFFHQX1                     D  
                EDFFHQX1                    CK  
                SDFFSRX2                    SN  
                SDFFSRX2                    SI  
                SDFFSRX2                    SE  
                SDFFSRX2                    RN  
                SDFFSRX2                    QN  
                SDFFSRX2                     Q  
                SDFFSRX2                     D  
                SDFFSRX2                    CK  
                 NAND4XL                     Y  
                 NAND4XL                     D  
                 NAND4XL                     C  
                 NAND4XL                     B  
                 NAND4XL                     A  
               CLKAND2X3                     Y  
               CLKAND2X3                     B  
               CLKAND2X3                     A  
                  DLY3X1                     Y  
                  DLY3X1                     A  
                OAI222X4                     Y  
                OAI222X4                    C1  
                OAI222X4                    C0  
                OAI222X4                    B1  
                OAI222X4                    B0  
                OAI222X4                    A1  
                OAI222X4                    A0  
                   INVX2                     Y  
                   INVX2                     A  
               TLATNSRXL                    SN  
               TLATNSRXL                    RN  
               TLATNSRXL                    QN  
               TLATNSRXL                     Q  
               TLATNSRXL                    GN  
               TLATNSRXL                     D  
                  MXI2XL                     Y  
                  MXI2XL                    S0  
                  MXI2XL                     B  
                  MXI2XL                     A  
                  OA22X4                     Y  
                  OA22X4                    B1  
                  OA22X4                    B0  
                  OA22X4                    A1  
                  OA22X4                    A0  
                  EDFFX2                    QN  
                  EDFFX2                     Q  
                  EDFFX2                     E  
                  EDFFX2                     D  
                  EDFFX2                    CK  
                 DFFHQX8                     Q  
                 DFFHQX8                     D  
                 DFFHQX8                    CK  
                EDFFHQX4                     Q  
                EDFFHQX4                     E  
                EDFFHQX4                     D  
                EDFFHQX4                    CK  
               TLATNCAX4                   ECK  
               TLATNCAX4                     E  
               TLATNCAX4                    CK  
                 soc_top              done_irq  
                 soc_top                   rst  
                 soc_top                   clk  For more information click here  
# Cells Missing LEF Info: 0  
# Cells with Dimension Errors: 
    ------------------------------
    Size of cell is not an integer multiple of its site
    ------------------------------
               Cell Name        Tech Site name  
                 NAND2X8              CoreSite  
                 NAND2X6              CoreSite  
                 NAND2X4              CoreSite  3  

==============================
Netlist Information
==============================
# HFO (>200) Nets: 0  
# No-driven Nets: 356  
    General Caution:
        1) TODO
    No-driven Nets  
    u_accel/u_sa/s43[17]  
    u_accel/u_sa/s43[18]  
    u_accel/u_sa/s43[19]  
    u_accel/u_sa/s43[20]  
    u_accel/u_sa/s43[21]  
    u_accel/u_sa/s43[22]  
    u_accel/u_sa/s43[23]  
    u_accel/u_sa/s43[24]  
    u_accel/u_sa/s43[25]  
    u_accel/u_sa/s43[26]  
    u_accel/u_sa/s43[27]  
    u_accel/u_sa/s43[28]  
    u_accel/u_sa/s43[29]  
    u_accel/u_sa/s43[30]  
    u_accel/u_sa/s42[17]  
    u_accel/u_sa/s42[18]  
    u_accel/u_sa/s42[19]  
    u_accel/u_sa/s42[20]  
    u_accel/u_sa/s42[21]  
    u_accel/u_sa/s42[22]  
    u_accel/u_sa/s42[23]  
    u_accel/u_sa/s42[24]  
    u_accel/u_sa/s42[25]  
    u_accel/u_sa/s42[26]  
    u_accel/u_sa/s42[27]  
    u_accel/u_sa/s42[28]  
    u_accel/u_sa/s42[29]  
    u_accel/u_sa/s42[30]  
    u_accel/u_sa/s41[17]  
    u_accel/u_sa/s41[18]  
    u_accel/u_sa/s41[19]  
    u_accel/u_sa/s41[20]  
    u_accel/u_sa/s41[21]  
    u_accel/u_sa/s41[22]  
    u_accel/u_sa/s41[23]  
    u_accel/u_sa/s41[24]  
    u_accel/u_sa/s41[25]  
    u_accel/u_sa/s41[26]  
    u_accel/u_sa/s41[27]  
    u_accel/u_sa/s41[28]  
    u_accel/u_sa/s41[29]  
    u_accel/u_sa/s41[30]  
    u_accel/u_sa/s40[17]  
    u_accel/u_sa/s40[18]  
    u_accel/u_sa/s40[19]  
    u_accel/u_sa/s40[20]  
    u_accel/u_sa/s40[21]  
    u_accel/u_sa/s40[22]  
    u_accel/u_sa/s40[23]  
    u_accel/u_sa/s40[24]  
    u_accel/u_sa/s40[25]  
    u_accel/u_sa/s40[26]  
    u_accel/u_sa/s40[27]  
    u_accel/u_sa/s40[28]  
    u_accel/u_sa/s40[29]  
    u_accel/u_sa/s40[30]  
    u_accel/UNCONNECTED54  
    u_accel/UNCONNECTED53  
    u_accel/UNCONNECTED52  
    u_accel/UNCONNECTED51  
    u_accel/UNCONNECTED50  
    u_accel/UNCONNECTED49  
    u_accel/UNCONNECTED48  
    u_accel/UNCONNECTED47  
    u_accel/UNCONNECTED46  
    u_accel/UNCONNECTED45  
    u_accel/UNCONNECTED44  
    u_accel/UNCONNECTED43  
    u_accel/UNCONNECTED42  
    u_accel/UNCONNECTED41  
    u_accel/UNCONNECTED40  
    u_accel/UNCONNECTED39  
    u_accel/UNCONNECTED38  
    u_accel/UNCONNECTED37  
    u_accel/UNCONNECTED36  
    u_accel/UNCONNECTED35  
    u_accel/UNCONNECTED34  
    u_accel/UNCONNECTED33  
    u_accel/UNCONNECTED32  
    u_accel/UNCONNECTED31  
    u_accel/UNCONNECTED30  
    u_accel/UNCONNECTED29  
    u_accel/UNCONNECTED28  
    u_accel/UNCONNECTED27  
    u_accel/UNCONNECTED26  
    u_accel/UNCONNECTED25  
    u_accel/UNCONNECTED24  
    u_accel/UNCONNECTED23  
    u_accel/UNCONNECTED22  
    u_accel/UNCONNECTED21  
    u_accel/UNCONNECTED20  
    u_accel/UNCONNECTED19  
    u_accel/UNCONNECTED18  
    u_accel/UNCONNECTED17  
    u_accel/UNCONNECTED16  
    u_accel/UNCONNECTED15  
    u_accel/UNCONNECTED14  
    u_accel/UNCONNECTED13  
    u_accel/UNCONNECTED12  
    u_accel/UNCONNECTED11  
    u_accel/UNCONNECTED10  
    u_accel/UNCONNECTED9  
    u_accel/UNCONNECTED8  
    u_accel/UNCONNECTED7  
    u_accel/UNCONNECTED6  
    u_accel/UNCONNECTED5  
    u_accel/UNCONNECTED4  
    u_accel/UNCONNECTED3  
    u_accel/UNCONNECTED2  
    u_accel/UNCONNECTED1  
    u_accel/UNCONNECTED0  
    u_accel/UNCONNECTED  
    u_accel/stat_r[1]  
    u_accel/stat_r[2]  
    u_accel/stat_r[3]  
    u_accel/stat_r[4]  
    u_accel/stat_r[5]  
    u_accel/stat_r[6]  
    u_accel/stat_r[7]  
    u_accel/stat_r[8]  
    u_accel/stat_r[9]  
    u_accel/stat_r[10]  
    u_accel/stat_r[11]  
    u_accel/stat_r[12]  
    u_accel/stat_r[13]  
    u_accel/stat_r[14]  
    u_accel/stat_r[15]  
    u_accel/stat_r[16]  
    u_accel/stat_r[17]  
    u_accel/stat_r[18]  
    u_accel/stat_r[19]  
    u_accel/stat_r[20]  
    u_accel/stat_r[21]  
    u_accel/stat_r[22]  
    u_accel/stat_r[23]  
    u_accel/stat_r[24]  
    u_accel/stat_r[25]  
    u_accel/stat_r[26]  
    u_accel/stat_r[27]  
    u_accel/stat_r[28]  
    u_accel/stat_r[29]  
    u_accel/stat_r[30]  
    u_accel/stat_r[31]  
    u_accel/sa_out3[17]  
    u_accel/sa_out3[18]  
    u_accel/sa_out3[19]  
    u_accel/sa_out3[20]  
    u_accel/sa_out3[21]  
    u_accel/sa_out3[22]  
    u_accel/sa_out3[23]  
    u_accel/sa_out3[24]  
    u_accel/sa_out3[25]  
    u_accel/sa_out3[26]  
    u_accel/sa_out3[27]  
    u_accel/sa_out3[28]  
    u_accel/sa_out3[29]  
    u_accel/sa_out3[30]  
    u_accel/sa_out2[17]  
    u_accel/sa_out2[18]  
    u_accel/sa_out2[19]  
    u_accel/sa_out2[20]  
    u_accel/sa_out2[21]  
    u_accel/sa_out2[22]  
    u_accel/sa_out2[23]  
    u_accel/sa_out2[24]  
    u_accel/sa_out2[25]  
    u_accel/sa_out2[26]  
    u_accel/sa_out2[27]  
    u_accel/sa_out2[28]  
    u_accel/sa_out2[29]  
    u_accel/sa_out2[30]  
    u_accel/sa_out1[17]  
    u_accel/sa_out1[18]  
    u_accel/sa_out1[19]  
    u_accel/sa_out1[20]  
    u_accel/sa_out1[21]  
    u_accel/sa_out1[22]  
    u_accel/sa_out1[23]  
    u_accel/sa_out1[24]  
    u_accel/sa_out1[25]  
    u_accel/sa_out1[26]  
    u_accel/sa_out1[27]  
    u_accel/sa_out1[28]  
    u_accel/sa_out1[29]  
    u_accel/sa_out1[30]  
    u_accel/sa_out0[17]  
    u_accel/sa_out0[18]  
    u_accel/sa_out0[19]  
    u_accel/sa_out0[20]  
    u_accel/sa_out0[21]  
    u_accel/sa_out0[22]  
    u_accel/sa_out0[23]  
    u_accel/sa_out0[24]  
    u_accel/sa_out0[25]  
    u_accel/sa_out0[26]  
    u_accel/sa_out0[27]  
    u_accel/sa_out0[28]  
    u_accel/sa_out0[29]  
    u_accel/sa_out0[30]  
    s0_wready  
    s0_awready  
    s0_arready  
    UNCONNECTED_HIER_Z38  
    UNCONNECTED_HIER_Z37  
    UNCONNECTED_HIER_Z36  
    UNCONNECTED_HIER_Z35  
    UNCONNECTED_HIER_Z34  
    UNCONNECTED_HIER_Z33  
    UNCONNECTED_HIER_Z32  
    UNCONNECTED_HIER_Z31  
    UNCONNECTED_HIER_Z30  
    UNCONNECTED_HIER_Z29  
    UNCONNECTED_HIER_Z28  
    UNCONNECTED_HIER_Z27  
    UNCONNECTED_HIER_Z26  
    UNCONNECTED_HIER_Z25  
    UNCONNECTED_HIER_Z24  
    UNCONNECTED_HIER_Z23  
    UNCONNECTED_HIER_Z22  
    UNCONNECTED_HIER_Z21  
    UNCONNECTED_HIER_Z20  
    UNCONNECTED_HIER_Z19  
    UNCONNECTED_HIER_Z18  
    UNCONNECTED_HIER_Z17  
    UNCONNECTED_HIER_Z16  
    UNCONNECTED_HIER_Z15  
    UNCONNECTED_HIER_Z14  
    UNCONNECTED_HIER_Z13  
    UNCONNECTED_HIER_Z12  
    UNCONNECTED_HIER_Z11  
    UNCONNECTED_HIER_Z10  
    UNCONNECTED_HIER_Z9  
    UNCONNECTED_HIER_Z8  
    UNCONNECTED_HIER_Z7  
    UNCONNECTED_HIER_Z6  
    UNCONNECTED_HIER_Z5  
    UNCONNECTED_HIER_Z4  
    UNCONNECTED_HIER_Z3  
    UNCONNECTED_HIER_Z2  
    UNCONNECTED_HIER_Z1  
    UNCONNECTED_HIER_Z0  
    UNCONNECTED_HIER_Z  
    UNCONNECTED78  
    UNCONNECTED77  
    UNCONNECTED76  
    UNCONNECTED75  
    UNCONNECTED74  
    UNCONNECTED73  
    UNCONNECTED72  
    UNCONNECTED71  
    UNCONNECTED70  
    UNCONNECTED69  
    UNCONNECTED68  
    UNCONNECTED67  
    UNCONNECTED66  
    UNCONNECTED65  
    UNCONNECTED64  
    UNCONNECTED63  
    UNCONNECTED62  
    UNCONNECTED61  
    UNCONNECTED60  
    UNCONNECTED59  
    UNCONNECTED58  
    UNCONNECTED57  
    u_cpu_pc[2]  
    u_cpu_pc[3]  
    u_cpu_pc[4]  
    u_cpu_pc[5]  
    u_cpu_pc[6]  
    u_cpu_pc[7]  
    u_cpu_pc[8]  
    u_cpu_pc[9]  
    u_cpu_alu_result[13]  
    u_cpu_alu_result[15]  
    u_cpu_alu_result[19]  
    u_cpu_alu_result[20]  
    u_cpu_alu_result[23]  
    u_cpu_alu_result[24]  
    u_cpu_alu_result[26]  
    u_cpu_alu_result[28]  
    imem_rdata[0]  
    imem_rdata[1]  
    imem_rdata[12]  
    imem_rdata[19]  
    imem_rdata[23]  
    imem_rdata[27]  
    imem_rdata[29]  
    imem_rdata[30]  
    imem_addr[0]  
    imem_addr[1]  
    imem_addr[10]  
    imem_addr[11]  
    imem_addr[12]  
    imem_addr[13]  
    imem_addr[14]  
    imem_addr[15]  
    imem_addr[16]  
    imem_addr[17]  
    imem_addr[18]  
    imem_addr[19]  
    imem_addr[20]  
    imem_addr[21]  
    imem_addr[22]  
    imem_addr[23]  
    imem_addr[24]  
    imem_addr[25]  
    imem_addr[26]  
    imem_addr[27]  
    imem_addr[28]  
    imem_addr[29]  
    imem_addr[30]  
    imem_addr[31]  
    u_cpu_ir[1]  
    u_cpu_ir[12]  
    u_cpu_ir[19]  
    u_cpu_ir[23]  
    u_cpu_ir[27]  
    u_cpu_ir[29]  
    u_cpu_ir[30]  
    ac_swdata[17]  
    ac_swdata[18]  
    ac_swdata[19]  
    ac_swdata[20]  
    ac_swdata[21]  
    ac_swdata[22]  
    ac_swdata[23]  
    ac_swdata[24]  
    ac_swdata[25]  
    ac_swdata[26]  
    ac_swdata[27]  
    ac_swdata[28]  
    ac_swdata[29]  
    ac_swdata[30]  
    s0_rresp[0]  
    s0_rresp[1]  
    s0_bresp[0]  
    s0_bresp[1]  
    cpu_daddr[12]  
    cpu_daddr[13]  
    cpu_daddr[14]  
    cpu_daddr[15]  
    cpu_daddr[17]  
    cpu_daddr[18]  
    cpu_daddr[19]  
    cpu_daddr[20]  
    cpu_daddr[21]  
    cpu_daddr[22]  
    cpu_daddr[23]  
    cpu_daddr[24]  
    cpu_daddr[25]  
    cpu_daddr[26]  
    cpu_daddr[27]  
    cpu_daddr[28]  
    cpu_daddr[29]  
    cpu_daddr[30]  
    cpu_daddr[31]  
# Multi-driven Nets: 0  
# Assign Statements: 0  
Is Design Uniquified: YES  
# Pins in Netlist without timing lib: 0  

==============================

==============================
: Internal  External  
No of Nets:      24529           0  
No of Connections:      82193           0  
Total Net Length (X): 2.2799e+05  0.0000e+00  
Total Net Length (Y): 2.0550e+05  0.0000e+00  
Total Net Length: 4.3350e+05  0.0000e+00  

==============================
Timing Information
==============================
# Clocks in design: 
    ------------------------------
    Clocks in Design
    ------------------------------
    av_ff/clk  
    av_tt/clk  
    av_ss/clk  3  
# Generated clocks: 0  
# "dont_use" cells from .libs: 
    ------------------------------
    Dont_use Cell List
    ------------------------------
    HOLDX1  1  
# "dont_touch" cells from .libs: 0  
# Cells in .lib with max_tran: 0  
# Cells in .lib with max_cap: 
    ------------------------------
    Cell List with max_cap
    ------------------------------
               Cell Name  Max Capacitance (pf)  
               OAI2BB1X4  0.266419  
                  OA22X2  0.258016  
                 NAND3X8  0.339805  
                 SDFFRX4  0.527986  
                TLATSRX1  0.127529  
               OAI2BB1X1  0.060693  
                  DLY4X1  0.131167  
                  ADDFX4  0.477773  
              CLKAND2X12  1.529610  
                  MXI3XL  0.064910  
                 NAND3X6  0.270151  
                   MX3X1  0.126067  
              SDFFSRHQX1  0.125500  
            TLATNTSCAX16  2.212070  
                 OAI33XL  0.025788  
                TLATSRX4  0.528750  
                 DFFHQX4  0.521333  
                AOI221X2  0.097725  
                 SDFFRX2  0.266896  
                  ADDFX2  0.251628  
                 AOI22XL  0.037790  
                NAND3BX2  0.087218  
                SDFFTRXL  0.072566  
                   OR3X2  0.250623  
                CLKBUFX2  0.261698  
                  TLATX1  0.134317  
                 DFFHQX2  0.260509  
                  MXI4XL  0.065043  
               AOI2BB2X2  0.117711  
               SEDFFTRX2  0.256694  
               SDFFNSRX2  0.258149  
                   INVX8  1.027920  
                 AOI33X1  0.041693  
                   OR4X4  0.553681  
                DFFNSRX1  0.133745  
                 NAND3X2  0.076875  
                 ADDFHX4  0.477773  
                 NAND3X4  0.157764  
                  NOR2X8  0.584888  
                 AOI32XL  0.024898  
                 OAI22X4  0.267448  
                NOR4BBXL  0.021571  
              SDFFSRHQX4  0.512192  
                 TBUFX20  2.719580  
                  INVX16  2.049340  
                  ADDHX4  0.499587  
               SDFFSHQX8  1.047160  
                DFFRHQX2  0.254490  
               TLATNSRX4  0.527666  
                 ADDFHX2  0.255238  
                   OR2XL  0.072833  
                  NOR2X6  0.446150  
                CLKBUFX8  1.031340  
                 NOR2BX4  0.293804  
               TLATNSRX1  0.127423  
                  TBUFX3  0.394171  
                  NOR3X8  0.395084  
                  ADDHX2  0.252198  
                 OAI32X4  0.194934  
                NAND4BXL  0.017846  
              TLATNCAX16  2.171400  
                DFFSHQX2  0.248656  
               AOI2BB1XL  0.039190  
                  NOR2X4  0.299678  
                 AOI21X4  0.261111  
                   OR2X6  0.768692  
                 OAI22X2  0.135776  
               CLKBUFX12  1.553800  
                  SDFFX4  0.527357  
                  NOR3X6  0.293128  
                DFFRHQX8  1.042500  
                 NOR3BX4  0.195129  
                   OR3X8  1.098210  
               SDFFSHQX2  0.261758  
                SDFFTRX2  0.264657  
                  NOR4X8  0.281250  
                 AOI21X2  0.133070  
                   DFFX4  0.527067  
                  TBUFX1  0.127366  
                  INVX12  1.537660  
                SDFFHQX1  0.128608  
                 NOR2BX2  0.143130  
                   INVX3  0.392880  
               CLKXOR2X4  0.502589  
                 DFFSRX1  0.128781  
                  AO21X4  0.510011  
                   BUFX2  0.261698  
                  SDFFX2  0.266799  
                  NOR3X4  0.194787  
                 AOI31X4  0.166085  
                  NOR2X2  0.135226  
               CLKXOR2X1  0.118189  
                  NOR4X6  0.211439  
                AOI222X1  0.049788  
                 NAND4X8  0.240365  
                 SDFFSX4  0.516134  
                DFFSHQX8  1.039330  
                NOR4BBX2  0.064839  
                CLKINVX3  0.392880  
                SDFFHQX4  0.524648  
                 OAI32X2  0.099158  
                 TLATNX1  0.126036  
                  AO21X2  0.260336  
                 AOI31X2  0.088431  
                  NOR3X2  0.094094  
                 NOR3BX2  0.099704  
                 DFFTRX1  0.133239  
                  TLATXL  0.068206  
                  AO22X4  0.509977  
                 NAND4X6  0.173071  
                 SDFFSX2  0.263848  
                   MX3X2  0.250373  
                  NOR4X4  0.139132  
                OAI222XL  0.024617  
                AOI222X4  0.194521  
                CLKINVX6  0.765973  
                   OR2X1  0.124999  
                   MX4X4  0.531384  
                MDFFHQX1  0.128608  
                 NOR4BX2  0.065952  
               DFFSRHQX4  0.523338  
                 NAND4X4  0.119462  
               AOI2BB1X4  0.295851  
                  AO22X2  0.251946  
                   BUFX8  1.031340  
                  DFFQX1  0.129554  
                   MX2XL  0.069008  
                  XOR2X1  0.118189  
                NAND4BX2  0.063937  
               AOI2BB1X1  0.065344  
                 NOR4BX4  0.139875  
                TLATSRXL  0.071262  
                  MXI2X8  1.042290  
                  AND2X1  0.131224  
                 NAND4X2  0.068490  
               DFFSRHQX1  0.114847  
             TLATNTSCAX3  0.376362  
                  BUFX16  2.158010  
                 AOI33XL  0.023456  
               CLKINVX16  2.049340  
                  NOR4X2  0.072750  
                CLKMX2X2  0.261577  
                   MX2X6  0.822960  
                  MXI2X6  0.779075  
                  XOR3X1  0.092598  
                MDFFHQX4  0.524654  
                OAI211X1  0.045456  
                  TBUFXL  0.069794  
                  DFFRX1  0.126536  
                  AND3X1  0.129401  
                OAI222X2  0.089923  
                 OAI33X4  0.184160  
                  MXI2X4  0.506949  
               CLKAND2X4  0.518270  
                EDFFHQX2  0.262762  
                DFFNSRXL  0.071632  
                OAI211X4  0.178239  
               TLATNCAX8  1.030990  
                  BUFX12  1.553800  
                 AOI22X4  0.261813  
                 OAI33X2  0.090645  
                  DFFSX1  0.132318  
                CLKMX2X8  1.097520  
                  MXI2X2  0.260889  
                 SEDFFX1  0.130302  
               SMDFFHQX4  0.524781  
                   BUFX3  0.390396  
              TLATNCAX20  2.797210  
                 AOI22X2  0.122567  
                  MXI3X4  0.511063  
                  AND4X1  0.127085  
               TLATNCAX2  0.261484  
               OAI2BB1X2  0.111752  
                   INVX4  0.530450  
               SMDFFHQX1  0.128101  
                TLATSRX2  0.264133  
                  INVX20  2.571780  
                 AOI32X4  0.181571  
                 SDFFQX1  0.130120  
                 XNOR2X1  0.125622  
               CLKMX2X12  1.554620  
                 DFFSRXL  0.073414  
                EDFFHQX8  1.050730  
                  MXI3X2  0.237208  
                   MX2X1  0.129295  
               SEDFFHQX4  0.526086  
                  MXI4X4  0.507562  
                  DFFQXL  0.072520  
              SDFFSRHQX2  0.247520  
                  XOR2XL  0.068329  
               SEDFFHQX1  0.125413  
                 TLATNXL  0.067123  
               OAI2BB2XL  0.036617  
                   OR4XL  0.070514  
                  DLY1X4  0.521746  
                  AND2XL  0.068964  
                CLKBUFX3  0.390396  
                 DFFTRXL  0.072677  
                  DLY2X4  0.529924  
                 NAND2X1  0.061368  
                  MXI4X2  0.263371  
                 AOI32X2  0.092044  
                DFFNSRX2  0.256449  
                   OR3X4  0.533484  
                   OR2X2  0.252347  
                  DFFRXL  0.074386  
                  XOR3XL  0.073485  
                CLKBUFX6  0.756725  
                AOI222XL  0.027173  
                   OR4X6  0.808610  
                ACHCONX2  0.101569  
                 OAI21X1  0.066470  
                  DLY3X4  0.505965  
               TLATNSRX2  0.263409  
                  AND3XL  0.073377  
                  DFFSXL  0.070984  
               NAND4BBXL  0.017887  
               CLKBUFX16  2.158010  
                OAI221X1  0.045301  
                 OAI31X1  0.047468  
                  OA21X1  0.128872  
                  DLY4X4  0.515529  
               CLKXOR2X8  1.092400  
                   OR2X8  1.034940  
                   DFFXL  0.071362  
                  AND4XL  0.070194  
               OAI2BB2X4  0.262196  
                  EDFFX1  0.133989  
                  HOLDX1  0.000000  
             TLATNTSCAX8  1.035560  
               OAI2BB2X1  0.064768  
                CLKINVX1  0.132158  
                SDFFHQX2  0.262284  
              SDFFSRHQX8  1.033010  
               CLKXOR2X2  0.265058  
                OAI221X4  0.178634  
                 XNOR3X1  0.092108  
                 SEDFFXL  0.073403  
                  OA22X1  0.127413  
                AOI211X1  0.051003  
                  TLATX4  0.523535  
                  BUFX20  2.589400  
                AOI222X2  0.098369  
                   OR4X1  0.121260  
                OAI211XL  0.025112  
                   BUFX4  0.507904  
                CLKINVX4  0.530450  
                 AOI33X4  0.160962  
                 TBUFX16  2.222720  
                 SDFFRX1  0.134795  
               DFFSRHQX8  1.031860  
                 XNOR2XL  0.068396  
                NAND2BX1  0.059819  
                AOI211X4  0.198426  
                  BMXIX4  0.542974  
                   MX4XL  0.067753  
                  TLATX2  0.267590  
                  TBUFX8  1.048060  
                NAND2BX4  0.264236  
                 SDFFQXL  0.069528  
                   MX2X2  0.261577  
                  ADDFX1  0.125802  
                SDFFHQX8  1.051070  
                MDFFHQX2  0.262284  
                   MX3X4  0.460087  
                 AOI33X2  0.074878  
               NAND4BBX4  0.120110  
                  BMXIX2  0.241137  
               AOI2BB1X2  0.141404  
                  TBUFX6  0.791441  
                 TBUFX12  1.605360  
                 NAND3X1  0.043982  
               DFFSRHQX2  0.257473  
               NAND4BBX1  0.033462  
                 DFFHQX1  0.131141  
               SEDFFTRXL  0.073801  
             TLATNTSCAX6  0.782483  
               SDFFRHQX4  0.516085  
                 NAND2XL  0.036185  
                  TBUFX4  0.523024  
               AOI2BB2XL  0.036897  
               SDFFNSRXL  0.070251  
                 ADDFHX1  0.126939  
               SDFFRHQX1  0.131907  
                CLKMX2X3  0.379322  
                EDFFTRX1  0.135638  
                   DFFX1  0.133347  
                MDFFHQX8  1.051070  
               CLKAND2X8  1.028860  
               CLKINVX20  2.571780  
                  OA21XL  0.069529  
                OAI211X2  0.086963  
                  TBUFX2  0.258761  
                 DFFSRX4  0.525509  
                  ADDHX1  0.129426  
                 OAI22X1  0.065262  
                 OAI21XL  0.038017  
                   MX2X8  1.097520  
                CLKMX2X6  0.822960  
                EDFFTRX4  0.529027  
                 NOR2BX1  0.064358  
                SDFFSRX1  0.128759  
               SMDFFHQX8  1.053570  
                  EDFFXL  0.072476  
                 DFFSRX2  0.256571  
                 OAI32X1  0.048185  
               TLATNCAX6  0.778190  
                SDFFSRX4  0.527570  
                  AND2X8  1.034620  
                 TLATNX4  0.527706  
               CLKAND2X2  0.255959  
                   INVXL  0.068219  
                 DFFTRX4  0.521756  
               TLATNCAX3  0.395675  
                 OAI31XL  0.027023  
                  NOR2X1  0.064248  
                  OA22XL  0.068435  
                   MX4X1  0.119590  
                 NOR3BX1  0.046179  
                  SDFFX1  0.133464  
                  AND2X6  0.760806  
               SEDFFHQX8  1.054310  
               SMDFFHQX2  0.255618  
                 DFFTRX2  0.265126  
             TLATNTSCAX4  0.514020  
                  DFFQX4  0.532082  
                  AND3X8  1.042080  
                AOI221X1  0.048438  
                 TLATNX2  0.268444  
                 AOI21X1  0.067083  
                  XOR2X4  0.493039  
                   INVX6  0.758175  
               SEDFFTRX4  0.523365  
                   OR4X2  0.256873  
                  AO21X1  0.124589  
                OAI221XL  0.025334  
                  NOR3X1  0.046224  
                  AND2X4  0.520451  
                  ADDFXL  0.067998  
                 SDFFSX1  0.132835  
               AOI2BB2X4  0.271244  
                 NOR4BX1  0.036228  
               SEDFFTRX1  0.130897  
                 AOI31X1  0.044506  
                NAND3BX1  0.044302  
                  DFFQX2  0.259693  
                  AND3X6  0.768057  
                AOI221X4  0.195558  
                  XOR2X2  0.265058  
              TLATNCAX12  1.555660  
                  DFFRX4  0.525339  
                 SDFFRXL  0.074282  
                 XNOR3XL  0.075489  
               SDFFNSRX4  0.525157  
                  AND2X2  0.250348  
                   OR3XL  0.068582  
                CLKBUFX4  0.507904  
                  AO22X1  0.118902  
                  NOR4X1  0.036394  
                NAND3BX4  0.156305  
                  AND4X8  1.020430  
               SDFFNSRX1  0.133250  
                DFFRHQX1  0.129858  
                AOI211XL  0.029103  
                  DFFRX2  0.265595  
                  AND4X6  0.770609  
                   OR2X4  0.527288  
                 NAND4X1  0.033061  
               AOI2BB2X1  0.062102  
                  AND3X4  0.512007  
                  DFFSX4  0.526747  
                   OR3X6  0.780476  
                  AND3X2  0.256871  
                  ADDHXL  0.070414  
                DFFRHQX4  0.518519  
                 NAND3XL  0.024965  
                 SEDFFX4  0.521988  
                NAND2BXL  0.037781  
                  AND4X4  0.512935  
                   OR4X8  1.091640  
                DFFSHQX1  0.119812  
               SDFFSHQX1  0.124760  
               SDFFSHQX4  0.524578  
             TLATNTSCAX2  0.252368  
                 XNOR2X4  0.489282  
                   DFFX2  0.268075  
                 ADDFHXL  0.102071  
                OAI221X2  0.089497  
               SEDFFHQX2  0.260244  
                SDFFTRX1  0.133366  
                  AND4X2  0.256112  
                 OAI22XL  0.037578  
                DFFSHQX4  0.524052  
                  NOR2XL  0.042721  
                 XNOR2X2  0.264039  
                 NAND2X8  0.537508  
                 SDFFQX4  0.534951  
                  SDFFXL  0.074246  
               CLKBUFX20  2.589400  
               OAI2BB2X2  0.132903  
                   INVX1  0.132158  
                 OAI33X1  0.045496  
                SDFFTRX4  0.523600  
                 NOR2BXL  0.042637  
                  MXI2X1  0.061584  
                NOR4BBX1  0.035489  
                CLKINVX2  0.266968  
                 SDFFQX2  0.263799  
                 AOI22X1  0.062098  
                 SEDFFX2  0.262772  
            TLATNTSCAX20  2.810940  
                  AO21XL  0.065363  
                 OAI32XL  0.028110  
                  NOR3XL  0.026966  
                AOI211X2  0.097738  
                   MX4X2  0.238194  
                 NAND2X6  0.388394  
                 AOI21XL  0.036688  
                 NAND2X4  0.261658  
                NOR4BBX4  0.132446  
                SDFFSRXL  0.071079  
                   OR3X1  0.116372  
                EDFFTRXL  0.073921  
                   BUFX6  0.756725  
                 NOR3BXL  0.027033  
                  MXI3X1  0.123580  
                NAND2BX2  0.121805  
                 AOI32X1  0.046062  
               OAI2BB1XL  0.037029  
                  AO22XL  0.069071  
                 NAND2X2  0.117401  
                   MX3XL  0.069527  
                CLKINVX8  1.027920  
                NAND4BX1  0.033163  
                 AOI31XL  0.024044  
                  DLY1X1  0.129279  
                 OAI21X4  0.269240  
                  NOR4XL  0.021596  
               SDFFRHQX8  1.037870  
                NAND4BX4  0.119874  
                 SDFFSXL  0.067520  
                   MX2X4  0.525861  
                 NOR4BXL  0.021510  
                  MXI4X1  0.123198  
                 OAI21X2  0.134676  
               NAND4BBX2  0.061896  
               CLKINVX12  1.537080  
                  OA21X4  0.496315  
                AOI221XL  0.028321  
                  DLY2X1  0.130289  
                 OAI31X4  0.180447  
            TLATNTSCAX12  1.572860  
                NAND3BXL  0.025475  
                  EDFFX4  0.524613  
                OAI222X1  0.045313  
               SDFFRHQX2  0.240283  
                CLKMX2X4  0.524955  
                EDFFTRX2  0.266586  
               CLKAND2X6  0.759372  
                  OA21X2  0.256633  
                 OAI31X2  0.092414  
                EDFFHQX1  0.133042  
                SDFFSRX2  0.258839  
                 NAND4XL  0.018054  
               CLKAND2X3  0.385939  
                  DLY3X1  0.125013  
                OAI222X4  0.178409  
                   INVX2  0.266968  
               TLATNSRXL  0.070528  
                  MXI2XL  0.036587  
                  OA22X4  0.505359  
                  EDFFX2  0.264732  
                 DFFHQX8  1.053890  
                EDFFHQX4  0.513189  
               TLATNCAX4  0.519513  475  
# Cells in .lib with max_fanout: 0  
SDC max_cap: 0.200000 pf  
SDC max_tran: 500.000000 ps  
SDC max_fanout: 20  
Default Ext. Scale Factor: 1.000  
Detail Ext. Scale Factor: 1.000  

==============================
Floorplan/Placement Information
==============================
Total area of Standard cells: 170283.852 um^2  
Total area of Standard cells(Subtracting Physical Cells): 107061.048 um^2  
Total area of Macros: 0.000 um^2  
Total area of Blockages: 0.000 um^2  
Total area of Pad cells: 0.000 um^2  
Total area of Core: 170283.852 um^2  
Total area of Chip: 205023.148 um^2  
Effective Utilization: 1.0000e+00  
Number of Cell Rows: 241  
% Pure Gate Density #1 (Subtracting BLOCKAGES): 100.000%  
% Pure Gate Density #2 (Subtracting BLOCKAGES and Physical Cells): 62.872%  
% Pure Gate Density #3 (Subtracting MACROS): 100.000%  
% Pure Gate Density #4 (Subtracting MACROS and Physical Cells): 62.872%  
% Pure Gate Density #5 (Subtracting MACROS and BLOCKAGES): 100.000%  
% Pure Gate Density #6 (Subtracting MACROS and BLOCKAGES for insts are not placed): 62.872%  
% Core Density (Counting Std Cells and MACROs): 100.000%  
% Core Density #2(Subtracting Physical Cells): 62.872%  
% Chip Density (Counting Std Cells and MACROs and IOs): 83.056%  
% Chip Density #2(Subtracting Physical Cells): 52.219%  
# Macros within 5 sites of IO pad: No  
Macro halo defined?: No  

==============================
Wire Length Distribution
==============================
Total M1 wire length: 12499.0350 um  
Total M2 wire length: 171269.4100 um  
Total M3 wire length: 220899.0050 um  
Total M4 wire length: 127223.2300 um  
Total M5 wire length: 56027.6700 um  
Total M6 wire length: 2113.3600 um  
Total M7 wire length: 0.0000 um  
Total M8 wire length: 9.7700 um  
Total M9 wire length: 0.0000 um  
Total M10 wire length: 0.0000 um  
Total M11 wire length: 0.0000 um  
Total wire length: 590041.4800 um  
Average wire length/net: 23.7088 um  
Area of Power Net Distribution: 
    ------------------------------
    Area of Power Net Distribution
    ------------------------------
    Layer Name  Area of Power Net  Routable Area  Percentage  
    M1  6086.7840  170283.8520  3.5745%  
    M2  0.0000  170283.8520  0.0000%  
    M3  0.0000  170283.8520  0.0000%  
    M4  0.0000  170283.8520  0.0000%  
    M5  0.0000  170283.8520  0.0000%  
    M6  0.0000  170283.8520  0.0000%  
    M7  7112.2300  170283.8520  4.1767%  
    M8  1672.4400  170283.8520  0.9821%  
    M9  0.0000  170283.8520  0.0000%  
    M10  0.0000  170283.8520  0.0000%  
    M11  0.0000  170283.8520  0.0000%  For more information click here  
