============================================================
  Generated by:           Genus(TM) Synthesis Solution 21.14-s082_1
  Generated on:           Aug 07 2026  01:55:49 pm
  Module:                 soc_top
  Technology libraries:   slow 
                          physical_cells 
  Operating conditions:   slow 
  Interconnect mode:      global
  Area mode:              physical library
============================================================

                         Instantiated/                              
        Register            Inferred               Type             
--------------------------------------------------------------------
u_cpu_wb_we_reg          inferred      flip-flop asynchronous reset 
u_cpu_alu_out_reg[0]     inferred      flip-flop asynchronous reset 
u_cpu_alu_out_reg[1]     inferred      flip-flop asynchronous reset 
u_cpu_alu_out_reg[2]     inferred      flip-flop asynchronous reset 
u_cpu_alu_out_reg[3]     inferred      flip-flop asynchronous reset 
u_cpu_alu_out_reg[4]     inferred      flip-flop asynchronous reset 
u_cpu_alu_out_reg[5]     inferred      flip-flop asynchronous reset 
u_cpu_alu_out_reg[6]     inferred      flip-flop asynchronous reset 
u_cpu_alu_out_reg[7]     inferred      flip-flop asynchronous reset 
u_cpu_alu_out_reg[8]     inferred      flip-flop asynchronous reset 
u_cpu_alu_out_reg[9]     inferred      flip-flop asynchronous reset 
u_cpu_alu_out_reg[10]    inferred      flip-flop asynchronous reset 
u_cpu_alu_out_reg[11]    inferred      flip-flop asynchronous reset 
u_cpu_alu_out_reg[12]    inferred      flip-flop asynchronous reset 
u_cpu_alu_out_reg[13]    inferred      flip-flop asynchronous reset 
u_cpu_alu_out_reg[14]    inferred      flip-flop asynchronous reset 
u_cpu_alu_out_reg[15]    inferred      flip-flop asynchronous reset 
u_cpu_alu_out_reg[16]    inferred      flip-flop asynchronous reset 
u_cpu_alu_out_reg[17]    inferred      flip-flop asynchronous reset 
u_cpu_alu_out_reg[18]    inferred      flip-flop asynchronous reset 
u_cpu_alu_out_reg[19]    inferred      flip-flop asynchronous reset 
u_cpu_alu_out_reg[20]    inferred      flip-flop asynchronous reset 
u_cpu_alu_out_reg[21]    inferred      flip-flop asynchronous reset 
u_cpu_alu_out_reg[22]    inferred      flip-flop asynchronous reset 
u_cpu_alu_out_reg[23]    inferred      flip-flop asynchronous reset 
u_cpu_alu_out_reg[24]    inferred      flip-flop asynchronous reset 
u_cpu_alu_out_reg[25]    inferred      flip-flop asynchronous reset 
u_cpu_alu_out_reg[26]    inferred      flip-flop asynchronous reset 
u_cpu_alu_out_reg[27]    inferred      flip-flop asynchronous reset 
u_cpu_alu_out_reg[28]    inferred      flip-flop asynchronous reset 
u_cpu_alu_out_reg[29]    inferred      flip-flop asynchronous reset 
u_cpu_alu_out_reg[30]    inferred      flip-flop asynchronous reset 
u_cpu_alu_out_reg[31]    inferred      flip-flop asynchronous reset 
u_cpu_b_reg_reg[0]       inferred      flip-flop asynchronous reset 
u_cpu_b_reg_reg[1]       inferred      flip-flop asynchronous reset 
u_cpu_b_reg_reg[2]       inferred      flip-flop asynchronous reset 
u_cpu_b_reg_reg[3]       inferred      flip-flop asynchronous reset 
u_cpu_b_reg_reg[4]       inferred      flip-flop asynchronous reset 
u_cpu_b_reg_reg[5]       inferred      flip-flop asynchronous reset 
u_cpu_b_reg_reg[6]       inferred      flip-flop asynchronous reset 
u_cpu_b_reg_reg[7]       inferred      flip-flop asynchronous reset 
u_cpu_b_reg_reg[8]       inferred      flip-flop asynchronous reset 
u_cpu_b_reg_reg[9]       inferred      flip-flop asynchronous reset 
u_cpu_b_reg_reg[10]      inferred      flip-flop asynchronous reset 
u_cpu_b_reg_reg[11]      inferred      flip-flop asynchronous reset 
u_cpu_b_reg_reg[12]      inferred      flip-flop asynchronous reset 
u_cpu_b_reg_reg[13]      inferred      flip-flop asynchronous reset 
u_cpu_b_reg_reg[14]      inferred      flip-flop asynchronous reset 
u_cpu_b_reg_reg[15]      inferred      flip-flop asynchronous reset 
u_cpu_b_reg_reg[16]      inferred      flip-flop asynchronous reset 
u_cpu_b_reg_reg[17]      inferred      flip-flop asynchronous reset 
u_cpu_b_reg_reg[18]      inferred      flip-flop asynchronous reset 
u_cpu_b_reg_reg[19]      inferred      flip-flop asynchronous reset 
u_cpu_b_reg_reg[20]      inferred      flip-flop asynchronous reset 
u_cpu_b_reg_reg[21]      inferred      flip-flop asynchronous reset 
u_cpu_b_reg_reg[22]      inferred      flip-flop asynchronous reset 
u_cpu_b_reg_reg[23]      inferred      flip-flop asynchronous reset 
u_cpu_b_reg_reg[24]      inferred      flip-flop asynchronous reset 
u_cpu_b_reg_reg[25]      inferred      flip-flop asynchronous reset 
u_cpu_b_reg_reg[26]      inferred      flip-flop asynchronous reset 
u_cpu_b_reg_reg[27]      inferred      flip-flop asynchronous reset 
u_cpu_b_reg_reg[28]      inferred      flip-flop asynchronous reset 
u_cpu_b_reg_reg[29]      inferred      flip-flop asynchronous reset 
u_cpu_b_reg_reg[30]      inferred      flip-flop asynchronous reset 
u_cpu_b_reg_reg[31]      inferred      flip-flop asynchronous reset 
u_cpu_dmem_addr_reg[0]   inferred      flip-flop asynchronous reset 
u_cpu_dmem_addr_reg[1]   inferred      flip-flop asynchronous reset 
u_cpu_dmem_addr_reg[3]   inferred      flip-flop asynchronous reset 
u_cpu_dmem_addr_reg[4]   inferred      flip-flop asynchronous reset 
u_cpu_dmem_addr_reg[5]   inferred      flip-flop asynchronous reset 
u_cpu_dmem_addr_reg[6]   inferred      flip-flop asynchronous reset 
u_cpu_dmem_addr_reg[7]   inferred      flip-flop asynchronous reset 
u_cpu_dmem_addr_reg[8]   inferred      flip-flop asynchronous reset 
u_cpu_dmem_addr_reg[9]   inferred      flip-flop asynchronous reset 
u_cpu_dmem_addr_reg[10]  inferred      flip-flop asynchronous reset 
u_cpu_dmem_addr_reg[11]  inferred      flip-flop asynchronous reset 
u_cpu_dmem_re_reg        inferred      flip-flop asynchronous reset 
u_cpu_dmem_wdata_reg[0]  inferred      flip-flop asynchronous reset 
u_cpu_dmem_wdata_reg[1]  inferred      flip-flop asynchronous reset 
u_cpu_dmem_wdata_reg[2]  inferred      flip-flop asynchronous reset 
u_cpu_dmem_wdata_reg[3]  inferred      flip-flop asynchronous reset 
u_cpu_dmem_wdata_reg[4]  inferred      flip-flop asynchronous reset 
u_cpu_dmem_wdata_reg[5]  inferred      flip-flop asynchronous reset 
u_cpu_dmem_wdata_reg[6]  inferred      flip-flop asynchronous reset 
u_cpu_dmem_wdata_reg[7]  inferred      flip-flop asynchronous reset 
u_cpu_dmem_wdata_reg[8]  inferred      flip-flop asynchronous reset 
u_cpu_dmem_wdata_reg[9]  inferred      flip-flop asynchronous reset 
u_cpu_dmem_wdata_reg[10] inferred      flip-flop asynchronous reset 
u_cpu_dmem_wdata_reg[11] inferred      flip-flop asynchronous reset 
u_cpu_dmem_wdata_reg[12] inferred      flip-flop asynchronous reset 
u_cpu_dmem_wdata_reg[13] inferred      flip-flop asynchronous reset 
u_cpu_dmem_wdata_reg[14] inferred      flip-flop asynchronous reset 
u_cpu_dmem_wdata_reg[15] inferred      flip-flop asynchronous reset 
u_cpu_dmem_wdata_reg[16] inferred      flip-flop asynchronous reset 
u_cpu_dmem_wdata_reg[17] inferred      flip-flop asynchronous reset 
u_cpu_dmem_wdata_reg[18] inferred      flip-flop asynchronous reset 
u_cpu_dmem_wdata_reg[19] inferred      flip-flop asynchronous reset 
u_cpu_dmem_wdata_reg[20] inferred      flip-flop asynchronous reset 
u_cpu_dmem_wdata_reg[21] inferred      flip-flop asynchronous reset 
u_cpu_dmem_wdata_reg[22] inferred      flip-flop asynchronous reset 
u_cpu_dmem_wdata_reg[23] inferred      flip-flop asynchronous reset 
u_cpu_dmem_wdata_reg[24] inferred      flip-flop asynchronous reset 
u_cpu_dmem_wdata_reg[25] inferred      flip-flop asynchronous reset 
u_cpu_dmem_wdata_reg[26] inferred      flip-flop asynchronous reset 
u_cpu_dmem_wdata_reg[27] inferred      flip-flop asynchronous reset 
u_cpu_dmem_wdata_reg[28] inferred      flip-flop asynchronous reset 
u_cpu_dmem_wdata_reg[29] inferred      flip-flop asynchronous reset 
u_cpu_dmem_wdata_reg[30] inferred      flip-flop asynchronous reset 
u_cpu_dmem_wdata_reg[31] inferred      flip-flop asynchronous reset 
u_cpu_dmem_we_reg        inferred      flip-flop asynchronous reset 
u_cpu_ir_reg[0]          inferred      flip-flop asynchronous reset 
u_cpu_ir_reg[7]          inferred      flip-flop asynchronous reset 
u_cpu_ir_reg[8]          inferred      flip-flop asynchronous reset 
u_cpu_ir_reg[9]          inferred      flip-flop asynchronous reset 
u_cpu_ir_reg[10]         inferred      flip-flop asynchronous reset 
u_cpu_ir_reg[11]         inferred      flip-flop asynchronous reset 
u_cpu_ir_reg[19]         inferred      flip-flop asynchronous reset 
u_cpu_ir_reg[20]         inferred      flip-flop asynchronous reset 
u_cpu_ir_reg[22]         inferred      flip-flop asynchronous reset 
u_cpu_ir_reg[25]         inferred      flip-flop asynchronous reset 
u_cpu_ir_reg[26]         inferred      flip-flop asynchronous reset 
u_cpu_ir_reg[28]         inferred      flip-flop asynchronous reset 
u_cpu_mem_data_reg[0]    inferred      flip-flop asynchronous reset 
u_cpu_mem_data_reg[1]    inferred      flip-flop asynchronous reset 
u_cpu_mem_data_reg[2]    inferred      flip-flop asynchronous reset 
u_cpu_mem_data_reg[3]    inferred      flip-flop asynchronous reset 
u_cpu_mem_data_reg[4]    inferred      flip-flop asynchronous reset 
u_cpu_mem_data_reg[5]    inferred      flip-flop asynchronous reset 
u_cpu_mem_data_reg[6]    inferred      flip-flop asynchronous reset 
u_cpu_mem_data_reg[7]    inferred      flip-flop asynchronous reset 
u_cpu_mem_data_reg[8]    inferred      flip-flop asynchronous reset 
u_cpu_mem_data_reg[9]    inferred      flip-flop asynchronous reset 
u_cpu_mem_data_reg[10]   inferred      flip-flop asynchronous reset 
u_cpu_mem_data_reg[11]   inferred      flip-flop asynchronous reset 
u_cpu_mem_data_reg[12]   inferred      flip-flop asynchronous reset 
u_cpu_mem_data_reg[13]   inferred      flip-flop asynchronous reset 
u_cpu_mem_data_reg[14]   inferred      flip-flop asynchronous reset 
u_cpu_mem_data_reg[15]   inferred      flip-flop asynchronous reset 
u_cpu_mem_data_reg[16]   inferred      flip-flop asynchronous reset 
u_cpu_mem_data_reg[17]   inferred      flip-flop asynchronous reset 
u_cpu_mem_data_reg[18]   inferred      flip-flop asynchronous reset 
u_cpu_mem_data_reg[19]   inferred      flip-flop asynchronous reset 
u_cpu_mem_data_reg[20]   inferred      flip-flop asynchronous reset 
u_cpu_mem_data_reg[21]   inferred      flip-flop asynchronous reset 
u_cpu_mem_data_reg[22]   inferred      flip-flop asynchronous reset 
u_cpu_mem_data_reg[23]   inferred      flip-flop asynchronous reset 
u_cpu_mem_data_reg[24]   inferred      flip-flop asynchronous reset 
u_cpu_mem_data_reg[25]   inferred      flip-flop asynchronous reset 
u_cpu_mem_data_reg[26]   inferred      flip-flop asynchronous reset 
u_cpu_mem_data_reg[27]   inferred      flip-flop asynchronous reset 
u_cpu_mem_data_reg[28]   inferred      flip-flop asynchronous reset 
u_cpu_mem_data_reg[29]   inferred      flip-flop asynchronous reset 
u_cpu_mem_data_reg[30]   inferred      flip-flop asynchronous reset 
u_cpu_mem_data_reg[31]   inferred      flip-flop asynchronous reset 
u_cpu_pc_reg[0]          inferred      flip-flop asynchronous reset 
u_cpu_pc_reg[1]          inferred      flip-flop asynchronous reset 
u_cpu_pc_reg[31]         inferred      flip-flop asynchronous reset 
u_cpu_state_reg[0]       inferred      flip-flop asynchronous reset 
u_sram_mem_reg[0][0]     inferred      flip-flop                    
u_sram_mem_reg[0][1]     inferred      flip-flop                    
u_sram_mem_reg[0][2]     inferred      flip-flop                    
u_sram_mem_reg[0][3]     inferred      flip-flop                    
u_sram_mem_reg[0][4]     inferred      flip-flop                    
u_sram_mem_reg[0][5]     inferred      flip-flop                    
u_sram_mem_reg[0][6]     inferred      flip-flop                    
u_sram_mem_reg[0][7]     inferred      flip-flop                    
u_sram_mem_reg[0][8]     inferred      flip-flop                    
u_sram_mem_reg[0][9]     inferred      flip-flop                    
u_sram_mem_reg[0][10]    inferred      flip-flop                    
u_sram_mem_reg[0][11]    inferred      flip-flop                    
u_sram_mem_reg[0][12]    inferred      flip-flop                    
u_sram_mem_reg[0][13]    inferred      flip-flop                    
u_sram_mem_reg[0][14]    inferred      flip-flop                    
u_sram_mem_reg[0][15]    inferred      flip-flop                    
u_sram_mem_reg[0][16]    inferred      flip-flop                    
u_sram_mem_reg[0][17]    inferred      flip-flop                    
u_sram_mem_reg[0][18]    inferred      flip-flop                    
u_sram_mem_reg[0][19]    inferred      flip-flop                    
u_sram_mem_reg[0][20]    inferred      flip-flop                    
u_sram_mem_reg[0][21]    inferred      flip-flop                    
u_sram_mem_reg[0][22]    inferred      flip-flop                    
u_sram_mem_reg[0][23]    inferred      flip-flop                    
u_sram_mem_reg[0][24]    inferred      flip-flop                    
u_sram_mem_reg[0][25]    inferred      flip-flop                    
u_sram_mem_reg[0][26]    inferred      flip-flop                    
u_sram_mem_reg[0][27]    inferred      flip-flop                    
u_sram_mem_reg[0][28]    inferred      flip-flop                    
u_sram_mem_reg[0][29]    inferred      flip-flop                    
u_sram_mem_reg[0][30]    inferred      flip-flop                    
u_sram_mem_reg[0][31]    inferred      flip-flop                    
u_sram_mem_reg[1][0]     inferred      flip-flop                    
u_sram_mem_reg[1][1]     inferred      flip-flop                    
u_sram_mem_reg[1][2]     inferred      flip-flop                    
u_sram_mem_reg[1][3]     inferred      flip-flop                    
u_sram_mem_reg[1][4]     inferred      flip-flop                    
u_sram_mem_reg[1][5]     inferred      flip-flop                    
u_sram_mem_reg[1][6]     inferred      flip-flop                    
u_sram_mem_reg[1][7]     inferred      flip-flop                    
u_sram_mem_reg[1][8]     inferred      flip-flop                    
u_sram_mem_reg[1][9]     inferred      flip-flop                    
u_sram_mem_reg[1][10]    inferred      flip-flop                    
u_sram_mem_reg[1][11]    inferred      flip-flop                    
u_sram_mem_reg[1][12]    inferred      flip-flop                    
u_sram_mem_reg[1][13]    inferred      flip-flop                    
u_sram_mem_reg[1][14]    inferred      flip-flop                    
u_sram_mem_reg[1][15]    inferred      flip-flop                    
u_sram_mem_reg[1][16]    inferred      flip-flop                    
u_sram_mem_reg[1][17]    inferred      flip-flop                    
u_sram_mem_reg[1][18]    inferred      flip-flop                    
u_sram_mem_reg[1][19]    inferred      flip-flop                    
u_sram_mem_reg[1][20]    inferred      flip-flop                    
u_sram_mem_reg[1][21]    inferred      flip-flop                    
u_sram_mem_reg[1][22]    inferred      flip-flop                    
u_sram_mem_reg[1][23]    inferred      flip-flop                    
u_sram_mem_reg[1][24]    inferred      flip-flop                    
u_sram_mem_reg[1][25]    inferred      flip-flop                    
u_sram_mem_reg[1][26]    inferred      flip-flop                    
u_sram_mem_reg[1][27]    inferred      flip-flop                    
u_sram_mem_reg[1][28]    inferred      flip-flop                    
u_sram_mem_reg[1][29]    inferred      flip-flop                    
u_sram_mem_reg[1][30]    inferred      flip-flop                    
u_sram_mem_reg[1][31]    inferred      flip-flop                    
u_sram_mem_reg[2][0]     inferred      flip-flop                    
u_sram_mem_reg[2][1]     inferred      flip-flop                    
u_sram_mem_reg[2][2]     inferred      flip-flop                    
u_sram_mem_reg[2][3]     inferred      flip-flop                    
u_sram_mem_reg[2][4]     inferred      flip-flop                    
u_sram_mem_reg[2][5]     inferred      flip-flop                    
u_sram_mem_reg[2][6]     inferred      flip-flop                    
u_sram_mem_reg[2][7]     inferred      flip-flop                    
u_sram_mem_reg[2][8]     inferred      flip-flop                    
u_sram_mem_reg[2][9]     inferred      flip-flop                    
u_sram_mem_reg[2][10]    inferred      flip-flop                    
u_sram_mem_reg[2][11]    inferred      flip-flop                    
u_sram_mem_reg[2][12]    inferred      flip-flop                    
u_sram_mem_reg[2][13]    inferred      flip-flop                    
u_sram_mem_reg[2][14]    inferred      flip-flop                    
u_sram_mem_reg[2][15]    inferred      flip-flop                    
u_sram_mem_reg[2][16]    inferred      flip-flop                    
u_sram_mem_reg[2][17]    inferred      flip-flop                    
u_sram_mem_reg[2][18]    inferred      flip-flop                    
u_sram_mem_reg[2][19]    inferred      flip-flop                    
u_sram_mem_reg[2][20]    inferred      flip-flop                    
u_sram_mem_reg[2][21]    inferred      flip-flop                    
u_sram_mem_reg[2][22]    inferred      flip-flop                    
u_sram_mem_reg[2][23]    inferred      flip-flop                    
u_sram_mem_reg[2][24]    inferred      flip-flop                    
u_sram_mem_reg[2][25]    inferred      flip-flop                    
u_sram_mem_reg[2][26]    inferred      flip-flop                    
u_sram_mem_reg[2][27]    inferred      flip-flop                    
u_sram_mem_reg[2][28]    inferred      flip-flop                    
u_sram_mem_reg[2][29]    inferred      flip-flop                    
u_sram_mem_reg[2][30]    inferred      flip-flop                    
u_sram_mem_reg[2][31]    inferred      flip-flop                    
u_sram_mem_reg[3][0]     inferred      flip-flop                    
u_sram_mem_reg[3][1]     inferred      flip-flop                    
u_sram_mem_reg[3][2]     inferred      flip-flop                    
u_sram_mem_reg[3][3]     inferred      flip-flop                    
u_sram_mem_reg[3][4]     inferred      flip-flop                    
u_sram_mem_reg[3][5]     inferred      flip-flop                    
u_sram_mem_reg[3][6]     inferred      flip-flop                    
u_sram_mem_reg[3][7]     inferred      flip-flop                    
u_sram_mem_reg[3][8]     inferred      flip-flop                    
u_sram_mem_reg[3][9]     inferred      flip-flop                    
u_sram_mem_reg[3][10]    inferred      flip-flop                    
u_sram_mem_reg[3][11]    inferred      flip-flop                    
u_sram_mem_reg[3][12]    inferred      flip-flop                    
u_sram_mem_reg[3][13]    inferred      flip-flop                    
u_sram_mem_reg[3][14]    inferred      flip-flop                    
u_sram_mem_reg[3][15]    inferred      flip-flop                    
u_sram_mem_reg[3][16]    inferred      flip-flop                    
u_sram_mem_reg[3][17]    inferred      flip-flop                    
u_sram_mem_reg[3][18]    inferred      flip-flop                    
u_sram_mem_reg[3][19]    inferred      flip-flop                    
u_sram_mem_reg[3][20]    inferred      flip-flop                    
u_sram_mem_reg[3][21]    inferred      flip-flop                    
u_sram_mem_reg[3][22]    inferred      flip-flop                    
u_sram_mem_reg[3][23]    inferred      flip-flop                    
u_sram_mem_reg[3][24]    inferred      flip-flop                    
u_sram_mem_reg[3][25]    inferred      flip-flop                    
u_sram_mem_reg[3][26]    inferred      flip-flop                    
u_sram_mem_reg[3][27]    inferred      flip-flop                    
u_sram_mem_reg[3][28]    inferred      flip-flop                    
u_sram_mem_reg[3][29]    inferred      flip-flop                    
u_sram_mem_reg[3][30]    inferred      flip-flop                    
u_sram_mem_reg[3][31]    inferred      flip-flop                    
u_sram_mem_reg[4][0]     inferred      flip-flop                    
u_sram_mem_reg[4][1]     inferred      flip-flop                    
u_sram_mem_reg[4][2]     inferred      flip-flop                    
u_sram_mem_reg[4][3]     inferred      flip-flop                    
u_sram_mem_reg[4][4]     inferred      flip-flop                    
u_sram_mem_reg[4][5]     inferred      flip-flop                    
u_sram_mem_reg[4][6]     inferred      flip-flop                    
u_sram_mem_reg[4][7]     inferred      flip-flop                    
u_sram_mem_reg[4][8]     inferred      flip-flop                    
u_sram_mem_reg[4][9]     inferred      flip-flop                    
u_sram_mem_reg[4][10]    inferred      flip-flop                    
u_sram_mem_reg[4][11]    inferred      flip-flop                    
u_sram_mem_reg[4][12]    inferred      flip-flop                    
u_sram_mem_reg[4][13]    inferred      flip-flop                    
u_sram_mem_reg[4][14]    inferred      flip-flop                    
u_sram_mem_reg[4][15]    inferred      flip-flop                    
u_sram_mem_reg[4][16]    inferred      flip-flop                    
u_sram_mem_reg[4][17]    inferred      flip-flop                    
u_sram_mem_reg[4][18]    inferred      flip-flop                    
u_sram_mem_reg[4][19]    inferred      flip-flop                    
u_sram_mem_reg[4][20]    inferred      flip-flop                    
u_sram_mem_reg[4][21]    inferred      flip-flop                    
u_sram_mem_reg[4][22]    inferred      flip-flop                    
u_sram_mem_reg[4][23]    inferred      flip-flop                    
u_sram_mem_reg[4][24]    inferred      flip-flop                    
u_sram_mem_reg[4][25]    inferred      flip-flop                    
u_sram_mem_reg[4][26]    inferred      flip-flop                    
u_sram_mem_reg[4][27]    inferred      flip-flop                    
u_sram_mem_reg[4][28]    inferred      flip-flop                    
u_sram_mem_reg[4][29]    inferred      flip-flop                    
u_sram_mem_reg[4][30]    inferred      flip-flop                    
u_sram_mem_reg[4][31]    inferred      flip-flop                    
u_sram_mem_reg[5][0]     inferred      flip-flop                    
u_sram_mem_reg[5][1]     inferred      flip-flop                    
u_sram_mem_reg[5][2]     inferred      flip-flop                    
u_sram_mem_reg[5][3]     inferred      flip-flop                    
u_sram_mem_reg[5][4]     inferred      flip-flop                    
u_sram_mem_reg[5][5]     inferred      flip-flop                    
u_sram_mem_reg[5][6]     inferred      flip-flop                    
u_sram_mem_reg[5][7]     inferred      flip-flop                    
u_sram_mem_reg[5][8]     inferred      flip-flop                    
u_sram_mem_reg[5][9]     inferred      flip-flop                    
u_sram_mem_reg[5][10]    inferred      flip-flop                    
u_sram_mem_reg[5][11]    inferred      flip-flop                    
u_sram_mem_reg[5][12]    inferred      flip-flop                    
u_sram_mem_reg[5][13]    inferred      flip-flop                    
u_sram_mem_reg[5][14]    inferred      flip-flop                    
u_sram_mem_reg[5][15]    inferred      flip-flop                    
u_sram_mem_reg[5][16]    inferred      flip-flop                    
u_sram_mem_reg[5][17]    inferred      flip-flop                    
u_sram_mem_reg[5][18]    inferred      flip-flop                    
u_sram_mem_reg[5][19]    inferred      flip-flop                    
u_sram_mem_reg[5][20]    inferred      flip-flop                    
u_sram_mem_reg[5][21]    inferred      flip-flop                    
u_sram_mem_reg[5][22]    inferred      flip-flop                    
u_sram_mem_reg[5][23]    inferred      flip-flop                    
u_sram_mem_reg[5][24]    inferred      flip-flop                    
u_sram_mem_reg[5][25]    inferred      flip-flop                    
u_sram_mem_reg[5][26]    inferred      flip-flop                    
u_sram_mem_reg[5][27]    inferred      flip-flop                    
u_sram_mem_reg[5][28]    inferred      flip-flop                    
u_sram_mem_reg[5][29]    inferred      flip-flop                    
u_sram_mem_reg[5][30]    inferred      flip-flop                    
u_sram_mem_reg[5][31]    inferred      flip-flop                    
u_sram_mem_reg[6][0]     inferred      flip-flop                    
u_sram_mem_reg[6][1]     inferred      flip-flop                    
u_sram_mem_reg[6][2]     inferred      flip-flop                    
u_sram_mem_reg[6][3]     inferred      flip-flop                    
u_sram_mem_reg[6][4]     inferred      flip-flop                    
u_sram_mem_reg[6][5]     inferred      flip-flop                    
u_sram_mem_reg[6][6]     inferred      flip-flop                    
u_sram_mem_reg[6][7]     inferred      flip-flop                    
u_sram_mem_reg[6][8]     inferred      flip-flop                    
u_sram_mem_reg[6][9]     inferred      flip-flop                    
u_sram_mem_reg[6][10]    inferred      flip-flop                    
u_sram_mem_reg[6][11]    inferred      flip-flop                    
u_sram_mem_reg[6][12]    inferred      flip-flop                    
u_sram_mem_reg[6][13]    inferred      flip-flop                    
u_sram_mem_reg[6][14]    inferred      flip-flop                    
u_sram_mem_reg[6][15]    inferred      flip-flop                    
u_sram_mem_reg[6][16]    inferred      flip-flop                    
u_sram_mem_reg[6][17]    inferred      flip-flop                    
u_sram_mem_reg[6][18]    inferred      flip-flop                    
u_sram_mem_reg[6][19]    inferred      flip-flop                    
u_sram_mem_reg[6][20]    inferred      flip-flop                    
u_sram_mem_reg[6][21]    inferred      flip-flop                    
u_sram_mem_reg[6][22]    inferred      flip-flop                    
u_sram_mem_reg[6][23]    inferred      flip-flop                    
u_sram_mem_reg[6][24]    inferred      flip-flop                    
u_sram_mem_reg[6][25]    inferred      flip-flop                    
u_sram_mem_reg[6][26]    inferred      flip-flop                    
u_sram_mem_reg[6][27]    inferred      flip-flop                    
u_sram_mem_reg[6][28]    inferred      flip-flop                    
u_sram_mem_reg[6][29]    inferred      flip-flop                    
u_sram_mem_reg[6][30]    inferred      flip-flop                    
u_sram_mem_reg[6][31]    inferred      flip-flop                    
u_sram_mem_reg[7][0]     inferred      flip-flop                    
u_sram_mem_reg[7][1]     inferred      flip-flop                    
u_sram_mem_reg[7][2]     inferred      flip-flop                    
u_sram_mem_reg[7][3]     inferred      flip-flop                    
u_sram_mem_reg[7][4]     inferred      flip-flop                    
u_sram_mem_reg[7][5]     inferred      flip-flop                    
u_sram_mem_reg[7][6]     inferred      flip-flop                    
u_sram_mem_reg[7][7]     inferred      flip-flop                    
u_sram_mem_reg[7][8]     inferred      flip-flop                    
u_sram_mem_reg[7][9]     inferred      flip-flop                    
u_sram_mem_reg[7][10]    inferred      flip-flop                    
u_sram_mem_reg[7][11]    inferred      flip-flop                    
u_sram_mem_reg[7][12]    inferred      flip-flop                    
u_sram_mem_reg[7][13]    inferred      flip-flop                    
u_sram_mem_reg[7][14]    inferred      flip-flop                    
u_sram_mem_reg[7][15]    inferred      flip-flop                    
u_sram_mem_reg[7][16]    inferred      flip-flop                    
u_sram_mem_reg[7][17]    inferred      flip-flop                    
u_sram_mem_reg[7][18]    inferred      flip-flop                    
u_sram_mem_reg[7][19]    inferred      flip-flop                    
u_sram_mem_reg[7][20]    inferred      flip-flop                    
u_sram_mem_reg[7][21]    inferred      flip-flop                    
u_sram_mem_reg[7][22]    inferred      flip-flop                    
u_sram_mem_reg[7][23]    inferred      flip-flop                    
u_sram_mem_reg[7][24]    inferred      flip-flop                    
u_sram_mem_reg[7][25]    inferred      flip-flop                    
u_sram_mem_reg[7][26]    inferred      flip-flop                    
u_sram_mem_reg[7][27]    inferred      flip-flop                    
u_sram_mem_reg[7][28]    inferred      flip-flop                    
u_sram_mem_reg[7][29]    inferred      flip-flop                    
u_sram_mem_reg[7][30]    inferred      flip-flop                    
u_sram_mem_reg[7][31]    inferred      flip-flop                    
u_sram_mem_reg[8][0]     inferred      flip-flop                    
u_sram_mem_reg[8][1]     inferred      flip-flop                    
u_sram_mem_reg[8][2]     inferred      flip-flop                    
u_sram_mem_reg[8][3]     inferred      flip-flop                    
u_sram_mem_reg[8][4]     inferred      flip-flop                    
u_sram_mem_reg[8][5]     inferred      flip-flop                    
u_sram_mem_reg[8][6]     inferred      flip-flop                    
u_sram_mem_reg[8][7]     inferred      flip-flop                    
u_sram_mem_reg[8][8]     inferred      flip-flop                    
u_sram_mem_reg[8][9]     inferred      flip-flop                    
u_sram_mem_reg[8][10]    inferred      flip-flop                    
u_sram_mem_reg[8][11]    inferred      flip-flop                    
u_sram_mem_reg[8][12]    inferred      flip-flop                    
u_sram_mem_reg[8][13]    inferred      flip-flop                    
u_sram_mem_reg[8][14]    inferred      flip-flop                    
u_sram_mem_reg[8][15]    inferred      flip-flop                    
u_sram_mem_reg[8][16]    inferred      flip-flop                    
u_sram_mem_reg[8][17]    inferred      flip-flop                    
u_sram_mem_reg[8][18]    inferred      flip-flop                    
u_sram_mem_reg[8][19]    inferred      flip-flop                    
u_sram_mem_reg[8][20]    inferred      flip-flop                    
u_sram_mem_reg[8][21]    inferred      flip-flop                    
u_sram_mem_reg[8][22]    inferred      flip-flop                    
u_sram_mem_reg[8][23]    inferred      flip-flop                    
u_sram_mem_reg[8][24]    inferred      flip-flop                    
u_sram_mem_reg[8][25]    inferred      flip-flop                    
u_sram_mem_reg[8][26]    inferred      flip-flop                    
u_sram_mem_reg[8][27]    inferred      flip-flop                    
u_sram_mem_reg[8][28]    inferred      flip-flop                    
u_sram_mem_reg[8][29]    inferred      flip-flop                    
u_sram_mem_reg[8][30]    inferred      flip-flop                    
u_sram_mem_reg[8][31]    inferred      flip-flop                    
u_sram_mem_reg[9][0]     inferred      flip-flop                    
u_sram_mem_reg[9][1]     inferred      flip-flop                    
u_sram_mem_reg[9][2]     inferred      flip-flop                    
u_sram_mem_reg[9][3]     inferred      flip-flop                    
u_sram_mem_reg[9][4]     inferred      flip-flop                    
u_sram_mem_reg[9][5]     inferred      flip-flop                    
u_sram_mem_reg[9][6]     inferred      flip-flop                    
u_sram_mem_reg[9][7]     inferred      flip-flop                    
u_sram_mem_reg[9][8]     inferred      flip-flop                    
u_sram_mem_reg[9][9]     inferred      flip-flop                    
u_sram_mem_reg[9][10]    inferred      flip-flop                    
u_sram_mem_reg[9][11]    inferred      flip-flop                    
u_sram_mem_reg[9][12]    inferred      flip-flop                    
u_sram_mem_reg[9][13]    inferred      flip-flop                    
u_sram_mem_reg[9][14]    inferred      flip-flop                    
u_sram_mem_reg[9][15]    inferred      flip-flop                    
u_sram_mem_reg[9][16]    inferred      flip-flop                    
u_sram_mem_reg[9][17]    inferred      flip-flop                    
u_sram_mem_reg[9][18]    inferred      flip-flop                    
u_sram_mem_reg[9][19]    inferred      flip-flop                    
u_sram_mem_reg[9][20]    inferred      flip-flop                    
u_sram_mem_reg[9][21]    inferred      flip-flop                    
u_sram_mem_reg[9][22]    inferred      flip-flop                    
u_sram_mem_reg[9][23]    inferred      flip-flop                    
u_sram_mem_reg[9][24]    inferred      flip-flop                    
u_sram_mem_reg[9][25]    inferred      flip-flop                    
u_sram_mem_reg[9][26]    inferred      flip-flop                    
u_sram_mem_reg[9][27]    inferred      flip-flop                    
u_sram_mem_reg[9][28]    inferred      flip-flop                    
u_sram_mem_reg[9][29]    inferred      flip-flop                    
u_sram_mem_reg[9][30]    inferred      flip-flop                    
u_sram_mem_reg[9][31]    inferred      flip-flop                    
u_sram_mem_reg[10][0]    inferred      flip-flop                    
u_sram_mem_reg[10][1]    inferred      flip-flop                    
u_sram_mem_reg[10][2]    inferred      flip-flop                    
u_sram_mem_reg[10][3]    inferred      flip-flop                    
u_sram_mem_reg[10][4]    inferred      flip-flop                    
u_sram_mem_reg[10][5]    inferred      flip-flop                    
u_sram_mem_reg[10][6]    inferred      flip-flop                    
u_sram_mem_reg[10][7]    inferred      flip-flop                    
u_sram_mem_reg[10][8]    inferred      flip-flop                    
u_sram_mem_reg[10][9]    inferred      flip-flop                    
u_sram_mem_reg[10][10]   inferred      flip-flop                    
u_sram_mem_reg[10][11]   inferred      flip-flop                    
u_sram_mem_reg[10][12]   inferred      flip-flop                    
u_sram_mem_reg[10][13]   inferred      flip-flop                    
u_sram_mem_reg[10][14]   inferred      flip-flop                    
u_sram_mem_reg[10][15]   inferred      flip-flop                    
u_sram_mem_reg[10][16]   inferred      flip-flop                    
u_sram_mem_reg[10][17]   inferred      flip-flop                    
u_sram_mem_reg[10][18]   inferred      flip-flop                    
u_sram_mem_reg[10][19]   inferred      flip-flop                    
u_sram_mem_reg[10][20]   inferred      flip-flop                    
u_sram_mem_reg[10][21]   inferred      flip-flop                    
u_sram_mem_reg[10][22]   inferred      flip-flop                    
u_sram_mem_reg[10][23]   inferred      flip-flop                    
u_sram_mem_reg[10][24]   inferred      flip-flop                    
u_sram_mem_reg[10][25]   inferred      flip-flop                    
u_sram_mem_reg[10][26]   inferred      flip-flop                    
u_sram_mem_reg[10][27]   inferred      flip-flop                    
u_sram_mem_reg[10][28]   inferred      flip-flop                    
u_sram_mem_reg[10][29]   inferred      flip-flop                    
u_sram_mem_reg[10][30]   inferred      flip-flop                    
u_sram_mem_reg[10][31]   inferred      flip-flop                    
u_sram_mem_reg[11][0]    inferred      flip-flop                    
u_sram_mem_reg[11][1]    inferred      flip-flop                    
u_sram_mem_reg[11][2]    inferred      flip-flop                    
u_sram_mem_reg[11][3]    inferred      flip-flop                    
u_sram_mem_reg[11][4]    inferred      flip-flop                    
u_sram_mem_reg[11][5]    inferred      flip-flop                    
u_sram_mem_reg[11][6]    inferred      flip-flop                    
u_sram_mem_reg[11][7]    inferred      flip-flop                    
u_sram_mem_reg[11][8]    inferred      flip-flop                    
u_sram_mem_reg[11][9]    inferred      flip-flop                    
u_sram_mem_reg[11][10]   inferred      flip-flop                    
u_sram_mem_reg[11][11]   inferred      flip-flop                    
u_sram_mem_reg[11][12]   inferred      flip-flop                    
u_sram_mem_reg[11][13]   inferred      flip-flop                    
u_sram_mem_reg[11][14]   inferred      flip-flop                    
u_sram_mem_reg[11][15]   inferred      flip-flop                    
u_sram_mem_reg[11][16]   inferred      flip-flop                    
u_sram_mem_reg[11][17]   inferred      flip-flop                    
u_sram_mem_reg[11][18]   inferred      flip-flop                    
u_sram_mem_reg[11][19]   inferred      flip-flop                    
u_sram_mem_reg[11][20]   inferred      flip-flop                    
u_sram_mem_reg[11][21]   inferred      flip-flop                    
u_sram_mem_reg[11][22]   inferred      flip-flop                    
u_sram_mem_reg[11][23]   inferred      flip-flop                    
u_sram_mem_reg[11][24]   inferred      flip-flop                    
u_sram_mem_reg[11][25]   inferred      flip-flop                    
u_sram_mem_reg[11][26]   inferred      flip-flop                    
u_sram_mem_reg[11][27]   inferred      flip-flop                    
u_sram_mem_reg[11][28]   inferred      flip-flop                    
u_sram_mem_reg[11][29]   inferred      flip-flop                    
u_sram_mem_reg[11][30]   inferred      flip-flop                    
u_sram_mem_reg[11][31]   inferred      flip-flop                    
u_sram_mem_reg[12][0]    inferred      flip-flop                    
u_sram_mem_reg[12][1]    inferred      flip-flop                    
u_sram_mem_reg[12][2]    inferred      flip-flop                    
u_sram_mem_reg[12][3]    inferred      flip-flop                    
u_sram_mem_reg[12][4]    inferred      flip-flop                    
u_sram_mem_reg[12][5]    inferred      flip-flop                    
u_sram_mem_reg[12][6]    inferred      flip-flop                    
u_sram_mem_reg[12][7]    inferred      flip-flop                    
u_sram_mem_reg[12][8]    inferred      flip-flop                    
u_sram_mem_reg[12][9]    inferred      flip-flop                    
u_sram_mem_reg[12][10]   inferred      flip-flop                    
u_sram_mem_reg[12][11]   inferred      flip-flop                    
u_sram_mem_reg[12][12]   inferred      flip-flop                    
u_sram_mem_reg[12][13]   inferred      flip-flop                    
u_sram_mem_reg[12][14]   inferred      flip-flop                    
u_sram_mem_reg[12][15]   inferred      flip-flop                    
u_sram_mem_reg[12][16]   inferred      flip-flop                    
u_sram_mem_reg[12][17]   inferred      flip-flop                    
u_sram_mem_reg[12][18]   inferred      flip-flop                    
u_sram_mem_reg[12][19]   inferred      flip-flop                    
u_sram_mem_reg[12][20]   inferred      flip-flop                    
u_sram_mem_reg[12][21]   inferred      flip-flop                    
u_sram_mem_reg[12][22]   inferred      flip-flop                    
u_sram_mem_reg[12][23]   inferred      flip-flop                    
u_sram_mem_reg[12][24]   inferred      flip-flop                    
u_sram_mem_reg[12][25]   inferred      flip-flop                    
u_sram_mem_reg[12][26]   inferred      flip-flop                    
u_sram_mem_reg[12][27]   inferred      flip-flop                    
u_sram_mem_reg[12][28]   inferred      flip-flop                    
u_sram_mem_reg[12][29]   inferred      flip-flop                    
u_sram_mem_reg[12][30]   inferred      flip-flop                    
u_sram_mem_reg[12][31]   inferred      flip-flop                    
u_sram_mem_reg[13][0]    inferred      flip-flop                    
u_sram_mem_reg[13][1]    inferred      flip-flop                    
u_sram_mem_reg[13][2]    inferred      flip-flop                    
u_sram_mem_reg[13][3]    inferred      flip-flop                    
u_sram_mem_reg[13][4]    inferred      flip-flop                    
u_sram_mem_reg[13][5]    inferred      flip-flop                    
u_sram_mem_reg[13][6]    inferred      flip-flop                    
u_sram_mem_reg[13][7]    inferred      flip-flop                    
u_sram_mem_reg[13][8]    inferred      flip-flop                    
u_sram_mem_reg[13][9]    inferred      flip-flop                    
u_sram_mem_reg[13][10]   inferred      flip-flop                    
u_sram_mem_reg[13][11]   inferred      flip-flop                    
u_sram_mem_reg[13][12]   inferred      flip-flop                    
u_sram_mem_reg[13][13]   inferred      flip-flop                    
u_sram_mem_reg[13][14]   inferred      flip-flop                    
u_sram_mem_reg[13][15]   inferred      flip-flop                    
u_sram_mem_reg[13][16]   inferred      flip-flop                    
u_sram_mem_reg[13][17]   inferred      flip-flop                    
u_sram_mem_reg[13][18]   inferred      flip-flop                    
u_sram_mem_reg[13][19]   inferred      flip-flop                    
u_sram_mem_reg[13][20]   inferred      flip-flop                    
u_sram_mem_reg[13][21]   inferred      flip-flop                    
u_sram_mem_reg[13][22]   inferred      flip-flop                    
u_sram_mem_reg[13][23]   inferred      flip-flop                    
u_sram_mem_reg[13][24]   inferred      flip-flop                    
u_sram_mem_reg[13][25]   inferred      flip-flop                    
u_sram_mem_reg[13][26]   inferred      flip-flop                    
u_sram_mem_reg[13][27]   inferred      flip-flop                    
u_sram_mem_reg[13][28]   inferred      flip-flop                    
u_sram_mem_reg[13][29]   inferred      flip-flop                    
u_sram_mem_reg[13][30]   inferred      flip-flop                    
u_sram_mem_reg[13][31]   inferred      flip-flop                    
u_sram_mem_reg[14][0]    inferred      flip-flop                    
u_sram_mem_reg[14][1]    inferred      flip-flop                    
u_sram_mem_reg[14][2]    inferred      flip-flop                    
u_sram_mem_reg[14][3]    inferred      flip-flop                    
u_sram_mem_reg[14][4]    inferred      flip-flop                    
u_sram_mem_reg[14][5]    inferred      flip-flop                    
u_sram_mem_reg[14][6]    inferred      flip-flop                    
u_sram_mem_reg[14][7]    inferred      flip-flop                    
u_sram_mem_reg[14][8]    inferred      flip-flop                    
u_sram_mem_reg[14][9]    inferred      flip-flop                    
u_sram_mem_reg[14][10]   inferred      flip-flop                    
u_sram_mem_reg[14][11]   inferred      flip-flop                    
u_sram_mem_reg[14][12]   inferred      flip-flop                    
u_sram_mem_reg[14][13]   inferred      flip-flop                    
u_sram_mem_reg[14][14]   inferred      flip-flop                    
u_sram_mem_reg[14][15]   inferred      flip-flop                    
u_sram_mem_reg[14][16]   inferred      flip-flop                    
u_sram_mem_reg[14][17]   inferred      flip-flop                    
u_sram_mem_reg[14][18]   inferred      flip-flop                    
u_sram_mem_reg[14][19]   inferred      flip-flop                    
u_sram_mem_reg[14][20]   inferred      flip-flop                    
u_sram_mem_reg[14][21]   inferred      flip-flop                    
u_sram_mem_reg[14][22]   inferred      flip-flop                    
u_sram_mem_reg[14][23]   inferred      flip-flop                    
u_sram_mem_reg[14][24]   inferred      flip-flop                    
u_sram_mem_reg[14][25]   inferred      flip-flop                    
u_sram_mem_reg[14][26]   inferred      flip-flop                    
u_sram_mem_reg[14][27]   inferred      flip-flop                    
u_sram_mem_reg[14][28]   inferred      flip-flop                    
u_sram_mem_reg[14][29]   inferred      flip-flop                    
u_sram_mem_reg[14][30]   inferred      flip-flop                    
u_sram_mem_reg[14][31]   inferred      flip-flop                    
u_sram_mem_reg[15][0]    inferred      flip-flop                    
u_sram_mem_reg[15][1]    inferred      flip-flop                    
u_sram_mem_reg[15][2]    inferred      flip-flop                    
u_sram_mem_reg[15][3]    inferred      flip-flop                    
u_sram_mem_reg[15][4]    inferred      flip-flop                    
u_sram_mem_reg[15][5]    inferred      flip-flop                    
u_sram_mem_reg[15][6]    inferred      flip-flop                    
u_sram_mem_reg[15][7]    inferred      flip-flop                    
u_sram_mem_reg[15][8]    inferred      flip-flop                    
u_sram_mem_reg[15][9]    inferred      flip-flop                    
u_sram_mem_reg[15][10]   inferred      flip-flop                    
u_sram_mem_reg[15][11]   inferred      flip-flop                    
u_sram_mem_reg[15][12]   inferred      flip-flop                    
u_sram_mem_reg[15][13]   inferred      flip-flop                    
u_sram_mem_reg[15][14]   inferred      flip-flop                    
u_sram_mem_reg[15][15]   inferred      flip-flop                    
u_sram_mem_reg[15][16]   inferred      flip-flop                    
u_sram_mem_reg[15][17]   inferred      flip-flop                    
u_sram_mem_reg[15][18]   inferred      flip-flop                    
u_sram_mem_reg[15][19]   inferred      flip-flop                    
u_sram_mem_reg[15][20]   inferred      flip-flop                    
u_sram_mem_reg[15][21]   inferred      flip-flop                    
u_sram_mem_reg[15][22]   inferred      flip-flop                    
u_sram_mem_reg[15][23]   inferred      flip-flop                    
u_sram_mem_reg[15][24]   inferred      flip-flop                    
u_sram_mem_reg[15][25]   inferred      flip-flop                    
u_sram_mem_reg[15][26]   inferred      flip-flop                    
u_sram_mem_reg[15][27]   inferred      flip-flop                    
u_sram_mem_reg[15][28]   inferred      flip-flop                    
u_sram_mem_reg[15][29]   inferred      flip-flop                    
u_sram_mem_reg[15][30]   inferred      flip-flop                    
u_sram_mem_reg[15][31]   inferred      flip-flop                    
u_sram_mem_reg[16][0]    inferred      flip-flop                    
u_sram_mem_reg[16][1]    inferred      flip-flop                    
u_sram_mem_reg[16][2]    inferred      flip-flop                    
u_sram_mem_reg[16][3]    inferred      flip-flop                    
u_sram_mem_reg[16][4]    inferred      flip-flop                    
u_sram_mem_reg[16][5]    inferred      flip-flop                    
u_sram_mem_reg[16][6]    inferred      flip-flop                    
u_sram_mem_reg[16][7]    inferred      flip-flop                    
u_sram_mem_reg[16][8]    inferred      flip-flop                    
u_sram_mem_reg[16][9]    inferred      flip-flop                    
u_sram_mem_reg[16][10]   inferred      flip-flop                    
u_sram_mem_reg[16][11]   inferred      flip-flop                    
u_sram_mem_reg[16][12]   inferred      flip-flop                    
u_sram_mem_reg[16][13]   inferred      flip-flop                    
u_sram_mem_reg[16][14]   inferred      flip-flop                    
u_sram_mem_reg[16][15]   inferred      flip-flop                    
u_sram_mem_reg[16][16]   inferred      flip-flop                    
u_sram_mem_reg[16][17]   inferred      flip-flop                    
u_sram_mem_reg[16][18]   inferred      flip-flop                    
u_sram_mem_reg[16][19]   inferred      flip-flop                    
u_sram_mem_reg[16][20]   inferred      flip-flop                    
u_sram_mem_reg[16][21]   inferred      flip-flop                    
u_sram_mem_reg[16][22]   inferred      flip-flop                    
u_sram_mem_reg[16][23]   inferred      flip-flop                    
u_sram_mem_reg[16][24]   inferred      flip-flop                    
u_sram_mem_reg[16][25]   inferred      flip-flop                    
u_sram_mem_reg[16][26]   inferred      flip-flop                    
u_sram_mem_reg[16][27]   inferred      flip-flop                    
u_sram_mem_reg[16][28]   inferred      flip-flop                    
u_sram_mem_reg[16][29]   inferred      flip-flop                    
u_sram_mem_reg[16][30]   inferred      flip-flop                    
u_sram_mem_reg[16][31]   inferred      flip-flop                    
u_sram_mem_reg[17][0]    inferred      flip-flop                    
u_sram_mem_reg[17][1]    inferred      flip-flop                    
u_sram_mem_reg[17][2]    inferred      flip-flop                    
u_sram_mem_reg[17][3]    inferred      flip-flop                    
u_sram_mem_reg[17][4]    inferred      flip-flop                    
u_sram_mem_reg[17][5]    inferred      flip-flop                    
u_sram_mem_reg[17][6]    inferred      flip-flop                    
u_sram_mem_reg[17][7]    inferred      flip-flop                    
u_sram_mem_reg[17][8]    inferred      flip-flop                    
u_sram_mem_reg[17][9]    inferred      flip-flop                    
u_sram_mem_reg[17][10]   inferred      flip-flop                    
u_sram_mem_reg[17][11]   inferred      flip-flop                    
u_sram_mem_reg[17][12]   inferred      flip-flop                    
u_sram_mem_reg[17][13]   inferred      flip-flop                    
u_sram_mem_reg[17][14]   inferred      flip-flop                    
u_sram_mem_reg[17][15]   inferred      flip-flop                    
u_sram_mem_reg[17][16]   inferred      flip-flop                    
u_sram_mem_reg[17][17]   inferred      flip-flop                    
u_sram_mem_reg[17][18]   inferred      flip-flop                    
u_sram_mem_reg[17][19]   inferred      flip-flop                    
u_sram_mem_reg[17][20]   inferred      flip-flop                    
u_sram_mem_reg[17][21]   inferred      flip-flop                    
u_sram_mem_reg[17][22]   inferred      flip-flop                    
u_sram_mem_reg[17][23]   inferred      flip-flop                    
u_sram_mem_reg[17][24]   inferred      flip-flop                    
u_sram_mem_reg[17][25]   inferred      flip-flop                    
u_sram_mem_reg[17][26]   inferred      flip-flop                    
u_sram_mem_reg[17][27]   inferred      flip-flop                    
u_sram_mem_reg[17][28]   inferred      flip-flop                    
u_sram_mem_reg[17][29]   inferred      flip-flop                    
u_sram_mem_reg[17][30]   inferred      flip-flop                    
u_sram_mem_reg[17][31]   inferred      flip-flop                    
u_sram_mem_reg[18][0]    inferred      flip-flop                    
u_sram_mem_reg[18][1]    inferred      flip-flop                    
u_sram_mem_reg[18][2]    inferred      flip-flop                    
u_sram_mem_reg[18][3]    inferred      flip-flop                    
u_sram_mem_reg[18][4]    inferred      flip-flop                    
u_sram_mem_reg[18][5]    inferred      flip-flop                    
u_sram_mem_reg[18][6]    inferred      flip-flop                    
u_sram_mem_reg[18][7]    inferred      flip-flop                    
u_sram_mem_reg[18][8]    inferred      flip-flop                    
u_sram_mem_reg[18][9]    inferred      flip-flop                    
u_sram_mem_reg[18][10]   inferred      flip-flop                    
u_sram_mem_reg[18][11]   inferred      flip-flop                    
u_sram_mem_reg[18][12]   inferred      flip-flop                    
u_sram_mem_reg[18][13]   inferred      flip-flop                    
u_sram_mem_reg[18][14]   inferred      flip-flop                    
u_sram_mem_reg[18][15]   inferred      flip-flop                    
u_sram_mem_reg[18][16]   inferred      flip-flop                    
u_sram_mem_reg[18][17]   inferred      flip-flop                    
u_sram_mem_reg[18][18]   inferred      flip-flop                    
u_sram_mem_reg[18][19]   inferred      flip-flop                    
u_sram_mem_reg[18][20]   inferred      flip-flop                    
u_sram_mem_reg[18][21]   inferred      flip-flop                    
u_sram_mem_reg[18][22]   inferred      flip-flop                    
u_sram_mem_reg[18][23]   inferred      flip-flop                    
u_sram_mem_reg[18][24]   inferred      flip-flop                    
u_sram_mem_reg[18][25]   inferred      flip-flop                    
u_sram_mem_reg[18][26]   inferred      flip-flop                    
u_sram_mem_reg[18][27]   inferred      flip-flop                    
u_sram_mem_reg[18][28]   inferred      flip-flop                    
u_sram_mem_reg[18][29]   inferred      flip-flop                    
u_sram_mem_reg[18][30]   inferred      flip-flop                    
u_sram_mem_reg[18][31]   inferred      flip-flop                    
u_sram_mem_reg[19][0]    inferred      flip-flop                    
u_sram_mem_reg[19][1]    inferred      flip-flop                    
u_sram_mem_reg[19][2]    inferred      flip-flop                    
u_sram_mem_reg[19][3]    inferred      flip-flop                    
u_sram_mem_reg[19][4]    inferred      flip-flop                    
u_sram_mem_reg[19][5]    inferred      flip-flop                    
u_sram_mem_reg[19][6]    inferred      flip-flop                    
u_sram_mem_reg[19][7]    inferred      flip-flop                    
u_sram_mem_reg[19][8]    inferred      flip-flop                    
u_sram_mem_reg[19][9]    inferred      flip-flop                    
u_sram_mem_reg[19][10]   inferred      flip-flop                    
u_sram_mem_reg[19][11]   inferred      flip-flop                    
u_sram_mem_reg[19][12]   inferred      flip-flop                    
u_sram_mem_reg[19][13]   inferred      flip-flop                    
u_sram_mem_reg[19][14]   inferred      flip-flop                    
u_sram_mem_reg[19][15]   inferred      flip-flop                    
u_sram_mem_reg[19][16]   inferred      flip-flop                    
u_sram_mem_reg[19][17]   inferred      flip-flop                    
u_sram_mem_reg[19][18]   inferred      flip-flop                    
u_sram_mem_reg[19][19]   inferred      flip-flop                    
u_sram_mem_reg[19][20]   inferred      flip-flop                    
u_sram_mem_reg[19][21]   inferred      flip-flop                    
u_sram_mem_reg[19][22]   inferred      flip-flop                    
u_sram_mem_reg[19][23]   inferred      flip-flop                    
u_sram_mem_reg[19][24]   inferred      flip-flop                    
u_sram_mem_reg[19][25]   inferred      flip-flop                    
u_sram_mem_reg[19][26]   inferred      flip-flop                    
u_sram_mem_reg[19][27]   inferred      flip-flop                    
u_sram_mem_reg[19][28]   inferred      flip-flop                    
u_sram_mem_reg[19][29]   inferred      flip-flop                    
u_sram_mem_reg[19][30]   inferred      flip-flop                    
u_sram_mem_reg[19][31]   inferred      flip-flop                    
u_sram_mem_reg[20][0]    inferred      flip-flop                    
u_sram_mem_reg[20][1]    inferred      flip-flop                    
u_sram_mem_reg[20][2]    inferred      flip-flop                    
u_sram_mem_reg[20][3]    inferred      flip-flop                    
u_sram_mem_reg[20][4]    inferred      flip-flop                    
u_sram_mem_reg[20][5]    inferred      flip-flop                    
u_sram_mem_reg[20][6]    inferred      flip-flop                    
u_sram_mem_reg[20][7]    inferred      flip-flop                    
u_sram_mem_reg[20][8]    inferred      flip-flop                    
u_sram_mem_reg[20][9]    inferred      flip-flop                    
u_sram_mem_reg[20][10]   inferred      flip-flop                    
u_sram_mem_reg[20][11]   inferred      flip-flop                    
u_sram_mem_reg[20][12]   inferred      flip-flop                    
u_sram_mem_reg[20][13]   inferred      flip-flop                    
u_sram_mem_reg[20][14]   inferred      flip-flop                    
u_sram_mem_reg[20][15]   inferred      flip-flop                    
u_sram_mem_reg[20][16]   inferred      flip-flop                    
u_sram_mem_reg[20][17]   inferred      flip-flop                    
u_sram_mem_reg[20][18]   inferred      flip-flop                    
u_sram_mem_reg[20][19]   inferred      flip-flop                    
u_sram_mem_reg[20][20]   inferred      flip-flop                    
u_sram_mem_reg[20][21]   inferred      flip-flop                    
u_sram_mem_reg[20][22]   inferred      flip-flop                    
u_sram_mem_reg[20][23]   inferred      flip-flop                    
u_sram_mem_reg[20][24]   inferred      flip-flop                    
u_sram_mem_reg[20][25]   inferred      flip-flop                    
u_sram_mem_reg[20][26]   inferred      flip-flop                    
u_sram_mem_reg[20][27]   inferred      flip-flop                    
u_sram_mem_reg[20][28]   inferred      flip-flop                    
u_sram_mem_reg[20][29]   inferred      flip-flop                    
u_sram_mem_reg[20][30]   inferred      flip-flop                    
u_sram_mem_reg[20][31]   inferred      flip-flop                    
u_sram_mem_reg[21][0]    inferred      flip-flop                    
u_sram_mem_reg[21][1]    inferred      flip-flop                    
u_sram_mem_reg[21][2]    inferred      flip-flop                    
u_sram_mem_reg[21][3]    inferred      flip-flop                    
u_sram_mem_reg[21][4]    inferred      flip-flop                    
u_sram_mem_reg[21][5]    inferred      flip-flop                    
u_sram_mem_reg[21][6]    inferred      flip-flop                    
u_sram_mem_reg[21][7]    inferred      flip-flop                    
u_sram_mem_reg[21][8]    inferred      flip-flop                    
u_sram_mem_reg[21][9]    inferred      flip-flop                    
u_sram_mem_reg[21][10]   inferred      flip-flop                    
u_sram_mem_reg[21][11]   inferred      flip-flop                    
u_sram_mem_reg[21][12]   inferred      flip-flop                    
u_sram_mem_reg[21][13]   inferred      flip-flop                    
u_sram_mem_reg[21][14]   inferred      flip-flop                    
u_sram_mem_reg[21][15]   inferred      flip-flop                    
u_sram_mem_reg[21][16]   inferred      flip-flop                    
u_sram_mem_reg[21][17]   inferred      flip-flop                    
u_sram_mem_reg[21][18]   inferred      flip-flop                    
u_sram_mem_reg[21][19]   inferred      flip-flop                    
u_sram_mem_reg[21][20]   inferred      flip-flop                    
u_sram_mem_reg[21][21]   inferred      flip-flop                    
u_sram_mem_reg[21][22]   inferred      flip-flop                    
u_sram_mem_reg[21][23]   inferred      flip-flop                    
u_sram_mem_reg[21][24]   inferred      flip-flop                    
u_sram_mem_reg[21][25]   inferred      flip-flop                    
u_sram_mem_reg[21][26]   inferred      flip-flop                    
u_sram_mem_reg[21][27]   inferred      flip-flop                    
u_sram_mem_reg[21][28]   inferred      flip-flop                    
u_sram_mem_reg[21][29]   inferred      flip-flop                    
u_sram_mem_reg[21][30]   inferred      flip-flop                    
u_sram_mem_reg[21][31]   inferred      flip-flop                    
u_sram_mem_reg[22][0]    inferred      flip-flop                    
u_sram_mem_reg[22][1]    inferred      flip-flop                    
u_sram_mem_reg[22][2]    inferred      flip-flop                    
u_sram_mem_reg[22][3]    inferred      flip-flop                    
u_sram_mem_reg[22][4]    inferred      flip-flop                    
u_sram_mem_reg[22][5]    inferred      flip-flop                    
u_sram_mem_reg[22][6]    inferred      flip-flop                    
u_sram_mem_reg[22][7]    inferred      flip-flop                    
u_sram_mem_reg[22][8]    inferred      flip-flop                    
u_sram_mem_reg[22][9]    inferred      flip-flop                    
u_sram_mem_reg[22][10]   inferred      flip-flop                    
u_sram_mem_reg[22][11]   inferred      flip-flop                    
u_sram_mem_reg[22][12]   inferred      flip-flop                    
u_sram_mem_reg[22][13]   inferred      flip-flop                    
u_sram_mem_reg[22][14]   inferred      flip-flop                    
u_sram_mem_reg[22][15]   inferred      flip-flop                    
u_sram_mem_reg[22][16]   inferred      flip-flop                    
u_sram_mem_reg[22][17]   inferred      flip-flop                    
u_sram_mem_reg[22][18]   inferred      flip-flop                    
u_sram_mem_reg[22][19]   inferred      flip-flop                    
u_sram_mem_reg[22][20]   inferred      flip-flop                    
u_sram_mem_reg[22][21]   inferred      flip-flop                    
u_sram_mem_reg[22][22]   inferred      flip-flop                    
u_sram_mem_reg[22][23]   inferred      flip-flop                    
u_sram_mem_reg[22][24]   inferred      flip-flop                    
u_sram_mem_reg[22][25]   inferred      flip-flop                    
u_sram_mem_reg[22][26]   inferred      flip-flop                    
u_sram_mem_reg[22][27]   inferred      flip-flop                    
u_sram_mem_reg[22][28]   inferred      flip-flop                    
u_sram_mem_reg[22][29]   inferred      flip-flop                    
u_sram_mem_reg[22][30]   inferred      flip-flop                    
u_sram_mem_reg[22][31]   inferred      flip-flop                    
u_sram_mem_reg[23][0]    inferred      flip-flop                    
u_sram_mem_reg[23][1]    inferred      flip-flop                    
u_sram_mem_reg[23][2]    inferred      flip-flop                    
u_sram_mem_reg[23][3]    inferred      flip-flop                    
u_sram_mem_reg[23][4]    inferred      flip-flop                    
u_sram_mem_reg[23][5]    inferred      flip-flop                    
u_sram_mem_reg[23][6]    inferred      flip-flop                    
u_sram_mem_reg[23][7]    inferred      flip-flop                    
u_sram_mem_reg[23][8]    inferred      flip-flop                    
u_sram_mem_reg[23][9]    inferred      flip-flop                    
u_sram_mem_reg[23][10]   inferred      flip-flop                    
u_sram_mem_reg[23][11]   inferred      flip-flop                    
u_sram_mem_reg[23][12]   inferred      flip-flop                    
u_sram_mem_reg[23][13]   inferred      flip-flop                    
u_sram_mem_reg[23][14]   inferred      flip-flop                    
u_sram_mem_reg[23][15]   inferred      flip-flop                    
u_sram_mem_reg[23][16]   inferred      flip-flop                    
u_sram_mem_reg[23][17]   inferred      flip-flop                    
u_sram_mem_reg[23][18]   inferred      flip-flop                    
u_sram_mem_reg[23][19]   inferred      flip-flop                    
u_sram_mem_reg[23][20]   inferred      flip-flop                    
u_sram_mem_reg[23][21]   inferred      flip-flop                    
u_sram_mem_reg[23][22]   inferred      flip-flop                    
u_sram_mem_reg[23][23]   inferred      flip-flop                    
u_sram_mem_reg[23][24]   inferred      flip-flop                    
u_sram_mem_reg[23][25]   inferred      flip-flop                    
u_sram_mem_reg[23][26]   inferred      flip-flop                    
u_sram_mem_reg[23][27]   inferred      flip-flop                    
u_sram_mem_reg[23][28]   inferred      flip-flop                    
u_sram_mem_reg[23][29]   inferred      flip-flop                    
u_sram_mem_reg[23][30]   inferred      flip-flop                    
u_sram_mem_reg[23][31]   inferred      flip-flop                    
u_sram_mem_reg[24][0]    inferred      flip-flop                    
u_sram_mem_reg[24][1]    inferred      flip-flop                    
u_sram_mem_reg[24][2]    inferred      flip-flop                    
u_sram_mem_reg[24][3]    inferred      flip-flop                    
u_sram_mem_reg[24][4]    inferred      flip-flop                    
u_sram_mem_reg[24][5]    inferred      flip-flop                    
u_sram_mem_reg[24][6]    inferred      flip-flop                    
u_sram_mem_reg[24][7]    inferred      flip-flop                    
u_sram_mem_reg[24][8]    inferred      flip-flop                    
u_sram_mem_reg[24][9]    inferred      flip-flop                    
u_sram_mem_reg[24][10]   inferred      flip-flop                    
u_sram_mem_reg[24][11]   inferred      flip-flop                    
u_sram_mem_reg[24][12]   inferred      flip-flop                    
u_sram_mem_reg[24][13]   inferred      flip-flop                    
u_sram_mem_reg[24][14]   inferred      flip-flop                    
u_sram_mem_reg[24][15]   inferred      flip-flop                    
u_sram_mem_reg[24][16]   inferred      flip-flop                    
u_sram_mem_reg[24][17]   inferred      flip-flop                    
u_sram_mem_reg[24][18]   inferred      flip-flop                    
u_sram_mem_reg[24][19]   inferred      flip-flop                    
u_sram_mem_reg[24][20]   inferred      flip-flop                    
u_sram_mem_reg[24][21]   inferred      flip-flop                    
u_sram_mem_reg[24][22]   inferred      flip-flop                    
u_sram_mem_reg[24][23]   inferred      flip-flop                    
u_sram_mem_reg[24][24]   inferred      flip-flop                    
u_sram_mem_reg[24][25]   inferred      flip-flop                    
u_sram_mem_reg[24][26]   inferred      flip-flop                    
u_sram_mem_reg[24][27]   inferred      flip-flop                    
u_sram_mem_reg[24][28]   inferred      flip-flop                    
u_sram_mem_reg[24][29]   inferred      flip-flop                    
u_sram_mem_reg[24][30]   inferred      flip-flop                    
u_sram_mem_reg[24][31]   inferred      flip-flop                    
u_sram_mem_reg[25][0]    inferred      flip-flop                    
u_sram_mem_reg[25][1]    inferred      flip-flop                    
u_sram_mem_reg[25][2]    inferred      flip-flop                    
u_sram_mem_reg[25][3]    inferred      flip-flop                    
u_sram_mem_reg[25][4]    inferred      flip-flop                    
u_sram_mem_reg[25][5]    inferred      flip-flop                    
u_sram_mem_reg[25][6]    inferred      flip-flop                    
u_sram_mem_reg[25][7]    inferred      flip-flop                    
u_sram_mem_reg[25][8]    inferred      flip-flop                    
u_sram_mem_reg[25][9]    inferred      flip-flop                    
u_sram_mem_reg[25][10]   inferred      flip-flop                    
u_sram_mem_reg[25][11]   inferred      flip-flop                    
u_sram_mem_reg[25][12]   inferred      flip-flop                    
u_sram_mem_reg[25][13]   inferred      flip-flop                    
u_sram_mem_reg[25][14]   inferred      flip-flop                    
u_sram_mem_reg[25][15]   inferred      flip-flop                    
u_sram_mem_reg[25][16]   inferred      flip-flop                    
u_sram_mem_reg[25][17]   inferred      flip-flop                    
u_sram_mem_reg[25][18]   inferred      flip-flop                    
u_sram_mem_reg[25][19]   inferred      flip-flop                    
u_sram_mem_reg[25][20]   inferred      flip-flop                    
u_sram_mem_reg[25][21]   inferred      flip-flop                    
u_sram_mem_reg[25][22]   inferred      flip-flop                    
u_sram_mem_reg[25][23]   inferred      flip-flop                    
u_sram_mem_reg[25][24]   inferred      flip-flop                    
u_sram_mem_reg[25][25]   inferred      flip-flop                    
u_sram_mem_reg[25][26]   inferred      flip-flop                    
u_sram_mem_reg[25][27]   inferred      flip-flop                    
u_sram_mem_reg[25][28]   inferred      flip-flop                    
u_sram_mem_reg[25][29]   inferred      flip-flop                    
u_sram_mem_reg[25][30]   inferred      flip-flop                    
u_sram_mem_reg[25][31]   inferred      flip-flop                    
u_sram_mem_reg[26][0]    inferred      flip-flop                    
u_sram_mem_reg[26][1]    inferred      flip-flop                    
u_sram_mem_reg[26][2]    inferred      flip-flop                    
u_sram_mem_reg[26][3]    inferred      flip-flop                    
u_sram_mem_reg[26][4]    inferred      flip-flop                    
u_sram_mem_reg[26][5]    inferred      flip-flop                    
u_sram_mem_reg[26][6]    inferred      flip-flop                    
u_sram_mem_reg[26][7]    inferred      flip-flop                    
u_sram_mem_reg[26][8]    inferred      flip-flop                    
u_sram_mem_reg[26][9]    inferred      flip-flop                    
u_sram_mem_reg[26][10]   inferred      flip-flop                    
u_sram_mem_reg[26][11]   inferred      flip-flop                    
u_sram_mem_reg[26][12]   inferred      flip-flop                    
u_sram_mem_reg[26][13]   inferred      flip-flop                    
u_sram_mem_reg[26][14]   inferred      flip-flop                    
u_sram_mem_reg[26][15]   inferred      flip-flop                    
u_sram_mem_reg[26][16]   inferred      flip-flop                    
u_sram_mem_reg[26][17]   inferred      flip-flop                    
u_sram_mem_reg[26][18]   inferred      flip-flop                    
u_sram_mem_reg[26][19]   inferred      flip-flop                    
u_sram_mem_reg[26][20]   inferred      flip-flop                    
u_sram_mem_reg[26][21]   inferred      flip-flop                    
u_sram_mem_reg[26][22]   inferred      flip-flop                    
u_sram_mem_reg[26][23]   inferred      flip-flop                    
u_sram_mem_reg[26][24]   inferred      flip-flop                    
u_sram_mem_reg[26][25]   inferred      flip-flop                    
u_sram_mem_reg[26][26]   inferred      flip-flop                    
u_sram_mem_reg[26][27]   inferred      flip-flop                    
u_sram_mem_reg[26][28]   inferred      flip-flop                    
u_sram_mem_reg[26][29]   inferred      flip-flop                    
u_sram_mem_reg[26][30]   inferred      flip-flop                    
u_sram_mem_reg[26][31]   inferred      flip-flop                    
u_sram_mem_reg[27][0]    inferred      flip-flop                    
u_sram_mem_reg[27][1]    inferred      flip-flop                    
u_sram_mem_reg[27][2]    inferred      flip-flop                    
u_sram_mem_reg[27][3]    inferred      flip-flop                    
u_sram_mem_reg[27][4]    inferred      flip-flop                    
u_sram_mem_reg[27][5]    inferred      flip-flop                    
u_sram_mem_reg[27][6]    inferred      flip-flop                    
u_sram_mem_reg[27][7]    inferred      flip-flop                    
u_sram_mem_reg[27][8]    inferred      flip-flop                    
u_sram_mem_reg[27][9]    inferred      flip-flop                    
u_sram_mem_reg[27][10]   inferred      flip-flop                    
u_sram_mem_reg[27][11]   inferred      flip-flop                    
u_sram_mem_reg[27][12]   inferred      flip-flop                    
u_sram_mem_reg[27][13]   inferred      flip-flop                    
u_sram_mem_reg[27][14]   inferred      flip-flop                    
u_sram_mem_reg[27][15]   inferred      flip-flop                    
u_sram_mem_reg[27][16]   inferred      flip-flop                    
u_sram_mem_reg[27][17]   inferred      flip-flop                    
u_sram_mem_reg[27][18]   inferred      flip-flop                    
u_sram_mem_reg[27][19]   inferred      flip-flop                    
u_sram_mem_reg[27][20]   inferred      flip-flop                    
u_sram_mem_reg[27][21]   inferred      flip-flop                    
u_sram_mem_reg[27][22]   inferred      flip-flop                    
u_sram_mem_reg[27][23]   inferred      flip-flop                    
u_sram_mem_reg[27][24]   inferred      flip-flop                    
u_sram_mem_reg[27][25]   inferred      flip-flop                    
u_sram_mem_reg[27][26]   inferred      flip-flop                    
u_sram_mem_reg[27][27]   inferred      flip-flop                    
u_sram_mem_reg[27][28]   inferred      flip-flop                    
u_sram_mem_reg[27][29]   inferred      flip-flop                    
u_sram_mem_reg[27][30]   inferred      flip-flop                    
u_sram_mem_reg[27][31]   inferred      flip-flop                    
u_sram_mem_reg[28][0]    inferred      flip-flop                    
u_sram_mem_reg[28][1]    inferred      flip-flop                    
u_sram_mem_reg[28][2]    inferred      flip-flop                    
u_sram_mem_reg[28][3]    inferred      flip-flop                    
u_sram_mem_reg[28][4]    inferred      flip-flop                    
u_sram_mem_reg[28][5]    inferred      flip-flop                    
u_sram_mem_reg[28][6]    inferred      flip-flop                    
u_sram_mem_reg[28][7]    inferred      flip-flop                    
u_sram_mem_reg[28][8]    inferred      flip-flop                    
u_sram_mem_reg[28][9]    inferred      flip-flop                    
u_sram_mem_reg[28][10]   inferred      flip-flop                    
u_sram_mem_reg[28][11]   inferred      flip-flop                    
u_sram_mem_reg[28][12]   inferred      flip-flop                    
u_sram_mem_reg[28][13]   inferred      flip-flop                    
u_sram_mem_reg[28][14]   inferred      flip-flop                    
u_sram_mem_reg[28][15]   inferred      flip-flop                    
u_sram_mem_reg[28][16]   inferred      flip-flop                    
u_sram_mem_reg[28][17]   inferred      flip-flop                    
u_sram_mem_reg[28][18]   inferred      flip-flop                    
u_sram_mem_reg[28][19]   inferred      flip-flop                    
u_sram_mem_reg[28][20]   inferred      flip-flop                    
u_sram_mem_reg[28][21]   inferred      flip-flop                    
u_sram_mem_reg[28][22]   inferred      flip-flop                    
u_sram_mem_reg[28][23]   inferred      flip-flop                    
u_sram_mem_reg[28][24]   inferred      flip-flop                    
u_sram_mem_reg[28][25]   inferred      flip-flop                    
u_sram_mem_reg[28][26]   inferred      flip-flop                    
u_sram_mem_reg[28][27]   inferred      flip-flop                    
u_sram_mem_reg[28][28]   inferred      flip-flop                    
u_sram_mem_reg[28][29]   inferred      flip-flop                    
u_sram_mem_reg[28][30]   inferred      flip-flop                    
u_sram_mem_reg[28][31]   inferred      flip-flop                    
u_sram_mem_reg[29][0]    inferred      flip-flop                    
u_sram_mem_reg[29][1]    inferred      flip-flop                    
u_sram_mem_reg[29][2]    inferred      flip-flop                    
u_sram_mem_reg[29][3]    inferred      flip-flop                    
u_sram_mem_reg[29][4]    inferred      flip-flop                    
u_sram_mem_reg[29][5]    inferred      flip-flop                    
u_sram_mem_reg[29][6]    inferred      flip-flop                    
u_sram_mem_reg[29][7]    inferred      flip-flop                    
u_sram_mem_reg[29][8]    inferred      flip-flop                    
u_sram_mem_reg[29][9]    inferred      flip-flop                    
u_sram_mem_reg[29][10]   inferred      flip-flop                    
u_sram_mem_reg[29][11]   inferred      flip-flop                    
u_sram_mem_reg[29][12]   inferred      flip-flop                    
u_sram_mem_reg[29][13]   inferred      flip-flop                    
u_sram_mem_reg[29][14]   inferred      flip-flop                    
u_sram_mem_reg[29][15]   inferred      flip-flop                    
u_sram_mem_reg[29][16]   inferred      flip-flop                    
u_sram_mem_reg[29][17]   inferred      flip-flop                    
u_sram_mem_reg[29][18]   inferred      flip-flop                    
u_sram_mem_reg[29][19]   inferred      flip-flop                    
u_sram_mem_reg[29][20]   inferred      flip-flop                    
u_sram_mem_reg[29][21]   inferred      flip-flop                    
u_sram_mem_reg[29][22]   inferred      flip-flop                    
u_sram_mem_reg[29][23]   inferred      flip-flop                    
u_sram_mem_reg[29][24]   inferred      flip-flop                    
u_sram_mem_reg[29][25]   inferred      flip-flop                    
u_sram_mem_reg[29][26]   inferred      flip-flop                    
u_sram_mem_reg[29][27]   inferred      flip-flop                    
u_sram_mem_reg[29][28]   inferred      flip-flop                    
u_sram_mem_reg[29][29]   inferred      flip-flop                    
u_sram_mem_reg[29][30]   inferred      flip-flop                    
u_sram_mem_reg[29][31]   inferred      flip-flop                    
u_sram_mem_reg[30][0]    inferred      flip-flop                    
u_sram_mem_reg[30][1]    inferred      flip-flop                    
u_sram_mem_reg[30][2]    inferred      flip-flop                    
u_sram_mem_reg[30][3]    inferred      flip-flop                    
u_sram_mem_reg[30][4]    inferred      flip-flop                    
u_sram_mem_reg[30][5]    inferred      flip-flop                    
u_sram_mem_reg[30][6]    inferred      flip-flop                    
u_sram_mem_reg[30][7]    inferred      flip-flop                    
u_sram_mem_reg[30][8]    inferred      flip-flop                    
u_sram_mem_reg[30][9]    inferred      flip-flop                    
u_sram_mem_reg[30][10]   inferred      flip-flop                    
u_sram_mem_reg[30][11]   inferred      flip-flop                    
u_sram_mem_reg[30][12]   inferred      flip-flop                    
u_sram_mem_reg[30][13]   inferred      flip-flop                    
u_sram_mem_reg[30][14]   inferred      flip-flop                    
u_sram_mem_reg[30][15]   inferred      flip-flop                    
u_sram_mem_reg[30][16]   inferred      flip-flop                    
u_sram_mem_reg[30][17]   inferred      flip-flop                    
u_sram_mem_reg[30][18]   inferred      flip-flop                    
u_sram_mem_reg[30][19]   inferred      flip-flop                    
u_sram_mem_reg[30][20]   inferred      flip-flop                    
u_sram_mem_reg[30][21]   inferred      flip-flop                    
u_sram_mem_reg[30][22]   inferred      flip-flop                    
u_sram_mem_reg[30][23]   inferred      flip-flop                    
u_sram_mem_reg[30][24]   inferred      flip-flop                    
u_sram_mem_reg[30][25]   inferred      flip-flop                    
u_sram_mem_reg[30][26]   inferred      flip-flop                    
u_sram_mem_reg[30][27]   inferred      flip-flop                    
u_sram_mem_reg[30][28]   inferred      flip-flop                    
u_sram_mem_reg[30][29]   inferred      flip-flop                    
u_sram_mem_reg[30][30]   inferred      flip-flop                    
u_sram_mem_reg[30][31]   inferred      flip-flop                    
u_sram_mem_reg[31][0]    inferred      flip-flop                    
u_sram_mem_reg[31][1]    inferred      flip-flop                    
u_sram_mem_reg[31][2]    inferred      flip-flop                    
u_sram_mem_reg[31][3]    inferred      flip-flop                    
u_sram_mem_reg[31][4]    inferred      flip-flop                    
u_sram_mem_reg[31][5]    inferred      flip-flop                    
u_sram_mem_reg[31][6]    inferred      flip-flop                    
u_sram_mem_reg[31][7]    inferred      flip-flop                    
u_sram_mem_reg[31][8]    inferred      flip-flop                    
u_sram_mem_reg[31][9]    inferred      flip-flop                    
u_sram_mem_reg[31][10]   inferred      flip-flop                    
u_sram_mem_reg[31][11]   inferred      flip-flop                    
u_sram_mem_reg[31][12]   inferred      flip-flop                    
u_sram_mem_reg[31][13]   inferred      flip-flop                    
u_sram_mem_reg[31][14]   inferred      flip-flop                    
u_sram_mem_reg[31][15]   inferred      flip-flop                    
u_sram_mem_reg[31][16]   inferred      flip-flop                    
u_sram_mem_reg[31][17]   inferred      flip-flop                    
u_sram_mem_reg[31][18]   inferred      flip-flop                    
u_sram_mem_reg[31][19]   inferred      flip-flop                    
u_sram_mem_reg[31][20]   inferred      flip-flop                    
u_sram_mem_reg[31][21]   inferred      flip-flop                    
u_sram_mem_reg[31][22]   inferred      flip-flop                    
u_sram_mem_reg[31][23]   inferred      flip-flop                    
u_sram_mem_reg[31][24]   inferred      flip-flop                    
u_sram_mem_reg[31][25]   inferred      flip-flop                    
u_sram_mem_reg[31][26]   inferred      flip-flop                    
u_sram_mem_reg[31][27]   inferred      flip-flop                    
u_sram_mem_reg[31][28]   inferred      flip-flop                    
u_sram_mem_reg[31][29]   inferred      flip-flop                    
u_sram_mem_reg[31][30]   inferred      flip-flop                    
u_sram_mem_reg[31][31]   inferred      flip-flop                    
u_sram_mem_reg[32][0]    inferred      flip-flop                    
u_sram_mem_reg[32][1]    inferred      flip-flop                    
u_sram_mem_reg[32][2]    inferred      flip-flop                    
u_sram_mem_reg[32][3]    inferred      flip-flop                    
u_sram_mem_reg[32][4]    inferred      flip-flop                    
u_sram_mem_reg[32][5]    inferred      flip-flop                    
u_sram_mem_reg[32][6]    inferred      flip-flop                    
u_sram_mem_reg[32][7]    inferred      flip-flop                    
u_sram_mem_reg[32][8]    inferred      flip-flop                    
u_sram_mem_reg[32][9]    inferred      flip-flop                    
u_sram_mem_reg[32][10]   inferred      flip-flop                    
u_sram_mem_reg[32][11]   inferred      flip-flop                    
u_sram_mem_reg[32][12]   inferred      flip-flop                    
u_sram_mem_reg[32][13]   inferred      flip-flop                    
u_sram_mem_reg[32][14]   inferred      flip-flop                    
u_sram_mem_reg[32][15]   inferred      flip-flop                    
u_sram_mem_reg[32][16]   inferred      flip-flop                    
u_sram_mem_reg[32][17]   inferred      flip-flop                    
u_sram_mem_reg[32][18]   inferred      flip-flop                    
u_sram_mem_reg[32][19]   inferred      flip-flop                    
u_sram_mem_reg[32][20]   inferred      flip-flop                    
u_sram_mem_reg[32][21]   inferred      flip-flop                    
u_sram_mem_reg[32][22]   inferred      flip-flop                    
u_sram_mem_reg[32][23]   inferred      flip-flop                    
u_sram_mem_reg[32][24]   inferred      flip-flop                    
u_sram_mem_reg[32][25]   inferred      flip-flop                    
u_sram_mem_reg[32][26]   inferred      flip-flop                    
u_sram_mem_reg[32][27]   inferred      flip-flop                    
u_sram_mem_reg[32][28]   inferred      flip-flop                    
u_sram_mem_reg[32][29]   inferred      flip-flop                    
u_sram_mem_reg[32][30]   inferred      flip-flop                    
u_sram_mem_reg[32][31]   inferred      flip-flop                    
u_sram_mem_reg[33][0]    inferred      flip-flop                    
u_sram_mem_reg[33][1]    inferred      flip-flop                    
u_sram_mem_reg[33][2]    inferred      flip-flop                    
u_sram_mem_reg[33][3]    inferred      flip-flop                    
u_sram_mem_reg[33][4]    inferred      flip-flop                    
u_sram_mem_reg[33][5]    inferred      flip-flop                    
u_sram_mem_reg[33][6]    inferred      flip-flop                    
u_sram_mem_reg[33][7]    inferred      flip-flop                    
u_sram_mem_reg[33][8]    inferred      flip-flop                    
u_sram_mem_reg[33][9]    inferred      flip-flop                    
u_sram_mem_reg[33][10]   inferred      flip-flop                    
u_sram_mem_reg[33][11]   inferred      flip-flop                    
u_sram_mem_reg[33][12]   inferred      flip-flop                    
u_sram_mem_reg[33][13]   inferred      flip-flop                    
u_sram_mem_reg[33][14]   inferred      flip-flop                    
u_sram_mem_reg[33][15]   inferred      flip-flop                    
u_sram_mem_reg[33][16]   inferred      flip-flop                    
u_sram_mem_reg[33][17]   inferred      flip-flop                    
u_sram_mem_reg[33][18]   inferred      flip-flop                    
u_sram_mem_reg[33][19]   inferred      flip-flop                    
u_sram_mem_reg[33][20]   inferred      flip-flop                    
u_sram_mem_reg[33][21]   inferred      flip-flop                    
u_sram_mem_reg[33][22]   inferred      flip-flop                    
u_sram_mem_reg[33][23]   inferred      flip-flop                    
u_sram_mem_reg[33][24]   inferred      flip-flop                    
u_sram_mem_reg[33][25]   inferred      flip-flop                    
u_sram_mem_reg[33][26]   inferred      flip-flop                    
u_sram_mem_reg[33][27]   inferred      flip-flop                    
u_sram_mem_reg[33][28]   inferred      flip-flop                    
u_sram_mem_reg[33][29]   inferred      flip-flop                    
u_sram_mem_reg[33][30]   inferred      flip-flop                    
u_sram_mem_reg[33][31]   inferred      flip-flop                    
u_sram_mem_reg[34][0]    inferred      flip-flop                    
u_sram_mem_reg[34][1]    inferred      flip-flop                    
u_sram_mem_reg[34][2]    inferred      flip-flop                    
u_sram_mem_reg[34][3]    inferred      flip-flop                    
u_sram_mem_reg[34][4]    inferred      flip-flop                    
u_sram_mem_reg[34][5]    inferred      flip-flop                    
u_sram_mem_reg[34][6]    inferred      flip-flop                    
u_sram_mem_reg[34][7]    inferred      flip-flop                    
u_sram_mem_reg[34][8]    inferred      flip-flop                    
u_sram_mem_reg[34][9]    inferred      flip-flop                    
u_sram_mem_reg[34][10]   inferred      flip-flop                    
u_sram_mem_reg[34][11]   inferred      flip-flop                    
u_sram_mem_reg[34][12]   inferred      flip-flop                    
u_sram_mem_reg[34][13]   inferred      flip-flop                    
u_sram_mem_reg[34][14]   inferred      flip-flop                    
u_sram_mem_reg[34][15]   inferred      flip-flop                    
u_sram_mem_reg[34][16]   inferred      flip-flop                    
u_sram_mem_reg[34][17]   inferred      flip-flop                    
u_sram_mem_reg[34][18]   inferred      flip-flop                    
u_sram_mem_reg[34][19]   inferred      flip-flop                    
u_sram_mem_reg[34][20]   inferred      flip-flop                    
u_sram_mem_reg[34][21]   inferred      flip-flop                    
u_sram_mem_reg[34][22]   inferred      flip-flop                    
u_sram_mem_reg[34][23]   inferred      flip-flop                    
u_sram_mem_reg[34][24]   inferred      flip-flop                    
u_sram_mem_reg[34][25]   inferred      flip-flop                    
u_sram_mem_reg[34][26]   inferred      flip-flop                    
u_sram_mem_reg[34][27]   inferred      flip-flop                    
u_sram_mem_reg[34][28]   inferred      flip-flop                    
u_sram_mem_reg[34][29]   inferred      flip-flop                    
u_sram_mem_reg[34][30]   inferred      flip-flop                    
u_sram_mem_reg[34][31]   inferred      flip-flop                    
u_sram_mem_reg[35][0]    inferred      flip-flop                    
u_sram_mem_reg[35][1]    inferred      flip-flop                    
u_sram_mem_reg[35][2]    inferred      flip-flop                    
u_sram_mem_reg[35][3]    inferred      flip-flop                    
u_sram_mem_reg[35][4]    inferred      flip-flop                    
u_sram_mem_reg[35][5]    inferred      flip-flop                    
u_sram_mem_reg[35][6]    inferred      flip-flop                    
u_sram_mem_reg[35][7]    inferred      flip-flop                    
u_sram_mem_reg[35][8]    inferred      flip-flop                    
u_sram_mem_reg[35][9]    inferred      flip-flop                    
u_sram_mem_reg[35][10]   inferred      flip-flop                    
u_sram_mem_reg[35][11]   inferred      flip-flop                    
u_sram_mem_reg[35][12]   inferred      flip-flop                    
u_sram_mem_reg[35][13]   inferred      flip-flop                    
u_sram_mem_reg[35][14]   inferred      flip-flop                    
u_sram_mem_reg[35][15]   inferred      flip-flop                    
u_sram_mem_reg[35][16]   inferred      flip-flop                    
u_sram_mem_reg[35][17]   inferred      flip-flop                    
u_sram_mem_reg[35][18]   inferred      flip-flop                    
u_sram_mem_reg[35][19]   inferred      flip-flop                    
u_sram_mem_reg[35][20]   inferred      flip-flop                    
u_sram_mem_reg[35][21]   inferred      flip-flop                    
u_sram_mem_reg[35][22]   inferred      flip-flop                    
u_sram_mem_reg[35][23]   inferred      flip-flop                    
u_sram_mem_reg[35][24]   inferred      flip-flop                    
u_sram_mem_reg[35][25]   inferred      flip-flop                    
u_sram_mem_reg[35][26]   inferred      flip-flop                    
u_sram_mem_reg[35][27]   inferred      flip-flop                    
u_sram_mem_reg[35][28]   inferred      flip-flop                    
u_sram_mem_reg[35][29]   inferred      flip-flop                    
u_sram_mem_reg[35][30]   inferred      flip-flop                    
u_sram_mem_reg[35][31]   inferred      flip-flop                    
u_sram_mem_reg[36][0]    inferred      flip-flop                    
u_sram_mem_reg[36][1]    inferred      flip-flop                    
u_sram_mem_reg[36][2]    inferred      flip-flop                    
u_sram_mem_reg[36][3]    inferred      flip-flop                    
u_sram_mem_reg[36][4]    inferred      flip-flop                    
u_sram_mem_reg[36][5]    inferred      flip-flop                    
u_sram_mem_reg[36][6]    inferred      flip-flop                    
u_sram_mem_reg[36][7]    inferred      flip-flop                    
u_sram_mem_reg[36][8]    inferred      flip-flop                    
u_sram_mem_reg[36][9]    inferred      flip-flop                    
u_sram_mem_reg[36][10]   inferred      flip-flop                    
u_sram_mem_reg[36][11]   inferred      flip-flop                    
u_sram_mem_reg[36][12]   inferred      flip-flop                    
u_sram_mem_reg[36][13]   inferred      flip-flop                    
u_sram_mem_reg[36][14]   inferred      flip-flop                    
u_sram_mem_reg[36][15]   inferred      flip-flop                    
u_sram_mem_reg[36][16]   inferred      flip-flop                    
u_sram_mem_reg[36][17]   inferred      flip-flop                    
u_sram_mem_reg[36][18]   inferred      flip-flop                    
u_sram_mem_reg[36][19]   inferred      flip-flop                    
u_sram_mem_reg[36][20]   inferred      flip-flop                    
u_sram_mem_reg[36][21]   inferred      flip-flop                    
u_sram_mem_reg[36][22]   inferred      flip-flop                    
u_sram_mem_reg[36][23]   inferred      flip-flop                    
u_sram_mem_reg[36][24]   inferred      flip-flop                    
u_sram_mem_reg[36][25]   inferred      flip-flop                    
u_sram_mem_reg[36][26]   inferred      flip-flop                    
u_sram_mem_reg[36][27]   inferred      flip-flop                    
u_sram_mem_reg[36][28]   inferred      flip-flop                    
u_sram_mem_reg[36][29]   inferred      flip-flop                    
u_sram_mem_reg[36][30]   inferred      flip-flop                    
u_sram_mem_reg[36][31]   inferred      flip-flop                    
u_sram_mem_reg[37][0]    inferred      flip-flop                    
u_sram_mem_reg[37][1]    inferred      flip-flop                    
u_sram_mem_reg[37][2]    inferred      flip-flop                    
u_sram_mem_reg[37][3]    inferred      flip-flop                    
u_sram_mem_reg[37][4]    inferred      flip-flop                    
u_sram_mem_reg[37][5]    inferred      flip-flop                    
u_sram_mem_reg[37][6]    inferred      flip-flop                    
u_sram_mem_reg[37][7]    inferred      flip-flop                    
u_sram_mem_reg[37][8]    inferred      flip-flop                    
u_sram_mem_reg[37][9]    inferred      flip-flop                    
u_sram_mem_reg[37][10]   inferred      flip-flop                    
u_sram_mem_reg[37][11]   inferred      flip-flop                    
u_sram_mem_reg[37][12]   inferred      flip-flop                    
u_sram_mem_reg[37][13]   inferred      flip-flop                    
u_sram_mem_reg[37][14]   inferred      flip-flop                    
u_sram_mem_reg[37][15]   inferred      flip-flop                    
u_sram_mem_reg[37][16]   inferred      flip-flop                    
u_sram_mem_reg[37][17]   inferred      flip-flop                    
u_sram_mem_reg[37][18]   inferred      flip-flop                    
u_sram_mem_reg[37][19]   inferred      flip-flop                    
u_sram_mem_reg[37][20]   inferred      flip-flop                    
u_sram_mem_reg[37][21]   inferred      flip-flop                    
u_sram_mem_reg[37][22]   inferred      flip-flop                    
u_sram_mem_reg[37][23]   inferred      flip-flop                    
u_sram_mem_reg[37][24]   inferred      flip-flop                    
u_sram_mem_reg[37][25]   inferred      flip-flop                    
u_sram_mem_reg[37][26]   inferred      flip-flop                    
u_sram_mem_reg[37][27]   inferred      flip-flop                    
u_sram_mem_reg[37][28]   inferred      flip-flop                    
u_sram_mem_reg[37][29]   inferred      flip-flop                    
u_sram_mem_reg[37][30]   inferred      flip-flop                    
u_sram_mem_reg[37][31]   inferred      flip-flop                    
u_sram_mem_reg[38][0]    inferred      flip-flop                    
u_sram_mem_reg[38][1]    inferred      flip-flop                    
u_sram_mem_reg[38][2]    inferred      flip-flop                    
u_sram_mem_reg[38][3]    inferred      flip-flop                    
u_sram_mem_reg[38][4]    inferred      flip-flop                    
u_sram_mem_reg[38][5]    inferred      flip-flop                    
u_sram_mem_reg[38][6]    inferred      flip-flop                    
u_sram_mem_reg[38][7]    inferred      flip-flop                    
u_sram_mem_reg[38][8]    inferred      flip-flop                    
u_sram_mem_reg[38][9]    inferred      flip-flop                    
u_sram_mem_reg[38][10]   inferred      flip-flop                    
u_sram_mem_reg[38][11]   inferred      flip-flop                    
u_sram_mem_reg[38][12]   inferred      flip-flop                    
u_sram_mem_reg[38][13]   inferred      flip-flop                    
u_sram_mem_reg[38][14]   inferred      flip-flop                    
u_sram_mem_reg[38][15]   inferred      flip-flop                    
u_sram_mem_reg[38][16]   inferred      flip-flop                    
u_sram_mem_reg[38][17]   inferred      flip-flop                    
u_sram_mem_reg[38][18]   inferred      flip-flop                    
u_sram_mem_reg[38][19]   inferred      flip-flop                    
u_sram_mem_reg[38][20]   inferred      flip-flop                    
u_sram_mem_reg[38][21]   inferred      flip-flop                    
u_sram_mem_reg[38][22]   inferred      flip-flop                    
u_sram_mem_reg[38][23]   inferred      flip-flop                    
u_sram_mem_reg[38][24]   inferred      flip-flop                    
u_sram_mem_reg[38][25]   inferred      flip-flop                    
u_sram_mem_reg[38][26]   inferred      flip-flop                    
u_sram_mem_reg[38][27]   inferred      flip-flop                    
u_sram_mem_reg[38][28]   inferred      flip-flop                    
u_sram_mem_reg[38][29]   inferred      flip-flop                    
u_sram_mem_reg[38][30]   inferred      flip-flop                    
u_sram_mem_reg[38][31]   inferred      flip-flop                    
u_sram_mem_reg[39][0]    inferred      flip-flop                    
u_sram_mem_reg[39][1]    inferred      flip-flop                    
u_sram_mem_reg[39][2]    inferred      flip-flop                    
u_sram_mem_reg[39][3]    inferred      flip-flop                    
u_sram_mem_reg[39][4]    inferred      flip-flop                    
u_sram_mem_reg[39][5]    inferred      flip-flop                    
u_sram_mem_reg[39][6]    inferred      flip-flop                    
u_sram_mem_reg[39][7]    inferred      flip-flop                    
u_sram_mem_reg[39][8]    inferred      flip-flop                    
u_sram_mem_reg[39][9]    inferred      flip-flop                    
u_sram_mem_reg[39][10]   inferred      flip-flop                    
u_sram_mem_reg[39][11]   inferred      flip-flop                    
u_sram_mem_reg[39][12]   inferred      flip-flop                    
u_sram_mem_reg[39][13]   inferred      flip-flop                    
u_sram_mem_reg[39][14]   inferred      flip-flop                    
u_sram_mem_reg[39][15]   inferred      flip-flop                    
u_sram_mem_reg[39][16]   inferred      flip-flop                    
u_sram_mem_reg[39][17]   inferred      flip-flop                    
u_sram_mem_reg[39][18]   inferred      flip-flop                    
u_sram_mem_reg[39][19]   inferred      flip-flop                    
u_sram_mem_reg[39][20]   inferred      flip-flop                    
u_sram_mem_reg[39][21]   inferred      flip-flop                    
u_sram_mem_reg[39][22]   inferred      flip-flop                    
u_sram_mem_reg[39][23]   inferred      flip-flop                    
u_sram_mem_reg[39][24]   inferred      flip-flop                    
u_sram_mem_reg[39][25]   inferred      flip-flop                    
u_sram_mem_reg[39][26]   inferred      flip-flop                    
u_sram_mem_reg[39][27]   inferred      flip-flop                    
u_sram_mem_reg[39][28]   inferred      flip-flop                    
u_sram_mem_reg[39][29]   inferred      flip-flop                    
u_sram_mem_reg[39][30]   inferred      flip-flop                    
u_sram_mem_reg[39][31]   inferred      flip-flop                    
u_sram_mem_reg[40][0]    inferred      flip-flop                    
u_sram_mem_reg[40][1]    inferred      flip-flop                    
u_sram_mem_reg[40][2]    inferred      flip-flop                    
u_sram_mem_reg[40][3]    inferred      flip-flop                    
u_sram_mem_reg[40][4]    inferred      flip-flop                    
u_sram_mem_reg[40][5]    inferred      flip-flop                    
u_sram_mem_reg[40][6]    inferred      flip-flop                    
u_sram_mem_reg[40][7]    inferred      flip-flop                    
u_sram_mem_reg[40][8]    inferred      flip-flop                    
u_sram_mem_reg[40][9]    inferred      flip-flop                    
u_sram_mem_reg[40][10]   inferred      flip-flop                    
u_sram_mem_reg[40][11]   inferred      flip-flop                    
u_sram_mem_reg[40][12]   inferred      flip-flop                    
u_sram_mem_reg[40][13]   inferred      flip-flop                    
u_sram_mem_reg[40][14]   inferred      flip-flop                    
u_sram_mem_reg[40][15]   inferred      flip-flop                    
u_sram_mem_reg[40][16]   inferred      flip-flop                    
u_sram_mem_reg[40][17]   inferred      flip-flop                    
u_sram_mem_reg[40][18]   inferred      flip-flop                    
u_sram_mem_reg[40][19]   inferred      flip-flop                    
u_sram_mem_reg[40][20]   inferred      flip-flop                    
u_sram_mem_reg[40][21]   inferred      flip-flop                    
u_sram_mem_reg[40][22]   inferred      flip-flop                    
u_sram_mem_reg[40][23]   inferred      flip-flop                    
u_sram_mem_reg[40][24]   inferred      flip-flop                    
u_sram_mem_reg[40][25]   inferred      flip-flop                    
u_sram_mem_reg[40][26]   inferred      flip-flop                    
u_sram_mem_reg[40][27]   inferred      flip-flop                    
u_sram_mem_reg[40][28]   inferred      flip-flop                    
u_sram_mem_reg[40][29]   inferred      flip-flop                    
u_sram_mem_reg[40][30]   inferred      flip-flop                    
u_sram_mem_reg[40][31]   inferred      flip-flop                    
u_sram_mem_reg[41][0]    inferred      flip-flop                    
u_sram_mem_reg[41][1]    inferred      flip-flop                    
u_sram_mem_reg[41][2]    inferred      flip-flop                    
u_sram_mem_reg[41][3]    inferred      flip-flop                    
u_sram_mem_reg[41][4]    inferred      flip-flop                    
u_sram_mem_reg[41][5]    inferred      flip-flop                    
u_sram_mem_reg[41][6]    inferred      flip-flop                    
u_sram_mem_reg[41][7]    inferred      flip-flop                    
u_sram_mem_reg[41][8]    inferred      flip-flop                    
u_sram_mem_reg[41][9]    inferred      flip-flop                    
u_sram_mem_reg[41][10]   inferred      flip-flop                    
u_sram_mem_reg[41][11]   inferred      flip-flop                    
u_sram_mem_reg[41][12]   inferred      flip-flop                    
u_sram_mem_reg[41][13]   inferred      flip-flop                    
u_sram_mem_reg[41][14]   inferred      flip-flop                    
u_sram_mem_reg[41][15]   inferred      flip-flop                    
u_sram_mem_reg[41][16]   inferred      flip-flop                    
u_sram_mem_reg[41][17]   inferred      flip-flop                    
u_sram_mem_reg[41][18]   inferred      flip-flop                    
u_sram_mem_reg[41][19]   inferred      flip-flop                    
u_sram_mem_reg[41][20]   inferred      flip-flop                    
u_sram_mem_reg[41][21]   inferred      flip-flop                    
u_sram_mem_reg[41][22]   inferred      flip-flop                    
u_sram_mem_reg[41][23]   inferred      flip-flop                    
u_sram_mem_reg[41][24]   inferred      flip-flop                    
u_sram_mem_reg[41][25]   inferred      flip-flop                    
u_sram_mem_reg[41][26]   inferred      flip-flop                    
u_sram_mem_reg[41][27]   inferred      flip-flop                    
u_sram_mem_reg[41][28]   inferred      flip-flop                    
u_sram_mem_reg[41][29]   inferred      flip-flop                    
u_sram_mem_reg[41][30]   inferred      flip-flop                    
u_sram_mem_reg[41][31]   inferred      flip-flop                    
u_sram_mem_reg[42][0]    inferred      flip-flop                    
u_sram_mem_reg[42][1]    inferred      flip-flop                    
u_sram_mem_reg[42][2]    inferred      flip-flop                    
u_sram_mem_reg[42][3]    inferred      flip-flop                    
u_sram_mem_reg[42][4]    inferred      flip-flop                    
u_sram_mem_reg[42][5]    inferred      flip-flop                    
u_sram_mem_reg[42][6]    inferred      flip-flop                    
u_sram_mem_reg[42][7]    inferred      flip-flop                    
u_sram_mem_reg[42][8]    inferred      flip-flop                    
u_sram_mem_reg[42][9]    inferred      flip-flop                    
u_sram_mem_reg[42][10]   inferred      flip-flop                    
u_sram_mem_reg[42][11]   inferred      flip-flop                    
u_sram_mem_reg[42][12]   inferred      flip-flop                    
u_sram_mem_reg[42][13]   inferred      flip-flop                    
u_sram_mem_reg[42][14]   inferred      flip-flop                    
u_sram_mem_reg[42][15]   inferred      flip-flop                    
u_sram_mem_reg[42][16]   inferred      flip-flop                    
u_sram_mem_reg[42][17]   inferred      flip-flop                    
u_sram_mem_reg[42][18]   inferred      flip-flop                    
u_sram_mem_reg[42][19]   inferred      flip-flop                    
u_sram_mem_reg[42][20]   inferred      flip-flop                    
u_sram_mem_reg[42][21]   inferred      flip-flop                    
u_sram_mem_reg[42][22]   inferred      flip-flop                    
u_sram_mem_reg[42][23]   inferred      flip-flop                    
u_sram_mem_reg[42][24]   inferred      flip-flop                    
u_sram_mem_reg[42][25]   inferred      flip-flop                    
u_sram_mem_reg[42][26]   inferred      flip-flop                    
u_sram_mem_reg[42][27]   inferred      flip-flop                    
u_sram_mem_reg[42][28]   inferred      flip-flop                    
u_sram_mem_reg[42][29]   inferred      flip-flop                    
u_sram_mem_reg[42][30]   inferred      flip-flop                    
u_sram_mem_reg[42][31]   inferred      flip-flop                    
u_sram_mem_reg[43][0]    inferred      flip-flop                    
u_sram_mem_reg[43][1]    inferred      flip-flop                    
u_sram_mem_reg[43][2]    inferred      flip-flop                    
u_sram_mem_reg[43][3]    inferred      flip-flop                    
u_sram_mem_reg[43][4]    inferred      flip-flop                    
u_sram_mem_reg[43][5]    inferred      flip-flop                    
u_sram_mem_reg[43][6]    inferred      flip-flop                    
u_sram_mem_reg[43][7]    inferred      flip-flop                    
u_sram_mem_reg[43][8]    inferred      flip-flop                    
u_sram_mem_reg[43][9]    inferred      flip-flop                    
u_sram_mem_reg[43][10]   inferred      flip-flop                    
u_sram_mem_reg[43][11]   inferred      flip-flop                    
u_sram_mem_reg[43][12]   inferred      flip-flop                    
u_sram_mem_reg[43][13]   inferred      flip-flop                    
u_sram_mem_reg[43][14]   inferred      flip-flop                    
u_sram_mem_reg[43][15]   inferred      flip-flop                    
u_sram_mem_reg[43][16]   inferred      flip-flop                    
u_sram_mem_reg[43][17]   inferred      flip-flop                    
u_sram_mem_reg[43][18]   inferred      flip-flop                    
u_sram_mem_reg[43][19]   inferred      flip-flop                    
u_sram_mem_reg[43][20]   inferred      flip-flop                    
u_sram_mem_reg[43][21]   inferred      flip-flop                    
u_sram_mem_reg[43][22]   inferred      flip-flop                    
u_sram_mem_reg[43][23]   inferred      flip-flop                    
u_sram_mem_reg[43][24]   inferred      flip-flop                    
u_sram_mem_reg[43][25]   inferred      flip-flop                    
u_sram_mem_reg[43][26]   inferred      flip-flop                    
u_sram_mem_reg[43][27]   inferred      flip-flop                    
u_sram_mem_reg[43][28]   inferred      flip-flop                    
u_sram_mem_reg[43][29]   inferred      flip-flop                    
u_sram_mem_reg[43][30]   inferred      flip-flop                    
u_sram_mem_reg[43][31]   inferred      flip-flop                    
u_sram_mem_reg[44][0]    inferred      flip-flop                    
u_sram_mem_reg[44][1]    inferred      flip-flop                    
u_sram_mem_reg[44][2]    inferred      flip-flop                    
u_sram_mem_reg[44][3]    inferred      flip-flop                    
u_sram_mem_reg[44][4]    inferred      flip-flop                    
u_sram_mem_reg[44][5]    inferred      flip-flop                    
u_sram_mem_reg[44][6]    inferred      flip-flop                    
u_sram_mem_reg[44][7]    inferred      flip-flop                    
u_sram_mem_reg[44][8]    inferred      flip-flop                    
u_sram_mem_reg[44][9]    inferred      flip-flop                    
u_sram_mem_reg[44][10]   inferred      flip-flop                    
u_sram_mem_reg[44][11]   inferred      flip-flop                    
u_sram_mem_reg[44][12]   inferred      flip-flop                    
u_sram_mem_reg[44][13]   inferred      flip-flop                    
u_sram_mem_reg[44][14]   inferred      flip-flop                    
u_sram_mem_reg[44][15]   inferred      flip-flop                    
u_sram_mem_reg[44][16]   inferred      flip-flop                    
u_sram_mem_reg[44][17]   inferred      flip-flop                    
u_sram_mem_reg[44][18]   inferred      flip-flop                    
u_sram_mem_reg[44][19]   inferred      flip-flop                    
u_sram_mem_reg[44][20]   inferred      flip-flop                    
u_sram_mem_reg[44][21]   inferred      flip-flop                    
u_sram_mem_reg[44][22]   inferred      flip-flop                    
u_sram_mem_reg[44][23]   inferred      flip-flop                    
u_sram_mem_reg[44][24]   inferred      flip-flop                    
u_sram_mem_reg[44][25]   inferred      flip-flop                    
u_sram_mem_reg[44][26]   inferred      flip-flop                    
u_sram_mem_reg[44][27]   inferred      flip-flop                    
u_sram_mem_reg[44][28]   inferred      flip-flop                    
u_sram_mem_reg[44][29]   inferred      flip-flop                    
u_sram_mem_reg[44][30]   inferred      flip-flop                    
u_sram_mem_reg[44][31]   inferred      flip-flop                    
u_sram_mem_reg[45][0]    inferred      flip-flop                    
u_sram_mem_reg[45][1]    inferred      flip-flop                    
u_sram_mem_reg[45][2]    inferred      flip-flop                    
u_sram_mem_reg[45][3]    inferred      flip-flop                    
u_sram_mem_reg[45][4]    inferred      flip-flop                    
u_sram_mem_reg[45][5]    inferred      flip-flop                    
u_sram_mem_reg[45][6]    inferred      flip-flop                    
u_sram_mem_reg[45][7]    inferred      flip-flop                    
u_sram_mem_reg[45][8]    inferred      flip-flop                    
u_sram_mem_reg[45][9]    inferred      flip-flop                    
u_sram_mem_reg[45][10]   inferred      flip-flop                    
u_sram_mem_reg[45][11]   inferred      flip-flop                    
u_sram_mem_reg[45][12]   inferred      flip-flop                    
u_sram_mem_reg[45][13]   inferred      flip-flop                    
u_sram_mem_reg[45][14]   inferred      flip-flop                    
u_sram_mem_reg[45][15]   inferred      flip-flop                    
u_sram_mem_reg[45][16]   inferred      flip-flop                    
u_sram_mem_reg[45][17]   inferred      flip-flop                    
u_sram_mem_reg[45][18]   inferred      flip-flop                    
u_sram_mem_reg[45][19]   inferred      flip-flop                    
u_sram_mem_reg[45][20]   inferred      flip-flop                    
u_sram_mem_reg[45][21]   inferred      flip-flop                    
u_sram_mem_reg[45][22]   inferred      flip-flop                    
u_sram_mem_reg[45][23]   inferred      flip-flop                    
u_sram_mem_reg[45][24]   inferred      flip-flop                    
u_sram_mem_reg[45][25]   inferred      flip-flop                    
u_sram_mem_reg[45][26]   inferred      flip-flop                    
u_sram_mem_reg[45][27]   inferred      flip-flop                    
u_sram_mem_reg[45][28]   inferred      flip-flop                    
u_sram_mem_reg[45][29]   inferred      flip-flop                    
u_sram_mem_reg[45][30]   inferred      flip-flop                    
u_sram_mem_reg[45][31]   inferred      flip-flop                    
u_sram_mem_reg[46][0]    inferred      flip-flop                    
u_sram_mem_reg[46][1]    inferred      flip-flop                    
u_sram_mem_reg[46][2]    inferred      flip-flop                    
u_sram_mem_reg[46][3]    inferred      flip-flop                    
u_sram_mem_reg[46][4]    inferred      flip-flop                    
u_sram_mem_reg[46][5]    inferred      flip-flop                    
u_sram_mem_reg[46][6]    inferred      flip-flop                    
u_sram_mem_reg[46][7]    inferred      flip-flop                    
u_sram_mem_reg[46][8]    inferred      flip-flop                    
u_sram_mem_reg[46][9]    inferred      flip-flop                    
u_sram_mem_reg[46][10]   inferred      flip-flop                    
u_sram_mem_reg[46][11]   inferred      flip-flop                    
u_sram_mem_reg[46][12]   inferred      flip-flop                    
u_sram_mem_reg[46][13]   inferred      flip-flop                    
u_sram_mem_reg[46][14]   inferred      flip-flop                    
u_sram_mem_reg[46][15]   inferred      flip-flop                    
u_sram_mem_reg[46][16]   inferred      flip-flop                    
u_sram_mem_reg[46][17]   inferred      flip-flop                    
u_sram_mem_reg[46][18]   inferred      flip-flop                    
u_sram_mem_reg[46][19]   inferred      flip-flop                    
u_sram_mem_reg[46][20]   inferred      flip-flop                    
u_sram_mem_reg[46][21]   inferred      flip-flop                    
u_sram_mem_reg[46][22]   inferred      flip-flop                    
u_sram_mem_reg[46][23]   inferred      flip-flop                    
u_sram_mem_reg[46][24]   inferred      flip-flop                    
u_sram_mem_reg[46][25]   inferred      flip-flop                    
u_sram_mem_reg[46][26]   inferred      flip-flop                    
u_sram_mem_reg[46][27]   inferred      flip-flop                    
u_sram_mem_reg[46][28]   inferred      flip-flop                    
u_sram_mem_reg[46][29]   inferred      flip-flop                    
u_sram_mem_reg[46][30]   inferred      flip-flop                    
u_sram_mem_reg[46][31]   inferred      flip-flop                    
u_sram_mem_reg[47][0]    inferred      flip-flop                    
u_sram_mem_reg[47][1]    inferred      flip-flop                    
u_sram_mem_reg[47][2]    inferred      flip-flop                    
u_sram_mem_reg[47][3]    inferred      flip-flop                    
u_sram_mem_reg[47][4]    inferred      flip-flop                    
u_sram_mem_reg[47][5]    inferred      flip-flop                    
u_sram_mem_reg[47][6]    inferred      flip-flop                    
u_sram_mem_reg[47][7]    inferred      flip-flop                    
u_sram_mem_reg[47][8]    inferred      flip-flop                    
u_sram_mem_reg[47][9]    inferred      flip-flop                    
u_sram_mem_reg[47][10]   inferred      flip-flop                    
u_sram_mem_reg[47][11]   inferred      flip-flop                    
u_sram_mem_reg[47][12]   inferred      flip-flop                    
u_sram_mem_reg[47][13]   inferred      flip-flop                    
u_sram_mem_reg[47][14]   inferred      flip-flop                    
u_sram_mem_reg[47][15]   inferred      flip-flop                    
u_sram_mem_reg[47][16]   inferred      flip-flop                    
u_sram_mem_reg[47][17]   inferred      flip-flop                    
u_sram_mem_reg[47][18]   inferred      flip-flop                    
u_sram_mem_reg[47][19]   inferred      flip-flop                    
u_sram_mem_reg[47][20]   inferred      flip-flop                    
u_sram_mem_reg[47][21]   inferred      flip-flop                    
u_sram_mem_reg[47][22]   inferred      flip-flop                    
u_sram_mem_reg[47][23]   inferred      flip-flop                    
u_sram_mem_reg[47][24]   inferred      flip-flop                    
u_sram_mem_reg[47][25]   inferred      flip-flop                    
u_sram_mem_reg[47][26]   inferred      flip-flop                    
u_sram_mem_reg[47][27]   inferred      flip-flop                    
u_sram_mem_reg[47][28]   inferred      flip-flop                    
u_sram_mem_reg[47][29]   inferred      flip-flop                    
u_sram_mem_reg[47][30]   inferred      flip-flop                    
u_sram_mem_reg[47][31]   inferred      flip-flop                    
u_sram_mem_reg[48][0]    inferred      flip-flop                    
u_sram_mem_reg[48][1]    inferred      flip-flop                    
u_sram_mem_reg[48][2]    inferred      flip-flop                    
u_sram_mem_reg[48][3]    inferred      flip-flop                    
u_sram_mem_reg[48][4]    inferred      flip-flop                    
u_sram_mem_reg[48][5]    inferred      flip-flop                    
u_sram_mem_reg[48][6]    inferred      flip-flop                    
u_sram_mem_reg[48][7]    inferred      flip-flop                    
u_sram_mem_reg[48][8]    inferred      flip-flop                    
u_sram_mem_reg[48][9]    inferred      flip-flop                    
u_sram_mem_reg[48][10]   inferred      flip-flop                    
u_sram_mem_reg[48][11]   inferred      flip-flop                    
u_sram_mem_reg[48][12]   inferred      flip-flop                    
u_sram_mem_reg[48][13]   inferred      flip-flop                    
u_sram_mem_reg[48][14]   inferred      flip-flop                    
u_sram_mem_reg[48][15]   inferred      flip-flop                    
u_sram_mem_reg[48][16]   inferred      flip-flop                    
u_sram_mem_reg[48][17]   inferred      flip-flop                    
u_sram_mem_reg[48][18]   inferred      flip-flop                    
u_sram_mem_reg[48][19]   inferred      flip-flop                    
u_sram_mem_reg[48][20]   inferred      flip-flop                    
u_sram_mem_reg[48][21]   inferred      flip-flop                    
u_sram_mem_reg[48][22]   inferred      flip-flop                    
u_sram_mem_reg[48][23]   inferred      flip-flop                    
u_sram_mem_reg[48][24]   inferred      flip-flop                    
u_sram_mem_reg[48][25]   inferred      flip-flop                    
u_sram_mem_reg[48][26]   inferred      flip-flop                    
u_sram_mem_reg[48][27]   inferred      flip-flop                    
u_sram_mem_reg[48][28]   inferred      flip-flop                    
u_sram_mem_reg[48][29]   inferred      flip-flop                    
u_sram_mem_reg[48][30]   inferred      flip-flop                    
u_sram_mem_reg[48][31]   inferred      flip-flop                    
u_sram_mem_reg[49][0]    inferred      flip-flop                    
u_sram_mem_reg[49][1]    inferred      flip-flop                    
u_sram_mem_reg[49][2]    inferred      flip-flop                    
u_sram_mem_reg[49][3]    inferred      flip-flop                    
u_sram_mem_reg[49][4]    inferred      flip-flop                    
u_sram_mem_reg[49][5]    inferred      flip-flop                    
u_sram_mem_reg[49][6]    inferred      flip-flop                    
u_sram_mem_reg[49][7]    inferred      flip-flop                    
u_sram_mem_reg[49][8]    inferred      flip-flop                    
u_sram_mem_reg[49][9]    inferred      flip-flop                    
u_sram_mem_reg[49][10]   inferred      flip-flop                    
u_sram_mem_reg[49][11]   inferred      flip-flop                    
u_sram_mem_reg[49][12]   inferred      flip-flop                    
u_sram_mem_reg[49][13]   inferred      flip-flop                    
u_sram_mem_reg[49][14]   inferred      flip-flop                    
u_sram_mem_reg[49][15]   inferred      flip-flop                    
u_sram_mem_reg[49][16]   inferred      flip-flop                    
u_sram_mem_reg[49][17]   inferred      flip-flop                    
u_sram_mem_reg[49][18]   inferred      flip-flop                    
u_sram_mem_reg[49][19]   inferred      flip-flop                    
u_sram_mem_reg[49][20]   inferred      flip-flop                    
u_sram_mem_reg[49][21]   inferred      flip-flop                    
u_sram_mem_reg[49][22]   inferred      flip-flop                    
u_sram_mem_reg[49][23]   inferred      flip-flop                    
u_sram_mem_reg[49][24]   inferred      flip-flop                    
u_sram_mem_reg[49][25]   inferred      flip-flop                    
u_sram_mem_reg[49][26]   inferred      flip-flop                    
u_sram_mem_reg[49][27]   inferred      flip-flop                    
u_sram_mem_reg[49][28]   inferred      flip-flop                    
u_sram_mem_reg[49][29]   inferred      flip-flop                    
u_sram_mem_reg[49][30]   inferred      flip-flop                    
u_sram_mem_reg[49][31]   inferred      flip-flop                    
u_sram_mem_reg[50][0]    inferred      flip-flop                    
u_sram_mem_reg[50][1]    inferred      flip-flop                    
u_sram_mem_reg[50][2]    inferred      flip-flop                    
u_sram_mem_reg[50][3]    inferred      flip-flop                    
u_sram_mem_reg[50][4]    inferred      flip-flop                    
u_sram_mem_reg[50][5]    inferred      flip-flop                    
u_sram_mem_reg[50][6]    inferred      flip-flop                    
u_sram_mem_reg[50][7]    inferred      flip-flop                    
u_sram_mem_reg[50][8]    inferred      flip-flop                    
u_sram_mem_reg[50][9]    inferred      flip-flop                    
u_sram_mem_reg[50][10]   inferred      flip-flop                    
u_sram_mem_reg[50][11]   inferred      flip-flop                    
u_sram_mem_reg[50][12]   inferred      flip-flop                    
u_sram_mem_reg[50][13]   inferred      flip-flop                    
u_sram_mem_reg[50][14]   inferred      flip-flop                    
u_sram_mem_reg[50][15]   inferred      flip-flop                    
u_sram_mem_reg[50][16]   inferred      flip-flop                    
u_sram_mem_reg[50][17]   inferred      flip-flop                    
u_sram_mem_reg[50][18]   inferred      flip-flop                    
u_sram_mem_reg[50][19]   inferred      flip-flop                    
u_sram_mem_reg[50][20]   inferred      flip-flop                    
u_sram_mem_reg[50][21]   inferred      flip-flop                    
u_sram_mem_reg[50][22]   inferred      flip-flop                    
u_sram_mem_reg[50][23]   inferred      flip-flop                    
u_sram_mem_reg[50][24]   inferred      flip-flop                    
u_sram_mem_reg[50][25]   inferred      flip-flop                    
u_sram_mem_reg[50][26]   inferred      flip-flop                    
u_sram_mem_reg[50][27]   inferred      flip-flop                    
u_sram_mem_reg[50][28]   inferred      flip-flop                    
u_sram_mem_reg[50][29]   inferred      flip-flop                    
u_sram_mem_reg[50][30]   inferred      flip-flop                    
u_sram_mem_reg[50][31]   inferred      flip-flop                    
u_sram_mem_reg[51][0]    inferred      flip-flop                    
u_sram_mem_reg[51][1]    inferred      flip-flop                    
u_sram_mem_reg[51][2]    inferred      flip-flop                    
u_sram_mem_reg[51][3]    inferred      flip-flop                    
u_sram_mem_reg[51][4]    inferred      flip-flop                    
u_sram_mem_reg[51][5]    inferred      flip-flop                    
u_sram_mem_reg[51][6]    inferred      flip-flop                    
u_sram_mem_reg[51][7]    inferred      flip-flop                    
u_sram_mem_reg[51][8]    inferred      flip-flop                    
u_sram_mem_reg[51][9]    inferred      flip-flop                    
u_sram_mem_reg[51][10]   inferred      flip-flop                    
u_sram_mem_reg[51][11]   inferred      flip-flop                    
u_sram_mem_reg[51][12]   inferred      flip-flop                    
u_sram_mem_reg[51][13]   inferred      flip-flop                    
u_sram_mem_reg[51][14]   inferred      flip-flop                    
u_sram_mem_reg[51][15]   inferred      flip-flop                    
u_sram_mem_reg[51][16]   inferred      flip-flop                    
u_sram_mem_reg[51][17]   inferred      flip-flop                    
u_sram_mem_reg[51][18]   inferred      flip-flop                    
u_sram_mem_reg[51][19]   inferred      flip-flop                    
u_sram_mem_reg[51][20]   inferred      flip-flop                    
u_sram_mem_reg[51][21]   inferred      flip-flop                    
u_sram_mem_reg[51][22]   inferred      flip-flop                    
u_sram_mem_reg[51][23]   inferred      flip-flop                    
u_sram_mem_reg[51][24]   inferred      flip-flop                    
u_sram_mem_reg[51][25]   inferred      flip-flop                    
u_sram_mem_reg[51][26]   inferred      flip-flop                    
u_sram_mem_reg[51][27]   inferred      flip-flop                    
u_sram_mem_reg[51][28]   inferred      flip-flop                    
u_sram_mem_reg[51][29]   inferred      flip-flop                    
u_sram_mem_reg[51][30]   inferred      flip-flop                    
u_sram_mem_reg[51][31]   inferred      flip-flop                    
u_sram_mem_reg[52][0]    inferred      flip-flop                    
u_sram_mem_reg[52][1]    inferred      flip-flop                    
u_sram_mem_reg[52][2]    inferred      flip-flop                    
u_sram_mem_reg[52][3]    inferred      flip-flop                    
u_sram_mem_reg[52][4]    inferred      flip-flop                    
u_sram_mem_reg[52][5]    inferred      flip-flop                    
u_sram_mem_reg[52][6]    inferred      flip-flop                    
u_sram_mem_reg[52][7]    inferred      flip-flop                    
u_sram_mem_reg[52][8]    inferred      flip-flop                    
u_sram_mem_reg[52][9]    inferred      flip-flop                    
u_sram_mem_reg[52][10]   inferred      flip-flop                    
u_sram_mem_reg[52][11]   inferred      flip-flop                    
u_sram_mem_reg[52][12]   inferred      flip-flop                    
u_sram_mem_reg[52][13]   inferred      flip-flop                    
u_sram_mem_reg[52][14]   inferred      flip-flop                    
u_sram_mem_reg[52][15]   inferred      flip-flop                    
u_sram_mem_reg[52][16]   inferred      flip-flop                    
u_sram_mem_reg[52][17]   inferred      flip-flop                    
u_sram_mem_reg[52][18]   inferred      flip-flop                    
u_sram_mem_reg[52][19]   inferred      flip-flop                    
u_sram_mem_reg[52][20]   inferred      flip-flop                    
u_sram_mem_reg[52][21]   inferred      flip-flop                    
u_sram_mem_reg[52][22]   inferred      flip-flop                    
u_sram_mem_reg[52][23]   inferred      flip-flop                    
u_sram_mem_reg[52][24]   inferred      flip-flop                    
u_sram_mem_reg[52][25]   inferred      flip-flop                    
u_sram_mem_reg[52][26]   inferred      flip-flop                    
u_sram_mem_reg[52][27]   inferred      flip-flop                    
u_sram_mem_reg[52][28]   inferred      flip-flop                    
u_sram_mem_reg[52][29]   inferred      flip-flop                    
u_sram_mem_reg[52][30]   inferred      flip-flop                    
u_sram_mem_reg[52][31]   inferred      flip-flop                    
u_sram_mem_reg[53][0]    inferred      flip-flop                    
u_sram_mem_reg[53][1]    inferred      flip-flop                    
u_sram_mem_reg[53][2]    inferred      flip-flop                    
u_sram_mem_reg[53][3]    inferred      flip-flop                    
u_sram_mem_reg[53][4]    inferred      flip-flop                    
u_sram_mem_reg[53][5]    inferred      flip-flop                    
u_sram_mem_reg[53][6]    inferred      flip-flop                    
u_sram_mem_reg[53][7]    inferred      flip-flop                    
u_sram_mem_reg[53][8]    inferred      flip-flop                    
u_sram_mem_reg[53][9]    inferred      flip-flop                    
u_sram_mem_reg[53][10]   inferred      flip-flop                    
u_sram_mem_reg[53][11]   inferred      flip-flop                    
u_sram_mem_reg[53][12]   inferred      flip-flop                    
u_sram_mem_reg[53][13]   inferred      flip-flop                    
u_sram_mem_reg[53][14]   inferred      flip-flop                    
u_sram_mem_reg[53][15]   inferred      flip-flop                    
u_sram_mem_reg[53][16]   inferred      flip-flop                    
u_sram_mem_reg[53][17]   inferred      flip-flop                    
u_sram_mem_reg[53][18]   inferred      flip-flop                    
u_sram_mem_reg[53][19]   inferred      flip-flop                    
u_sram_mem_reg[53][20]   inferred      flip-flop                    
u_sram_mem_reg[53][21]   inferred      flip-flop                    
u_sram_mem_reg[53][22]   inferred      flip-flop                    
u_sram_mem_reg[53][23]   inferred      flip-flop                    
u_sram_mem_reg[53][24]   inferred      flip-flop                    
u_sram_mem_reg[53][25]   inferred      flip-flop                    
u_sram_mem_reg[53][26]   inferred      flip-flop                    
u_sram_mem_reg[53][27]   inferred      flip-flop                    
u_sram_mem_reg[53][28]   inferred      flip-flop                    
u_sram_mem_reg[53][29]   inferred      flip-flop                    
u_sram_mem_reg[53][30]   inferred      flip-flop                    
u_sram_mem_reg[53][31]   inferred      flip-flop                    
u_sram_mem_reg[54][0]    inferred      flip-flop                    
u_sram_mem_reg[54][1]    inferred      flip-flop                    
u_sram_mem_reg[54][2]    inferred      flip-flop                    
u_sram_mem_reg[54][3]    inferred      flip-flop                    
u_sram_mem_reg[54][4]    inferred      flip-flop                    
u_sram_mem_reg[54][5]    inferred      flip-flop                    
u_sram_mem_reg[54][6]    inferred      flip-flop                    
u_sram_mem_reg[54][7]    inferred      flip-flop                    
u_sram_mem_reg[54][8]    inferred      flip-flop                    
u_sram_mem_reg[54][9]    inferred      flip-flop                    
u_sram_mem_reg[54][10]   inferred      flip-flop                    
u_sram_mem_reg[54][11]   inferred      flip-flop                    
u_sram_mem_reg[54][12]   inferred      flip-flop                    
u_sram_mem_reg[54][13]   inferred      flip-flop                    
u_sram_mem_reg[54][14]   inferred      flip-flop                    
u_sram_mem_reg[54][15]   inferred      flip-flop                    
u_sram_mem_reg[54][16]   inferred      flip-flop                    
u_sram_mem_reg[54][17]   inferred      flip-flop                    
u_sram_mem_reg[54][18]   inferred      flip-flop                    
u_sram_mem_reg[54][19]   inferred      flip-flop                    
u_sram_mem_reg[54][20]   inferred      flip-flop                    
u_sram_mem_reg[54][21]   inferred      flip-flop                    
u_sram_mem_reg[54][22]   inferred      flip-flop                    
u_sram_mem_reg[54][23]   inferred      flip-flop                    
u_sram_mem_reg[54][24]   inferred      flip-flop                    
u_sram_mem_reg[54][25]   inferred      flip-flop                    
u_sram_mem_reg[54][26]   inferred      flip-flop                    
u_sram_mem_reg[54][27]   inferred      flip-flop                    
u_sram_mem_reg[54][28]   inferred      flip-flop                    
u_sram_mem_reg[54][29]   inferred      flip-flop                    
u_sram_mem_reg[54][30]   inferred      flip-flop                    
u_sram_mem_reg[54][31]   inferred      flip-flop                    
u_sram_mem_reg[55][0]    inferred      flip-flop                    
u_sram_mem_reg[55][1]    inferred      flip-flop                    
u_sram_mem_reg[55][2]    inferred      flip-flop                    
u_sram_mem_reg[55][3]    inferred      flip-flop                    
u_sram_mem_reg[55][4]    inferred      flip-flop                    
u_sram_mem_reg[55][5]    inferred      flip-flop                    
u_sram_mem_reg[55][6]    inferred      flip-flop                    
u_sram_mem_reg[55][7]    inferred      flip-flop                    
u_sram_mem_reg[55][8]    inferred      flip-flop                    
u_sram_mem_reg[55][9]    inferred      flip-flop                    
u_sram_mem_reg[55][10]   inferred      flip-flop                    
u_sram_mem_reg[55][11]   inferred      flip-flop                    
u_sram_mem_reg[55][12]   inferred      flip-flop                    
u_sram_mem_reg[55][13]   inferred      flip-flop                    
u_sram_mem_reg[55][14]   inferred      flip-flop                    
u_sram_mem_reg[55][15]   inferred      flip-flop                    
u_sram_mem_reg[55][16]   inferred      flip-flop                    
u_sram_mem_reg[55][17]   inferred      flip-flop                    
u_sram_mem_reg[55][18]   inferred      flip-flop                    
u_sram_mem_reg[55][19]   inferred      flip-flop                    
u_sram_mem_reg[55][20]   inferred      flip-flop                    
u_sram_mem_reg[55][21]   inferred      flip-flop                    
u_sram_mem_reg[55][22]   inferred      flip-flop                    
u_sram_mem_reg[55][23]   inferred      flip-flop                    
u_sram_mem_reg[55][24]   inferred      flip-flop                    
u_sram_mem_reg[55][25]   inferred      flip-flop                    
u_sram_mem_reg[55][26]   inferred      flip-flop                    
u_sram_mem_reg[55][27]   inferred      flip-flop                    
u_sram_mem_reg[55][28]   inferred      flip-flop                    
u_sram_mem_reg[55][29]   inferred      flip-flop                    
u_sram_mem_reg[55][30]   inferred      flip-flop                    
u_sram_mem_reg[55][31]   inferred      flip-flop                    
u_sram_mem_reg[56][0]    inferred      flip-flop                    
u_sram_mem_reg[56][1]    inferred      flip-flop                    
u_sram_mem_reg[56][2]    inferred      flip-flop                    
u_sram_mem_reg[56][3]    inferred      flip-flop                    
u_sram_mem_reg[56][4]    inferred      flip-flop                    
u_sram_mem_reg[56][5]    inferred      flip-flop                    
u_sram_mem_reg[56][6]    inferred      flip-flop                    
u_sram_mem_reg[56][7]    inferred      flip-flop                    
u_sram_mem_reg[56][8]    inferred      flip-flop                    
u_sram_mem_reg[56][9]    inferred      flip-flop                    
u_sram_mem_reg[56][10]   inferred      flip-flop                    
u_sram_mem_reg[56][11]   inferred      flip-flop                    
u_sram_mem_reg[56][12]   inferred      flip-flop                    
u_sram_mem_reg[56][13]   inferred      flip-flop                    
u_sram_mem_reg[56][14]   inferred      flip-flop                    
u_sram_mem_reg[56][15]   inferred      flip-flop                    
u_sram_mem_reg[56][16]   inferred      flip-flop                    
u_sram_mem_reg[56][17]   inferred      flip-flop                    
u_sram_mem_reg[56][18]   inferred      flip-flop                    
u_sram_mem_reg[56][19]   inferred      flip-flop                    
u_sram_mem_reg[56][20]   inferred      flip-flop                    
u_sram_mem_reg[56][21]   inferred      flip-flop                    
u_sram_mem_reg[56][22]   inferred      flip-flop                    
u_sram_mem_reg[56][23]   inferred      flip-flop                    
u_sram_mem_reg[56][24]   inferred      flip-flop                    
u_sram_mem_reg[56][25]   inferred      flip-flop                    
u_sram_mem_reg[56][26]   inferred      flip-flop                    
u_sram_mem_reg[56][27]   inferred      flip-flop                    
u_sram_mem_reg[56][28]   inferred      flip-flop                    
u_sram_mem_reg[56][29]   inferred      flip-flop                    
u_sram_mem_reg[56][30]   inferred      flip-flop                    
u_sram_mem_reg[56][31]   inferred      flip-flop                    
u_sram_mem_reg[57][0]    inferred      flip-flop                    
u_sram_mem_reg[57][1]    inferred      flip-flop                    
u_sram_mem_reg[57][2]    inferred      flip-flop                    
u_sram_mem_reg[57][3]    inferred      flip-flop                    
u_sram_mem_reg[57][4]    inferred      flip-flop                    
u_sram_mem_reg[57][5]    inferred      flip-flop                    
u_sram_mem_reg[57][6]    inferred      flip-flop                    
u_sram_mem_reg[57][7]    inferred      flip-flop                    
u_sram_mem_reg[57][8]    inferred      flip-flop                    
u_sram_mem_reg[57][9]    inferred      flip-flop                    
u_sram_mem_reg[57][10]   inferred      flip-flop                    
u_sram_mem_reg[57][11]   inferred      flip-flop                    
u_sram_mem_reg[57][12]   inferred      flip-flop                    
u_sram_mem_reg[57][13]   inferred      flip-flop                    
u_sram_mem_reg[57][14]   inferred      flip-flop                    
u_sram_mem_reg[57][15]   inferred      flip-flop                    
u_sram_mem_reg[57][16]   inferred      flip-flop                    
u_sram_mem_reg[57][17]   inferred      flip-flop                    
u_sram_mem_reg[57][18]   inferred      flip-flop                    
u_sram_mem_reg[57][19]   inferred      flip-flop                    
u_sram_mem_reg[57][20]   inferred      flip-flop                    
u_sram_mem_reg[57][21]   inferred      flip-flop                    
u_sram_mem_reg[57][22]   inferred      flip-flop                    
u_sram_mem_reg[57][23]   inferred      flip-flop                    
u_sram_mem_reg[57][24]   inferred      flip-flop                    
u_sram_mem_reg[57][25]   inferred      flip-flop                    
u_sram_mem_reg[57][26]   inferred      flip-flop                    
u_sram_mem_reg[57][27]   inferred      flip-flop                    
u_sram_mem_reg[57][28]   inferred      flip-flop                    
u_sram_mem_reg[57][29]   inferred      flip-flop                    
u_sram_mem_reg[57][30]   inferred      flip-flop                    
u_sram_mem_reg[57][31]   inferred      flip-flop                    
u_sram_mem_reg[58][0]    inferred      flip-flop                    
u_sram_mem_reg[58][1]    inferred      flip-flop                    
u_sram_mem_reg[58][2]    inferred      flip-flop                    
u_sram_mem_reg[58][3]    inferred      flip-flop                    
u_sram_mem_reg[58][4]    inferred      flip-flop                    
u_sram_mem_reg[58][5]    inferred      flip-flop                    
u_sram_mem_reg[58][6]    inferred      flip-flop                    
u_sram_mem_reg[58][7]    inferred      flip-flop                    
u_sram_mem_reg[58][8]    inferred      flip-flop                    
u_sram_mem_reg[58][9]    inferred      flip-flop                    
u_sram_mem_reg[58][10]   inferred      flip-flop                    
u_sram_mem_reg[58][11]   inferred      flip-flop                    
u_sram_mem_reg[58][12]   inferred      flip-flop                    
u_sram_mem_reg[58][13]   inferred      flip-flop                    
u_sram_mem_reg[58][14]   inferred      flip-flop                    
u_sram_mem_reg[58][15]   inferred      flip-flop                    
u_sram_mem_reg[58][16]   inferred      flip-flop                    
u_sram_mem_reg[58][17]   inferred      flip-flop                    
u_sram_mem_reg[58][18]   inferred      flip-flop                    
u_sram_mem_reg[58][19]   inferred      flip-flop                    
u_sram_mem_reg[58][20]   inferred      flip-flop                    
u_sram_mem_reg[58][21]   inferred      flip-flop                    
u_sram_mem_reg[58][22]   inferred      flip-flop                    
u_sram_mem_reg[58][23]   inferred      flip-flop                    
u_sram_mem_reg[58][24]   inferred      flip-flop                    
u_sram_mem_reg[58][25]   inferred      flip-flop                    
u_sram_mem_reg[58][26]   inferred      flip-flop                    
u_sram_mem_reg[58][27]   inferred      flip-flop                    
u_sram_mem_reg[58][28]   inferred      flip-flop                    
u_sram_mem_reg[58][29]   inferred      flip-flop                    
u_sram_mem_reg[58][30]   inferred      flip-flop                    
u_sram_mem_reg[58][31]   inferred      flip-flop                    
u_sram_mem_reg[59][0]    inferred      flip-flop                    
u_sram_mem_reg[59][1]    inferred      flip-flop                    
u_sram_mem_reg[59][2]    inferred      flip-flop                    
u_sram_mem_reg[59][3]    inferred      flip-flop                    
u_sram_mem_reg[59][4]    inferred      flip-flop                    
u_sram_mem_reg[59][5]    inferred      flip-flop                    
u_sram_mem_reg[59][6]    inferred      flip-flop                    
u_sram_mem_reg[59][7]    inferred      flip-flop                    
u_sram_mem_reg[59][8]    inferred      flip-flop                    
u_sram_mem_reg[59][9]    inferred      flip-flop                    
u_sram_mem_reg[59][10]   inferred      flip-flop                    
u_sram_mem_reg[59][11]   inferred      flip-flop                    
u_sram_mem_reg[59][12]   inferred      flip-flop                    
u_sram_mem_reg[59][13]   inferred      flip-flop                    
u_sram_mem_reg[59][14]   inferred      flip-flop                    
u_sram_mem_reg[59][15]   inferred      flip-flop                    
u_sram_mem_reg[59][16]   inferred      flip-flop                    
u_sram_mem_reg[59][17]   inferred      flip-flop                    
u_sram_mem_reg[59][18]   inferred      flip-flop                    
u_sram_mem_reg[59][19]   inferred      flip-flop                    
u_sram_mem_reg[59][20]   inferred      flip-flop                    
u_sram_mem_reg[59][21]   inferred      flip-flop                    
u_sram_mem_reg[59][22]   inferred      flip-flop                    
u_sram_mem_reg[59][23]   inferred      flip-flop                    
u_sram_mem_reg[59][24]   inferred      flip-flop                    
u_sram_mem_reg[59][25]   inferred      flip-flop                    
u_sram_mem_reg[59][26]   inferred      flip-flop                    
u_sram_mem_reg[59][27]   inferred      flip-flop                    
u_sram_mem_reg[59][28]   inferred      flip-flop                    
u_sram_mem_reg[59][29]   inferred      flip-flop                    
u_sram_mem_reg[59][30]   inferred      flip-flop                    
u_sram_mem_reg[59][31]   inferred      flip-flop                    
u_sram_mem_reg[60][0]    inferred      flip-flop                    
u_sram_mem_reg[60][1]    inferred      flip-flop                    
u_sram_mem_reg[60][2]    inferred      flip-flop                    
u_sram_mem_reg[60][3]    inferred      flip-flop                    
u_sram_mem_reg[60][4]    inferred      flip-flop                    
u_sram_mem_reg[60][5]    inferred      flip-flop                    
u_sram_mem_reg[60][6]    inferred      flip-flop                    
u_sram_mem_reg[60][7]    inferred      flip-flop                    
u_sram_mem_reg[60][8]    inferred      flip-flop                    
u_sram_mem_reg[60][9]    inferred      flip-flop                    
u_sram_mem_reg[60][10]   inferred      flip-flop                    
u_sram_mem_reg[60][11]   inferred      flip-flop                    
u_sram_mem_reg[60][12]   inferred      flip-flop                    
u_sram_mem_reg[60][13]   inferred      flip-flop                    
u_sram_mem_reg[60][14]   inferred      flip-flop                    
u_sram_mem_reg[60][15]   inferred      flip-flop                    
u_sram_mem_reg[60][16]   inferred      flip-flop                    
u_sram_mem_reg[60][17]   inferred      flip-flop                    
u_sram_mem_reg[60][18]   inferred      flip-flop                    
u_sram_mem_reg[60][19]   inferred      flip-flop                    
u_sram_mem_reg[60][20]   inferred      flip-flop                    
u_sram_mem_reg[60][21]   inferred      flip-flop                    
u_sram_mem_reg[60][22]   inferred      flip-flop                    
u_sram_mem_reg[60][23]   inferred      flip-flop                    
u_sram_mem_reg[60][24]   inferred      flip-flop                    
u_sram_mem_reg[60][25]   inferred      flip-flop                    
u_sram_mem_reg[60][26]   inferred      flip-flop                    
u_sram_mem_reg[60][27]   inferred      flip-flop                    
u_sram_mem_reg[60][28]   inferred      flip-flop                    
u_sram_mem_reg[60][29]   inferred      flip-flop                    
u_sram_mem_reg[60][30]   inferred      flip-flop                    
u_sram_mem_reg[60][31]   inferred      flip-flop                    
u_sram_mem_reg[61][0]    inferred      flip-flop                    
u_sram_mem_reg[61][1]    inferred      flip-flop                    
u_sram_mem_reg[61][2]    inferred      flip-flop                    
u_sram_mem_reg[61][3]    inferred      flip-flop                    
u_sram_mem_reg[61][4]    inferred      flip-flop                    
u_sram_mem_reg[61][5]    inferred      flip-flop                    
u_sram_mem_reg[61][6]    inferred      flip-flop                    
u_sram_mem_reg[61][7]    inferred      flip-flop                    
u_sram_mem_reg[61][8]    inferred      flip-flop                    
u_sram_mem_reg[61][9]    inferred      flip-flop                    
u_sram_mem_reg[61][10]   inferred      flip-flop                    
u_sram_mem_reg[61][11]   inferred      flip-flop                    
u_sram_mem_reg[61][12]   inferred      flip-flop                    
u_sram_mem_reg[61][13]   inferred      flip-flop                    
u_sram_mem_reg[61][14]   inferred      flip-flop                    
u_sram_mem_reg[61][15]   inferred      flip-flop                    
u_sram_mem_reg[61][16]   inferred      flip-flop                    
u_sram_mem_reg[61][17]   inferred      flip-flop                    
u_sram_mem_reg[61][18]   inferred      flip-flop                    
u_sram_mem_reg[61][19]   inferred      flip-flop                    
u_sram_mem_reg[61][20]   inferred      flip-flop                    
u_sram_mem_reg[61][21]   inferred      flip-flop                    
u_sram_mem_reg[61][22]   inferred      flip-flop                    
u_sram_mem_reg[61][23]   inferred      flip-flop                    
u_sram_mem_reg[61][24]   inferred      flip-flop                    
u_sram_mem_reg[61][25]   inferred      flip-flop                    
u_sram_mem_reg[61][26]   inferred      flip-flop                    
u_sram_mem_reg[61][27]   inferred      flip-flop                    
u_sram_mem_reg[61][28]   inferred      flip-flop                    
u_sram_mem_reg[61][29]   inferred      flip-flop                    
u_sram_mem_reg[61][30]   inferred      flip-flop                    
u_sram_mem_reg[61][31]   inferred      flip-flop                    
u_sram_mem_reg[62][0]    inferred      flip-flop                    
u_sram_mem_reg[62][1]    inferred      flip-flop                    
u_sram_mem_reg[62][2]    inferred      flip-flop                    
u_sram_mem_reg[62][3]    inferred      flip-flop                    
u_sram_mem_reg[62][4]    inferred      flip-flop                    
u_sram_mem_reg[62][5]    inferred      flip-flop                    
u_sram_mem_reg[62][6]    inferred      flip-flop                    
u_sram_mem_reg[62][7]    inferred      flip-flop                    
u_sram_mem_reg[62][8]    inferred      flip-flop                    
u_sram_mem_reg[62][9]    inferred      flip-flop                    
u_sram_mem_reg[62][10]   inferred      flip-flop                    
u_sram_mem_reg[62][11]   inferred      flip-flop                    
u_sram_mem_reg[62][12]   inferred      flip-flop                    
u_sram_mem_reg[62][13]   inferred      flip-flop                    
u_sram_mem_reg[62][14]   inferred      flip-flop                    
u_sram_mem_reg[62][15]   inferred      flip-flop                    
u_sram_mem_reg[62][16]   inferred      flip-flop                    
u_sram_mem_reg[62][17]   inferred      flip-flop                    
u_sram_mem_reg[62][18]   inferred      flip-flop                    
u_sram_mem_reg[62][19]   inferred      flip-flop                    
u_sram_mem_reg[62][20]   inferred      flip-flop                    
u_sram_mem_reg[62][21]   inferred      flip-flop                    
u_sram_mem_reg[62][22]   inferred      flip-flop                    
u_sram_mem_reg[62][23]   inferred      flip-flop                    
u_sram_mem_reg[62][24]   inferred      flip-flop                    
u_sram_mem_reg[62][25]   inferred      flip-flop                    
u_sram_mem_reg[62][26]   inferred      flip-flop                    
u_sram_mem_reg[62][27]   inferred      flip-flop                    
u_sram_mem_reg[62][28]   inferred      flip-flop                    
u_sram_mem_reg[62][29]   inferred      flip-flop                    
u_sram_mem_reg[62][30]   inferred      flip-flop                    
u_sram_mem_reg[62][31]   inferred      flip-flop                    
u_sram_mem_reg[63][0]    inferred      flip-flop                    
u_sram_mem_reg[63][1]    inferred      flip-flop                    
u_sram_mem_reg[63][2]    inferred      flip-flop                    
u_sram_mem_reg[63][3]    inferred      flip-flop                    
u_sram_mem_reg[63][4]    inferred      flip-flop                    
u_sram_mem_reg[63][5]    inferred      flip-flop                    
u_sram_mem_reg[63][6]    inferred      flip-flop                    
u_sram_mem_reg[63][7]    inferred      flip-flop                    
u_sram_mem_reg[63][8]    inferred      flip-flop                    
u_sram_mem_reg[63][9]    inferred      flip-flop                    
u_sram_mem_reg[63][10]   inferred      flip-flop                    
u_sram_mem_reg[63][11]   inferred      flip-flop                    
u_sram_mem_reg[63][12]   inferred      flip-flop                    
u_sram_mem_reg[63][13]   inferred      flip-flop                    
u_sram_mem_reg[63][14]   inferred      flip-flop                    
u_sram_mem_reg[63][15]   inferred      flip-flop                    
u_sram_mem_reg[63][16]   inferred      flip-flop                    
u_sram_mem_reg[63][17]   inferred      flip-flop                    
u_sram_mem_reg[63][18]   inferred      flip-flop                    
u_sram_mem_reg[63][19]   inferred      flip-flop                    
u_sram_mem_reg[63][20]   inferred      flip-flop                    
u_sram_mem_reg[63][21]   inferred      flip-flop                    
u_sram_mem_reg[63][22]   inferred      flip-flop                    
u_sram_mem_reg[63][23]   inferred      flip-flop                    
u_sram_mem_reg[63][24]   inferred      flip-flop                    
u_sram_mem_reg[63][25]   inferred      flip-flop                    
u_sram_mem_reg[63][26]   inferred      flip-flop                    
u_sram_mem_reg[63][27]   inferred      flip-flop                    
u_sram_mem_reg[63][28]   inferred      flip-flop                    
u_sram_mem_reg[63][29]   inferred      flip-flop                    
u_sram_mem_reg[63][30]   inferred      flip-flop                    
u_sram_mem_reg[63][31]   inferred      flip-flop                    
u_sram_mem_reg[64][0]    inferred      flip-flop                    
u_sram_mem_reg[64][1]    inferred      flip-flop                    
u_sram_mem_reg[64][2]    inferred      flip-flop                    
u_sram_mem_reg[64][3]    inferred      flip-flop                    
u_sram_mem_reg[64][4]    inferred      flip-flop                    
u_sram_mem_reg[64][5]    inferred      flip-flop                    
u_sram_mem_reg[64][6]    inferred      flip-flop                    
u_sram_mem_reg[64][7]    inferred      flip-flop                    
u_sram_mem_reg[64][8]    inferred      flip-flop                    
u_sram_mem_reg[64][9]    inferred      flip-flop                    
u_sram_mem_reg[64][10]   inferred      flip-flop                    
u_sram_mem_reg[64][11]   inferred      flip-flop                    
u_sram_mem_reg[64][12]   inferred      flip-flop                    
u_sram_mem_reg[64][13]   inferred      flip-flop                    
u_sram_mem_reg[64][14]   inferred      flip-flop                    
u_sram_mem_reg[64][15]   inferred      flip-flop                    
u_sram_mem_reg[64][16]   inferred      flip-flop                    
u_sram_mem_reg[64][17]   inferred      flip-flop                    
u_sram_mem_reg[64][18]   inferred      flip-flop                    
u_sram_mem_reg[64][19]   inferred      flip-flop                    
u_sram_mem_reg[64][20]   inferred      flip-flop                    
u_sram_mem_reg[64][21]   inferred      flip-flop                    
u_sram_mem_reg[64][22]   inferred      flip-flop                    
u_sram_mem_reg[64][23]   inferred      flip-flop                    
u_sram_mem_reg[64][24]   inferred      flip-flop                    
u_sram_mem_reg[64][25]   inferred      flip-flop                    
u_sram_mem_reg[64][26]   inferred      flip-flop                    
u_sram_mem_reg[64][27]   inferred      flip-flop                    
u_sram_mem_reg[64][28]   inferred      flip-flop                    
u_sram_mem_reg[64][29]   inferred      flip-flop                    
u_sram_mem_reg[64][30]   inferred      flip-flop                    
u_sram_mem_reg[64][31]   inferred      flip-flop                    
u_sram_mem_reg[65][0]    inferred      flip-flop                    
u_sram_mem_reg[65][1]    inferred      flip-flop                    
u_sram_mem_reg[65][2]    inferred      flip-flop                    
u_sram_mem_reg[65][3]    inferred      flip-flop                    
u_sram_mem_reg[65][4]    inferred      flip-flop                    
u_sram_mem_reg[65][5]    inferred      flip-flop                    
u_sram_mem_reg[65][6]    inferred      flip-flop                    
u_sram_mem_reg[65][7]    inferred      flip-flop                    
u_sram_mem_reg[65][8]    inferred      flip-flop                    
u_sram_mem_reg[65][9]    inferred      flip-flop                    
u_sram_mem_reg[65][10]   inferred      flip-flop                    
u_sram_mem_reg[65][11]   inferred      flip-flop                    
u_sram_mem_reg[65][12]   inferred      flip-flop                    
u_sram_mem_reg[65][13]   inferred      flip-flop                    
u_sram_mem_reg[65][14]   inferred      flip-flop                    
u_sram_mem_reg[65][15]   inferred      flip-flop                    
u_sram_mem_reg[65][16]   inferred      flip-flop                    
u_sram_mem_reg[65][17]   inferred      flip-flop                    
u_sram_mem_reg[65][18]   inferred      flip-flop                    
u_sram_mem_reg[65][19]   inferred      flip-flop                    
u_sram_mem_reg[65][20]   inferred      flip-flop                    
u_sram_mem_reg[65][21]   inferred      flip-flop                    
u_sram_mem_reg[65][22]   inferred      flip-flop                    
u_sram_mem_reg[65][23]   inferred      flip-flop                    
u_sram_mem_reg[65][24]   inferred      flip-flop                    
u_sram_mem_reg[65][25]   inferred      flip-flop                    
u_sram_mem_reg[65][26]   inferred      flip-flop                    
u_sram_mem_reg[65][27]   inferred      flip-flop                    
u_sram_mem_reg[65][28]   inferred      flip-flop                    
u_sram_mem_reg[65][29]   inferred      flip-flop                    
u_sram_mem_reg[65][30]   inferred      flip-flop                    
u_sram_mem_reg[65][31]   inferred      flip-flop                    
u_sram_mem_reg[66][0]    inferred      flip-flop                    
u_sram_mem_reg[66][1]    inferred      flip-flop                    
u_sram_mem_reg[66][2]    inferred      flip-flop                    
u_sram_mem_reg[66][3]    inferred      flip-flop                    
u_sram_mem_reg[66][4]    inferred      flip-flop                    
u_sram_mem_reg[66][5]    inferred      flip-flop                    
u_sram_mem_reg[66][6]    inferred      flip-flop                    
u_sram_mem_reg[66][7]    inferred      flip-flop                    
u_sram_mem_reg[66][8]    inferred      flip-flop                    
u_sram_mem_reg[66][9]    inferred      flip-flop                    
u_sram_mem_reg[66][10]   inferred      flip-flop                    
u_sram_mem_reg[66][11]   inferred      flip-flop                    
u_sram_mem_reg[66][12]   inferred      flip-flop                    
u_sram_mem_reg[66][13]   inferred      flip-flop                    
u_sram_mem_reg[66][14]   inferred      flip-flop                    
u_sram_mem_reg[66][15]   inferred      flip-flop                    
u_sram_mem_reg[66][16]   inferred      flip-flop                    
u_sram_mem_reg[66][17]   inferred      flip-flop                    
u_sram_mem_reg[66][18]   inferred      flip-flop                    
u_sram_mem_reg[66][19]   inferred      flip-flop                    
u_sram_mem_reg[66][20]   inferred      flip-flop                    
u_sram_mem_reg[66][21]   inferred      flip-flop                    
u_sram_mem_reg[66][22]   inferred      flip-flop                    
u_sram_mem_reg[66][23]   inferred      flip-flop                    
u_sram_mem_reg[66][24]   inferred      flip-flop                    
u_sram_mem_reg[66][25]   inferred      flip-flop                    
u_sram_mem_reg[66][26]   inferred      flip-flop                    
u_sram_mem_reg[66][27]   inferred      flip-flop                    
u_sram_mem_reg[66][28]   inferred      flip-flop                    
u_sram_mem_reg[66][29]   inferred      flip-flop                    
u_sram_mem_reg[66][30]   inferred      flip-flop                    
u_sram_mem_reg[66][31]   inferred      flip-flop                    
u_sram_mem_reg[67][0]    inferred      flip-flop                    
u_sram_mem_reg[67][1]    inferred      flip-flop                    
u_sram_mem_reg[67][2]    inferred      flip-flop                    
u_sram_mem_reg[67][3]    inferred      flip-flop                    
u_sram_mem_reg[67][4]    inferred      flip-flop                    
u_sram_mem_reg[67][5]    inferred      flip-flop                    
u_sram_mem_reg[67][6]    inferred      flip-flop                    
u_sram_mem_reg[67][7]    inferred      flip-flop                    
u_sram_mem_reg[67][8]    inferred      flip-flop                    
u_sram_mem_reg[67][9]    inferred      flip-flop                    
u_sram_mem_reg[67][10]   inferred      flip-flop                    
u_sram_mem_reg[67][11]   inferred      flip-flop                    
u_sram_mem_reg[67][12]   inferred      flip-flop                    
u_sram_mem_reg[67][13]   inferred      flip-flop                    
u_sram_mem_reg[67][14]   inferred      flip-flop                    
u_sram_mem_reg[67][15]   inferred      flip-flop                    
u_sram_mem_reg[67][16]   inferred      flip-flop                    
u_sram_mem_reg[67][17]   inferred      flip-flop                    
u_sram_mem_reg[67][18]   inferred      flip-flop                    
u_sram_mem_reg[67][19]   inferred      flip-flop                    
u_sram_mem_reg[67][20]   inferred      flip-flop                    
u_sram_mem_reg[67][21]   inferred      flip-flop                    
u_sram_mem_reg[67][22]   inferred      flip-flop                    
u_sram_mem_reg[67][23]   inferred      flip-flop                    
u_sram_mem_reg[67][24]   inferred      flip-flop                    
u_sram_mem_reg[67][25]   inferred      flip-flop                    
u_sram_mem_reg[67][26]   inferred      flip-flop                    
u_sram_mem_reg[67][27]   inferred      flip-flop                    
u_sram_mem_reg[67][28]   inferred      flip-flop                    
u_sram_mem_reg[67][29]   inferred      flip-flop                    
u_sram_mem_reg[67][30]   inferred      flip-flop                    
u_sram_mem_reg[67][31]   inferred      flip-flop                    
u_sram_mem_reg[68][0]    inferred      flip-flop                    
u_sram_mem_reg[68][1]    inferred      flip-flop                    
u_sram_mem_reg[68][2]    inferred      flip-flop                    
u_sram_mem_reg[68][3]    inferred      flip-flop                    
u_sram_mem_reg[68][4]    inferred      flip-flop                    
u_sram_mem_reg[68][5]    inferred      flip-flop                    
u_sram_mem_reg[68][6]    inferred      flip-flop                    
u_sram_mem_reg[68][7]    inferred      flip-flop                    
u_sram_mem_reg[68][8]    inferred      flip-flop                    
u_sram_mem_reg[68][9]    inferred      flip-flop                    
u_sram_mem_reg[68][10]   inferred      flip-flop                    
u_sram_mem_reg[68][11]   inferred      flip-flop                    
u_sram_mem_reg[68][12]   inferred      flip-flop                    
u_sram_mem_reg[68][13]   inferred      flip-flop                    
u_sram_mem_reg[68][14]   inferred      flip-flop                    
u_sram_mem_reg[68][15]   inferred      flip-flop                    
u_sram_mem_reg[68][16]   inferred      flip-flop                    
u_sram_mem_reg[68][17]   inferred      flip-flop                    
u_sram_mem_reg[68][18]   inferred      flip-flop                    
u_sram_mem_reg[68][19]   inferred      flip-flop                    
u_sram_mem_reg[68][20]   inferred      flip-flop                    
u_sram_mem_reg[68][21]   inferred      flip-flop                    
u_sram_mem_reg[68][22]   inferred      flip-flop                    
u_sram_mem_reg[68][23]   inferred      flip-flop                    
u_sram_mem_reg[68][24]   inferred      flip-flop                    
u_sram_mem_reg[68][25]   inferred      flip-flop                    
u_sram_mem_reg[68][26]   inferred      flip-flop                    
u_sram_mem_reg[68][27]   inferred      flip-flop                    
u_sram_mem_reg[68][28]   inferred      flip-flop                    
u_sram_mem_reg[68][29]   inferred      flip-flop                    
u_sram_mem_reg[68][30]   inferred      flip-flop                    
u_sram_mem_reg[68][31]   inferred      flip-flop                    
u_sram_mem_reg[69][0]    inferred      flip-flop                    
u_sram_mem_reg[69][1]    inferred      flip-flop                    
u_sram_mem_reg[69][2]    inferred      flip-flop                    
u_sram_mem_reg[69][3]    inferred      flip-flop                    
u_sram_mem_reg[69][4]    inferred      flip-flop                    
u_sram_mem_reg[69][5]    inferred      flip-flop                    
u_sram_mem_reg[69][6]    inferred      flip-flop                    
u_sram_mem_reg[69][7]    inferred      flip-flop                    
u_sram_mem_reg[69][8]    inferred      flip-flop                    
u_sram_mem_reg[69][9]    inferred      flip-flop                    
u_sram_mem_reg[69][10]   inferred      flip-flop                    
u_sram_mem_reg[69][11]   inferred      flip-flop                    
u_sram_mem_reg[69][12]   inferred      flip-flop                    
u_sram_mem_reg[69][13]   inferred      flip-flop                    
u_sram_mem_reg[69][14]   inferred      flip-flop                    
u_sram_mem_reg[69][15]   inferred      flip-flop                    
u_sram_mem_reg[69][16]   inferred      flip-flop                    
u_sram_mem_reg[69][17]   inferred      flip-flop                    
u_sram_mem_reg[69][18]   inferred      flip-flop                    
u_sram_mem_reg[69][19]   inferred      flip-flop                    
u_sram_mem_reg[69][20]   inferred      flip-flop                    
u_sram_mem_reg[69][21]   inferred      flip-flop                    
u_sram_mem_reg[69][22]   inferred      flip-flop                    
u_sram_mem_reg[69][23]   inferred      flip-flop                    
u_sram_mem_reg[69][24]   inferred      flip-flop                    
u_sram_mem_reg[69][25]   inferred      flip-flop                    
u_sram_mem_reg[69][26]   inferred      flip-flop                    
u_sram_mem_reg[69][27]   inferred      flip-flop                    
u_sram_mem_reg[69][28]   inferred      flip-flop                    
u_sram_mem_reg[69][29]   inferred      flip-flop                    
u_sram_mem_reg[69][30]   inferred      flip-flop                    
u_sram_mem_reg[69][31]   inferred      flip-flop                    
u_sram_mem_reg[70][0]    inferred      flip-flop                    
u_sram_mem_reg[70][1]    inferred      flip-flop                    
u_sram_mem_reg[70][2]    inferred      flip-flop                    
u_sram_mem_reg[70][3]    inferred      flip-flop                    
u_sram_mem_reg[70][4]    inferred      flip-flop                    
u_sram_mem_reg[70][5]    inferred      flip-flop                    
u_sram_mem_reg[70][6]    inferred      flip-flop                    
u_sram_mem_reg[70][7]    inferred      flip-flop                    
u_sram_mem_reg[70][8]    inferred      flip-flop                    
u_sram_mem_reg[70][9]    inferred      flip-flop                    
u_sram_mem_reg[70][10]   inferred      flip-flop                    
u_sram_mem_reg[70][11]   inferred      flip-flop                    
u_sram_mem_reg[70][12]   inferred      flip-flop                    
u_sram_mem_reg[70][13]   inferred      flip-flop                    
u_sram_mem_reg[70][14]   inferred      flip-flop                    
u_sram_mem_reg[70][15]   inferred      flip-flop                    
u_sram_mem_reg[70][16]   inferred      flip-flop                    
u_sram_mem_reg[70][17]   inferred      flip-flop                    
u_sram_mem_reg[70][18]   inferred      flip-flop                    
u_sram_mem_reg[70][19]   inferred      flip-flop                    
u_sram_mem_reg[70][20]   inferred      flip-flop                    
u_sram_mem_reg[70][21]   inferred      flip-flop                    
u_sram_mem_reg[70][22]   inferred      flip-flop                    
u_sram_mem_reg[70][23]   inferred      flip-flop                    
u_sram_mem_reg[70][24]   inferred      flip-flop                    
u_sram_mem_reg[70][25]   inferred      flip-flop                    
u_sram_mem_reg[70][26]   inferred      flip-flop                    
u_sram_mem_reg[70][27]   inferred      flip-flop                    
u_sram_mem_reg[70][28]   inferred      flip-flop                    
u_sram_mem_reg[70][29]   inferred      flip-flop                    
u_sram_mem_reg[70][30]   inferred      flip-flop                    
u_sram_mem_reg[70][31]   inferred      flip-flop                    
u_sram_mem_reg[71][0]    inferred      flip-flop                    
u_sram_mem_reg[71][1]    inferred      flip-flop                    
u_sram_mem_reg[71][2]    inferred      flip-flop                    
u_sram_mem_reg[71][3]    inferred      flip-flop                    
u_sram_mem_reg[71][4]    inferred      flip-flop                    
u_sram_mem_reg[71][5]    inferred      flip-flop                    
u_sram_mem_reg[71][6]    inferred      flip-flop                    
u_sram_mem_reg[71][7]    inferred      flip-flop                    
u_sram_mem_reg[71][8]    inferred      flip-flop                    
u_sram_mem_reg[71][9]    inferred      flip-flop                    
u_sram_mem_reg[71][10]   inferred      flip-flop                    
u_sram_mem_reg[71][11]   inferred      flip-flop                    
u_sram_mem_reg[71][12]   inferred      flip-flop                    
u_sram_mem_reg[71][13]   inferred      flip-flop                    
u_sram_mem_reg[71][14]   inferred      flip-flop                    
u_sram_mem_reg[71][15]   inferred      flip-flop                    
u_sram_mem_reg[71][16]   inferred      flip-flop                    
u_sram_mem_reg[71][17]   inferred      flip-flop                    
u_sram_mem_reg[71][18]   inferred      flip-flop                    
u_sram_mem_reg[71][19]   inferred      flip-flop                    
u_sram_mem_reg[71][20]   inferred      flip-flop                    
u_sram_mem_reg[71][21]   inferred      flip-flop                    
u_sram_mem_reg[71][22]   inferred      flip-flop                    
u_sram_mem_reg[71][23]   inferred      flip-flop                    
u_sram_mem_reg[71][24]   inferred      flip-flop                    
u_sram_mem_reg[71][25]   inferred      flip-flop                    
u_sram_mem_reg[71][26]   inferred      flip-flop                    
u_sram_mem_reg[71][27]   inferred      flip-flop                    
u_sram_mem_reg[71][28]   inferred      flip-flop                    
u_sram_mem_reg[71][29]   inferred      flip-flop                    
u_sram_mem_reg[71][30]   inferred      flip-flop                    
u_sram_mem_reg[71][31]   inferred      flip-flop                    
u_sram_mem_reg[72][0]    inferred      flip-flop                    
u_sram_mem_reg[72][1]    inferred      flip-flop                    
u_sram_mem_reg[72][2]    inferred      flip-flop                    
u_sram_mem_reg[72][3]    inferred      flip-flop                    
u_sram_mem_reg[72][4]    inferred      flip-flop                    
u_sram_mem_reg[72][5]    inferred      flip-flop                    
u_sram_mem_reg[72][6]    inferred      flip-flop                    
u_sram_mem_reg[72][7]    inferred      flip-flop                    
u_sram_mem_reg[72][8]    inferred      flip-flop                    
u_sram_mem_reg[72][9]    inferred      flip-flop                    
u_sram_mem_reg[72][10]   inferred      flip-flop                    
u_sram_mem_reg[72][11]   inferred      flip-flop                    
u_sram_mem_reg[72][12]   inferred      flip-flop                    
u_sram_mem_reg[72][13]   inferred      flip-flop                    
u_sram_mem_reg[72][14]   inferred      flip-flop                    
u_sram_mem_reg[72][15]   inferred      flip-flop                    
u_sram_mem_reg[72][16]   inferred      flip-flop                    
u_sram_mem_reg[72][17]   inferred      flip-flop                    
u_sram_mem_reg[72][18]   inferred      flip-flop                    
u_sram_mem_reg[72][19]   inferred      flip-flop                    
u_sram_mem_reg[72][20]   inferred      flip-flop                    
u_sram_mem_reg[72][21]   inferred      flip-flop                    
u_sram_mem_reg[72][22]   inferred      flip-flop                    
u_sram_mem_reg[72][23]   inferred      flip-flop                    
u_sram_mem_reg[72][24]   inferred      flip-flop                    
u_sram_mem_reg[72][25]   inferred      flip-flop                    
u_sram_mem_reg[72][26]   inferred      flip-flop                    
u_sram_mem_reg[72][27]   inferred      flip-flop                    
u_sram_mem_reg[72][28]   inferred      flip-flop                    
u_sram_mem_reg[72][29]   inferred      flip-flop                    
u_sram_mem_reg[72][30]   inferred      flip-flop                    
u_sram_mem_reg[72][31]   inferred      flip-flop                    
u_sram_mem_reg[73][0]    inferred      flip-flop                    
u_sram_mem_reg[73][1]    inferred      flip-flop                    
u_sram_mem_reg[73][2]    inferred      flip-flop                    
u_sram_mem_reg[73][3]    inferred      flip-flop                    
u_sram_mem_reg[73][4]    inferred      flip-flop                    
u_sram_mem_reg[73][5]    inferred      flip-flop                    
u_sram_mem_reg[73][6]    inferred      flip-flop                    
u_sram_mem_reg[73][7]    inferred      flip-flop                    
u_sram_mem_reg[73][8]    inferred      flip-flop                    
u_sram_mem_reg[73][9]    inferred      flip-flop                    
u_sram_mem_reg[73][10]   inferred      flip-flop                    
u_sram_mem_reg[73][11]   inferred      flip-flop                    
u_sram_mem_reg[73][12]   inferred      flip-flop                    
u_sram_mem_reg[73][13]   inferred      flip-flop                    
u_sram_mem_reg[73][14]   inferred      flip-flop                    
u_sram_mem_reg[73][15]   inferred      flip-flop                    
u_sram_mem_reg[73][16]   inferred      flip-flop                    
u_sram_mem_reg[73][17]   inferred      flip-flop                    
u_sram_mem_reg[73][18]   inferred      flip-flop                    
u_sram_mem_reg[73][19]   inferred      flip-flop                    
u_sram_mem_reg[73][20]   inferred      flip-flop                    
u_sram_mem_reg[73][21]   inferred      flip-flop                    
u_sram_mem_reg[73][22]   inferred      flip-flop                    
u_sram_mem_reg[73][23]   inferred      flip-flop                    
u_sram_mem_reg[73][24]   inferred      flip-flop                    
u_sram_mem_reg[73][25]   inferred      flip-flop                    
u_sram_mem_reg[73][26]   inferred      flip-flop                    
u_sram_mem_reg[73][27]   inferred      flip-flop                    
u_sram_mem_reg[73][28]   inferred      flip-flop                    
u_sram_mem_reg[73][29]   inferred      flip-flop                    
u_sram_mem_reg[73][30]   inferred      flip-flop                    
u_sram_mem_reg[73][31]   inferred      flip-flop                    
u_sram_mem_reg[74][0]    inferred      flip-flop                    
u_sram_mem_reg[74][1]    inferred      flip-flop                    
u_sram_mem_reg[74][2]    inferred      flip-flop                    
u_sram_mem_reg[74][3]    inferred      flip-flop                    
u_sram_mem_reg[74][4]    inferred      flip-flop                    
u_sram_mem_reg[74][5]    inferred      flip-flop                    
u_sram_mem_reg[74][6]    inferred      flip-flop                    
u_sram_mem_reg[74][7]    inferred      flip-flop                    
u_sram_mem_reg[74][8]    inferred      flip-flop                    
u_sram_mem_reg[74][9]    inferred      flip-flop                    
u_sram_mem_reg[74][10]   inferred      flip-flop                    
u_sram_mem_reg[74][11]   inferred      flip-flop                    
u_sram_mem_reg[74][12]   inferred      flip-flop                    
u_sram_mem_reg[74][13]   inferred      flip-flop                    
u_sram_mem_reg[74][14]   inferred      flip-flop                    
u_sram_mem_reg[74][15]   inferred      flip-flop                    
u_sram_mem_reg[74][16]   inferred      flip-flop                    
u_sram_mem_reg[74][17]   inferred      flip-flop                    
u_sram_mem_reg[74][18]   inferred      flip-flop                    
u_sram_mem_reg[74][19]   inferred      flip-flop                    
u_sram_mem_reg[74][20]   inferred      flip-flop                    
u_sram_mem_reg[74][21]   inferred      flip-flop                    
u_sram_mem_reg[74][22]   inferred      flip-flop                    
u_sram_mem_reg[74][23]   inferred      flip-flop                    
u_sram_mem_reg[74][24]   inferred      flip-flop                    
u_sram_mem_reg[74][25]   inferred      flip-flop                    
u_sram_mem_reg[74][26]   inferred      flip-flop                    
u_sram_mem_reg[74][27]   inferred      flip-flop                    
u_sram_mem_reg[74][28]   inferred      flip-flop                    
u_sram_mem_reg[74][29]   inferred      flip-flop                    
u_sram_mem_reg[74][30]   inferred      flip-flop                    
u_sram_mem_reg[74][31]   inferred      flip-flop                    
u_sram_mem_reg[75][0]    inferred      flip-flop                    
u_sram_mem_reg[75][1]    inferred      flip-flop                    
u_sram_mem_reg[75][2]    inferred      flip-flop                    
u_sram_mem_reg[75][3]    inferred      flip-flop                    
u_sram_mem_reg[75][4]    inferred      flip-flop                    
u_sram_mem_reg[75][5]    inferred      flip-flop                    
u_sram_mem_reg[75][6]    inferred      flip-flop                    
u_sram_mem_reg[75][7]    inferred      flip-flop                    
u_sram_mem_reg[75][8]    inferred      flip-flop                    
u_sram_mem_reg[75][9]    inferred      flip-flop                    
u_sram_mem_reg[75][10]   inferred      flip-flop                    
u_sram_mem_reg[75][11]   inferred      flip-flop                    
u_sram_mem_reg[75][12]   inferred      flip-flop                    
u_sram_mem_reg[75][13]   inferred      flip-flop                    
u_sram_mem_reg[75][14]   inferred      flip-flop                    
u_sram_mem_reg[75][15]   inferred      flip-flop                    
u_sram_mem_reg[75][16]   inferred      flip-flop                    
u_sram_mem_reg[75][17]   inferred      flip-flop                    
u_sram_mem_reg[75][18]   inferred      flip-flop                    
u_sram_mem_reg[75][19]   inferred      flip-flop                    
u_sram_mem_reg[75][20]   inferred      flip-flop                    
u_sram_mem_reg[75][21]   inferred      flip-flop                    
u_sram_mem_reg[75][22]   inferred      flip-flop                    
u_sram_mem_reg[75][23]   inferred      flip-flop                    
u_sram_mem_reg[75][24]   inferred      flip-flop                    
u_sram_mem_reg[75][25]   inferred      flip-flop                    
u_sram_mem_reg[75][26]   inferred      flip-flop                    
u_sram_mem_reg[75][27]   inferred      flip-flop                    
u_sram_mem_reg[75][28]   inferred      flip-flop                    
u_sram_mem_reg[75][29]   inferred      flip-flop                    
u_sram_mem_reg[75][30]   inferred      flip-flop                    
u_sram_mem_reg[75][31]   inferred      flip-flop                    
u_sram_mem_reg[76][0]    inferred      flip-flop                    
u_sram_mem_reg[76][1]    inferred      flip-flop                    
u_sram_mem_reg[76][2]    inferred      flip-flop                    
u_sram_mem_reg[76][3]    inferred      flip-flop                    
u_sram_mem_reg[76][4]    inferred      flip-flop                    
u_sram_mem_reg[76][5]    inferred      flip-flop                    
u_sram_mem_reg[76][6]    inferred      flip-flop                    
u_sram_mem_reg[76][7]    inferred      flip-flop                    
u_sram_mem_reg[76][8]    inferred      flip-flop                    
u_sram_mem_reg[76][9]    inferred      flip-flop                    
u_sram_mem_reg[76][10]   inferred      flip-flop                    
u_sram_mem_reg[76][11]   inferred      flip-flop                    
u_sram_mem_reg[76][12]   inferred      flip-flop                    
u_sram_mem_reg[76][13]   inferred      flip-flop                    
u_sram_mem_reg[76][14]   inferred      flip-flop                    
u_sram_mem_reg[76][15]   inferred      flip-flop                    
u_sram_mem_reg[76][16]   inferred      flip-flop                    
u_sram_mem_reg[76][17]   inferred      flip-flop                    
u_sram_mem_reg[76][18]   inferred      flip-flop                    
u_sram_mem_reg[76][19]   inferred      flip-flop                    
u_sram_mem_reg[76][20]   inferred      flip-flop                    
u_sram_mem_reg[76][21]   inferred      flip-flop                    
u_sram_mem_reg[76][22]   inferred      flip-flop                    
u_sram_mem_reg[76][23]   inferred      flip-flop                    
u_sram_mem_reg[76][24]   inferred      flip-flop                    
u_sram_mem_reg[76][25]   inferred      flip-flop                    
u_sram_mem_reg[76][26]   inferred      flip-flop                    
u_sram_mem_reg[76][27]   inferred      flip-flop                    
u_sram_mem_reg[76][28]   inferred      flip-flop                    
u_sram_mem_reg[76][29]   inferred      flip-flop                    
u_sram_mem_reg[76][30]   inferred      flip-flop                    
u_sram_mem_reg[76][31]   inferred      flip-flop                    
u_sram_mem_reg[77][0]    inferred      flip-flop                    
u_sram_mem_reg[77][1]    inferred      flip-flop                    
u_sram_mem_reg[77][2]    inferred      flip-flop                    
u_sram_mem_reg[77][3]    inferred      flip-flop                    
u_sram_mem_reg[77][4]    inferred      flip-flop                    
u_sram_mem_reg[77][5]    inferred      flip-flop                    
u_sram_mem_reg[77][6]    inferred      flip-flop                    
u_sram_mem_reg[77][7]    inferred      flip-flop                    
u_sram_mem_reg[77][8]    inferred      flip-flop                    
u_sram_mem_reg[77][9]    inferred      flip-flop                    
u_sram_mem_reg[77][10]   inferred      flip-flop                    
u_sram_mem_reg[77][11]   inferred      flip-flop                    
u_sram_mem_reg[77][12]   inferred      flip-flop                    
u_sram_mem_reg[77][13]   inferred      flip-flop                    
u_sram_mem_reg[77][14]   inferred      flip-flop                    
u_sram_mem_reg[77][15]   inferred      flip-flop                    
u_sram_mem_reg[77][16]   inferred      flip-flop                    
u_sram_mem_reg[77][17]   inferred      flip-flop                    
u_sram_mem_reg[77][18]   inferred      flip-flop                    
u_sram_mem_reg[77][19]   inferred      flip-flop                    
u_sram_mem_reg[77][20]   inferred      flip-flop                    
u_sram_mem_reg[77][21]   inferred      flip-flop                    
u_sram_mem_reg[77][22]   inferred      flip-flop                    
u_sram_mem_reg[77][23]   inferred      flip-flop                    
u_sram_mem_reg[77][24]   inferred      flip-flop                    
u_sram_mem_reg[77][25]   inferred      flip-flop                    
u_sram_mem_reg[77][26]   inferred      flip-flop                    
u_sram_mem_reg[77][27]   inferred      flip-flop                    
u_sram_mem_reg[77][28]   inferred      flip-flop                    
u_sram_mem_reg[77][29]   inferred      flip-flop                    
u_sram_mem_reg[77][30]   inferred      flip-flop                    
u_sram_mem_reg[77][31]   inferred      flip-flop                    
u_sram_mem_reg[78][0]    inferred      flip-flop                    
u_sram_mem_reg[78][1]    inferred      flip-flop                    
u_sram_mem_reg[78][2]    inferred      flip-flop                    
u_sram_mem_reg[78][3]    inferred      flip-flop                    
u_sram_mem_reg[78][4]    inferred      flip-flop                    
u_sram_mem_reg[78][5]    inferred      flip-flop                    
u_sram_mem_reg[78][6]    inferred      flip-flop                    
u_sram_mem_reg[78][7]    inferred      flip-flop                    
u_sram_mem_reg[78][8]    inferred      flip-flop                    
u_sram_mem_reg[78][9]    inferred      flip-flop                    
u_sram_mem_reg[78][10]   inferred      flip-flop                    
u_sram_mem_reg[78][11]   inferred      flip-flop                    
u_sram_mem_reg[78][12]   inferred      flip-flop                    
u_sram_mem_reg[78][13]   inferred      flip-flop                    
u_sram_mem_reg[78][14]   inferred      flip-flop                    
u_sram_mem_reg[78][15]   inferred      flip-flop                    
u_sram_mem_reg[78][16]   inferred      flip-flop                    
u_sram_mem_reg[78][17]   inferred      flip-flop                    
u_sram_mem_reg[78][18]   inferred      flip-flop                    
u_sram_mem_reg[78][19]   inferred      flip-flop                    
u_sram_mem_reg[78][20]   inferred      flip-flop                    
u_sram_mem_reg[78][21]   inferred      flip-flop                    
u_sram_mem_reg[78][22]   inferred      flip-flop                    
u_sram_mem_reg[78][23]   inferred      flip-flop                    
u_sram_mem_reg[78][24]   inferred      flip-flop                    
u_sram_mem_reg[78][25]   inferred      flip-flop                    
u_sram_mem_reg[78][26]   inferred      flip-flop                    
u_sram_mem_reg[78][27]   inferred      flip-flop                    
u_sram_mem_reg[78][28]   inferred      flip-flop                    
u_sram_mem_reg[78][29]   inferred      flip-flop                    
u_sram_mem_reg[78][30]   inferred      flip-flop                    
u_sram_mem_reg[78][31]   inferred      flip-flop                    
u_sram_mem_reg[79][0]    inferred      flip-flop                    
u_sram_mem_reg[79][1]    inferred      flip-flop                    
u_sram_mem_reg[79][2]    inferred      flip-flop                    
u_sram_mem_reg[79][3]    inferred      flip-flop                    
u_sram_mem_reg[79][4]    inferred      flip-flop                    
u_sram_mem_reg[79][5]    inferred      flip-flop                    
u_sram_mem_reg[79][6]    inferred      flip-flop                    
u_sram_mem_reg[79][7]    inferred      flip-flop                    
u_sram_mem_reg[79][8]    inferred      flip-flop                    
u_sram_mem_reg[79][9]    inferred      flip-flop                    
u_sram_mem_reg[79][10]   inferred      flip-flop                    
u_sram_mem_reg[79][11]   inferred      flip-flop                    
u_sram_mem_reg[79][12]   inferred      flip-flop                    
u_sram_mem_reg[79][13]   inferred      flip-flop                    
u_sram_mem_reg[79][14]   inferred      flip-flop                    
u_sram_mem_reg[79][15]   inferred      flip-flop                    
u_sram_mem_reg[79][16]   inferred      flip-flop                    
u_sram_mem_reg[79][17]   inferred      flip-flop                    
u_sram_mem_reg[79][18]   inferred      flip-flop                    
u_sram_mem_reg[79][19]   inferred      flip-flop                    
u_sram_mem_reg[79][20]   inferred      flip-flop                    
u_sram_mem_reg[79][21]   inferred      flip-flop                    
u_sram_mem_reg[79][22]   inferred      flip-flop                    
u_sram_mem_reg[79][23]   inferred      flip-flop                    
u_sram_mem_reg[79][24]   inferred      flip-flop                    
u_sram_mem_reg[79][25]   inferred      flip-flop                    
u_sram_mem_reg[79][26]   inferred      flip-flop                    
u_sram_mem_reg[79][27]   inferred      flip-flop                    
u_sram_mem_reg[79][28]   inferred      flip-flop                    
u_sram_mem_reg[79][29]   inferred      flip-flop                    
u_sram_mem_reg[79][30]   inferred      flip-flop                    
u_sram_mem_reg[79][31]   inferred      flip-flop                    
u_sram_mem_reg[80][0]    inferred      flip-flop                    
u_sram_mem_reg[80][1]    inferred      flip-flop                    
u_sram_mem_reg[80][2]    inferred      flip-flop                    
u_sram_mem_reg[80][3]    inferred      flip-flop                    
u_sram_mem_reg[80][4]    inferred      flip-flop                    
u_sram_mem_reg[80][5]    inferred      flip-flop                    
u_sram_mem_reg[80][6]    inferred      flip-flop                    
u_sram_mem_reg[80][7]    inferred      flip-flop                    
u_sram_mem_reg[80][8]    inferred      flip-flop                    
u_sram_mem_reg[80][9]    inferred      flip-flop                    
u_sram_mem_reg[80][10]   inferred      flip-flop                    
u_sram_mem_reg[80][11]   inferred      flip-flop                    
u_sram_mem_reg[80][12]   inferred      flip-flop                    
u_sram_mem_reg[80][13]   inferred      flip-flop                    
u_sram_mem_reg[80][14]   inferred      flip-flop                    
u_sram_mem_reg[80][15]   inferred      flip-flop                    
u_sram_mem_reg[80][16]   inferred      flip-flop                    
u_sram_mem_reg[80][17]   inferred      flip-flop                    
u_sram_mem_reg[80][18]   inferred      flip-flop                    
u_sram_mem_reg[80][19]   inferred      flip-flop                    
u_sram_mem_reg[80][20]   inferred      flip-flop                    
u_sram_mem_reg[80][21]   inferred      flip-flop                    
u_sram_mem_reg[80][22]   inferred      flip-flop                    
u_sram_mem_reg[80][23]   inferred      flip-flop                    
u_sram_mem_reg[80][24]   inferred      flip-flop                    
u_sram_mem_reg[80][25]   inferred      flip-flop                    
u_sram_mem_reg[80][26]   inferred      flip-flop                    
u_sram_mem_reg[80][27]   inferred      flip-flop                    
u_sram_mem_reg[80][28]   inferred      flip-flop                    
u_sram_mem_reg[80][29]   inferred      flip-flop                    
u_sram_mem_reg[80][30]   inferred      flip-flop                    
u_sram_mem_reg[80][31]   inferred      flip-flop                    
u_sram_mem_reg[81][0]    inferred      flip-flop                    
u_sram_mem_reg[81][1]    inferred      flip-flop                    
u_sram_mem_reg[81][2]    inferred      flip-flop                    
u_sram_mem_reg[81][3]    inferred      flip-flop                    
u_sram_mem_reg[81][4]    inferred      flip-flop                    
u_sram_mem_reg[81][5]    inferred      flip-flop                    
u_sram_mem_reg[81][6]    inferred      flip-flop                    
u_sram_mem_reg[81][7]    inferred      flip-flop                    
u_sram_mem_reg[81][8]    inferred      flip-flop                    
u_sram_mem_reg[81][9]    inferred      flip-flop                    
u_sram_mem_reg[81][10]   inferred      flip-flop                    
u_sram_mem_reg[81][11]   inferred      flip-flop                    
u_sram_mem_reg[81][12]   inferred      flip-flop                    
u_sram_mem_reg[81][13]   inferred      flip-flop                    
u_sram_mem_reg[81][14]   inferred      flip-flop                    
u_sram_mem_reg[81][15]   inferred      flip-flop                    
u_sram_mem_reg[81][16]   inferred      flip-flop                    
u_sram_mem_reg[81][17]   inferred      flip-flop                    
u_sram_mem_reg[81][18]   inferred      flip-flop                    
u_sram_mem_reg[81][19]   inferred      flip-flop                    
u_sram_mem_reg[81][20]   inferred      flip-flop                    
u_sram_mem_reg[81][21]   inferred      flip-flop                    
u_sram_mem_reg[81][22]   inferred      flip-flop                    
u_sram_mem_reg[81][23]   inferred      flip-flop                    
u_sram_mem_reg[81][24]   inferred      flip-flop                    
u_sram_mem_reg[81][25]   inferred      flip-flop                    
u_sram_mem_reg[81][26]   inferred      flip-flop                    
u_sram_mem_reg[81][27]   inferred      flip-flop                    
u_sram_mem_reg[81][28]   inferred      flip-flop                    
u_sram_mem_reg[81][29]   inferred      flip-flop                    
u_sram_mem_reg[81][30]   inferred      flip-flop                    
u_sram_mem_reg[81][31]   inferred      flip-flop                    
u_sram_mem_reg[82][0]    inferred      flip-flop                    
u_sram_mem_reg[82][1]    inferred      flip-flop                    
u_sram_mem_reg[82][2]    inferred      flip-flop                    
u_sram_mem_reg[82][3]    inferred      flip-flop                    
u_sram_mem_reg[82][4]    inferred      flip-flop                    
u_sram_mem_reg[82][5]    inferred      flip-flop                    
u_sram_mem_reg[82][6]    inferred      flip-flop                    
u_sram_mem_reg[82][7]    inferred      flip-flop                    
u_sram_mem_reg[82][8]    inferred      flip-flop                    
u_sram_mem_reg[82][9]    inferred      flip-flop                    
u_sram_mem_reg[82][10]   inferred      flip-flop                    
u_sram_mem_reg[82][11]   inferred      flip-flop                    
u_sram_mem_reg[82][12]   inferred      flip-flop                    
u_sram_mem_reg[82][13]   inferred      flip-flop                    
u_sram_mem_reg[82][14]   inferred      flip-flop                    
u_sram_mem_reg[82][15]   inferred      flip-flop                    
u_sram_mem_reg[82][16]   inferred      flip-flop                    
u_sram_mem_reg[82][17]   inferred      flip-flop                    
u_sram_mem_reg[82][18]   inferred      flip-flop                    
u_sram_mem_reg[82][19]   inferred      flip-flop                    
u_sram_mem_reg[82][20]   inferred      flip-flop                    
u_sram_mem_reg[82][21]   inferred      flip-flop                    
u_sram_mem_reg[82][22]   inferred      flip-flop                    
u_sram_mem_reg[82][23]   inferred      flip-flop                    
u_sram_mem_reg[82][24]   inferred      flip-flop                    
u_sram_mem_reg[82][25]   inferred      flip-flop                    
u_sram_mem_reg[82][26]   inferred      flip-flop                    
u_sram_mem_reg[82][27]   inferred      flip-flop                    
u_sram_mem_reg[82][28]   inferred      flip-flop                    
u_sram_mem_reg[82][29]   inferred      flip-flop                    
u_sram_mem_reg[82][30]   inferred      flip-flop                    
u_sram_mem_reg[82][31]   inferred      flip-flop                    
u_sram_mem_reg[83][0]    inferred      flip-flop                    
u_sram_mem_reg[83][1]    inferred      flip-flop                    
u_sram_mem_reg[83][2]    inferred      flip-flop                    
u_sram_mem_reg[83][3]    inferred      flip-flop                    
u_sram_mem_reg[83][4]    inferred      flip-flop                    
u_sram_mem_reg[83][5]    inferred      flip-flop                    
u_sram_mem_reg[83][6]    inferred      flip-flop                    
u_sram_mem_reg[83][7]    inferred      flip-flop                    
u_sram_mem_reg[83][8]    inferred      flip-flop                    
u_sram_mem_reg[83][9]    inferred      flip-flop                    
u_sram_mem_reg[83][10]   inferred      flip-flop                    
u_sram_mem_reg[83][11]   inferred      flip-flop                    
u_sram_mem_reg[83][12]   inferred      flip-flop                    
u_sram_mem_reg[83][13]   inferred      flip-flop                    
u_sram_mem_reg[83][14]   inferred      flip-flop                    
u_sram_mem_reg[83][15]   inferred      flip-flop                    
u_sram_mem_reg[83][16]   inferred      flip-flop                    
u_sram_mem_reg[83][17]   inferred      flip-flop                    
u_sram_mem_reg[83][18]   inferred      flip-flop                    
u_sram_mem_reg[83][19]   inferred      flip-flop                    
u_sram_mem_reg[83][20]   inferred      flip-flop                    
u_sram_mem_reg[83][21]   inferred      flip-flop                    
u_sram_mem_reg[83][22]   inferred      flip-flop                    
u_sram_mem_reg[83][23]   inferred      flip-flop                    
u_sram_mem_reg[83][24]   inferred      flip-flop                    
u_sram_mem_reg[83][25]   inferred      flip-flop                    
u_sram_mem_reg[83][26]   inferred      flip-flop                    
u_sram_mem_reg[83][27]   inferred      flip-flop                    
u_sram_mem_reg[83][28]   inferred      flip-flop                    
u_sram_mem_reg[83][29]   inferred      flip-flop                    
u_sram_mem_reg[83][30]   inferred      flip-flop                    
u_sram_mem_reg[83][31]   inferred      flip-flop                    
u_sram_mem_reg[84][0]    inferred      flip-flop                    
u_sram_mem_reg[84][1]    inferred      flip-flop                    
u_sram_mem_reg[84][2]    inferred      flip-flop                    
u_sram_mem_reg[84][3]    inferred      flip-flop                    
u_sram_mem_reg[84][4]    inferred      flip-flop                    
u_sram_mem_reg[84][5]    inferred      flip-flop                    
u_sram_mem_reg[84][6]    inferred      flip-flop                    
u_sram_mem_reg[84][7]    inferred      flip-flop                    
u_sram_mem_reg[84][8]    inferred      flip-flop                    
u_sram_mem_reg[84][9]    inferred      flip-flop                    
u_sram_mem_reg[84][10]   inferred      flip-flop                    
u_sram_mem_reg[84][11]   inferred      flip-flop                    
u_sram_mem_reg[84][12]   inferred      flip-flop                    
u_sram_mem_reg[84][13]   inferred      flip-flop                    
u_sram_mem_reg[84][14]   inferred      flip-flop                    
u_sram_mem_reg[84][15]   inferred      flip-flop                    
u_sram_mem_reg[84][16]   inferred      flip-flop                    
u_sram_mem_reg[84][17]   inferred      flip-flop                    
u_sram_mem_reg[84][18]   inferred      flip-flop                    
u_sram_mem_reg[84][19]   inferred      flip-flop                    
u_sram_mem_reg[84][20]   inferred      flip-flop                    
u_sram_mem_reg[84][21]   inferred      flip-flop                    
u_sram_mem_reg[84][22]   inferred      flip-flop                    
u_sram_mem_reg[84][23]   inferred      flip-flop                    
u_sram_mem_reg[84][24]   inferred      flip-flop                    
u_sram_mem_reg[84][25]   inferred      flip-flop                    
u_sram_mem_reg[84][26]   inferred      flip-flop                    
u_sram_mem_reg[84][27]   inferred      flip-flop                    
u_sram_mem_reg[84][28]   inferred      flip-flop                    
u_sram_mem_reg[84][29]   inferred      flip-flop                    
u_sram_mem_reg[84][30]   inferred      flip-flop                    
u_sram_mem_reg[84][31]   inferred      flip-flop                    
u_sram_mem_reg[85][0]    inferred      flip-flop                    
u_sram_mem_reg[85][1]    inferred      flip-flop                    
u_sram_mem_reg[85][2]    inferred      flip-flop                    
u_sram_mem_reg[85][3]    inferred      flip-flop                    
u_sram_mem_reg[85][4]    inferred      flip-flop                    
u_sram_mem_reg[85][5]    inferred      flip-flop                    
u_sram_mem_reg[85][6]    inferred      flip-flop                    
u_sram_mem_reg[85][7]    inferred      flip-flop                    
u_sram_mem_reg[85][8]    inferred      flip-flop                    
u_sram_mem_reg[85][9]    inferred      flip-flop                    
u_sram_mem_reg[85][10]   inferred      flip-flop                    
u_sram_mem_reg[85][11]   inferred      flip-flop                    
u_sram_mem_reg[85][12]   inferred      flip-flop                    
u_sram_mem_reg[85][13]   inferred      flip-flop                    
u_sram_mem_reg[85][14]   inferred      flip-flop                    
u_sram_mem_reg[85][15]   inferred      flip-flop                    
u_sram_mem_reg[85][16]   inferred      flip-flop                    
u_sram_mem_reg[85][17]   inferred      flip-flop                    
u_sram_mem_reg[85][18]   inferred      flip-flop                    
u_sram_mem_reg[85][19]   inferred      flip-flop                    
u_sram_mem_reg[85][20]   inferred      flip-flop                    
u_sram_mem_reg[85][21]   inferred      flip-flop                    
u_sram_mem_reg[85][22]   inferred      flip-flop                    
u_sram_mem_reg[85][23]   inferred      flip-flop                    
u_sram_mem_reg[85][24]   inferred      flip-flop                    
u_sram_mem_reg[85][25]   inferred      flip-flop                    
u_sram_mem_reg[85][26]   inferred      flip-flop                    
u_sram_mem_reg[85][27]   inferred      flip-flop                    
u_sram_mem_reg[85][28]   inferred      flip-flop                    
u_sram_mem_reg[85][29]   inferred      flip-flop                    
u_sram_mem_reg[85][30]   inferred      flip-flop                    
u_sram_mem_reg[85][31]   inferred      flip-flop                    
u_sram_mem_reg[86][0]    inferred      flip-flop                    
u_sram_mem_reg[86][1]    inferred      flip-flop                    
u_sram_mem_reg[86][2]    inferred      flip-flop                    
u_sram_mem_reg[86][3]    inferred      flip-flop                    
u_sram_mem_reg[86][4]    inferred      flip-flop                    
u_sram_mem_reg[86][5]    inferred      flip-flop                    
u_sram_mem_reg[86][6]    inferred      flip-flop                    
u_sram_mem_reg[86][7]    inferred      flip-flop                    
u_sram_mem_reg[86][8]    inferred      flip-flop                    
u_sram_mem_reg[86][9]    inferred      flip-flop                    
u_sram_mem_reg[86][10]   inferred      flip-flop                    
u_sram_mem_reg[86][11]   inferred      flip-flop                    
u_sram_mem_reg[86][12]   inferred      flip-flop                    
u_sram_mem_reg[86][13]   inferred      flip-flop                    
u_sram_mem_reg[86][14]   inferred      flip-flop                    
u_sram_mem_reg[86][15]   inferred      flip-flop                    
u_sram_mem_reg[86][16]   inferred      flip-flop                    
u_sram_mem_reg[86][17]   inferred      flip-flop                    
u_sram_mem_reg[86][18]   inferred      flip-flop                    
u_sram_mem_reg[86][19]   inferred      flip-flop                    
u_sram_mem_reg[86][20]   inferred      flip-flop                    
u_sram_mem_reg[86][21]   inferred      flip-flop                    
u_sram_mem_reg[86][22]   inferred      flip-flop                    
u_sram_mem_reg[86][23]   inferred      flip-flop                    
u_sram_mem_reg[86][24]   inferred      flip-flop                    
u_sram_mem_reg[86][25]   inferred      flip-flop                    
u_sram_mem_reg[86][26]   inferred      flip-flop                    
u_sram_mem_reg[86][27]   inferred      flip-flop                    
u_sram_mem_reg[86][28]   inferred      flip-flop                    
u_sram_mem_reg[86][29]   inferred      flip-flop                    
u_sram_mem_reg[86][30]   inferred      flip-flop                    
u_sram_mem_reg[86][31]   inferred      flip-flop                    
u_sram_mem_reg[87][0]    inferred      flip-flop                    
u_sram_mem_reg[87][1]    inferred      flip-flop                    
u_sram_mem_reg[87][2]    inferred      flip-flop                    
u_sram_mem_reg[87][3]    inferred      flip-flop                    
u_sram_mem_reg[87][4]    inferred      flip-flop                    
u_sram_mem_reg[87][5]    inferred      flip-flop                    
u_sram_mem_reg[87][6]    inferred      flip-flop                    
u_sram_mem_reg[87][7]    inferred      flip-flop                    
u_sram_mem_reg[87][8]    inferred      flip-flop                    
u_sram_mem_reg[87][9]    inferred      flip-flop                    
u_sram_mem_reg[87][10]   inferred      flip-flop                    
u_sram_mem_reg[87][11]   inferred      flip-flop                    
u_sram_mem_reg[87][12]   inferred      flip-flop                    
u_sram_mem_reg[87][13]   inferred      flip-flop                    
u_sram_mem_reg[87][14]   inferred      flip-flop                    
u_sram_mem_reg[87][15]   inferred      flip-flop                    
u_sram_mem_reg[87][16]   inferred      flip-flop                    
u_sram_mem_reg[87][17]   inferred      flip-flop                    
u_sram_mem_reg[87][18]   inferred      flip-flop                    
u_sram_mem_reg[87][19]   inferred      flip-flop                    
u_sram_mem_reg[87][20]   inferred      flip-flop                    
u_sram_mem_reg[87][21]   inferred      flip-flop                    
u_sram_mem_reg[87][22]   inferred      flip-flop                    
u_sram_mem_reg[87][23]   inferred      flip-flop                    
u_sram_mem_reg[87][24]   inferred      flip-flop                    
u_sram_mem_reg[87][25]   inferred      flip-flop                    
u_sram_mem_reg[87][26]   inferred      flip-flop                    
u_sram_mem_reg[87][27]   inferred      flip-flop                    
u_sram_mem_reg[87][28]   inferred      flip-flop                    
u_sram_mem_reg[87][29]   inferred      flip-flop                    
u_sram_mem_reg[87][30]   inferred      flip-flop                    
u_sram_mem_reg[87][31]   inferred      flip-flop                    
u_sram_mem_reg[88][0]    inferred      flip-flop                    
u_sram_mem_reg[88][1]    inferred      flip-flop                    
u_sram_mem_reg[88][2]    inferred      flip-flop                    
u_sram_mem_reg[88][3]    inferred      flip-flop                    
u_sram_mem_reg[88][4]    inferred      flip-flop                    
u_sram_mem_reg[88][5]    inferred      flip-flop                    
u_sram_mem_reg[88][6]    inferred      flip-flop                    
u_sram_mem_reg[88][7]    inferred      flip-flop                    
u_sram_mem_reg[88][8]    inferred      flip-flop                    
u_sram_mem_reg[88][9]    inferred      flip-flop                    
u_sram_mem_reg[88][10]   inferred      flip-flop                    
u_sram_mem_reg[88][11]   inferred      flip-flop                    
u_sram_mem_reg[88][12]   inferred      flip-flop                    
u_sram_mem_reg[88][13]   inferred      flip-flop                    
u_sram_mem_reg[88][14]   inferred      flip-flop                    
u_sram_mem_reg[88][15]   inferred      flip-flop                    
u_sram_mem_reg[88][16]   inferred      flip-flop                    
u_sram_mem_reg[88][17]   inferred      flip-flop                    
u_sram_mem_reg[88][18]   inferred      flip-flop                    
u_sram_mem_reg[88][19]   inferred      flip-flop                    
u_sram_mem_reg[88][20]   inferred      flip-flop                    
u_sram_mem_reg[88][21]   inferred      flip-flop                    
u_sram_mem_reg[88][22]   inferred      flip-flop                    
u_sram_mem_reg[88][23]   inferred      flip-flop                    
u_sram_mem_reg[88][24]   inferred      flip-flop                    
u_sram_mem_reg[88][25]   inferred      flip-flop                    
u_sram_mem_reg[88][26]   inferred      flip-flop                    
u_sram_mem_reg[88][27]   inferred      flip-flop                    
u_sram_mem_reg[88][28]   inferred      flip-flop                    
u_sram_mem_reg[88][29]   inferred      flip-flop                    
u_sram_mem_reg[88][30]   inferred      flip-flop                    
u_sram_mem_reg[88][31]   inferred      flip-flop                    
u_sram_mem_reg[89][0]    inferred      flip-flop                    
u_sram_mem_reg[89][1]    inferred      flip-flop                    
u_sram_mem_reg[89][2]    inferred      flip-flop                    
u_sram_mem_reg[89][3]    inferred      flip-flop                    
u_sram_mem_reg[89][4]    inferred      flip-flop                    
u_sram_mem_reg[89][5]    inferred      flip-flop                    
u_sram_mem_reg[89][6]    inferred      flip-flop                    
u_sram_mem_reg[89][7]    inferred      flip-flop                    
u_sram_mem_reg[89][8]    inferred      flip-flop                    
u_sram_mem_reg[89][9]    inferred      flip-flop                    
u_sram_mem_reg[89][10]   inferred      flip-flop                    
u_sram_mem_reg[89][11]   inferred      flip-flop                    
u_sram_mem_reg[89][12]   inferred      flip-flop                    
u_sram_mem_reg[89][13]   inferred      flip-flop                    
u_sram_mem_reg[89][14]   inferred      flip-flop                    
u_sram_mem_reg[89][15]   inferred      flip-flop                    
u_sram_mem_reg[89][16]   inferred      flip-flop                    
u_sram_mem_reg[89][17]   inferred      flip-flop                    
u_sram_mem_reg[89][18]   inferred      flip-flop                    
u_sram_mem_reg[89][19]   inferred      flip-flop                    
u_sram_mem_reg[89][20]   inferred      flip-flop                    
u_sram_mem_reg[89][21]   inferred      flip-flop                    
u_sram_mem_reg[89][22]   inferred      flip-flop                    
u_sram_mem_reg[89][23]   inferred      flip-flop                    
u_sram_mem_reg[89][24]   inferred      flip-flop                    
u_sram_mem_reg[89][25]   inferred      flip-flop                    
u_sram_mem_reg[89][26]   inferred      flip-flop                    
u_sram_mem_reg[89][27]   inferred      flip-flop                    
u_sram_mem_reg[89][28]   inferred      flip-flop                    
u_sram_mem_reg[89][29]   inferred      flip-flop                    
u_sram_mem_reg[89][30]   inferred      flip-flop                    
u_sram_mem_reg[89][31]   inferred      flip-flop                    
u_sram_mem_reg[90][0]    inferred      flip-flop                    
u_sram_mem_reg[90][1]    inferred      flip-flop                    
u_sram_mem_reg[90][2]    inferred      flip-flop                    
u_sram_mem_reg[90][3]    inferred      flip-flop                    
u_sram_mem_reg[90][4]    inferred      flip-flop                    
u_sram_mem_reg[90][5]    inferred      flip-flop                    
u_sram_mem_reg[90][6]    inferred      flip-flop                    
u_sram_mem_reg[90][7]    inferred      flip-flop                    
u_sram_mem_reg[90][8]    inferred      flip-flop                    
u_sram_mem_reg[90][9]    inferred      flip-flop                    
u_sram_mem_reg[90][10]   inferred      flip-flop                    
u_sram_mem_reg[90][11]   inferred      flip-flop                    
u_sram_mem_reg[90][12]   inferred      flip-flop                    
u_sram_mem_reg[90][13]   inferred      flip-flop                    
u_sram_mem_reg[90][14]   inferred      flip-flop                    
u_sram_mem_reg[90][15]   inferred      flip-flop                    
u_sram_mem_reg[90][16]   inferred      flip-flop                    
u_sram_mem_reg[90][17]   inferred      flip-flop                    
u_sram_mem_reg[90][18]   inferred      flip-flop                    
u_sram_mem_reg[90][19]   inferred      flip-flop                    
u_sram_mem_reg[90][20]   inferred      flip-flop                    
u_sram_mem_reg[90][21]   inferred      flip-flop                    
u_sram_mem_reg[90][22]   inferred      flip-flop                    
u_sram_mem_reg[90][23]   inferred      flip-flop                    
u_sram_mem_reg[90][24]   inferred      flip-flop                    
u_sram_mem_reg[90][25]   inferred      flip-flop                    
u_sram_mem_reg[90][26]   inferred      flip-flop                    
u_sram_mem_reg[90][27]   inferred      flip-flop                    
u_sram_mem_reg[90][28]   inferred      flip-flop                    
u_sram_mem_reg[90][29]   inferred      flip-flop                    
u_sram_mem_reg[90][30]   inferred      flip-flop                    
u_sram_mem_reg[90][31]   inferred      flip-flop                    
u_sram_mem_reg[91][0]    inferred      flip-flop                    
u_sram_mem_reg[91][1]    inferred      flip-flop                    
u_sram_mem_reg[91][2]    inferred      flip-flop                    
u_sram_mem_reg[91][3]    inferred      flip-flop                    
u_sram_mem_reg[91][4]    inferred      flip-flop                    
u_sram_mem_reg[91][5]    inferred      flip-flop                    
u_sram_mem_reg[91][6]    inferred      flip-flop                    
u_sram_mem_reg[91][7]    inferred      flip-flop                    
u_sram_mem_reg[91][8]    inferred      flip-flop                    
u_sram_mem_reg[91][9]    inferred      flip-flop                    
u_sram_mem_reg[91][10]   inferred      flip-flop                    
u_sram_mem_reg[91][11]   inferred      flip-flop                    
u_sram_mem_reg[91][12]   inferred      flip-flop                    
u_sram_mem_reg[91][13]   inferred      flip-flop                    
u_sram_mem_reg[91][14]   inferred      flip-flop                    
u_sram_mem_reg[91][15]   inferred      flip-flop                    
u_sram_mem_reg[91][16]   inferred      flip-flop                    
u_sram_mem_reg[91][17]   inferred      flip-flop                    
u_sram_mem_reg[91][18]   inferred      flip-flop                    
u_sram_mem_reg[91][19]   inferred      flip-flop                    
u_sram_mem_reg[91][20]   inferred      flip-flop                    
u_sram_mem_reg[91][21]   inferred      flip-flop                    
u_sram_mem_reg[91][22]   inferred      flip-flop                    
u_sram_mem_reg[91][23]   inferred      flip-flop                    
u_sram_mem_reg[91][24]   inferred      flip-flop                    
u_sram_mem_reg[91][25]   inferred      flip-flop                    
u_sram_mem_reg[91][26]   inferred      flip-flop                    
u_sram_mem_reg[91][27]   inferred      flip-flop                    
u_sram_mem_reg[91][28]   inferred      flip-flop                    
u_sram_mem_reg[91][29]   inferred      flip-flop                    
u_sram_mem_reg[91][30]   inferred      flip-flop                    
u_sram_mem_reg[91][31]   inferred      flip-flop                    
u_sram_mem_reg[92][0]    inferred      flip-flop                    
u_sram_mem_reg[92][1]    inferred      flip-flop                    
u_sram_mem_reg[92][2]    inferred      flip-flop                    
u_sram_mem_reg[92][3]    inferred      flip-flop                    
u_sram_mem_reg[92][4]    inferred      flip-flop                    
u_sram_mem_reg[92][5]    inferred      flip-flop                    
u_sram_mem_reg[92][6]    inferred      flip-flop                    
u_sram_mem_reg[92][7]    inferred      flip-flop                    
u_sram_mem_reg[92][8]    inferred      flip-flop                    
u_sram_mem_reg[92][9]    inferred      flip-flop                    
u_sram_mem_reg[92][10]   inferred      flip-flop                    
u_sram_mem_reg[92][11]   inferred      flip-flop                    
u_sram_mem_reg[92][12]   inferred      flip-flop                    
u_sram_mem_reg[92][13]   inferred      flip-flop                    
u_sram_mem_reg[92][14]   inferred      flip-flop                    
u_sram_mem_reg[92][15]   inferred      flip-flop                    
u_sram_mem_reg[92][16]   inferred      flip-flop                    
u_sram_mem_reg[92][17]   inferred      flip-flop                    
u_sram_mem_reg[92][18]   inferred      flip-flop                    
u_sram_mem_reg[92][19]   inferred      flip-flop                    
u_sram_mem_reg[92][20]   inferred      flip-flop                    
u_sram_mem_reg[92][21]   inferred      flip-flop                    
u_sram_mem_reg[92][22]   inferred      flip-flop                    
u_sram_mem_reg[92][23]   inferred      flip-flop                    
u_sram_mem_reg[92][24]   inferred      flip-flop                    
u_sram_mem_reg[92][25]   inferred      flip-flop                    
u_sram_mem_reg[92][26]   inferred      flip-flop                    
u_sram_mem_reg[92][27]   inferred      flip-flop                    
u_sram_mem_reg[92][28]   inferred      flip-flop                    
u_sram_mem_reg[92][29]   inferred      flip-flop                    
u_sram_mem_reg[92][30]   inferred      flip-flop                    
u_sram_mem_reg[92][31]   inferred      flip-flop                    
u_sram_mem_reg[93][0]    inferred      flip-flop                    
u_sram_mem_reg[93][1]    inferred      flip-flop                    
u_sram_mem_reg[93][2]    inferred      flip-flop                    
u_sram_mem_reg[93][3]    inferred      flip-flop                    
u_sram_mem_reg[93][4]    inferred      flip-flop                    
u_sram_mem_reg[93][5]    inferred      flip-flop                    
u_sram_mem_reg[93][6]    inferred      flip-flop                    
u_sram_mem_reg[93][7]    inferred      flip-flop                    
u_sram_mem_reg[93][8]    inferred      flip-flop                    
u_sram_mem_reg[93][9]    inferred      flip-flop                    
u_sram_mem_reg[93][10]   inferred      flip-flop                    
u_sram_mem_reg[93][11]   inferred      flip-flop                    
u_sram_mem_reg[93][12]   inferred      flip-flop                    
u_sram_mem_reg[93][13]   inferred      flip-flop                    
u_sram_mem_reg[93][14]   inferred      flip-flop                    
u_sram_mem_reg[93][15]   inferred      flip-flop                    
u_sram_mem_reg[93][16]   inferred      flip-flop                    
u_sram_mem_reg[93][17]   inferred      flip-flop                    
u_sram_mem_reg[93][18]   inferred      flip-flop                    
u_sram_mem_reg[93][19]   inferred      flip-flop                    
u_sram_mem_reg[93][20]   inferred      flip-flop                    
u_sram_mem_reg[93][21]   inferred      flip-flop                    
u_sram_mem_reg[93][22]   inferred      flip-flop                    
u_sram_mem_reg[93][23]   inferred      flip-flop                    
u_sram_mem_reg[93][24]   inferred      flip-flop                    
u_sram_mem_reg[93][25]   inferred      flip-flop                    
u_sram_mem_reg[93][26]   inferred      flip-flop                    
u_sram_mem_reg[93][27]   inferred      flip-flop                    
u_sram_mem_reg[93][28]   inferred      flip-flop                    
u_sram_mem_reg[93][29]   inferred      flip-flop                    
u_sram_mem_reg[93][30]   inferred      flip-flop                    
u_sram_mem_reg[93][31]   inferred      flip-flop                    
u_sram_mem_reg[94][0]    inferred      flip-flop                    
u_sram_mem_reg[94][1]    inferred      flip-flop                    
u_sram_mem_reg[94][2]    inferred      flip-flop                    
u_sram_mem_reg[94][3]    inferred      flip-flop                    
u_sram_mem_reg[94][4]    inferred      flip-flop                    
u_sram_mem_reg[94][5]    inferred      flip-flop                    
u_sram_mem_reg[94][6]    inferred      flip-flop                    
u_sram_mem_reg[94][7]    inferred      flip-flop                    
u_sram_mem_reg[94][8]    inferred      flip-flop                    
u_sram_mem_reg[94][9]    inferred      flip-flop                    
u_sram_mem_reg[94][10]   inferred      flip-flop                    
u_sram_mem_reg[94][11]   inferred      flip-flop                    
u_sram_mem_reg[94][12]   inferred      flip-flop                    
u_sram_mem_reg[94][13]   inferred      flip-flop                    
u_sram_mem_reg[94][14]   inferred      flip-flop                    
u_sram_mem_reg[94][15]   inferred      flip-flop                    
u_sram_mem_reg[94][16]   inferred      flip-flop                    
u_sram_mem_reg[94][17]   inferred      flip-flop                    
u_sram_mem_reg[94][18]   inferred      flip-flop                    
u_sram_mem_reg[94][19]   inferred      flip-flop                    
u_sram_mem_reg[94][20]   inferred      flip-flop                    
u_sram_mem_reg[94][21]   inferred      flip-flop                    
u_sram_mem_reg[94][22]   inferred      flip-flop                    
u_sram_mem_reg[94][23]   inferred      flip-flop                    
u_sram_mem_reg[94][24]   inferred      flip-flop                    
u_sram_mem_reg[94][25]   inferred      flip-flop                    
u_sram_mem_reg[94][26]   inferred      flip-flop                    
u_sram_mem_reg[94][27]   inferred      flip-flop                    
u_sram_mem_reg[94][28]   inferred      flip-flop                    
u_sram_mem_reg[94][29]   inferred      flip-flop                    
u_sram_mem_reg[94][30]   inferred      flip-flop                    
u_sram_mem_reg[94][31]   inferred      flip-flop                    
u_sram_mem_reg[95][0]    inferred      flip-flop                    
u_sram_mem_reg[95][1]    inferred      flip-flop                    
u_sram_mem_reg[95][2]    inferred      flip-flop                    
u_sram_mem_reg[95][3]    inferred      flip-flop                    
u_sram_mem_reg[95][4]    inferred      flip-flop                    
u_sram_mem_reg[95][5]    inferred      flip-flop                    
u_sram_mem_reg[95][6]    inferred      flip-flop                    
u_sram_mem_reg[95][7]    inferred      flip-flop                    
u_sram_mem_reg[95][8]    inferred      flip-flop                    
u_sram_mem_reg[95][9]    inferred      flip-flop                    
u_sram_mem_reg[95][10]   inferred      flip-flop                    
u_sram_mem_reg[95][11]   inferred      flip-flop                    
u_sram_mem_reg[95][12]   inferred      flip-flop                    
u_sram_mem_reg[95][13]   inferred      flip-flop                    
u_sram_mem_reg[95][14]   inferred      flip-flop                    
u_sram_mem_reg[95][15]   inferred      flip-flop                    
u_sram_mem_reg[95][16]   inferred      flip-flop                    
u_sram_mem_reg[95][17]   inferred      flip-flop                    
u_sram_mem_reg[95][18]   inferred      flip-flop                    
u_sram_mem_reg[95][19]   inferred      flip-flop                    
u_sram_mem_reg[95][20]   inferred      flip-flop                    
u_sram_mem_reg[95][21]   inferred      flip-flop                    
u_sram_mem_reg[95][22]   inferred      flip-flop                    
u_sram_mem_reg[95][23]   inferred      flip-flop                    
u_sram_mem_reg[95][24]   inferred      flip-flop                    
u_sram_mem_reg[95][25]   inferred      flip-flop                    
u_sram_mem_reg[95][26]   inferred      flip-flop                    
u_sram_mem_reg[95][27]   inferred      flip-flop                    
u_sram_mem_reg[95][28]   inferred      flip-flop                    
u_sram_mem_reg[95][29]   inferred      flip-flop                    
u_sram_mem_reg[95][30]   inferred      flip-flop                    
u_sram_mem_reg[95][31]   inferred      flip-flop                    
u_sram_mem_reg[96][0]    inferred      flip-flop                    
u_sram_mem_reg[96][1]    inferred      flip-flop                    
u_sram_mem_reg[96][2]    inferred      flip-flop                    
u_sram_mem_reg[96][3]    inferred      flip-flop                    
u_sram_mem_reg[96][4]    inferred      flip-flop                    
u_sram_mem_reg[96][5]    inferred      flip-flop                    
u_sram_mem_reg[96][6]    inferred      flip-flop                    
u_sram_mem_reg[96][7]    inferred      flip-flop                    
u_sram_mem_reg[96][8]    inferred      flip-flop                    
u_sram_mem_reg[96][9]    inferred      flip-flop                    
u_sram_mem_reg[96][10]   inferred      flip-flop                    
u_sram_mem_reg[96][11]   inferred      flip-flop                    
u_sram_mem_reg[96][12]   inferred      flip-flop                    
u_sram_mem_reg[96][13]   inferred      flip-flop                    
u_sram_mem_reg[96][14]   inferred      flip-flop                    
u_sram_mem_reg[96][15]   inferred      flip-flop                    
u_sram_mem_reg[96][16]   inferred      flip-flop                    
u_sram_mem_reg[96][17]   inferred      flip-flop                    
u_sram_mem_reg[96][18]   inferred      flip-flop                    
u_sram_mem_reg[96][19]   inferred      flip-flop                    
u_sram_mem_reg[96][20]   inferred      flip-flop                    
u_sram_mem_reg[96][21]   inferred      flip-flop                    
u_sram_mem_reg[96][22]   inferred      flip-flop                    
u_sram_mem_reg[96][23]   inferred      flip-flop                    
u_sram_mem_reg[96][24]   inferred      flip-flop                    
u_sram_mem_reg[96][25]   inferred      flip-flop                    
u_sram_mem_reg[96][26]   inferred      flip-flop                    
u_sram_mem_reg[96][27]   inferred      flip-flop                    
u_sram_mem_reg[96][28]   inferred      flip-flop                    
u_sram_mem_reg[96][29]   inferred      flip-flop                    
u_sram_mem_reg[96][30]   inferred      flip-flop                    
u_sram_mem_reg[96][31]   inferred      flip-flop                    
u_sram_mem_reg[97][0]    inferred      flip-flop                    
u_sram_mem_reg[97][1]    inferred      flip-flop                    
u_sram_mem_reg[97][2]    inferred      flip-flop                    
u_sram_mem_reg[97][3]    inferred      flip-flop                    
u_sram_mem_reg[97][4]    inferred      flip-flop                    
u_sram_mem_reg[97][5]    inferred      flip-flop                    
u_sram_mem_reg[97][6]    inferred      flip-flop                    
u_sram_mem_reg[97][7]    inferred      flip-flop                    
u_sram_mem_reg[97][8]    inferred      flip-flop                    
u_sram_mem_reg[97][9]    inferred      flip-flop                    
u_sram_mem_reg[97][10]   inferred      flip-flop                    
u_sram_mem_reg[97][11]   inferred      flip-flop                    
u_sram_mem_reg[97][12]   inferred      flip-flop                    
u_sram_mem_reg[97][13]   inferred      flip-flop                    
u_sram_mem_reg[97][14]   inferred      flip-flop                    
u_sram_mem_reg[97][15]   inferred      flip-flop                    
u_sram_mem_reg[97][16]   inferred      flip-flop                    
u_sram_mem_reg[97][17]   inferred      flip-flop                    
u_sram_mem_reg[97][18]   inferred      flip-flop                    
u_sram_mem_reg[97][19]   inferred      flip-flop                    
u_sram_mem_reg[97][20]   inferred      flip-flop                    
u_sram_mem_reg[97][21]   inferred      flip-flop                    
u_sram_mem_reg[97][22]   inferred      flip-flop                    
u_sram_mem_reg[97][23]   inferred      flip-flop                    
u_sram_mem_reg[97][24]   inferred      flip-flop                    
u_sram_mem_reg[97][25]   inferred      flip-flop                    
u_sram_mem_reg[97][26]   inferred      flip-flop                    
u_sram_mem_reg[97][27]   inferred      flip-flop                    
u_sram_mem_reg[97][28]   inferred      flip-flop                    
u_sram_mem_reg[97][29]   inferred      flip-flop                    
u_sram_mem_reg[97][30]   inferred      flip-flop                    
u_sram_mem_reg[97][31]   inferred      flip-flop                    
u_sram_mem_reg[98][0]    inferred      flip-flop                    
u_sram_mem_reg[98][1]    inferred      flip-flop                    
u_sram_mem_reg[98][2]    inferred      flip-flop                    
u_sram_mem_reg[98][3]    inferred      flip-flop                    
u_sram_mem_reg[98][4]    inferred      flip-flop                    
u_sram_mem_reg[98][5]    inferred      flip-flop                    
u_sram_mem_reg[98][6]    inferred      flip-flop                    
u_sram_mem_reg[98][7]    inferred      flip-flop                    
u_sram_mem_reg[98][8]    inferred      flip-flop                    
u_sram_mem_reg[98][9]    inferred      flip-flop                    
u_sram_mem_reg[98][10]   inferred      flip-flop                    
u_sram_mem_reg[98][11]   inferred      flip-flop                    
u_sram_mem_reg[98][12]   inferred      flip-flop                    
u_sram_mem_reg[98][13]   inferred      flip-flop                    
u_sram_mem_reg[98][14]   inferred      flip-flop                    
u_sram_mem_reg[98][15]   inferred      flip-flop                    
u_sram_mem_reg[98][16]   inferred      flip-flop                    
u_sram_mem_reg[98][17]   inferred      flip-flop                    
u_sram_mem_reg[98][18]   inferred      flip-flop                    
u_sram_mem_reg[98][19]   inferred      flip-flop                    
u_sram_mem_reg[98][20]   inferred      flip-flop                    
u_sram_mem_reg[98][21]   inferred      flip-flop                    
u_sram_mem_reg[98][22]   inferred      flip-flop                    
u_sram_mem_reg[98][23]   inferred      flip-flop                    
u_sram_mem_reg[98][24]   inferred      flip-flop                    
u_sram_mem_reg[98][25]   inferred      flip-flop                    
u_sram_mem_reg[98][26]   inferred      flip-flop                    
u_sram_mem_reg[98][27]   inferred      flip-flop                    
u_sram_mem_reg[98][28]   inferred      flip-flop                    
u_sram_mem_reg[98][29]   inferred      flip-flop                    
u_sram_mem_reg[98][30]   inferred      flip-flop                    
u_sram_mem_reg[98][31]   inferred      flip-flop                    
u_sram_mem_reg[99][0]    inferred      flip-flop                    
u_sram_mem_reg[99][1]    inferred      flip-flop                    
u_sram_mem_reg[99][2]    inferred      flip-flop                    
u_sram_mem_reg[99][3]    inferred      flip-flop                    
u_sram_mem_reg[99][4]    inferred      flip-flop                    
u_sram_mem_reg[99][5]    inferred      flip-flop                    
u_sram_mem_reg[99][6]    inferred      flip-flop                    
u_sram_mem_reg[99][7]    inferred      flip-flop                    
u_sram_mem_reg[99][8]    inferred      flip-flop                    
u_sram_mem_reg[99][9]    inferred      flip-flop                    
u_sram_mem_reg[99][10]   inferred      flip-flop                    
u_sram_mem_reg[99][11]   inferred      flip-flop                    
u_sram_mem_reg[99][12]   inferred      flip-flop                    
u_sram_mem_reg[99][13]   inferred      flip-flop                    
u_sram_mem_reg[99][14]   inferred      flip-flop                    
u_sram_mem_reg[99][15]   inferred      flip-flop                    
u_sram_mem_reg[99][16]   inferred      flip-flop                    
u_sram_mem_reg[99][17]   inferred      flip-flop                    
u_sram_mem_reg[99][18]   inferred      flip-flop                    
u_sram_mem_reg[99][19]   inferred      flip-flop                    
u_sram_mem_reg[99][20]   inferred      flip-flop                    
u_sram_mem_reg[99][21]   inferred      flip-flop                    
u_sram_mem_reg[99][22]   inferred      flip-flop                    
u_sram_mem_reg[99][23]   inferred      flip-flop                    
u_sram_mem_reg[99][24]   inferred      flip-flop                    
u_sram_mem_reg[99][25]   inferred      flip-flop                    
u_sram_mem_reg[99][26]   inferred      flip-flop                    
u_sram_mem_reg[99][27]   inferred      flip-flop                    
u_sram_mem_reg[99][28]   inferred      flip-flop                    
u_sram_mem_reg[99][29]   inferred      flip-flop                    
u_sram_mem_reg[99][30]   inferred      flip-flop                    
u_sram_mem_reg[99][31]   inferred      flip-flop                    
u_sram_mem_reg[100][0]   inferred      flip-flop                    
u_sram_mem_reg[100][1]   inferred      flip-flop                    
u_sram_mem_reg[100][2]   inferred      flip-flop                    
u_sram_mem_reg[100][3]   inferred      flip-flop                    
u_sram_mem_reg[100][4]   inferred      flip-flop                    
u_sram_mem_reg[100][5]   inferred      flip-flop                    
u_sram_mem_reg[100][6]   inferred      flip-flop                    
u_sram_mem_reg[100][7]   inferred      flip-flop                    
u_sram_mem_reg[100][8]   inferred      flip-flop                    
u_sram_mem_reg[100][9]   inferred      flip-flop                    
u_sram_mem_reg[100][10]  inferred      flip-flop                    
u_sram_mem_reg[100][11]  inferred      flip-flop                    
u_sram_mem_reg[100][12]  inferred      flip-flop                    
u_sram_mem_reg[100][13]  inferred      flip-flop                    
u_sram_mem_reg[100][14]  inferred      flip-flop                    
u_sram_mem_reg[100][15]  inferred      flip-flop                    
u_sram_mem_reg[100][16]  inferred      flip-flop                    
u_sram_mem_reg[100][17]  inferred      flip-flop                    
u_sram_mem_reg[100][18]  inferred      flip-flop                    
u_sram_mem_reg[100][19]  inferred      flip-flop                    
u_sram_mem_reg[100][20]  inferred      flip-flop                    
u_sram_mem_reg[100][21]  inferred      flip-flop                    
u_sram_mem_reg[100][22]  inferred      flip-flop                    
u_sram_mem_reg[100][23]  inferred      flip-flop                    
u_sram_mem_reg[100][24]  inferred      flip-flop                    
u_sram_mem_reg[100][25]  inferred      flip-flop                    
u_sram_mem_reg[100][26]  inferred      flip-flop                    
u_sram_mem_reg[100][27]  inferred      flip-flop                    
u_sram_mem_reg[100][28]  inferred      flip-flop                    
u_sram_mem_reg[100][29]  inferred      flip-flop                    
u_sram_mem_reg[100][30]  inferred      flip-flop                    
u_sram_mem_reg[100][31]  inferred      flip-flop                    
u_sram_mem_reg[101][0]   inferred      flip-flop                    
u_sram_mem_reg[101][1]   inferred      flip-flop                    
u_sram_mem_reg[101][2]   inferred      flip-flop                    
u_sram_mem_reg[101][3]   inferred      flip-flop                    
u_sram_mem_reg[101][4]   inferred      flip-flop                    
u_sram_mem_reg[101][5]   inferred      flip-flop                    
u_sram_mem_reg[101][6]   inferred      flip-flop                    
u_sram_mem_reg[101][7]   inferred      flip-flop                    
u_sram_mem_reg[101][8]   inferred      flip-flop                    
u_sram_mem_reg[101][9]   inferred      flip-flop                    
u_sram_mem_reg[101][10]  inferred      flip-flop                    
u_sram_mem_reg[101][11]  inferred      flip-flop                    
u_sram_mem_reg[101][12]  inferred      flip-flop                    
u_sram_mem_reg[101][13]  inferred      flip-flop                    
u_sram_mem_reg[101][14]  inferred      flip-flop                    
u_sram_mem_reg[101][15]  inferred      flip-flop                    
u_sram_mem_reg[101][16]  inferred      flip-flop                    
u_sram_mem_reg[101][17]  inferred      flip-flop                    
u_sram_mem_reg[101][18]  inferred      flip-flop                    
u_sram_mem_reg[101][19]  inferred      flip-flop                    
u_sram_mem_reg[101][20]  inferred      flip-flop                    
u_sram_mem_reg[101][21]  inferred      flip-flop                    
u_sram_mem_reg[101][22]  inferred      flip-flop                    
u_sram_mem_reg[101][23]  inferred      flip-flop                    
u_sram_mem_reg[101][24]  inferred      flip-flop                    
u_sram_mem_reg[101][25]  inferred      flip-flop                    
u_sram_mem_reg[101][26]  inferred      flip-flop                    
u_sram_mem_reg[101][27]  inferred      flip-flop                    
u_sram_mem_reg[101][28]  inferred      flip-flop                    
u_sram_mem_reg[101][29]  inferred      flip-flop                    
u_sram_mem_reg[101][30]  inferred      flip-flop                    
u_sram_mem_reg[101][31]  inferred      flip-flop                    
u_sram_mem_reg[102][0]   inferred      flip-flop                    
u_sram_mem_reg[102][1]   inferred      flip-flop                    
u_sram_mem_reg[102][2]   inferred      flip-flop                    
u_sram_mem_reg[102][3]   inferred      flip-flop                    
u_sram_mem_reg[102][4]   inferred      flip-flop                    
u_sram_mem_reg[102][5]   inferred      flip-flop                    
u_sram_mem_reg[102][6]   inferred      flip-flop                    
u_sram_mem_reg[102][7]   inferred      flip-flop                    
u_sram_mem_reg[102][8]   inferred      flip-flop                    
u_sram_mem_reg[102][9]   inferred      flip-flop                    
u_sram_mem_reg[102][10]  inferred      flip-flop                    
u_sram_mem_reg[102][11]  inferred      flip-flop                    
u_sram_mem_reg[102][12]  inferred      flip-flop                    
u_sram_mem_reg[102][13]  inferred      flip-flop                    
u_sram_mem_reg[102][14]  inferred      flip-flop                    
u_sram_mem_reg[102][15]  inferred      flip-flop                    
u_sram_mem_reg[102][16]  inferred      flip-flop                    
u_sram_mem_reg[102][17]  inferred      flip-flop                    
u_sram_mem_reg[102][18]  inferred      flip-flop                    
u_sram_mem_reg[102][19]  inferred      flip-flop                    
u_sram_mem_reg[102][20]  inferred      flip-flop                    
u_sram_mem_reg[102][21]  inferred      flip-flop                    
u_sram_mem_reg[102][22]  inferred      flip-flop                    
u_sram_mem_reg[102][23]  inferred      flip-flop                    
u_sram_mem_reg[102][24]  inferred      flip-flop                    
u_sram_mem_reg[102][25]  inferred      flip-flop                    
u_sram_mem_reg[102][26]  inferred      flip-flop                    
u_sram_mem_reg[102][27]  inferred      flip-flop                    
u_sram_mem_reg[102][28]  inferred      flip-flop                    
u_sram_mem_reg[102][29]  inferred      flip-flop                    
u_sram_mem_reg[102][30]  inferred      flip-flop                    
u_sram_mem_reg[102][31]  inferred      flip-flop                    
u_sram_mem_reg[103][0]   inferred      flip-flop                    
u_sram_mem_reg[103][1]   inferred      flip-flop                    
u_sram_mem_reg[103][2]   inferred      flip-flop                    
u_sram_mem_reg[103][3]   inferred      flip-flop                    
u_sram_mem_reg[103][4]   inferred      flip-flop                    
u_sram_mem_reg[103][5]   inferred      flip-flop                    
u_sram_mem_reg[103][6]   inferred      flip-flop                    
u_sram_mem_reg[103][7]   inferred      flip-flop                    
u_sram_mem_reg[103][8]   inferred      flip-flop                    
u_sram_mem_reg[103][9]   inferred      flip-flop                    
u_sram_mem_reg[103][10]  inferred      flip-flop                    
u_sram_mem_reg[103][11]  inferred      flip-flop                    
u_sram_mem_reg[103][12]  inferred      flip-flop                    
u_sram_mem_reg[103][13]  inferred      flip-flop                    
u_sram_mem_reg[103][14]  inferred      flip-flop                    
u_sram_mem_reg[103][15]  inferred      flip-flop                    
u_sram_mem_reg[103][16]  inferred      flip-flop                    
u_sram_mem_reg[103][17]  inferred      flip-flop                    
u_sram_mem_reg[103][18]  inferred      flip-flop                    
u_sram_mem_reg[103][19]  inferred      flip-flop                    
u_sram_mem_reg[103][20]  inferred      flip-flop                    
u_sram_mem_reg[103][21]  inferred      flip-flop                    
u_sram_mem_reg[103][22]  inferred      flip-flop                    
u_sram_mem_reg[103][23]  inferred      flip-flop                    
u_sram_mem_reg[103][24]  inferred      flip-flop                    
u_sram_mem_reg[103][25]  inferred      flip-flop                    
u_sram_mem_reg[103][26]  inferred      flip-flop                    
u_sram_mem_reg[103][27]  inferred      flip-flop                    
u_sram_mem_reg[103][28]  inferred      flip-flop                    
u_sram_mem_reg[103][29]  inferred      flip-flop                    
u_sram_mem_reg[103][30]  inferred      flip-flop                    
u_sram_mem_reg[103][31]  inferred      flip-flop                    
u_sram_mem_reg[104][0]   inferred      flip-flop                    
u_sram_mem_reg[104][1]   inferred      flip-flop                    
u_sram_mem_reg[104][2]   inferred      flip-flop                    
u_sram_mem_reg[104][3]   inferred      flip-flop                    
u_sram_mem_reg[104][4]   inferred      flip-flop                    
u_sram_mem_reg[104][5]   inferred      flip-flop                    
u_sram_mem_reg[104][6]   inferred      flip-flop                    
u_sram_mem_reg[104][7]   inferred      flip-flop                    
u_sram_mem_reg[104][8]   inferred      flip-flop                    
u_sram_mem_reg[104][9]   inferred      flip-flop                    
u_sram_mem_reg[104][10]  inferred      flip-flop                    
u_sram_mem_reg[104][11]  inferred      flip-flop                    
u_sram_mem_reg[104][12]  inferred      flip-flop                    
u_sram_mem_reg[104][13]  inferred      flip-flop                    
u_sram_mem_reg[104][14]  inferred      flip-flop                    
u_sram_mem_reg[104][15]  inferred      flip-flop                    
u_sram_mem_reg[104][16]  inferred      flip-flop                    
u_sram_mem_reg[104][17]  inferred      flip-flop                    
u_sram_mem_reg[104][18]  inferred      flip-flop                    
u_sram_mem_reg[104][19]  inferred      flip-flop                    
u_sram_mem_reg[104][20]  inferred      flip-flop                    
u_sram_mem_reg[104][21]  inferred      flip-flop                    
u_sram_mem_reg[104][22]  inferred      flip-flop                    
u_sram_mem_reg[104][23]  inferred      flip-flop                    
u_sram_mem_reg[104][24]  inferred      flip-flop                    
u_sram_mem_reg[104][25]  inferred      flip-flop                    
u_sram_mem_reg[104][26]  inferred      flip-flop                    
u_sram_mem_reg[104][27]  inferred      flip-flop                    
u_sram_mem_reg[104][28]  inferred      flip-flop                    
u_sram_mem_reg[104][29]  inferred      flip-flop                    
u_sram_mem_reg[104][30]  inferred      flip-flop                    
u_sram_mem_reg[104][31]  inferred      flip-flop                    
u_sram_mem_reg[105][0]   inferred      flip-flop                    
u_sram_mem_reg[105][1]   inferred      flip-flop                    
u_sram_mem_reg[105][2]   inferred      flip-flop                    
u_sram_mem_reg[105][3]   inferred      flip-flop                    
u_sram_mem_reg[105][4]   inferred      flip-flop                    
u_sram_mem_reg[105][5]   inferred      flip-flop                    
u_sram_mem_reg[105][6]   inferred      flip-flop                    
u_sram_mem_reg[105][7]   inferred      flip-flop                    
u_sram_mem_reg[105][8]   inferred      flip-flop                    
u_sram_mem_reg[105][9]   inferred      flip-flop                    
u_sram_mem_reg[105][10]  inferred      flip-flop                    
u_sram_mem_reg[105][11]  inferred      flip-flop                    
u_sram_mem_reg[105][12]  inferred      flip-flop                    
u_sram_mem_reg[105][13]  inferred      flip-flop                    
u_sram_mem_reg[105][14]  inferred      flip-flop                    
u_sram_mem_reg[105][15]  inferred      flip-flop                    
u_sram_mem_reg[105][16]  inferred      flip-flop                    
u_sram_mem_reg[105][17]  inferred      flip-flop                    
u_sram_mem_reg[105][18]  inferred      flip-flop                    
u_sram_mem_reg[105][19]  inferred      flip-flop                    
u_sram_mem_reg[105][20]  inferred      flip-flop                    
u_sram_mem_reg[105][21]  inferred      flip-flop                    
u_sram_mem_reg[105][22]  inferred      flip-flop                    
u_sram_mem_reg[105][23]  inferred      flip-flop                    
u_sram_mem_reg[105][24]  inferred      flip-flop                    
u_sram_mem_reg[105][25]  inferred      flip-flop                    
u_sram_mem_reg[105][26]  inferred      flip-flop                    
u_sram_mem_reg[105][27]  inferred      flip-flop                    
u_sram_mem_reg[105][28]  inferred      flip-flop                    
u_sram_mem_reg[105][29]  inferred      flip-flop                    
u_sram_mem_reg[105][30]  inferred      flip-flop                    
u_sram_mem_reg[105][31]  inferred      flip-flop                    
u_sram_mem_reg[106][0]   inferred      flip-flop                    
u_sram_mem_reg[106][1]   inferred      flip-flop                    
u_sram_mem_reg[106][2]   inferred      flip-flop                    
u_sram_mem_reg[106][3]   inferred      flip-flop                    
u_sram_mem_reg[106][4]   inferred      flip-flop                    
u_sram_mem_reg[106][5]   inferred      flip-flop                    
u_sram_mem_reg[106][6]   inferred      flip-flop                    
u_sram_mem_reg[106][7]   inferred      flip-flop                    
u_sram_mem_reg[106][8]   inferred      flip-flop                    
u_sram_mem_reg[106][9]   inferred      flip-flop                    
u_sram_mem_reg[106][10]  inferred      flip-flop                    
u_sram_mem_reg[106][11]  inferred      flip-flop                    
u_sram_mem_reg[106][12]  inferred      flip-flop                    
u_sram_mem_reg[106][13]  inferred      flip-flop                    
u_sram_mem_reg[106][14]  inferred      flip-flop                    
u_sram_mem_reg[106][15]  inferred      flip-flop                    
u_sram_mem_reg[106][16]  inferred      flip-flop                    
u_sram_mem_reg[106][17]  inferred      flip-flop                    
u_sram_mem_reg[106][18]  inferred      flip-flop                    
u_sram_mem_reg[106][19]  inferred      flip-flop                    
u_sram_mem_reg[106][20]  inferred      flip-flop                    
u_sram_mem_reg[106][21]  inferred      flip-flop                    
u_sram_mem_reg[106][22]  inferred      flip-flop                    
u_sram_mem_reg[106][23]  inferred      flip-flop                    
u_sram_mem_reg[106][24]  inferred      flip-flop                    
u_sram_mem_reg[106][25]  inferred      flip-flop                    
u_sram_mem_reg[106][26]  inferred      flip-flop                    
u_sram_mem_reg[106][27]  inferred      flip-flop                    
u_sram_mem_reg[106][28]  inferred      flip-flop                    
u_sram_mem_reg[106][29]  inferred      flip-flop                    
u_sram_mem_reg[106][30]  inferred      flip-flop                    
u_sram_mem_reg[106][31]  inferred      flip-flop                    
u_sram_mem_reg[107][0]   inferred      flip-flop                    
u_sram_mem_reg[107][1]   inferred      flip-flop                    
u_sram_mem_reg[107][2]   inferred      flip-flop                    
u_sram_mem_reg[107][3]   inferred      flip-flop                    
u_sram_mem_reg[107][4]   inferred      flip-flop                    
u_sram_mem_reg[107][5]   inferred      flip-flop                    
u_sram_mem_reg[107][6]   inferred      flip-flop                    
u_sram_mem_reg[107][7]   inferred      flip-flop                    
u_sram_mem_reg[107][8]   inferred      flip-flop                    
u_sram_mem_reg[107][9]   inferred      flip-flop                    
u_sram_mem_reg[107][10]  inferred      flip-flop                    
u_sram_mem_reg[107][11]  inferred      flip-flop                    
u_sram_mem_reg[107][12]  inferred      flip-flop                    
u_sram_mem_reg[107][13]  inferred      flip-flop                    
u_sram_mem_reg[107][14]  inferred      flip-flop                    
u_sram_mem_reg[107][15]  inferred      flip-flop                    
u_sram_mem_reg[107][16]  inferred      flip-flop                    
u_sram_mem_reg[107][17]  inferred      flip-flop                    
u_sram_mem_reg[107][18]  inferred      flip-flop                    
u_sram_mem_reg[107][19]  inferred      flip-flop                    
u_sram_mem_reg[107][20]  inferred      flip-flop                    
u_sram_mem_reg[107][21]  inferred      flip-flop                    
u_sram_mem_reg[107][22]  inferred      flip-flop                    
u_sram_mem_reg[107][23]  inferred      flip-flop                    
u_sram_mem_reg[107][24]  inferred      flip-flop                    
u_sram_mem_reg[107][25]  inferred      flip-flop                    
u_sram_mem_reg[107][26]  inferred      flip-flop                    
u_sram_mem_reg[107][27]  inferred      flip-flop                    
u_sram_mem_reg[107][28]  inferred      flip-flop                    
u_sram_mem_reg[107][29]  inferred      flip-flop                    
u_sram_mem_reg[107][30]  inferred      flip-flop                    
u_sram_mem_reg[107][31]  inferred      flip-flop                    
u_sram_mem_reg[108][0]   inferred      flip-flop                    
u_sram_mem_reg[108][1]   inferred      flip-flop                    
u_sram_mem_reg[108][2]   inferred      flip-flop                    
u_sram_mem_reg[108][3]   inferred      flip-flop                    
u_sram_mem_reg[108][4]   inferred      flip-flop                    
u_sram_mem_reg[108][5]   inferred      flip-flop                    
u_sram_mem_reg[108][6]   inferred      flip-flop                    
u_sram_mem_reg[108][7]   inferred      flip-flop                    
u_sram_mem_reg[108][8]   inferred      flip-flop                    
u_sram_mem_reg[108][9]   inferred      flip-flop                    
u_sram_mem_reg[108][10]  inferred      flip-flop                    
u_sram_mem_reg[108][11]  inferred      flip-flop                    
u_sram_mem_reg[108][12]  inferred      flip-flop                    
u_sram_mem_reg[108][13]  inferred      flip-flop                    
u_sram_mem_reg[108][14]  inferred      flip-flop                    
u_sram_mem_reg[108][15]  inferred      flip-flop                    
u_sram_mem_reg[108][16]  inferred      flip-flop                    
u_sram_mem_reg[108][17]  inferred      flip-flop                    
u_sram_mem_reg[108][18]  inferred      flip-flop                    
u_sram_mem_reg[108][19]  inferred      flip-flop                    
u_sram_mem_reg[108][20]  inferred      flip-flop                    
u_sram_mem_reg[108][21]  inferred      flip-flop                    
u_sram_mem_reg[108][22]  inferred      flip-flop                    
u_sram_mem_reg[108][23]  inferred      flip-flop                    
u_sram_mem_reg[108][24]  inferred      flip-flop                    
u_sram_mem_reg[108][25]  inferred      flip-flop                    
u_sram_mem_reg[108][26]  inferred      flip-flop                    
u_sram_mem_reg[108][27]  inferred      flip-flop                    
u_sram_mem_reg[108][28]  inferred      flip-flop                    
u_sram_mem_reg[108][29]  inferred      flip-flop                    
u_sram_mem_reg[108][30]  inferred      flip-flop                    
u_sram_mem_reg[108][31]  inferred      flip-flop                    
u_sram_mem_reg[109][0]   inferred      flip-flop                    
u_sram_mem_reg[109][1]   inferred      flip-flop                    
u_sram_mem_reg[109][2]   inferred      flip-flop                    
u_sram_mem_reg[109][3]   inferred      flip-flop                    
u_sram_mem_reg[109][4]   inferred      flip-flop                    
u_sram_mem_reg[109][5]   inferred      flip-flop                    
u_sram_mem_reg[109][6]   inferred      flip-flop                    
u_sram_mem_reg[109][7]   inferred      flip-flop                    
u_sram_mem_reg[109][8]   inferred      flip-flop                    
u_sram_mem_reg[109][9]   inferred      flip-flop                    
u_sram_mem_reg[109][10]  inferred      flip-flop                    
u_sram_mem_reg[109][11]  inferred      flip-flop                    
u_sram_mem_reg[109][12]  inferred      flip-flop                    
u_sram_mem_reg[109][13]  inferred      flip-flop                    
u_sram_mem_reg[109][14]  inferred      flip-flop                    
u_sram_mem_reg[109][15]  inferred      flip-flop                    
u_sram_mem_reg[109][16]  inferred      flip-flop                    
u_sram_mem_reg[109][17]  inferred      flip-flop                    
u_sram_mem_reg[109][18]  inferred      flip-flop                    
u_sram_mem_reg[109][19]  inferred      flip-flop                    
u_sram_mem_reg[109][20]  inferred      flip-flop                    
u_sram_mem_reg[109][21]  inferred      flip-flop                    
u_sram_mem_reg[109][22]  inferred      flip-flop                    
u_sram_mem_reg[109][23]  inferred      flip-flop                    
u_sram_mem_reg[109][24]  inferred      flip-flop                    
u_sram_mem_reg[109][25]  inferred      flip-flop                    
u_sram_mem_reg[109][26]  inferred      flip-flop                    
u_sram_mem_reg[109][27]  inferred      flip-flop                    
u_sram_mem_reg[109][28]  inferred      flip-flop                    
u_sram_mem_reg[109][29]  inferred      flip-flop                    
u_sram_mem_reg[109][30]  inferred      flip-flop                    
u_sram_mem_reg[109][31]  inferred      flip-flop                    
u_sram_mem_reg[110][0]   inferred      flip-flop                    
u_sram_mem_reg[110][1]   inferred      flip-flop                    
u_sram_mem_reg[110][2]   inferred      flip-flop                    
u_sram_mem_reg[110][3]   inferred      flip-flop                    
u_sram_mem_reg[110][4]   inferred      flip-flop                    
u_sram_mem_reg[110][5]   inferred      flip-flop                    
u_sram_mem_reg[110][6]   inferred      flip-flop                    
u_sram_mem_reg[110][7]   inferred      flip-flop                    
u_sram_mem_reg[110][8]   inferred      flip-flop                    
u_sram_mem_reg[110][9]   inferred      flip-flop                    
u_sram_mem_reg[110][10]  inferred      flip-flop                    
u_sram_mem_reg[110][11]  inferred      flip-flop                    
u_sram_mem_reg[110][12]  inferred      flip-flop                    
u_sram_mem_reg[110][13]  inferred      flip-flop                    
u_sram_mem_reg[110][14]  inferred      flip-flop                    
u_sram_mem_reg[110][15]  inferred      flip-flop                    
u_sram_mem_reg[110][16]  inferred      flip-flop                    
u_sram_mem_reg[110][17]  inferred      flip-flop                    
u_sram_mem_reg[110][18]  inferred      flip-flop                    
u_sram_mem_reg[110][19]  inferred      flip-flop                    
u_sram_mem_reg[110][20]  inferred      flip-flop                    
u_sram_mem_reg[110][21]  inferred      flip-flop                    
u_sram_mem_reg[110][22]  inferred      flip-flop                    
u_sram_mem_reg[110][23]  inferred      flip-flop                    
u_sram_mem_reg[110][24]  inferred      flip-flop                    
u_sram_mem_reg[110][25]  inferred      flip-flop                    
u_sram_mem_reg[110][26]  inferred      flip-flop                    
u_sram_mem_reg[110][27]  inferred      flip-flop                    
u_sram_mem_reg[110][28]  inferred      flip-flop                    
u_sram_mem_reg[110][29]  inferred      flip-flop                    
u_sram_mem_reg[110][30]  inferred      flip-flop                    
u_sram_mem_reg[110][31]  inferred      flip-flop                    
u_sram_mem_reg[111][0]   inferred      flip-flop                    
u_sram_mem_reg[111][1]   inferred      flip-flop                    
u_sram_mem_reg[111][2]   inferred      flip-flop                    
u_sram_mem_reg[111][3]   inferred      flip-flop                    
u_sram_mem_reg[111][4]   inferred      flip-flop                    
u_sram_mem_reg[111][5]   inferred      flip-flop                    
u_sram_mem_reg[111][6]   inferred      flip-flop                    
u_sram_mem_reg[111][7]   inferred      flip-flop                    
u_sram_mem_reg[111][8]   inferred      flip-flop                    
u_sram_mem_reg[111][9]   inferred      flip-flop                    
u_sram_mem_reg[111][10]  inferred      flip-flop                    
u_sram_mem_reg[111][11]  inferred      flip-flop                    
u_sram_mem_reg[111][12]  inferred      flip-flop                    
u_sram_mem_reg[111][13]  inferred      flip-flop                    
u_sram_mem_reg[111][14]  inferred      flip-flop                    
u_sram_mem_reg[111][15]  inferred      flip-flop                    
u_sram_mem_reg[111][16]  inferred      flip-flop                    
u_sram_mem_reg[111][17]  inferred      flip-flop                    
u_sram_mem_reg[111][18]  inferred      flip-flop                    
u_sram_mem_reg[111][19]  inferred      flip-flop                    
u_sram_mem_reg[111][20]  inferred      flip-flop                    
u_sram_mem_reg[111][21]  inferred      flip-flop                    
u_sram_mem_reg[111][22]  inferred      flip-flop                    
u_sram_mem_reg[111][23]  inferred      flip-flop                    
u_sram_mem_reg[111][24]  inferred      flip-flop                    
u_sram_mem_reg[111][25]  inferred      flip-flop                    
u_sram_mem_reg[111][26]  inferred      flip-flop                    
u_sram_mem_reg[111][27]  inferred      flip-flop                    
u_sram_mem_reg[111][28]  inferred      flip-flop                    
u_sram_mem_reg[111][29]  inferred      flip-flop                    
u_sram_mem_reg[111][30]  inferred      flip-flop                    
u_sram_mem_reg[111][31]  inferred      flip-flop                    
u_sram_mem_reg[112][0]   inferred      flip-flop                    
u_sram_mem_reg[112][1]   inferred      flip-flop                    
u_sram_mem_reg[112][2]   inferred      flip-flop                    
u_sram_mem_reg[112][3]   inferred      flip-flop                    
u_sram_mem_reg[112][4]   inferred      flip-flop                    
u_sram_mem_reg[112][5]   inferred      flip-flop                    
u_sram_mem_reg[112][6]   inferred      flip-flop                    
u_sram_mem_reg[112][7]   inferred      flip-flop                    
u_sram_mem_reg[112][8]   inferred      flip-flop                    
u_sram_mem_reg[112][9]   inferred      flip-flop                    
u_sram_mem_reg[112][10]  inferred      flip-flop                    
u_sram_mem_reg[112][11]  inferred      flip-flop                    
u_sram_mem_reg[112][12]  inferred      flip-flop                    
u_sram_mem_reg[112][13]  inferred      flip-flop                    
u_sram_mem_reg[112][14]  inferred      flip-flop                    
u_sram_mem_reg[112][15]  inferred      flip-flop                    
u_sram_mem_reg[112][16]  inferred      flip-flop                    
u_sram_mem_reg[112][17]  inferred      flip-flop                    
u_sram_mem_reg[112][18]  inferred      flip-flop                    
u_sram_mem_reg[112][19]  inferred      flip-flop                    
u_sram_mem_reg[112][20]  inferred      flip-flop                    
u_sram_mem_reg[112][21]  inferred      flip-flop                    
u_sram_mem_reg[112][22]  inferred      flip-flop                    
u_sram_mem_reg[112][23]  inferred      flip-flop                    
u_sram_mem_reg[112][24]  inferred      flip-flop                    
u_sram_mem_reg[112][25]  inferred      flip-flop                    
u_sram_mem_reg[112][26]  inferred      flip-flop                    
u_sram_mem_reg[112][27]  inferred      flip-flop                    
u_sram_mem_reg[112][28]  inferred      flip-flop                    
u_sram_mem_reg[112][29]  inferred      flip-flop                    
u_sram_mem_reg[112][30]  inferred      flip-flop                    
u_sram_mem_reg[112][31]  inferred      flip-flop                    
u_sram_mem_reg[113][0]   inferred      flip-flop                    
u_sram_mem_reg[113][1]   inferred      flip-flop                    
u_sram_mem_reg[113][2]   inferred      flip-flop                    
u_sram_mem_reg[113][3]   inferred      flip-flop                    
u_sram_mem_reg[113][4]   inferred      flip-flop                    
u_sram_mem_reg[113][5]   inferred      flip-flop                    
u_sram_mem_reg[113][6]   inferred      flip-flop                    
u_sram_mem_reg[113][7]   inferred      flip-flop                    
u_sram_mem_reg[113][8]   inferred      flip-flop                    
u_sram_mem_reg[113][9]   inferred      flip-flop                    
u_sram_mem_reg[113][10]  inferred      flip-flop                    
u_sram_mem_reg[113][11]  inferred      flip-flop                    
u_sram_mem_reg[113][12]  inferred      flip-flop                    
u_sram_mem_reg[113][13]  inferred      flip-flop                    
u_sram_mem_reg[113][14]  inferred      flip-flop                    
u_sram_mem_reg[113][15]  inferred      flip-flop                    
u_sram_mem_reg[113][16]  inferred      flip-flop                    
u_sram_mem_reg[113][17]  inferred      flip-flop                    
u_sram_mem_reg[113][18]  inferred      flip-flop                    
u_sram_mem_reg[113][19]  inferred      flip-flop                    
u_sram_mem_reg[113][20]  inferred      flip-flop                    
u_sram_mem_reg[113][21]  inferred      flip-flop                    
u_sram_mem_reg[113][22]  inferred      flip-flop                    
u_sram_mem_reg[113][23]  inferred      flip-flop                    
u_sram_mem_reg[113][24]  inferred      flip-flop                    
u_sram_mem_reg[113][25]  inferred      flip-flop                    
u_sram_mem_reg[113][26]  inferred      flip-flop                    
u_sram_mem_reg[113][27]  inferred      flip-flop                    
u_sram_mem_reg[113][28]  inferred      flip-flop                    
u_sram_mem_reg[113][29]  inferred      flip-flop                    
u_sram_mem_reg[113][30]  inferred      flip-flop                    
u_sram_mem_reg[113][31]  inferred      flip-flop                    
u_sram_mem_reg[114][0]   inferred      flip-flop                    
u_sram_mem_reg[114][1]   inferred      flip-flop                    
u_sram_mem_reg[114][2]   inferred      flip-flop                    
u_sram_mem_reg[114][3]   inferred      flip-flop                    
u_sram_mem_reg[114][4]   inferred      flip-flop                    
u_sram_mem_reg[114][5]   inferred      flip-flop                    
u_sram_mem_reg[114][6]   inferred      flip-flop                    
u_sram_mem_reg[114][7]   inferred      flip-flop                    
u_sram_mem_reg[114][8]   inferred      flip-flop                    
u_sram_mem_reg[114][9]   inferred      flip-flop                    
u_sram_mem_reg[114][10]  inferred      flip-flop                    
u_sram_mem_reg[114][11]  inferred      flip-flop                    
u_sram_mem_reg[114][12]  inferred      flip-flop                    
u_sram_mem_reg[114][13]  inferred      flip-flop                    
u_sram_mem_reg[114][14]  inferred      flip-flop                    
u_sram_mem_reg[114][15]  inferred      flip-flop                    
u_sram_mem_reg[114][16]  inferred      flip-flop                    
u_sram_mem_reg[114][17]  inferred      flip-flop                    
u_sram_mem_reg[114][18]  inferred      flip-flop                    
u_sram_mem_reg[114][19]  inferred      flip-flop                    
u_sram_mem_reg[114][20]  inferred      flip-flop                    
u_sram_mem_reg[114][21]  inferred      flip-flop                    
u_sram_mem_reg[114][22]  inferred      flip-flop                    
u_sram_mem_reg[114][23]  inferred      flip-flop                    
u_sram_mem_reg[114][24]  inferred      flip-flop                    
u_sram_mem_reg[114][25]  inferred      flip-flop                    
u_sram_mem_reg[114][26]  inferred      flip-flop                    
u_sram_mem_reg[114][27]  inferred      flip-flop                    
u_sram_mem_reg[114][28]  inferred      flip-flop                    
u_sram_mem_reg[114][29]  inferred      flip-flop                    
u_sram_mem_reg[114][30]  inferred      flip-flop                    
u_sram_mem_reg[114][31]  inferred      flip-flop                    
u_sram_mem_reg[115][0]   inferred      flip-flop                    
u_sram_mem_reg[115][1]   inferred      flip-flop                    
u_sram_mem_reg[115][2]   inferred      flip-flop                    
u_sram_mem_reg[115][3]   inferred      flip-flop                    
u_sram_mem_reg[115][4]   inferred      flip-flop                    
u_sram_mem_reg[115][5]   inferred      flip-flop                    
u_sram_mem_reg[115][6]   inferred      flip-flop                    
u_sram_mem_reg[115][7]   inferred      flip-flop                    
u_sram_mem_reg[115][8]   inferred      flip-flop                    
u_sram_mem_reg[115][9]   inferred      flip-flop                    
u_sram_mem_reg[115][10]  inferred      flip-flop                    
u_sram_mem_reg[115][11]  inferred      flip-flop                    
u_sram_mem_reg[115][12]  inferred      flip-flop                    
u_sram_mem_reg[115][13]  inferred      flip-flop                    
u_sram_mem_reg[115][14]  inferred      flip-flop                    
u_sram_mem_reg[115][15]  inferred      flip-flop                    
u_sram_mem_reg[115][16]  inferred      flip-flop                    
u_sram_mem_reg[115][17]  inferred      flip-flop                    
u_sram_mem_reg[115][18]  inferred      flip-flop                    
u_sram_mem_reg[115][19]  inferred      flip-flop                    
u_sram_mem_reg[115][20]  inferred      flip-flop                    
u_sram_mem_reg[115][21]  inferred      flip-flop                    
u_sram_mem_reg[115][22]  inferred      flip-flop                    
u_sram_mem_reg[115][23]  inferred      flip-flop                    
u_sram_mem_reg[115][24]  inferred      flip-flop                    
u_sram_mem_reg[115][25]  inferred      flip-flop                    
u_sram_mem_reg[115][26]  inferred      flip-flop                    
u_sram_mem_reg[115][27]  inferred      flip-flop                    
u_sram_mem_reg[115][28]  inferred      flip-flop                    
u_sram_mem_reg[115][29]  inferred      flip-flop                    
u_sram_mem_reg[115][30]  inferred      flip-flop                    
u_sram_mem_reg[115][31]  inferred      flip-flop                    
u_sram_mem_reg[116][0]   inferred      flip-flop                    
u_sram_mem_reg[116][1]   inferred      flip-flop                    
u_sram_mem_reg[116][2]   inferred      flip-flop                    
u_sram_mem_reg[116][3]   inferred      flip-flop                    
u_sram_mem_reg[116][4]   inferred      flip-flop                    
u_sram_mem_reg[116][5]   inferred      flip-flop                    
u_sram_mem_reg[116][6]   inferred      flip-flop                    
u_sram_mem_reg[116][7]   inferred      flip-flop                    
u_sram_mem_reg[116][8]   inferred      flip-flop                    
u_sram_mem_reg[116][9]   inferred      flip-flop                    
u_sram_mem_reg[116][10]  inferred      flip-flop                    
u_sram_mem_reg[116][11]  inferred      flip-flop                    
u_sram_mem_reg[116][12]  inferred      flip-flop                    
u_sram_mem_reg[116][13]  inferred      flip-flop                    
u_sram_mem_reg[116][14]  inferred      flip-flop                    
u_sram_mem_reg[116][15]  inferred      flip-flop                    
u_sram_mem_reg[116][16]  inferred      flip-flop                    
u_sram_mem_reg[116][17]  inferred      flip-flop                    
u_sram_mem_reg[116][18]  inferred      flip-flop                    
u_sram_mem_reg[116][19]  inferred      flip-flop                    
u_sram_mem_reg[116][20]  inferred      flip-flop                    
u_sram_mem_reg[116][21]  inferred      flip-flop                    
u_sram_mem_reg[116][22]  inferred      flip-flop                    
u_sram_mem_reg[116][23]  inferred      flip-flop                    
u_sram_mem_reg[116][24]  inferred      flip-flop                    
u_sram_mem_reg[116][25]  inferred      flip-flop                    
u_sram_mem_reg[116][26]  inferred      flip-flop                    
u_sram_mem_reg[116][27]  inferred      flip-flop                    
u_sram_mem_reg[116][28]  inferred      flip-flop                    
u_sram_mem_reg[116][29]  inferred      flip-flop                    
u_sram_mem_reg[116][30]  inferred      flip-flop                    
u_sram_mem_reg[116][31]  inferred      flip-flop                    
u_sram_mem_reg[117][0]   inferred      flip-flop                    
u_sram_mem_reg[117][1]   inferred      flip-flop                    
u_sram_mem_reg[117][2]   inferred      flip-flop                    
u_sram_mem_reg[117][3]   inferred      flip-flop                    
u_sram_mem_reg[117][4]   inferred      flip-flop                    
u_sram_mem_reg[117][5]   inferred      flip-flop                    
u_sram_mem_reg[117][6]   inferred      flip-flop                    
u_sram_mem_reg[117][7]   inferred      flip-flop                    
u_sram_mem_reg[117][8]   inferred      flip-flop                    
u_sram_mem_reg[117][9]   inferred      flip-flop                    
u_sram_mem_reg[117][10]  inferred      flip-flop                    
u_sram_mem_reg[117][11]  inferred      flip-flop                    
u_sram_mem_reg[117][12]  inferred      flip-flop                    
u_sram_mem_reg[117][13]  inferred      flip-flop                    
u_sram_mem_reg[117][14]  inferred      flip-flop                    
u_sram_mem_reg[117][15]  inferred      flip-flop                    
u_sram_mem_reg[117][16]  inferred      flip-flop                    
u_sram_mem_reg[117][17]  inferred      flip-flop                    
u_sram_mem_reg[117][18]  inferred      flip-flop                    
u_sram_mem_reg[117][19]  inferred      flip-flop                    
u_sram_mem_reg[117][20]  inferred      flip-flop                    
u_sram_mem_reg[117][21]  inferred      flip-flop                    
u_sram_mem_reg[117][22]  inferred      flip-flop                    
u_sram_mem_reg[117][23]  inferred      flip-flop                    
u_sram_mem_reg[117][24]  inferred      flip-flop                    
u_sram_mem_reg[117][25]  inferred      flip-flop                    
u_sram_mem_reg[117][26]  inferred      flip-flop                    
u_sram_mem_reg[117][27]  inferred      flip-flop                    
u_sram_mem_reg[117][28]  inferred      flip-flop                    
u_sram_mem_reg[117][29]  inferred      flip-flop                    
u_sram_mem_reg[117][30]  inferred      flip-flop                    
u_sram_mem_reg[117][31]  inferred      flip-flop                    
u_sram_mem_reg[118][0]   inferred      flip-flop                    
u_sram_mem_reg[118][1]   inferred      flip-flop                    
u_sram_mem_reg[118][2]   inferred      flip-flop                    
u_sram_mem_reg[118][3]   inferred      flip-flop                    
u_sram_mem_reg[118][4]   inferred      flip-flop                    
u_sram_mem_reg[118][5]   inferred      flip-flop                    
u_sram_mem_reg[118][6]   inferred      flip-flop                    
u_sram_mem_reg[118][7]   inferred      flip-flop                    
u_sram_mem_reg[118][8]   inferred      flip-flop                    
u_sram_mem_reg[118][9]   inferred      flip-flop                    
u_sram_mem_reg[118][10]  inferred      flip-flop                    
u_sram_mem_reg[118][11]  inferred      flip-flop                    
u_sram_mem_reg[118][12]  inferred      flip-flop                    
u_sram_mem_reg[118][13]  inferred      flip-flop                    
u_sram_mem_reg[118][14]  inferred      flip-flop                    
u_sram_mem_reg[118][15]  inferred      flip-flop                    
u_sram_mem_reg[118][16]  inferred      flip-flop                    
u_sram_mem_reg[118][17]  inferred      flip-flop                    
u_sram_mem_reg[118][18]  inferred      flip-flop                    
u_sram_mem_reg[118][19]  inferred      flip-flop                    
u_sram_mem_reg[118][20]  inferred      flip-flop                    
u_sram_mem_reg[118][21]  inferred      flip-flop                    
u_sram_mem_reg[118][22]  inferred      flip-flop                    
u_sram_mem_reg[118][23]  inferred      flip-flop                    
u_sram_mem_reg[118][24]  inferred      flip-flop                    
u_sram_mem_reg[118][25]  inferred      flip-flop                    
u_sram_mem_reg[118][26]  inferred      flip-flop                    
u_sram_mem_reg[118][27]  inferred      flip-flop                    
u_sram_mem_reg[118][28]  inferred      flip-flop                    
u_sram_mem_reg[118][29]  inferred      flip-flop                    
u_sram_mem_reg[118][30]  inferred      flip-flop                    
u_sram_mem_reg[118][31]  inferred      flip-flop                    
u_sram_mem_reg[119][0]   inferred      flip-flop                    
u_sram_mem_reg[119][1]   inferred      flip-flop                    
u_sram_mem_reg[119][2]   inferred      flip-flop                    
u_sram_mem_reg[119][3]   inferred      flip-flop                    
u_sram_mem_reg[119][4]   inferred      flip-flop                    
u_sram_mem_reg[119][5]   inferred      flip-flop                    
u_sram_mem_reg[119][6]   inferred      flip-flop                    
u_sram_mem_reg[119][7]   inferred      flip-flop                    
u_sram_mem_reg[119][8]   inferred      flip-flop                    
u_sram_mem_reg[119][9]   inferred      flip-flop                    
u_sram_mem_reg[119][10]  inferred      flip-flop                    
u_sram_mem_reg[119][11]  inferred      flip-flop                    
u_sram_mem_reg[119][12]  inferred      flip-flop                    
u_sram_mem_reg[119][13]  inferred      flip-flop                    
u_sram_mem_reg[119][14]  inferred      flip-flop                    
u_sram_mem_reg[119][15]  inferred      flip-flop                    
u_sram_mem_reg[119][16]  inferred      flip-flop                    
u_sram_mem_reg[119][17]  inferred      flip-flop                    
u_sram_mem_reg[119][18]  inferred      flip-flop                    
u_sram_mem_reg[119][19]  inferred      flip-flop                    
u_sram_mem_reg[119][20]  inferred      flip-flop                    
u_sram_mem_reg[119][21]  inferred      flip-flop                    
u_sram_mem_reg[119][22]  inferred      flip-flop                    
u_sram_mem_reg[119][23]  inferred      flip-flop                    
u_sram_mem_reg[119][24]  inferred      flip-flop                    
u_sram_mem_reg[119][25]  inferred      flip-flop                    
u_sram_mem_reg[119][26]  inferred      flip-flop                    
u_sram_mem_reg[119][27]  inferred      flip-flop                    
u_sram_mem_reg[119][28]  inferred      flip-flop                    
u_sram_mem_reg[119][29]  inferred      flip-flop                    
u_sram_mem_reg[119][30]  inferred      flip-flop                    
u_sram_mem_reg[119][31]  inferred      flip-flop                    
u_sram_mem_reg[120][0]   inferred      flip-flop                    
u_sram_mem_reg[120][1]   inferred      flip-flop                    
u_sram_mem_reg[120][2]   inferred      flip-flop                    
u_sram_mem_reg[120][3]   inferred      flip-flop                    
u_sram_mem_reg[120][4]   inferred      flip-flop                    
u_sram_mem_reg[120][5]   inferred      flip-flop                    
u_sram_mem_reg[120][6]   inferred      flip-flop                    
u_sram_mem_reg[120][7]   inferred      flip-flop                    
u_sram_mem_reg[120][8]   inferred      flip-flop                    
u_sram_mem_reg[120][9]   inferred      flip-flop                    
u_sram_mem_reg[120][10]  inferred      flip-flop                    
u_sram_mem_reg[120][11]  inferred      flip-flop                    
u_sram_mem_reg[120][12]  inferred      flip-flop                    
u_sram_mem_reg[120][13]  inferred      flip-flop                    
u_sram_mem_reg[120][14]  inferred      flip-flop                    
u_sram_mem_reg[120][15]  inferred      flip-flop                    
u_sram_mem_reg[120][16]  inferred      flip-flop                    
u_sram_mem_reg[120][17]  inferred      flip-flop                    
u_sram_mem_reg[120][18]  inferred      flip-flop                    
u_sram_mem_reg[120][19]  inferred      flip-flop                    
u_sram_mem_reg[120][20]  inferred      flip-flop                    
u_sram_mem_reg[120][21]  inferred      flip-flop                    
u_sram_mem_reg[120][22]  inferred      flip-flop                    
u_sram_mem_reg[120][23]  inferred      flip-flop                    
u_sram_mem_reg[120][24]  inferred      flip-flop                    
u_sram_mem_reg[120][25]  inferred      flip-flop                    
u_sram_mem_reg[120][26]  inferred      flip-flop                    
u_sram_mem_reg[120][27]  inferred      flip-flop                    
u_sram_mem_reg[120][28]  inferred      flip-flop                    
u_sram_mem_reg[120][29]  inferred      flip-flop                    
u_sram_mem_reg[120][30]  inferred      flip-flop                    
u_sram_mem_reg[120][31]  inferred      flip-flop                    
u_sram_mem_reg[121][0]   inferred      flip-flop                    
u_sram_mem_reg[121][1]   inferred      flip-flop                    
u_sram_mem_reg[121][2]   inferred      flip-flop                    
u_sram_mem_reg[121][3]   inferred      flip-flop                    
u_sram_mem_reg[121][4]   inferred      flip-flop                    
u_sram_mem_reg[121][5]   inferred      flip-flop                    
u_sram_mem_reg[121][6]   inferred      flip-flop                    
u_sram_mem_reg[121][7]   inferred      flip-flop                    
u_sram_mem_reg[121][8]   inferred      flip-flop                    
u_sram_mem_reg[121][9]   inferred      flip-flop                    
u_sram_mem_reg[121][10]  inferred      flip-flop                    
u_sram_mem_reg[121][11]  inferred      flip-flop                    
u_sram_mem_reg[121][12]  inferred      flip-flop                    
u_sram_mem_reg[121][13]  inferred      flip-flop                    
u_sram_mem_reg[121][14]  inferred      flip-flop                    
u_sram_mem_reg[121][15]  inferred      flip-flop                    
u_sram_mem_reg[121][16]  inferred      flip-flop                    
u_sram_mem_reg[121][17]  inferred      flip-flop                    
u_sram_mem_reg[121][18]  inferred      flip-flop                    
u_sram_mem_reg[121][19]  inferred      flip-flop                    
u_sram_mem_reg[121][20]  inferred      flip-flop                    
u_sram_mem_reg[121][21]  inferred      flip-flop                    
u_sram_mem_reg[121][22]  inferred      flip-flop                    
u_sram_mem_reg[121][23]  inferred      flip-flop                    
u_sram_mem_reg[121][24]  inferred      flip-flop                    
u_sram_mem_reg[121][25]  inferred      flip-flop                    
u_sram_mem_reg[121][26]  inferred      flip-flop                    
u_sram_mem_reg[121][27]  inferred      flip-flop                    
u_sram_mem_reg[121][28]  inferred      flip-flop                    
u_sram_mem_reg[121][29]  inferred      flip-flop                    
u_sram_mem_reg[121][30]  inferred      flip-flop                    
u_sram_mem_reg[121][31]  inferred      flip-flop                    
u_sram_mem_reg[122][0]   inferred      flip-flop                    
u_sram_mem_reg[122][1]   inferred      flip-flop                    
u_sram_mem_reg[122][2]   inferred      flip-flop                    
u_sram_mem_reg[122][3]   inferred      flip-flop                    
u_sram_mem_reg[122][4]   inferred      flip-flop                    
u_sram_mem_reg[122][5]   inferred      flip-flop                    
u_sram_mem_reg[122][6]   inferred      flip-flop                    
u_sram_mem_reg[122][7]   inferred      flip-flop                    
u_sram_mem_reg[122][8]   inferred      flip-flop                    
u_sram_mem_reg[122][9]   inferred      flip-flop                    
u_sram_mem_reg[122][10]  inferred      flip-flop                    
u_sram_mem_reg[122][11]  inferred      flip-flop                    
u_sram_mem_reg[122][12]  inferred      flip-flop                    
u_sram_mem_reg[122][13]  inferred      flip-flop                    
u_sram_mem_reg[122][14]  inferred      flip-flop                    
u_sram_mem_reg[122][15]  inferred      flip-flop                    
u_sram_mem_reg[122][16]  inferred      flip-flop                    
u_sram_mem_reg[122][17]  inferred      flip-flop                    
u_sram_mem_reg[122][18]  inferred      flip-flop                    
u_sram_mem_reg[122][19]  inferred      flip-flop                    
u_sram_mem_reg[122][20]  inferred      flip-flop                    
u_sram_mem_reg[122][21]  inferred      flip-flop                    
u_sram_mem_reg[122][22]  inferred      flip-flop                    
u_sram_mem_reg[122][23]  inferred      flip-flop                    
u_sram_mem_reg[122][24]  inferred      flip-flop                    
u_sram_mem_reg[122][25]  inferred      flip-flop                    
u_sram_mem_reg[122][26]  inferred      flip-flop                    
u_sram_mem_reg[122][27]  inferred      flip-flop                    
u_sram_mem_reg[122][28]  inferred      flip-flop                    
u_sram_mem_reg[122][29]  inferred      flip-flop                    
u_sram_mem_reg[122][30]  inferred      flip-flop                    
u_sram_mem_reg[122][31]  inferred      flip-flop                    
u_sram_mem_reg[123][0]   inferred      flip-flop                    
u_sram_mem_reg[123][1]   inferred      flip-flop                    
u_sram_mem_reg[123][2]   inferred      flip-flop                    
u_sram_mem_reg[123][3]   inferred      flip-flop                    
u_sram_mem_reg[123][4]   inferred      flip-flop                    
u_sram_mem_reg[123][5]   inferred      flip-flop                    
u_sram_mem_reg[123][6]   inferred      flip-flop                    
u_sram_mem_reg[123][7]   inferred      flip-flop                    
u_sram_mem_reg[123][8]   inferred      flip-flop                    
u_sram_mem_reg[123][9]   inferred      flip-flop                    
u_sram_mem_reg[123][10]  inferred      flip-flop                    
u_sram_mem_reg[123][11]  inferred      flip-flop                    
u_sram_mem_reg[123][12]  inferred      flip-flop                    
u_sram_mem_reg[123][13]  inferred      flip-flop                    
u_sram_mem_reg[123][14]  inferred      flip-flop                    
u_sram_mem_reg[123][15]  inferred      flip-flop                    
u_sram_mem_reg[123][16]  inferred      flip-flop                    
u_sram_mem_reg[123][17]  inferred      flip-flop                    
u_sram_mem_reg[123][18]  inferred      flip-flop                    
u_sram_mem_reg[123][19]  inferred      flip-flop                    
u_sram_mem_reg[123][20]  inferred      flip-flop                    
u_sram_mem_reg[123][21]  inferred      flip-flop                    
u_sram_mem_reg[123][22]  inferred      flip-flop                    
u_sram_mem_reg[123][23]  inferred      flip-flop                    
u_sram_mem_reg[123][24]  inferred      flip-flop                    
u_sram_mem_reg[123][25]  inferred      flip-flop                    
u_sram_mem_reg[123][26]  inferred      flip-flop                    
u_sram_mem_reg[123][27]  inferred      flip-flop                    
u_sram_mem_reg[123][28]  inferred      flip-flop                    
u_sram_mem_reg[123][29]  inferred      flip-flop                    
u_sram_mem_reg[123][30]  inferred      flip-flop                    
u_sram_mem_reg[123][31]  inferred      flip-flop                    
u_sram_mem_reg[124][0]   inferred      flip-flop                    
u_sram_mem_reg[124][1]   inferred      flip-flop                    
u_sram_mem_reg[124][2]   inferred      flip-flop                    
u_sram_mem_reg[124][3]   inferred      flip-flop                    
u_sram_mem_reg[124][4]   inferred      flip-flop                    
u_sram_mem_reg[124][5]   inferred      flip-flop                    
u_sram_mem_reg[124][6]   inferred      flip-flop                    
u_sram_mem_reg[124][7]   inferred      flip-flop                    
u_sram_mem_reg[124][8]   inferred      flip-flop                    
u_sram_mem_reg[124][9]   inferred      flip-flop                    
u_sram_mem_reg[124][10]  inferred      flip-flop                    
u_sram_mem_reg[124][11]  inferred      flip-flop                    
u_sram_mem_reg[124][12]  inferred      flip-flop                    
u_sram_mem_reg[124][13]  inferred      flip-flop                    
u_sram_mem_reg[124][14]  inferred      flip-flop                    
u_sram_mem_reg[124][15]  inferred      flip-flop                    
u_sram_mem_reg[124][16]  inferred      flip-flop                    
u_sram_mem_reg[124][17]  inferred      flip-flop                    
u_sram_mem_reg[124][18]  inferred      flip-flop                    
u_sram_mem_reg[124][19]  inferred      flip-flop                    
u_sram_mem_reg[124][20]  inferred      flip-flop                    
u_sram_mem_reg[124][21]  inferred      flip-flop                    
u_sram_mem_reg[124][22]  inferred      flip-flop                    
u_sram_mem_reg[124][23]  inferred      flip-flop                    
u_sram_mem_reg[124][24]  inferred      flip-flop                    
u_sram_mem_reg[124][25]  inferred      flip-flop                    
u_sram_mem_reg[124][26]  inferred      flip-flop                    
u_sram_mem_reg[124][27]  inferred      flip-flop                    
u_sram_mem_reg[124][28]  inferred      flip-flop                    
u_sram_mem_reg[124][29]  inferred      flip-flop                    
u_sram_mem_reg[124][30]  inferred      flip-flop                    
u_sram_mem_reg[124][31]  inferred      flip-flop                    
u_sram_mem_reg[125][0]   inferred      flip-flop                    
u_sram_mem_reg[125][1]   inferred      flip-flop                    
u_sram_mem_reg[125][2]   inferred      flip-flop                    
u_sram_mem_reg[125][3]   inferred      flip-flop                    
u_sram_mem_reg[125][4]   inferred      flip-flop                    
u_sram_mem_reg[125][5]   inferred      flip-flop                    
u_sram_mem_reg[125][6]   inferred      flip-flop                    
u_sram_mem_reg[125][7]   inferred      flip-flop                    
u_sram_mem_reg[125][8]   inferred      flip-flop                    
u_sram_mem_reg[125][9]   inferred      flip-flop                    
u_sram_mem_reg[125][10]  inferred      flip-flop                    
u_sram_mem_reg[125][11]  inferred      flip-flop                    
u_sram_mem_reg[125][12]  inferred      flip-flop                    
u_sram_mem_reg[125][13]  inferred      flip-flop                    
u_sram_mem_reg[125][14]  inferred      flip-flop                    
u_sram_mem_reg[125][15]  inferred      flip-flop                    
u_sram_mem_reg[125][16]  inferred      flip-flop                    
u_sram_mem_reg[125][17]  inferred      flip-flop                    
u_sram_mem_reg[125][18]  inferred      flip-flop                    
u_sram_mem_reg[125][19]  inferred      flip-flop                    
u_sram_mem_reg[125][20]  inferred      flip-flop                    
u_sram_mem_reg[125][21]  inferred      flip-flop                    
u_sram_mem_reg[125][22]  inferred      flip-flop                    
u_sram_mem_reg[125][23]  inferred      flip-flop                    
u_sram_mem_reg[125][24]  inferred      flip-flop                    
u_sram_mem_reg[125][25]  inferred      flip-flop                    
u_sram_mem_reg[125][26]  inferred      flip-flop                    
u_sram_mem_reg[125][27]  inferred      flip-flop                    
u_sram_mem_reg[125][28]  inferred      flip-flop                    
u_sram_mem_reg[125][29]  inferred      flip-flop                    
u_sram_mem_reg[125][30]  inferred      flip-flop                    
u_sram_mem_reg[125][31]  inferred      flip-flop                    
u_sram_mem_reg[126][0]   inferred      flip-flop                    
u_sram_mem_reg[126][1]   inferred      flip-flop                    
u_sram_mem_reg[126][2]   inferred      flip-flop                    
u_sram_mem_reg[126][3]   inferred      flip-flop                    
u_sram_mem_reg[126][4]   inferred      flip-flop                    
u_sram_mem_reg[126][5]   inferred      flip-flop                    
u_sram_mem_reg[126][6]   inferred      flip-flop                    
u_sram_mem_reg[126][7]   inferred      flip-flop                    
u_sram_mem_reg[126][8]   inferred      flip-flop                    
u_sram_mem_reg[126][9]   inferred      flip-flop                    
u_sram_mem_reg[126][10]  inferred      flip-flop                    
u_sram_mem_reg[126][11]  inferred      flip-flop                    
u_sram_mem_reg[126][12]  inferred      flip-flop                    
u_sram_mem_reg[126][13]  inferred      flip-flop                    
u_sram_mem_reg[126][14]  inferred      flip-flop                    
u_sram_mem_reg[126][15]  inferred      flip-flop                    
u_sram_mem_reg[126][16]  inferred      flip-flop                    
u_sram_mem_reg[126][17]  inferred      flip-flop                    
u_sram_mem_reg[126][18]  inferred      flip-flop                    
u_sram_mem_reg[126][19]  inferred      flip-flop                    
u_sram_mem_reg[126][20]  inferred      flip-flop                    
u_sram_mem_reg[126][21]  inferred      flip-flop                    
u_sram_mem_reg[126][22]  inferred      flip-flop                    
u_sram_mem_reg[126][23]  inferred      flip-flop                    
u_sram_mem_reg[126][24]  inferred      flip-flop                    
u_sram_mem_reg[126][25]  inferred      flip-flop                    
u_sram_mem_reg[126][26]  inferred      flip-flop                    
u_sram_mem_reg[126][27]  inferred      flip-flop                    
u_sram_mem_reg[126][28]  inferred      flip-flop                    
u_sram_mem_reg[126][29]  inferred      flip-flop                    
u_sram_mem_reg[126][30]  inferred      flip-flop                    
u_sram_mem_reg[126][31]  inferred      flip-flop                    
u_sram_mem_reg[127][0]   inferred      flip-flop                    
u_sram_mem_reg[127][1]   inferred      flip-flop                    
u_sram_mem_reg[127][2]   inferred      flip-flop                    
u_sram_mem_reg[127][3]   inferred      flip-flop                    
u_sram_mem_reg[127][4]   inferred      flip-flop                    
u_sram_mem_reg[127][5]   inferred      flip-flop                    
u_sram_mem_reg[127][6]   inferred      flip-flop                    
u_sram_mem_reg[127][7]   inferred      flip-flop                    
u_sram_mem_reg[127][8]   inferred      flip-flop                    
u_sram_mem_reg[127][9]   inferred      flip-flop                    
u_sram_mem_reg[127][10]  inferred      flip-flop                    
u_sram_mem_reg[127][11]  inferred      flip-flop                    
u_sram_mem_reg[127][12]  inferred      flip-flop                    
u_sram_mem_reg[127][13]  inferred      flip-flop                    
u_sram_mem_reg[127][14]  inferred      flip-flop                    
u_sram_mem_reg[127][15]  inferred      flip-flop                    
u_sram_mem_reg[127][16]  inferred      flip-flop                    
u_sram_mem_reg[127][17]  inferred      flip-flop                    
u_sram_mem_reg[127][18]  inferred      flip-flop                    
u_sram_mem_reg[127][19]  inferred      flip-flop                    
u_sram_mem_reg[127][20]  inferred      flip-flop                    
u_sram_mem_reg[127][21]  inferred      flip-flop                    
u_sram_mem_reg[127][22]  inferred      flip-flop                    
u_sram_mem_reg[127][23]  inferred      flip-flop                    
u_sram_mem_reg[127][24]  inferred      flip-flop                    
u_sram_mem_reg[127][25]  inferred      flip-flop                    
u_sram_mem_reg[127][26]  inferred      flip-flop                    
u_sram_mem_reg[127][27]  inferred      flip-flop                    
u_sram_mem_reg[127][28]  inferred      flip-flop                    
u_sram_mem_reg[127][29]  inferred      flip-flop                    
u_sram_mem_reg[127][30]  inferred      flip-flop                    
u_sram_mem_reg[127][31]  inferred      flip-flop                    
u_sram_mem_reg[128][0]   inferred      flip-flop                    
u_sram_mem_reg[128][1]   inferred      flip-flop                    
u_sram_mem_reg[128][2]   inferred      flip-flop                    
u_sram_mem_reg[128][3]   inferred      flip-flop                    
u_sram_mem_reg[128][4]   inferred      flip-flop                    
u_sram_mem_reg[128][5]   inferred      flip-flop                    
u_sram_mem_reg[128][6]   inferred      flip-flop                    
u_sram_mem_reg[128][7]   inferred      flip-flop                    
u_sram_mem_reg[128][8]   inferred      flip-flop                    
u_sram_mem_reg[128][9]   inferred      flip-flop                    
u_sram_mem_reg[128][10]  inferred      flip-flop                    
u_sram_mem_reg[128][11]  inferred      flip-flop                    
u_sram_mem_reg[128][12]  inferred      flip-flop                    
u_sram_mem_reg[128][13]  inferred      flip-flop                    
u_sram_mem_reg[128][14]  inferred      flip-flop                    
u_sram_mem_reg[128][15]  inferred      flip-flop                    
u_sram_mem_reg[128][16]  inferred      flip-flop                    
u_sram_mem_reg[128][17]  inferred      flip-flop                    
u_sram_mem_reg[128][18]  inferred      flip-flop                    
u_sram_mem_reg[128][19]  inferred      flip-flop                    
u_sram_mem_reg[128][20]  inferred      flip-flop                    
u_sram_mem_reg[128][21]  inferred      flip-flop                    
u_sram_mem_reg[128][22]  inferred      flip-flop                    
u_sram_mem_reg[128][23]  inferred      flip-flop                    
u_sram_mem_reg[128][24]  inferred      flip-flop                    
u_sram_mem_reg[128][25]  inferred      flip-flop                    
u_sram_mem_reg[128][26]  inferred      flip-flop                    
u_sram_mem_reg[128][27]  inferred      flip-flop                    
u_sram_mem_reg[128][28]  inferred      flip-flop                    
u_sram_mem_reg[128][29]  inferred      flip-flop                    
u_sram_mem_reg[128][30]  inferred      flip-flop                    
u_sram_mem_reg[128][31]  inferred      flip-flop                    
u_sram_mem_reg[129][0]   inferred      flip-flop                    
u_sram_mem_reg[129][1]   inferred      flip-flop                    
u_sram_mem_reg[129][2]   inferred      flip-flop                    
u_sram_mem_reg[129][3]   inferred      flip-flop                    
u_sram_mem_reg[129][4]   inferred      flip-flop                    
u_sram_mem_reg[129][5]   inferred      flip-flop                    
u_sram_mem_reg[129][6]   inferred      flip-flop                    
u_sram_mem_reg[129][7]   inferred      flip-flop                    
u_sram_mem_reg[129][8]   inferred      flip-flop                    
u_sram_mem_reg[129][9]   inferred      flip-flop                    
u_sram_mem_reg[129][10]  inferred      flip-flop                    
u_sram_mem_reg[129][11]  inferred      flip-flop                    
u_sram_mem_reg[129][12]  inferred      flip-flop                    
u_sram_mem_reg[129][13]  inferred      flip-flop                    
u_sram_mem_reg[129][14]  inferred      flip-flop                    
u_sram_mem_reg[129][15]  inferred      flip-flop                    
u_sram_mem_reg[129][16]  inferred      flip-flop                    
u_sram_mem_reg[129][17]  inferred      flip-flop                    
u_sram_mem_reg[129][18]  inferred      flip-flop                    
u_sram_mem_reg[129][19]  inferred      flip-flop                    
u_sram_mem_reg[129][20]  inferred      flip-flop                    
u_sram_mem_reg[129][21]  inferred      flip-flop                    
u_sram_mem_reg[129][22]  inferred      flip-flop                    
u_sram_mem_reg[129][23]  inferred      flip-flop                    
u_sram_mem_reg[129][24]  inferred      flip-flop                    
u_sram_mem_reg[129][25]  inferred      flip-flop                    
u_sram_mem_reg[129][26]  inferred      flip-flop                    
u_sram_mem_reg[129][27]  inferred      flip-flop                    
u_sram_mem_reg[129][28]  inferred      flip-flop                    
u_sram_mem_reg[129][29]  inferred      flip-flop                    
u_sram_mem_reg[129][30]  inferred      flip-flop                    
u_sram_mem_reg[129][31]  inferred      flip-flop                    
u_sram_mem_reg[130][0]   inferred      flip-flop                    
u_sram_mem_reg[130][1]   inferred      flip-flop                    
u_sram_mem_reg[130][2]   inferred      flip-flop                    
u_sram_mem_reg[130][3]   inferred      flip-flop                    
u_sram_mem_reg[130][4]   inferred      flip-flop                    
u_sram_mem_reg[130][5]   inferred      flip-flop                    
u_sram_mem_reg[130][6]   inferred      flip-flop                    
u_sram_mem_reg[130][7]   inferred      flip-flop                    
u_sram_mem_reg[130][8]   inferred      flip-flop                    
u_sram_mem_reg[130][9]   inferred      flip-flop                    
u_sram_mem_reg[130][10]  inferred      flip-flop                    
u_sram_mem_reg[130][11]  inferred      flip-flop                    
u_sram_mem_reg[130][12]  inferred      flip-flop                    
u_sram_mem_reg[130][13]  inferred      flip-flop                    
u_sram_mem_reg[130][14]  inferred      flip-flop                    
u_sram_mem_reg[130][15]  inferred      flip-flop                    
u_sram_mem_reg[130][16]  inferred      flip-flop                    
u_sram_mem_reg[130][17]  inferred      flip-flop                    
u_sram_mem_reg[130][18]  inferred      flip-flop                    
u_sram_mem_reg[130][19]  inferred      flip-flop                    
u_sram_mem_reg[130][20]  inferred      flip-flop                    
u_sram_mem_reg[130][21]  inferred      flip-flop                    
u_sram_mem_reg[130][22]  inferred      flip-flop                    
u_sram_mem_reg[130][23]  inferred      flip-flop                    
u_sram_mem_reg[130][24]  inferred      flip-flop                    
u_sram_mem_reg[130][25]  inferred      flip-flop                    
u_sram_mem_reg[130][26]  inferred      flip-flop                    
u_sram_mem_reg[130][27]  inferred      flip-flop                    
u_sram_mem_reg[130][28]  inferred      flip-flop                    
u_sram_mem_reg[130][29]  inferred      flip-flop                    
u_sram_mem_reg[130][30]  inferred      flip-flop                    
u_sram_mem_reg[130][31]  inferred      flip-flop                    
u_sram_mem_reg[131][0]   inferred      flip-flop                    
u_sram_mem_reg[131][1]   inferred      flip-flop                    
u_sram_mem_reg[131][2]   inferred      flip-flop                    
u_sram_mem_reg[131][3]   inferred      flip-flop                    
u_sram_mem_reg[131][4]   inferred      flip-flop                    
u_sram_mem_reg[131][5]   inferred      flip-flop                    
u_sram_mem_reg[131][6]   inferred      flip-flop                    
u_sram_mem_reg[131][7]   inferred      flip-flop                    
u_sram_mem_reg[131][8]   inferred      flip-flop                    
u_sram_mem_reg[131][9]   inferred      flip-flop                    
u_sram_mem_reg[131][10]  inferred      flip-flop                    
u_sram_mem_reg[131][11]  inferred      flip-flop                    
u_sram_mem_reg[131][12]  inferred      flip-flop                    
u_sram_mem_reg[131][13]  inferred      flip-flop                    
u_sram_mem_reg[131][14]  inferred      flip-flop                    
u_sram_mem_reg[131][15]  inferred      flip-flop                    
u_sram_mem_reg[131][16]  inferred      flip-flop                    
u_sram_mem_reg[131][17]  inferred      flip-flop                    
u_sram_mem_reg[131][18]  inferred      flip-flop                    
u_sram_mem_reg[131][19]  inferred      flip-flop                    
u_sram_mem_reg[131][20]  inferred      flip-flop                    
u_sram_mem_reg[131][21]  inferred      flip-flop                    
u_sram_mem_reg[131][22]  inferred      flip-flop                    
u_sram_mem_reg[131][23]  inferred      flip-flop                    
u_sram_mem_reg[131][24]  inferred      flip-flop                    
u_sram_mem_reg[131][25]  inferred      flip-flop                    
u_sram_mem_reg[131][26]  inferred      flip-flop                    
u_sram_mem_reg[131][27]  inferred      flip-flop                    
u_sram_mem_reg[131][28]  inferred      flip-flop                    
u_sram_mem_reg[131][29]  inferred      flip-flop                    
u_sram_mem_reg[131][30]  inferred      flip-flop                    
u_sram_mem_reg[131][31]  inferred      flip-flop                    
u_sram_mem_reg[132][0]   inferred      flip-flop                    
u_sram_mem_reg[132][1]   inferred      flip-flop                    
u_sram_mem_reg[132][2]   inferred      flip-flop                    
u_sram_mem_reg[132][3]   inferred      flip-flop                    
u_sram_mem_reg[132][4]   inferred      flip-flop                    
u_sram_mem_reg[132][5]   inferred      flip-flop                    
u_sram_mem_reg[132][6]   inferred      flip-flop                    
u_sram_mem_reg[132][7]   inferred      flip-flop                    
u_sram_mem_reg[132][8]   inferred      flip-flop                    
u_sram_mem_reg[132][9]   inferred      flip-flop                    
u_sram_mem_reg[132][10]  inferred      flip-flop                    
u_sram_mem_reg[132][11]  inferred      flip-flop                    
u_sram_mem_reg[132][12]  inferred      flip-flop                    
u_sram_mem_reg[132][13]  inferred      flip-flop                    
u_sram_mem_reg[132][14]  inferred      flip-flop                    
u_sram_mem_reg[132][15]  inferred      flip-flop                    
u_sram_mem_reg[132][16]  inferred      flip-flop                    
u_sram_mem_reg[132][17]  inferred      flip-flop                    
u_sram_mem_reg[132][18]  inferred      flip-flop                    
u_sram_mem_reg[132][19]  inferred      flip-flop                    
u_sram_mem_reg[132][20]  inferred      flip-flop                    
u_sram_mem_reg[132][21]  inferred      flip-flop                    
u_sram_mem_reg[132][22]  inferred      flip-flop                    
u_sram_mem_reg[132][23]  inferred      flip-flop                    
u_sram_mem_reg[132][24]  inferred      flip-flop                    
u_sram_mem_reg[132][25]  inferred      flip-flop                    
u_sram_mem_reg[132][26]  inferred      flip-flop                    
u_sram_mem_reg[132][27]  inferred      flip-flop                    
u_sram_mem_reg[132][28]  inferred      flip-flop                    
u_sram_mem_reg[132][29]  inferred      flip-flop                    
u_sram_mem_reg[132][30]  inferred      flip-flop                    
u_sram_mem_reg[132][31]  inferred      flip-flop                    
u_sram_mem_reg[133][0]   inferred      flip-flop                    
u_sram_mem_reg[133][1]   inferred      flip-flop                    
u_sram_mem_reg[133][2]   inferred      flip-flop                    
u_sram_mem_reg[133][3]   inferred      flip-flop                    
u_sram_mem_reg[133][4]   inferred      flip-flop                    
u_sram_mem_reg[133][5]   inferred      flip-flop                    
u_sram_mem_reg[133][6]   inferred      flip-flop                    
u_sram_mem_reg[133][7]   inferred      flip-flop                    
u_sram_mem_reg[133][8]   inferred      flip-flop                    
u_sram_mem_reg[133][9]   inferred      flip-flop                    
u_sram_mem_reg[133][10]  inferred      flip-flop                    
u_sram_mem_reg[133][11]  inferred      flip-flop                    
u_sram_mem_reg[133][12]  inferred      flip-flop                    
u_sram_mem_reg[133][13]  inferred      flip-flop                    
u_sram_mem_reg[133][14]  inferred      flip-flop                    
u_sram_mem_reg[133][15]  inferred      flip-flop                    
u_sram_mem_reg[133][16]  inferred      flip-flop                    
u_sram_mem_reg[133][17]  inferred      flip-flop                    
u_sram_mem_reg[133][18]  inferred      flip-flop                    
u_sram_mem_reg[133][19]  inferred      flip-flop                    
u_sram_mem_reg[133][20]  inferred      flip-flop                    
u_sram_mem_reg[133][21]  inferred      flip-flop                    
u_sram_mem_reg[133][22]  inferred      flip-flop                    
u_sram_mem_reg[133][23]  inferred      flip-flop                    
u_sram_mem_reg[133][24]  inferred      flip-flop                    
u_sram_mem_reg[133][25]  inferred      flip-flop                    
u_sram_mem_reg[133][26]  inferred      flip-flop                    
u_sram_mem_reg[133][27]  inferred      flip-flop                    
u_sram_mem_reg[133][28]  inferred      flip-flop                    
u_sram_mem_reg[133][29]  inferred      flip-flop                    
u_sram_mem_reg[133][30]  inferred      flip-flop                    
u_sram_mem_reg[133][31]  inferred      flip-flop                    
u_sram_mem_reg[134][0]   inferred      flip-flop                    
u_sram_mem_reg[134][1]   inferred      flip-flop                    
u_sram_mem_reg[134][2]   inferred      flip-flop                    
u_sram_mem_reg[134][3]   inferred      flip-flop                    
u_sram_mem_reg[134][4]   inferred      flip-flop                    
u_sram_mem_reg[134][5]   inferred      flip-flop                    
u_sram_mem_reg[134][6]   inferred      flip-flop                    
u_sram_mem_reg[134][7]   inferred      flip-flop                    
u_sram_mem_reg[134][8]   inferred      flip-flop                    
u_sram_mem_reg[134][9]   inferred      flip-flop                    
u_sram_mem_reg[134][10]  inferred      flip-flop                    
u_sram_mem_reg[134][11]  inferred      flip-flop                    
u_sram_mem_reg[134][12]  inferred      flip-flop                    
u_sram_mem_reg[134][13]  inferred      flip-flop                    
u_sram_mem_reg[134][14]  inferred      flip-flop                    
u_sram_mem_reg[134][15]  inferred      flip-flop                    
u_sram_mem_reg[134][16]  inferred      flip-flop                    
u_sram_mem_reg[134][17]  inferred      flip-flop                    
u_sram_mem_reg[134][18]  inferred      flip-flop                    
u_sram_mem_reg[134][19]  inferred      flip-flop                    
u_sram_mem_reg[134][20]  inferred      flip-flop                    
u_sram_mem_reg[134][21]  inferred      flip-flop                    
u_sram_mem_reg[134][22]  inferred      flip-flop                    
u_sram_mem_reg[134][23]  inferred      flip-flop                    
u_sram_mem_reg[134][24]  inferred      flip-flop                    
u_sram_mem_reg[134][25]  inferred      flip-flop                    
u_sram_mem_reg[134][26]  inferred      flip-flop                    
u_sram_mem_reg[134][27]  inferred      flip-flop                    
u_sram_mem_reg[134][28]  inferred      flip-flop                    
u_sram_mem_reg[134][29]  inferred      flip-flop                    
u_sram_mem_reg[134][30]  inferred      flip-flop                    
u_sram_mem_reg[134][31]  inferred      flip-flop                    
u_sram_mem_reg[135][0]   inferred      flip-flop                    
u_sram_mem_reg[135][1]   inferred      flip-flop                    
u_sram_mem_reg[135][2]   inferred      flip-flop                    
u_sram_mem_reg[135][3]   inferred      flip-flop                    
u_sram_mem_reg[135][4]   inferred      flip-flop                    
u_sram_mem_reg[135][5]   inferred      flip-flop                    
u_sram_mem_reg[135][6]   inferred      flip-flop                    
u_sram_mem_reg[135][7]   inferred      flip-flop                    
u_sram_mem_reg[135][8]   inferred      flip-flop                    
u_sram_mem_reg[135][9]   inferred      flip-flop                    
u_sram_mem_reg[135][10]  inferred      flip-flop                    
u_sram_mem_reg[135][11]  inferred      flip-flop                    
u_sram_mem_reg[135][12]  inferred      flip-flop                    
u_sram_mem_reg[135][13]  inferred      flip-flop                    
u_sram_mem_reg[135][14]  inferred      flip-flop                    
u_sram_mem_reg[135][15]  inferred      flip-flop                    
u_sram_mem_reg[135][16]  inferred      flip-flop                    
u_sram_mem_reg[135][17]  inferred      flip-flop                    
u_sram_mem_reg[135][18]  inferred      flip-flop                    
u_sram_mem_reg[135][19]  inferred      flip-flop                    
u_sram_mem_reg[135][20]  inferred      flip-flop                    
u_sram_mem_reg[135][21]  inferred      flip-flop                    
u_sram_mem_reg[135][22]  inferred      flip-flop                    
u_sram_mem_reg[135][23]  inferred      flip-flop                    
u_sram_mem_reg[135][24]  inferred      flip-flop                    
u_sram_mem_reg[135][25]  inferred      flip-flop                    
u_sram_mem_reg[135][26]  inferred      flip-flop                    
u_sram_mem_reg[135][27]  inferred      flip-flop                    
u_sram_mem_reg[135][28]  inferred      flip-flop                    
u_sram_mem_reg[135][29]  inferred      flip-flop                    
u_sram_mem_reg[135][30]  inferred      flip-flop                    
u_sram_mem_reg[135][31]  inferred      flip-flop                    
u_sram_mem_reg[136][0]   inferred      flip-flop                    
u_sram_mem_reg[136][1]   inferred      flip-flop                    
u_sram_mem_reg[136][2]   inferred      flip-flop                    
u_sram_mem_reg[136][3]   inferred      flip-flop                    
u_sram_mem_reg[136][4]   inferred      flip-flop                    
u_sram_mem_reg[136][5]   inferred      flip-flop                    
u_sram_mem_reg[136][6]   inferred      flip-flop                    
u_sram_mem_reg[136][7]   inferred      flip-flop                    
u_sram_mem_reg[136][8]   inferred      flip-flop                    
u_sram_mem_reg[136][9]   inferred      flip-flop                    
u_sram_mem_reg[136][10]  inferred      flip-flop                    
u_sram_mem_reg[136][11]  inferred      flip-flop                    
u_sram_mem_reg[136][12]  inferred      flip-flop                    
u_sram_mem_reg[136][13]  inferred      flip-flop                    
u_sram_mem_reg[136][14]  inferred      flip-flop                    
u_sram_mem_reg[136][15]  inferred      flip-flop                    
u_sram_mem_reg[136][16]  inferred      flip-flop                    
u_sram_mem_reg[136][17]  inferred      flip-flop                    
u_sram_mem_reg[136][18]  inferred      flip-flop                    
u_sram_mem_reg[136][19]  inferred      flip-flop                    
u_sram_mem_reg[136][20]  inferred      flip-flop                    
u_sram_mem_reg[136][21]  inferred      flip-flop                    
u_sram_mem_reg[136][22]  inferred      flip-flop                    
u_sram_mem_reg[136][23]  inferred      flip-flop                    
u_sram_mem_reg[136][24]  inferred      flip-flop                    
u_sram_mem_reg[136][25]  inferred      flip-flop                    
u_sram_mem_reg[136][26]  inferred      flip-flop                    
u_sram_mem_reg[136][27]  inferred      flip-flop                    
u_sram_mem_reg[136][28]  inferred      flip-flop                    
u_sram_mem_reg[136][29]  inferred      flip-flop                    
u_sram_mem_reg[136][30]  inferred      flip-flop                    
u_sram_mem_reg[136][31]  inferred      flip-flop                    
u_sram_mem_reg[137][0]   inferred      flip-flop                    
u_sram_mem_reg[137][1]   inferred      flip-flop                    
u_sram_mem_reg[137][2]   inferred      flip-flop                    
u_sram_mem_reg[137][3]   inferred      flip-flop                    
u_sram_mem_reg[137][4]   inferred      flip-flop                    
u_sram_mem_reg[137][5]   inferred      flip-flop                    
u_sram_mem_reg[137][6]   inferred      flip-flop                    
u_sram_mem_reg[137][7]   inferred      flip-flop                    
u_sram_mem_reg[137][8]   inferred      flip-flop                    
u_sram_mem_reg[137][9]   inferred      flip-flop                    
u_sram_mem_reg[137][10]  inferred      flip-flop                    
u_sram_mem_reg[137][11]  inferred      flip-flop                    
u_sram_mem_reg[137][12]  inferred      flip-flop                    
u_sram_mem_reg[137][13]  inferred      flip-flop                    
u_sram_mem_reg[137][14]  inferred      flip-flop                    
u_sram_mem_reg[137][15]  inferred      flip-flop                    
u_sram_mem_reg[137][16]  inferred      flip-flop                    
u_sram_mem_reg[137][17]  inferred      flip-flop                    
u_sram_mem_reg[137][18]  inferred      flip-flop                    
u_sram_mem_reg[137][19]  inferred      flip-flop                    
u_sram_mem_reg[137][20]  inferred      flip-flop                    
u_sram_mem_reg[137][21]  inferred      flip-flop                    
u_sram_mem_reg[137][22]  inferred      flip-flop                    
u_sram_mem_reg[137][23]  inferred      flip-flop                    
u_sram_mem_reg[137][24]  inferred      flip-flop                    
u_sram_mem_reg[137][25]  inferred      flip-flop                    
u_sram_mem_reg[137][26]  inferred      flip-flop                    
u_sram_mem_reg[137][27]  inferred      flip-flop                    
u_sram_mem_reg[137][28]  inferred      flip-flop                    
u_sram_mem_reg[137][29]  inferred      flip-flop                    
u_sram_mem_reg[137][30]  inferred      flip-flop                    
u_sram_mem_reg[137][31]  inferred      flip-flop                    
u_sram_mem_reg[138][0]   inferred      flip-flop                    
u_sram_mem_reg[138][1]   inferred      flip-flop                    
u_sram_mem_reg[138][2]   inferred      flip-flop                    
u_sram_mem_reg[138][3]   inferred      flip-flop                    
u_sram_mem_reg[138][4]   inferred      flip-flop                    
u_sram_mem_reg[138][5]   inferred      flip-flop                    
u_sram_mem_reg[138][6]   inferred      flip-flop                    
u_sram_mem_reg[138][7]   inferred      flip-flop                    
u_sram_mem_reg[138][8]   inferred      flip-flop                    
u_sram_mem_reg[138][9]   inferred      flip-flop                    
u_sram_mem_reg[138][10]  inferred      flip-flop                    
u_sram_mem_reg[138][11]  inferred      flip-flop                    
u_sram_mem_reg[138][12]  inferred      flip-flop                    
u_sram_mem_reg[138][13]  inferred      flip-flop                    
u_sram_mem_reg[138][14]  inferred      flip-flop                    
u_sram_mem_reg[138][15]  inferred      flip-flop                    
u_sram_mem_reg[138][16]  inferred      flip-flop                    
u_sram_mem_reg[138][17]  inferred      flip-flop                    
u_sram_mem_reg[138][18]  inferred      flip-flop                    
u_sram_mem_reg[138][19]  inferred      flip-flop                    
u_sram_mem_reg[138][20]  inferred      flip-flop                    
u_sram_mem_reg[138][21]  inferred      flip-flop                    
u_sram_mem_reg[138][22]  inferred      flip-flop                    
u_sram_mem_reg[138][23]  inferred      flip-flop                    
u_sram_mem_reg[138][24]  inferred      flip-flop                    
u_sram_mem_reg[138][25]  inferred      flip-flop                    
u_sram_mem_reg[138][26]  inferred      flip-flop                    
u_sram_mem_reg[138][27]  inferred      flip-flop                    
u_sram_mem_reg[138][28]  inferred      flip-flop                    
u_sram_mem_reg[138][29]  inferred      flip-flop                    
u_sram_mem_reg[138][30]  inferred      flip-flop                    
u_sram_mem_reg[138][31]  inferred      flip-flop                    
u_sram_mem_reg[139][0]   inferred      flip-flop                    
u_sram_mem_reg[139][1]   inferred      flip-flop                    
u_sram_mem_reg[139][2]   inferred      flip-flop                    
u_sram_mem_reg[139][3]   inferred      flip-flop                    
u_sram_mem_reg[139][4]   inferred      flip-flop                    
u_sram_mem_reg[139][5]   inferred      flip-flop                    
u_sram_mem_reg[139][6]   inferred      flip-flop                    
u_sram_mem_reg[139][7]   inferred      flip-flop                    
u_sram_mem_reg[139][8]   inferred      flip-flop                    
u_sram_mem_reg[139][9]   inferred      flip-flop                    
u_sram_mem_reg[139][10]  inferred      flip-flop                    
u_sram_mem_reg[139][11]  inferred      flip-flop                    
u_sram_mem_reg[139][12]  inferred      flip-flop                    
u_sram_mem_reg[139][13]  inferred      flip-flop                    
u_sram_mem_reg[139][14]  inferred      flip-flop                    
u_sram_mem_reg[139][15]  inferred      flip-flop                    
u_sram_mem_reg[139][16]  inferred      flip-flop                    
u_sram_mem_reg[139][17]  inferred      flip-flop                    
u_sram_mem_reg[139][18]  inferred      flip-flop                    
u_sram_mem_reg[139][19]  inferred      flip-flop                    
u_sram_mem_reg[139][20]  inferred      flip-flop                    
u_sram_mem_reg[139][21]  inferred      flip-flop                    
u_sram_mem_reg[139][22]  inferred      flip-flop                    
u_sram_mem_reg[139][23]  inferred      flip-flop                    
u_sram_mem_reg[139][24]  inferred      flip-flop                    
u_sram_mem_reg[139][25]  inferred      flip-flop                    
u_sram_mem_reg[139][26]  inferred      flip-flop                    
u_sram_mem_reg[139][27]  inferred      flip-flop                    
u_sram_mem_reg[139][28]  inferred      flip-flop                    
u_sram_mem_reg[139][29]  inferred      flip-flop                    
u_sram_mem_reg[139][30]  inferred      flip-flop                    
u_sram_mem_reg[139][31]  inferred      flip-flop                    
u_sram_mem_reg[140][0]   inferred      flip-flop                    
u_sram_mem_reg[140][1]   inferred      flip-flop                    
u_sram_mem_reg[140][2]   inferred      flip-flop                    
u_sram_mem_reg[140][3]   inferred      flip-flop                    
u_sram_mem_reg[140][4]   inferred      flip-flop                    
u_sram_mem_reg[140][5]   inferred      flip-flop                    
u_sram_mem_reg[140][6]   inferred      flip-flop                    
u_sram_mem_reg[140][7]   inferred      flip-flop                    
u_sram_mem_reg[140][8]   inferred      flip-flop                    
u_sram_mem_reg[140][9]   inferred      flip-flop                    
u_sram_mem_reg[140][10]  inferred      flip-flop                    
u_sram_mem_reg[140][11]  inferred      flip-flop                    
u_sram_mem_reg[140][12]  inferred      flip-flop                    
u_sram_mem_reg[140][13]  inferred      flip-flop                    
u_sram_mem_reg[140][14]  inferred      flip-flop                    
u_sram_mem_reg[140][15]  inferred      flip-flop                    
u_sram_mem_reg[140][16]  inferred      flip-flop                    
u_sram_mem_reg[140][17]  inferred      flip-flop                    
u_sram_mem_reg[140][18]  inferred      flip-flop                    
u_sram_mem_reg[140][19]  inferred      flip-flop                    
u_sram_mem_reg[140][20]  inferred      flip-flop                    
u_sram_mem_reg[140][21]  inferred      flip-flop                    
u_sram_mem_reg[140][22]  inferred      flip-flop                    
u_sram_mem_reg[140][23]  inferred      flip-flop                    
u_sram_mem_reg[140][24]  inferred      flip-flop                    
u_sram_mem_reg[140][25]  inferred      flip-flop                    
u_sram_mem_reg[140][26]  inferred      flip-flop                    
u_sram_mem_reg[140][27]  inferred      flip-flop                    
u_sram_mem_reg[140][28]  inferred      flip-flop                    
u_sram_mem_reg[140][29]  inferred      flip-flop                    
u_sram_mem_reg[140][30]  inferred      flip-flop                    
u_sram_mem_reg[140][31]  inferred      flip-flop                    
u_sram_mem_reg[141][0]   inferred      flip-flop                    
u_sram_mem_reg[141][1]   inferred      flip-flop                    
u_sram_mem_reg[141][2]   inferred      flip-flop                    
u_sram_mem_reg[141][3]   inferred      flip-flop                    
u_sram_mem_reg[141][4]   inferred      flip-flop                    
u_sram_mem_reg[141][5]   inferred      flip-flop                    
u_sram_mem_reg[141][6]   inferred      flip-flop                    
u_sram_mem_reg[141][7]   inferred      flip-flop                    
u_sram_mem_reg[141][8]   inferred      flip-flop                    
u_sram_mem_reg[141][9]   inferred      flip-flop                    
u_sram_mem_reg[141][10]  inferred      flip-flop                    
u_sram_mem_reg[141][11]  inferred      flip-flop                    
u_sram_mem_reg[141][12]  inferred      flip-flop                    
u_sram_mem_reg[141][13]  inferred      flip-flop                    
u_sram_mem_reg[141][14]  inferred      flip-flop                    
u_sram_mem_reg[141][15]  inferred      flip-flop                    
u_sram_mem_reg[141][16]  inferred      flip-flop                    
u_sram_mem_reg[141][17]  inferred      flip-flop                    
u_sram_mem_reg[141][18]  inferred      flip-flop                    
u_sram_mem_reg[141][19]  inferred      flip-flop                    
u_sram_mem_reg[141][20]  inferred      flip-flop                    
u_sram_mem_reg[141][21]  inferred      flip-flop                    
u_sram_mem_reg[141][22]  inferred      flip-flop                    
u_sram_mem_reg[141][23]  inferred      flip-flop                    
u_sram_mem_reg[141][24]  inferred      flip-flop                    
u_sram_mem_reg[141][25]  inferred      flip-flop                    
u_sram_mem_reg[141][26]  inferred      flip-flop                    
u_sram_mem_reg[141][27]  inferred      flip-flop                    
u_sram_mem_reg[141][28]  inferred      flip-flop                    
u_sram_mem_reg[141][29]  inferred      flip-flop                    
u_sram_mem_reg[141][30]  inferred      flip-flop                    
u_sram_mem_reg[141][31]  inferred      flip-flop                    
u_sram_mem_reg[142][0]   inferred      flip-flop                    
u_sram_mem_reg[142][1]   inferred      flip-flop                    
u_sram_mem_reg[142][2]   inferred      flip-flop                    
u_sram_mem_reg[142][3]   inferred      flip-flop                    
u_sram_mem_reg[142][4]   inferred      flip-flop                    
u_sram_mem_reg[142][5]   inferred      flip-flop                    
u_sram_mem_reg[142][6]   inferred      flip-flop                    
u_sram_mem_reg[142][7]   inferred      flip-flop                    
u_sram_mem_reg[142][8]   inferred      flip-flop                    
u_sram_mem_reg[142][9]   inferred      flip-flop                    
u_sram_mem_reg[142][10]  inferred      flip-flop                    
u_sram_mem_reg[142][11]  inferred      flip-flop                    
u_sram_mem_reg[142][12]  inferred      flip-flop                    
u_sram_mem_reg[142][13]  inferred      flip-flop                    
u_sram_mem_reg[142][14]  inferred      flip-flop                    
u_sram_mem_reg[142][15]  inferred      flip-flop                    
u_sram_mem_reg[142][16]  inferred      flip-flop                    
u_sram_mem_reg[142][17]  inferred      flip-flop                    
u_sram_mem_reg[142][18]  inferred      flip-flop                    
u_sram_mem_reg[142][19]  inferred      flip-flop                    
u_sram_mem_reg[142][20]  inferred      flip-flop                    
u_sram_mem_reg[142][21]  inferred      flip-flop                    
u_sram_mem_reg[142][22]  inferred      flip-flop                    
u_sram_mem_reg[142][23]  inferred      flip-flop                    
u_sram_mem_reg[142][24]  inferred      flip-flop                    
u_sram_mem_reg[142][25]  inferred      flip-flop                    
u_sram_mem_reg[142][26]  inferred      flip-flop                    
u_sram_mem_reg[142][27]  inferred      flip-flop                    
u_sram_mem_reg[142][28]  inferred      flip-flop                    
u_sram_mem_reg[142][29]  inferred      flip-flop                    
u_sram_mem_reg[142][30]  inferred      flip-flop                    
u_sram_mem_reg[142][31]  inferred      flip-flop                    
u_sram_mem_reg[143][0]   inferred      flip-flop                    
u_sram_mem_reg[143][1]   inferred      flip-flop                    
u_sram_mem_reg[143][2]   inferred      flip-flop                    
u_sram_mem_reg[143][3]   inferred      flip-flop                    
u_sram_mem_reg[143][4]   inferred      flip-flop                    
u_sram_mem_reg[143][5]   inferred      flip-flop                    
u_sram_mem_reg[143][6]   inferred      flip-flop                    
u_sram_mem_reg[143][7]   inferred      flip-flop                    
u_sram_mem_reg[143][8]   inferred      flip-flop                    
u_sram_mem_reg[143][9]   inferred      flip-flop                    
u_sram_mem_reg[143][10]  inferred      flip-flop                    
u_sram_mem_reg[143][11]  inferred      flip-flop                    
u_sram_mem_reg[143][12]  inferred      flip-flop                    
u_sram_mem_reg[143][13]  inferred      flip-flop                    
u_sram_mem_reg[143][14]  inferred      flip-flop                    
u_sram_mem_reg[143][15]  inferred      flip-flop                    
u_sram_mem_reg[143][16]  inferred      flip-flop                    
u_sram_mem_reg[143][17]  inferred      flip-flop                    
u_sram_mem_reg[143][18]  inferred      flip-flop                    
u_sram_mem_reg[143][19]  inferred      flip-flop                    
u_sram_mem_reg[143][20]  inferred      flip-flop                    
u_sram_mem_reg[143][21]  inferred      flip-flop                    
u_sram_mem_reg[143][22]  inferred      flip-flop                    
u_sram_mem_reg[143][23]  inferred      flip-flop                    
u_sram_mem_reg[143][24]  inferred      flip-flop                    
u_sram_mem_reg[143][25]  inferred      flip-flop                    
u_sram_mem_reg[143][26]  inferred      flip-flop                    
u_sram_mem_reg[143][27]  inferred      flip-flop                    
u_sram_mem_reg[143][28]  inferred      flip-flop                    
u_sram_mem_reg[143][29]  inferred      flip-flop                    
u_sram_mem_reg[143][30]  inferred      flip-flop                    
u_sram_mem_reg[143][31]  inferred      flip-flop                    
u_sram_mem_reg[144][0]   inferred      flip-flop                    
u_sram_mem_reg[144][1]   inferred      flip-flop                    
u_sram_mem_reg[144][2]   inferred      flip-flop                    
u_sram_mem_reg[144][3]   inferred      flip-flop                    
u_sram_mem_reg[144][4]   inferred      flip-flop                    
u_sram_mem_reg[144][5]   inferred      flip-flop                    
u_sram_mem_reg[144][6]   inferred      flip-flop                    
u_sram_mem_reg[144][7]   inferred      flip-flop                    
u_sram_mem_reg[144][8]   inferred      flip-flop                    
u_sram_mem_reg[144][9]   inferred      flip-flop                    
u_sram_mem_reg[144][10]  inferred      flip-flop                    
u_sram_mem_reg[144][11]  inferred      flip-flop                    
u_sram_mem_reg[144][12]  inferred      flip-flop                    
u_sram_mem_reg[144][13]  inferred      flip-flop                    
u_sram_mem_reg[144][14]  inferred      flip-flop                    
u_sram_mem_reg[144][15]  inferred      flip-flop                    
u_sram_mem_reg[144][16]  inferred      flip-flop                    
u_sram_mem_reg[144][17]  inferred      flip-flop                    
u_sram_mem_reg[144][18]  inferred      flip-flop                    
u_sram_mem_reg[144][19]  inferred      flip-flop                    
u_sram_mem_reg[144][20]  inferred      flip-flop                    
u_sram_mem_reg[144][21]  inferred      flip-flop                    
u_sram_mem_reg[144][22]  inferred      flip-flop                    
u_sram_mem_reg[144][23]  inferred      flip-flop                    
u_sram_mem_reg[144][24]  inferred      flip-flop                    
u_sram_mem_reg[144][25]  inferred      flip-flop                    
u_sram_mem_reg[144][26]  inferred      flip-flop                    
u_sram_mem_reg[144][27]  inferred      flip-flop                    
u_sram_mem_reg[144][28]  inferred      flip-flop                    
u_sram_mem_reg[144][29]  inferred      flip-flop                    
u_sram_mem_reg[144][30]  inferred      flip-flop                    
u_sram_mem_reg[144][31]  inferred      flip-flop                    
u_sram_mem_reg[145][0]   inferred      flip-flop                    
u_sram_mem_reg[145][1]   inferred      flip-flop                    
u_sram_mem_reg[145][2]   inferred      flip-flop                    
u_sram_mem_reg[145][3]   inferred      flip-flop                    
u_sram_mem_reg[145][4]   inferred      flip-flop                    
u_sram_mem_reg[145][5]   inferred      flip-flop                    
u_sram_mem_reg[145][6]   inferred      flip-flop                    
u_sram_mem_reg[145][7]   inferred      flip-flop                    
u_sram_mem_reg[145][8]   inferred      flip-flop                    
u_sram_mem_reg[145][9]   inferred      flip-flop                    
u_sram_mem_reg[145][10]  inferred      flip-flop                    
u_sram_mem_reg[145][11]  inferred      flip-flop                    
u_sram_mem_reg[145][12]  inferred      flip-flop                    
u_sram_mem_reg[145][13]  inferred      flip-flop                    
u_sram_mem_reg[145][14]  inferred      flip-flop                    
u_sram_mem_reg[145][15]  inferred      flip-flop                    
u_sram_mem_reg[145][16]  inferred      flip-flop                    
u_sram_mem_reg[145][17]  inferred      flip-flop                    
u_sram_mem_reg[145][18]  inferred      flip-flop                    
u_sram_mem_reg[145][19]  inferred      flip-flop                    
u_sram_mem_reg[145][20]  inferred      flip-flop                    
u_sram_mem_reg[145][21]  inferred      flip-flop                    
u_sram_mem_reg[145][22]  inferred      flip-flop                    
u_sram_mem_reg[145][23]  inferred      flip-flop                    
u_sram_mem_reg[145][24]  inferred      flip-flop                    
u_sram_mem_reg[145][25]  inferred      flip-flop                    
u_sram_mem_reg[145][26]  inferred      flip-flop                    
u_sram_mem_reg[145][27]  inferred      flip-flop                    
u_sram_mem_reg[145][28]  inferred      flip-flop                    
u_sram_mem_reg[145][29]  inferred      flip-flop                    
u_sram_mem_reg[145][30]  inferred      flip-flop                    
u_sram_mem_reg[145][31]  inferred      flip-flop                    
u_sram_mem_reg[146][0]   inferred      flip-flop                    
u_sram_mem_reg[146][1]   inferred      flip-flop                    
u_sram_mem_reg[146][2]   inferred      flip-flop                    
u_sram_mem_reg[146][3]   inferred      flip-flop                    
u_sram_mem_reg[146][4]   inferred      flip-flop                    
u_sram_mem_reg[146][5]   inferred      flip-flop                    
u_sram_mem_reg[146][6]   inferred      flip-flop                    
u_sram_mem_reg[146][7]   inferred      flip-flop                    
u_sram_mem_reg[146][8]   inferred      flip-flop                    
u_sram_mem_reg[146][9]   inferred      flip-flop                    
u_sram_mem_reg[146][10]  inferred      flip-flop                    
u_sram_mem_reg[146][11]  inferred      flip-flop                    
u_sram_mem_reg[146][12]  inferred      flip-flop                    
u_sram_mem_reg[146][13]  inferred      flip-flop                    
u_sram_mem_reg[146][14]  inferred      flip-flop                    
u_sram_mem_reg[146][15]  inferred      flip-flop                    
u_sram_mem_reg[146][16]  inferred      flip-flop                    
u_sram_mem_reg[146][17]  inferred      flip-flop                    
u_sram_mem_reg[146][18]  inferred      flip-flop                    
u_sram_mem_reg[146][19]  inferred      flip-flop                    
u_sram_mem_reg[146][20]  inferred      flip-flop                    
u_sram_mem_reg[146][21]  inferred      flip-flop                    
u_sram_mem_reg[146][22]  inferred      flip-flop                    
u_sram_mem_reg[146][23]  inferred      flip-flop                    
u_sram_mem_reg[146][24]  inferred      flip-flop                    
u_sram_mem_reg[146][25]  inferred      flip-flop                    
u_sram_mem_reg[146][26]  inferred      flip-flop                    
u_sram_mem_reg[146][27]  inferred      flip-flop                    
u_sram_mem_reg[146][28]  inferred      flip-flop                    
u_sram_mem_reg[146][29]  inferred      flip-flop                    
u_sram_mem_reg[146][30]  inferred      flip-flop                    
u_sram_mem_reg[146][31]  inferred      flip-flop                    
u_sram_mem_reg[147][0]   inferred      flip-flop                    
u_sram_mem_reg[147][1]   inferred      flip-flop                    
u_sram_mem_reg[147][2]   inferred      flip-flop                    
u_sram_mem_reg[147][3]   inferred      flip-flop                    
u_sram_mem_reg[147][4]   inferred      flip-flop                    
u_sram_mem_reg[147][5]   inferred      flip-flop                    
u_sram_mem_reg[147][6]   inferred      flip-flop                    
u_sram_mem_reg[147][7]   inferred      flip-flop                    
u_sram_mem_reg[147][8]   inferred      flip-flop                    
u_sram_mem_reg[147][9]   inferred      flip-flop                    
u_sram_mem_reg[147][10]  inferred      flip-flop                    
u_sram_mem_reg[147][11]  inferred      flip-flop                    
u_sram_mem_reg[147][12]  inferred      flip-flop                    
u_sram_mem_reg[147][13]  inferred      flip-flop                    
u_sram_mem_reg[147][14]  inferred      flip-flop                    
u_sram_mem_reg[147][15]  inferred      flip-flop                    
u_sram_mem_reg[147][16]  inferred      flip-flop                    
u_sram_mem_reg[147][17]  inferred      flip-flop                    
u_sram_mem_reg[147][18]  inferred      flip-flop                    
u_sram_mem_reg[147][19]  inferred      flip-flop                    
u_sram_mem_reg[147][20]  inferred      flip-flop                    
u_sram_mem_reg[147][21]  inferred      flip-flop                    
u_sram_mem_reg[147][22]  inferred      flip-flop                    
u_sram_mem_reg[147][23]  inferred      flip-flop                    
u_sram_mem_reg[147][24]  inferred      flip-flop                    
u_sram_mem_reg[147][25]  inferred      flip-flop                    
u_sram_mem_reg[147][26]  inferred      flip-flop                    
u_sram_mem_reg[147][27]  inferred      flip-flop                    
u_sram_mem_reg[147][28]  inferred      flip-flop                    
u_sram_mem_reg[147][29]  inferred      flip-flop                    
u_sram_mem_reg[147][30]  inferred      flip-flop                    
u_sram_mem_reg[147][31]  inferred      flip-flop                    
u_sram_mem_reg[148][0]   inferred      flip-flop                    
u_sram_mem_reg[148][1]   inferred      flip-flop                    
u_sram_mem_reg[148][2]   inferred      flip-flop                    
u_sram_mem_reg[148][3]   inferred      flip-flop                    
u_sram_mem_reg[148][4]   inferred      flip-flop                    
u_sram_mem_reg[148][5]   inferred      flip-flop                    
u_sram_mem_reg[148][6]   inferred      flip-flop                    
u_sram_mem_reg[148][7]   inferred      flip-flop                    
u_sram_mem_reg[148][8]   inferred      flip-flop                    
u_sram_mem_reg[148][9]   inferred      flip-flop                    
u_sram_mem_reg[148][10]  inferred      flip-flop                    
u_sram_mem_reg[148][11]  inferred      flip-flop                    
u_sram_mem_reg[148][12]  inferred      flip-flop                    
u_sram_mem_reg[148][13]  inferred      flip-flop                    
u_sram_mem_reg[148][14]  inferred      flip-flop                    
u_sram_mem_reg[148][15]  inferred      flip-flop                    
u_sram_mem_reg[148][16]  inferred      flip-flop                    
u_sram_mem_reg[148][17]  inferred      flip-flop                    
u_sram_mem_reg[148][18]  inferred      flip-flop                    
u_sram_mem_reg[148][19]  inferred      flip-flop                    
u_sram_mem_reg[148][20]  inferred      flip-flop                    
u_sram_mem_reg[148][21]  inferred      flip-flop                    
u_sram_mem_reg[148][22]  inferred      flip-flop                    
u_sram_mem_reg[148][23]  inferred      flip-flop                    
u_sram_mem_reg[148][24]  inferred      flip-flop                    
u_sram_mem_reg[148][25]  inferred      flip-flop                    
u_sram_mem_reg[148][26]  inferred      flip-flop                    
u_sram_mem_reg[148][27]  inferred      flip-flop                    
u_sram_mem_reg[148][28]  inferred      flip-flop                    
u_sram_mem_reg[148][29]  inferred      flip-flop                    
u_sram_mem_reg[148][30]  inferred      flip-flop                    
u_sram_mem_reg[148][31]  inferred      flip-flop                    
u_sram_mem_reg[149][0]   inferred      flip-flop                    
u_sram_mem_reg[149][1]   inferred      flip-flop                    
u_sram_mem_reg[149][2]   inferred      flip-flop                    
u_sram_mem_reg[149][3]   inferred      flip-flop                    
u_sram_mem_reg[149][4]   inferred      flip-flop                    
u_sram_mem_reg[149][5]   inferred      flip-flop                    
u_sram_mem_reg[149][6]   inferred      flip-flop                    
u_sram_mem_reg[149][7]   inferred      flip-flop                    
u_sram_mem_reg[149][8]   inferred      flip-flop                    
u_sram_mem_reg[149][9]   inferred      flip-flop                    
u_sram_mem_reg[149][10]  inferred      flip-flop                    
u_sram_mem_reg[149][11]  inferred      flip-flop                    
u_sram_mem_reg[149][12]  inferred      flip-flop                    
u_sram_mem_reg[149][13]  inferred      flip-flop                    
u_sram_mem_reg[149][14]  inferred      flip-flop                    
u_sram_mem_reg[149][15]  inferred      flip-flop                    
u_sram_mem_reg[149][16]  inferred      flip-flop                    
u_sram_mem_reg[149][17]  inferred      flip-flop                    
u_sram_mem_reg[149][18]  inferred      flip-flop                    
u_sram_mem_reg[149][19]  inferred      flip-flop                    
u_sram_mem_reg[149][20]  inferred      flip-flop                    
u_sram_mem_reg[149][21]  inferred      flip-flop                    
u_sram_mem_reg[149][22]  inferred      flip-flop                    
u_sram_mem_reg[149][23]  inferred      flip-flop                    
u_sram_mem_reg[149][24]  inferred      flip-flop                    
u_sram_mem_reg[149][25]  inferred      flip-flop                    
u_sram_mem_reg[149][26]  inferred      flip-flop                    
u_sram_mem_reg[149][27]  inferred      flip-flop                    
u_sram_mem_reg[149][28]  inferred      flip-flop                    
u_sram_mem_reg[149][29]  inferred      flip-flop                    
u_sram_mem_reg[149][30]  inferred      flip-flop                    
u_sram_mem_reg[149][31]  inferred      flip-flop                    
u_sram_mem_reg[150][0]   inferred      flip-flop                    
u_sram_mem_reg[150][1]   inferred      flip-flop                    
u_sram_mem_reg[150][2]   inferred      flip-flop                    
u_sram_mem_reg[150][3]   inferred      flip-flop                    
u_sram_mem_reg[150][4]   inferred      flip-flop                    
u_sram_mem_reg[150][5]   inferred      flip-flop                    
u_sram_mem_reg[150][6]   inferred      flip-flop                    
u_sram_mem_reg[150][7]   inferred      flip-flop                    
u_sram_mem_reg[150][8]   inferred      flip-flop                    
u_sram_mem_reg[150][9]   inferred      flip-flop                    
u_sram_mem_reg[150][10]  inferred      flip-flop                    
u_sram_mem_reg[150][11]  inferred      flip-flop                    
u_sram_mem_reg[150][12]  inferred      flip-flop                    
u_sram_mem_reg[150][13]  inferred      flip-flop                    
u_sram_mem_reg[150][14]  inferred      flip-flop                    
u_sram_mem_reg[150][15]  inferred      flip-flop                    
u_sram_mem_reg[150][16]  inferred      flip-flop                    
u_sram_mem_reg[150][17]  inferred      flip-flop                    
u_sram_mem_reg[150][18]  inferred      flip-flop                    
u_sram_mem_reg[150][19]  inferred      flip-flop                    
u_sram_mem_reg[150][20]  inferred      flip-flop                    
u_sram_mem_reg[150][21]  inferred      flip-flop                    
u_sram_mem_reg[150][22]  inferred      flip-flop                    
u_sram_mem_reg[150][23]  inferred      flip-flop                    
u_sram_mem_reg[150][24]  inferred      flip-flop                    
u_sram_mem_reg[150][25]  inferred      flip-flop                    
u_sram_mem_reg[150][26]  inferred      flip-flop                    
u_sram_mem_reg[150][27]  inferred      flip-flop                    
u_sram_mem_reg[150][28]  inferred      flip-flop                    
u_sram_mem_reg[150][29]  inferred      flip-flop                    
u_sram_mem_reg[150][30]  inferred      flip-flop                    
u_sram_mem_reg[150][31]  inferred      flip-flop                    
u_sram_mem_reg[151][0]   inferred      flip-flop                    
u_sram_mem_reg[151][1]   inferred      flip-flop                    
u_sram_mem_reg[151][2]   inferred      flip-flop                    
u_sram_mem_reg[151][3]   inferred      flip-flop                    
u_sram_mem_reg[151][4]   inferred      flip-flop                    
u_sram_mem_reg[151][5]   inferred      flip-flop                    
u_sram_mem_reg[151][6]   inferred      flip-flop                    
u_sram_mem_reg[151][7]   inferred      flip-flop                    
u_sram_mem_reg[151][8]   inferred      flip-flop                    
u_sram_mem_reg[151][9]   inferred      flip-flop                    
u_sram_mem_reg[151][10]  inferred      flip-flop                    
u_sram_mem_reg[151][11]  inferred      flip-flop                    
u_sram_mem_reg[151][12]  inferred      flip-flop                    
u_sram_mem_reg[151][13]  inferred      flip-flop                    
u_sram_mem_reg[151][14]  inferred      flip-flop                    
u_sram_mem_reg[151][15]  inferred      flip-flop                    
u_sram_mem_reg[151][16]  inferred      flip-flop                    
u_sram_mem_reg[151][17]  inferred      flip-flop                    
u_sram_mem_reg[151][18]  inferred      flip-flop                    
u_sram_mem_reg[151][19]  inferred      flip-flop                    
u_sram_mem_reg[151][20]  inferred      flip-flop                    
u_sram_mem_reg[151][21]  inferred      flip-flop                    
u_sram_mem_reg[151][22]  inferred      flip-flop                    
u_sram_mem_reg[151][23]  inferred      flip-flop                    
u_sram_mem_reg[151][24]  inferred      flip-flop                    
u_sram_mem_reg[151][25]  inferred      flip-flop                    
u_sram_mem_reg[151][26]  inferred      flip-flop                    
u_sram_mem_reg[151][27]  inferred      flip-flop                    
u_sram_mem_reg[151][28]  inferred      flip-flop                    
u_sram_mem_reg[151][29]  inferred      flip-flop                    
u_sram_mem_reg[151][30]  inferred      flip-flop                    
u_sram_mem_reg[151][31]  inferred      flip-flop                    
u_sram_mem_reg[152][0]   inferred      flip-flop                    
u_sram_mem_reg[152][1]   inferred      flip-flop                    
u_sram_mem_reg[152][2]   inferred      flip-flop                    
u_sram_mem_reg[152][3]   inferred      flip-flop                    
u_sram_mem_reg[152][4]   inferred      flip-flop                    
u_sram_mem_reg[152][5]   inferred      flip-flop                    
u_sram_mem_reg[152][6]   inferred      flip-flop                    
u_sram_mem_reg[152][7]   inferred      flip-flop                    
u_sram_mem_reg[152][8]   inferred      flip-flop                    
u_sram_mem_reg[152][9]   inferred      flip-flop                    
u_sram_mem_reg[152][10]  inferred      flip-flop                    
u_sram_mem_reg[152][11]  inferred      flip-flop                    
u_sram_mem_reg[152][12]  inferred      flip-flop                    
u_sram_mem_reg[152][13]  inferred      flip-flop                    
u_sram_mem_reg[152][14]  inferred      flip-flop                    
u_sram_mem_reg[152][15]  inferred      flip-flop                    
u_sram_mem_reg[152][16]  inferred      flip-flop                    
u_sram_mem_reg[152][17]  inferred      flip-flop                    
u_sram_mem_reg[152][18]  inferred      flip-flop                    
u_sram_mem_reg[152][19]  inferred      flip-flop                    
u_sram_mem_reg[152][20]  inferred      flip-flop                    
u_sram_mem_reg[152][21]  inferred      flip-flop                    
u_sram_mem_reg[152][22]  inferred      flip-flop                    
u_sram_mem_reg[152][23]  inferred      flip-flop                    
u_sram_mem_reg[152][24]  inferred      flip-flop                    
u_sram_mem_reg[152][25]  inferred      flip-flop                    
u_sram_mem_reg[152][26]  inferred      flip-flop                    
u_sram_mem_reg[152][27]  inferred      flip-flop                    
u_sram_mem_reg[152][28]  inferred      flip-flop                    
u_sram_mem_reg[152][29]  inferred      flip-flop                    
u_sram_mem_reg[152][30]  inferred      flip-flop                    
u_sram_mem_reg[152][31]  inferred      flip-flop                    
u_sram_mem_reg[153][0]   inferred      flip-flop                    
u_sram_mem_reg[153][1]   inferred      flip-flop                    
u_sram_mem_reg[153][2]   inferred      flip-flop                    
u_sram_mem_reg[153][3]   inferred      flip-flop                    
u_sram_mem_reg[153][4]   inferred      flip-flop                    
u_sram_mem_reg[153][5]   inferred      flip-flop                    
u_sram_mem_reg[153][6]   inferred      flip-flop                    
u_sram_mem_reg[153][7]   inferred      flip-flop                    
u_sram_mem_reg[153][8]   inferred      flip-flop                    
u_sram_mem_reg[153][9]   inferred      flip-flop                    
u_sram_mem_reg[153][10]  inferred      flip-flop                    
u_sram_mem_reg[153][11]  inferred      flip-flop                    
u_sram_mem_reg[153][12]  inferred      flip-flop                    
u_sram_mem_reg[153][13]  inferred      flip-flop                    
u_sram_mem_reg[153][14]  inferred      flip-flop                    
u_sram_mem_reg[153][15]  inferred      flip-flop                    
u_sram_mem_reg[153][16]  inferred      flip-flop                    
u_sram_mem_reg[153][17]  inferred      flip-flop                    
u_sram_mem_reg[153][18]  inferred      flip-flop                    
u_sram_mem_reg[153][19]  inferred      flip-flop                    
u_sram_mem_reg[153][20]  inferred      flip-flop                    
u_sram_mem_reg[153][21]  inferred      flip-flop                    
u_sram_mem_reg[153][22]  inferred      flip-flop                    
u_sram_mem_reg[153][23]  inferred      flip-flop                    
u_sram_mem_reg[153][24]  inferred      flip-flop                    
u_sram_mem_reg[153][25]  inferred      flip-flop                    
u_sram_mem_reg[153][26]  inferred      flip-flop                    
u_sram_mem_reg[153][27]  inferred      flip-flop                    
u_sram_mem_reg[153][28]  inferred      flip-flop                    
u_sram_mem_reg[153][29]  inferred      flip-flop                    
u_sram_mem_reg[153][30]  inferred      flip-flop                    
u_sram_mem_reg[153][31]  inferred      flip-flop                    
u_sram_mem_reg[154][0]   inferred      flip-flop                    
u_sram_mem_reg[154][1]   inferred      flip-flop                    
u_sram_mem_reg[154][2]   inferred      flip-flop                    
u_sram_mem_reg[154][3]   inferred      flip-flop                    
u_sram_mem_reg[154][4]   inferred      flip-flop                    
u_sram_mem_reg[154][5]   inferred      flip-flop                    
u_sram_mem_reg[154][6]   inferred      flip-flop                    
u_sram_mem_reg[154][7]   inferred      flip-flop                    
u_sram_mem_reg[154][8]   inferred      flip-flop                    
u_sram_mem_reg[154][9]   inferred      flip-flop                    
u_sram_mem_reg[154][10]  inferred      flip-flop                    
u_sram_mem_reg[154][11]  inferred      flip-flop                    
u_sram_mem_reg[154][12]  inferred      flip-flop                    
u_sram_mem_reg[154][13]  inferred      flip-flop                    
u_sram_mem_reg[154][14]  inferred      flip-flop                    
u_sram_mem_reg[154][15]  inferred      flip-flop                    
u_sram_mem_reg[154][16]  inferred      flip-flop                    
u_sram_mem_reg[154][17]  inferred      flip-flop                    
u_sram_mem_reg[154][18]  inferred      flip-flop                    
u_sram_mem_reg[154][19]  inferred      flip-flop                    
u_sram_mem_reg[154][20]  inferred      flip-flop                    
u_sram_mem_reg[154][21]  inferred      flip-flop                    
u_sram_mem_reg[154][22]  inferred      flip-flop                    
u_sram_mem_reg[154][23]  inferred      flip-flop                    
u_sram_mem_reg[154][24]  inferred      flip-flop                    
u_sram_mem_reg[154][25]  inferred      flip-flop                    
u_sram_mem_reg[154][26]  inferred      flip-flop                    
u_sram_mem_reg[154][27]  inferred      flip-flop                    
u_sram_mem_reg[154][28]  inferred      flip-flop                    
u_sram_mem_reg[154][29]  inferred      flip-flop                    
u_sram_mem_reg[154][30]  inferred      flip-flop                    
u_sram_mem_reg[154][31]  inferred      flip-flop                    
u_sram_mem_reg[155][0]   inferred      flip-flop                    
u_sram_mem_reg[155][1]   inferred      flip-flop                    
u_sram_mem_reg[155][2]   inferred      flip-flop                    
u_sram_mem_reg[155][3]   inferred      flip-flop                    
u_sram_mem_reg[155][4]   inferred      flip-flop                    
u_sram_mem_reg[155][5]   inferred      flip-flop                    
u_sram_mem_reg[155][6]   inferred      flip-flop                    
u_sram_mem_reg[155][7]   inferred      flip-flop                    
u_sram_mem_reg[155][8]   inferred      flip-flop                    
u_sram_mem_reg[155][9]   inferred      flip-flop                    
u_sram_mem_reg[155][10]  inferred      flip-flop                    
u_sram_mem_reg[155][11]  inferred      flip-flop                    
u_sram_mem_reg[155][12]  inferred      flip-flop                    
u_sram_mem_reg[155][13]  inferred      flip-flop                    
u_sram_mem_reg[155][14]  inferred      flip-flop                    
u_sram_mem_reg[155][15]  inferred      flip-flop                    
u_sram_mem_reg[155][16]  inferred      flip-flop                    
u_sram_mem_reg[155][17]  inferred      flip-flop                    
u_sram_mem_reg[155][18]  inferred      flip-flop                    
u_sram_mem_reg[155][19]  inferred      flip-flop                    
u_sram_mem_reg[155][20]  inferred      flip-flop                    
u_sram_mem_reg[155][21]  inferred      flip-flop                    
u_sram_mem_reg[155][22]  inferred      flip-flop                    
u_sram_mem_reg[155][23]  inferred      flip-flop                    
u_sram_mem_reg[155][24]  inferred      flip-flop                    
u_sram_mem_reg[155][25]  inferred      flip-flop                    
u_sram_mem_reg[155][26]  inferred      flip-flop                    
u_sram_mem_reg[155][27]  inferred      flip-flop                    
u_sram_mem_reg[155][28]  inferred      flip-flop                    
u_sram_mem_reg[155][29]  inferred      flip-flop                    
u_sram_mem_reg[155][30]  inferred      flip-flop                    
u_sram_mem_reg[155][31]  inferred      flip-flop                    
u_sram_mem_reg[156][0]   inferred      flip-flop                    
u_sram_mem_reg[156][1]   inferred      flip-flop                    
u_sram_mem_reg[156][2]   inferred      flip-flop                    
u_sram_mem_reg[156][3]   inferred      flip-flop                    
u_sram_mem_reg[156][4]   inferred      flip-flop                    
u_sram_mem_reg[156][5]   inferred      flip-flop                    
u_sram_mem_reg[156][6]   inferred      flip-flop                    
u_sram_mem_reg[156][7]   inferred      flip-flop                    
u_sram_mem_reg[156][8]   inferred      flip-flop                    
u_sram_mem_reg[156][9]   inferred      flip-flop                    
u_sram_mem_reg[156][10]  inferred      flip-flop                    
u_sram_mem_reg[156][11]  inferred      flip-flop                    
u_sram_mem_reg[156][12]  inferred      flip-flop                    
u_sram_mem_reg[156][13]  inferred      flip-flop                    
u_sram_mem_reg[156][14]  inferred      flip-flop                    
u_sram_mem_reg[156][15]  inferred      flip-flop                    
u_sram_mem_reg[156][16]  inferred      flip-flop                    
u_sram_mem_reg[156][17]  inferred      flip-flop                    
u_sram_mem_reg[156][18]  inferred      flip-flop                    
u_sram_mem_reg[156][19]  inferred      flip-flop                    
u_sram_mem_reg[156][20]  inferred      flip-flop                    
u_sram_mem_reg[156][21]  inferred      flip-flop                    
u_sram_mem_reg[156][22]  inferred      flip-flop                    
u_sram_mem_reg[156][23]  inferred      flip-flop                    
u_sram_mem_reg[156][24]  inferred      flip-flop                    
u_sram_mem_reg[156][25]  inferred      flip-flop                    
u_sram_mem_reg[156][26]  inferred      flip-flop                    
u_sram_mem_reg[156][27]  inferred      flip-flop                    
u_sram_mem_reg[156][28]  inferred      flip-flop                    
u_sram_mem_reg[156][29]  inferred      flip-flop                    
u_sram_mem_reg[156][30]  inferred      flip-flop                    
u_sram_mem_reg[156][31]  inferred      flip-flop                    
u_sram_mem_reg[157][0]   inferred      flip-flop                    
u_sram_mem_reg[157][1]   inferred      flip-flop                    
u_sram_mem_reg[157][2]   inferred      flip-flop                    
u_sram_mem_reg[157][3]   inferred      flip-flop                    
u_sram_mem_reg[157][4]   inferred      flip-flop                    
u_sram_mem_reg[157][5]   inferred      flip-flop                    
u_sram_mem_reg[157][6]   inferred      flip-flop                    
u_sram_mem_reg[157][7]   inferred      flip-flop                    
u_sram_mem_reg[157][8]   inferred      flip-flop                    
u_sram_mem_reg[157][9]   inferred      flip-flop                    
u_sram_mem_reg[157][10]  inferred      flip-flop                    
u_sram_mem_reg[157][11]  inferred      flip-flop                    
u_sram_mem_reg[157][12]  inferred      flip-flop                    
u_sram_mem_reg[157][13]  inferred      flip-flop                    
u_sram_mem_reg[157][14]  inferred      flip-flop                    
u_sram_mem_reg[157][15]  inferred      flip-flop                    
u_sram_mem_reg[157][16]  inferred      flip-flop                    
u_sram_mem_reg[157][17]  inferred      flip-flop                    
u_sram_mem_reg[157][18]  inferred      flip-flop                    
u_sram_mem_reg[157][19]  inferred      flip-flop                    
u_sram_mem_reg[157][20]  inferred      flip-flop                    
u_sram_mem_reg[157][21]  inferred      flip-flop                    
u_sram_mem_reg[157][22]  inferred      flip-flop                    
u_sram_mem_reg[157][23]  inferred      flip-flop                    
u_sram_mem_reg[157][24]  inferred      flip-flop                    
u_sram_mem_reg[157][25]  inferred      flip-flop                    
u_sram_mem_reg[157][26]  inferred      flip-flop                    
u_sram_mem_reg[157][27]  inferred      flip-flop                    
u_sram_mem_reg[157][28]  inferred      flip-flop                    
u_sram_mem_reg[157][29]  inferred      flip-flop                    
u_sram_mem_reg[157][30]  inferred      flip-flop                    
u_sram_mem_reg[157][31]  inferred      flip-flop                    
u_sram_mem_reg[158][0]   inferred      flip-flop                    
u_sram_mem_reg[158][1]   inferred      flip-flop                    
u_sram_mem_reg[158][2]   inferred      flip-flop                    
u_sram_mem_reg[158][3]   inferred      flip-flop                    
u_sram_mem_reg[158][4]   inferred      flip-flop                    
u_sram_mem_reg[158][5]   inferred      flip-flop                    
u_sram_mem_reg[158][6]   inferred      flip-flop                    
u_sram_mem_reg[158][7]   inferred      flip-flop                    
u_sram_mem_reg[158][8]   inferred      flip-flop                    
u_sram_mem_reg[158][9]   inferred      flip-flop                    
u_sram_mem_reg[158][10]  inferred      flip-flop                    
u_sram_mem_reg[158][11]  inferred      flip-flop                    
u_sram_mem_reg[158][12]  inferred      flip-flop                    
u_sram_mem_reg[158][13]  inferred      flip-flop                    
u_sram_mem_reg[158][14]  inferred      flip-flop                    
u_sram_mem_reg[158][15]  inferred      flip-flop                    
u_sram_mem_reg[158][16]  inferred      flip-flop                    
u_sram_mem_reg[158][17]  inferred      flip-flop                    
u_sram_mem_reg[158][18]  inferred      flip-flop                    
u_sram_mem_reg[158][19]  inferred      flip-flop                    
u_sram_mem_reg[158][20]  inferred      flip-flop                    
u_sram_mem_reg[158][21]  inferred      flip-flop                    
u_sram_mem_reg[158][22]  inferred      flip-flop                    
u_sram_mem_reg[158][23]  inferred      flip-flop                    
u_sram_mem_reg[158][24]  inferred      flip-flop                    
u_sram_mem_reg[158][25]  inferred      flip-flop                    
u_sram_mem_reg[158][26]  inferred      flip-flop                    
u_sram_mem_reg[158][27]  inferred      flip-flop                    
u_sram_mem_reg[158][28]  inferred      flip-flop                    
u_sram_mem_reg[158][29]  inferred      flip-flop                    
u_sram_mem_reg[158][30]  inferred      flip-flop                    
u_sram_mem_reg[158][31]  inferred      flip-flop                    
u_sram_mem_reg[159][0]   inferred      flip-flop                    
u_sram_mem_reg[159][1]   inferred      flip-flop                    
u_sram_mem_reg[159][2]   inferred      flip-flop                    
u_sram_mem_reg[159][3]   inferred      flip-flop                    
u_sram_mem_reg[159][4]   inferred      flip-flop                    
u_sram_mem_reg[159][5]   inferred      flip-flop                    
u_sram_mem_reg[159][6]   inferred      flip-flop                    
u_sram_mem_reg[159][7]   inferred      flip-flop                    
u_sram_mem_reg[159][8]   inferred      flip-flop                    
u_sram_mem_reg[159][9]   inferred      flip-flop                    
u_sram_mem_reg[159][10]  inferred      flip-flop                    
u_sram_mem_reg[159][11]  inferred      flip-flop                    
u_sram_mem_reg[159][12]  inferred      flip-flop                    
u_sram_mem_reg[159][13]  inferred      flip-flop                    
u_sram_mem_reg[159][14]  inferred      flip-flop                    
u_sram_mem_reg[159][15]  inferred      flip-flop                    
u_sram_mem_reg[159][16]  inferred      flip-flop                    
u_sram_mem_reg[159][17]  inferred      flip-flop                    
u_sram_mem_reg[159][18]  inferred      flip-flop                    
u_sram_mem_reg[159][19]  inferred      flip-flop                    
u_sram_mem_reg[159][20]  inferred      flip-flop                    
u_sram_mem_reg[159][21]  inferred      flip-flop                    
u_sram_mem_reg[159][22]  inferred      flip-flop                    
u_sram_mem_reg[159][23]  inferred      flip-flop                    
u_sram_mem_reg[159][24]  inferred      flip-flop                    
u_sram_mem_reg[159][25]  inferred      flip-flop                    
u_sram_mem_reg[159][26]  inferred      flip-flop                    
u_sram_mem_reg[159][27]  inferred      flip-flop                    
u_sram_mem_reg[159][28]  inferred      flip-flop                    
u_sram_mem_reg[159][29]  inferred      flip-flop                    
u_sram_mem_reg[159][30]  inferred      flip-flop                    
u_sram_mem_reg[159][31]  inferred      flip-flop                    
u_sram_mem_reg[160][0]   inferred      flip-flop                    
u_sram_mem_reg[160][1]   inferred      flip-flop                    
u_sram_mem_reg[160][2]   inferred      flip-flop                    
u_sram_mem_reg[160][3]   inferred      flip-flop                    
u_sram_mem_reg[160][4]   inferred      flip-flop                    
u_sram_mem_reg[160][5]   inferred      flip-flop                    
u_sram_mem_reg[160][6]   inferred      flip-flop                    
u_sram_mem_reg[160][7]   inferred      flip-flop                    
u_sram_mem_reg[160][8]   inferred      flip-flop                    
u_sram_mem_reg[160][9]   inferred      flip-flop                    
u_sram_mem_reg[160][10]  inferred      flip-flop                    
u_sram_mem_reg[160][11]  inferred      flip-flop                    
u_sram_mem_reg[160][12]  inferred      flip-flop                    
u_sram_mem_reg[160][13]  inferred      flip-flop                    
u_sram_mem_reg[160][14]  inferred      flip-flop                    
u_sram_mem_reg[160][15]  inferred      flip-flop                    
u_sram_mem_reg[160][16]  inferred      flip-flop                    
u_sram_mem_reg[160][17]  inferred      flip-flop                    
u_sram_mem_reg[160][18]  inferred      flip-flop                    
u_sram_mem_reg[160][19]  inferred      flip-flop                    
u_sram_mem_reg[160][20]  inferred      flip-flop                    
u_sram_mem_reg[160][21]  inferred      flip-flop                    
u_sram_mem_reg[160][22]  inferred      flip-flop                    
u_sram_mem_reg[160][23]  inferred      flip-flop                    
u_sram_mem_reg[160][24]  inferred      flip-flop                    
u_sram_mem_reg[160][25]  inferred      flip-flop                    
u_sram_mem_reg[160][26]  inferred      flip-flop                    
u_sram_mem_reg[160][27]  inferred      flip-flop                    
u_sram_mem_reg[160][28]  inferred      flip-flop                    
u_sram_mem_reg[160][29]  inferred      flip-flop                    
u_sram_mem_reg[160][30]  inferred      flip-flop                    
u_sram_mem_reg[160][31]  inferred      flip-flop                    
u_sram_mem_reg[161][0]   inferred      flip-flop                    
u_sram_mem_reg[161][1]   inferred      flip-flop                    
u_sram_mem_reg[161][2]   inferred      flip-flop                    
u_sram_mem_reg[161][3]   inferred      flip-flop                    
u_sram_mem_reg[161][4]   inferred      flip-flop                    
u_sram_mem_reg[161][5]   inferred      flip-flop                    
u_sram_mem_reg[161][6]   inferred      flip-flop                    
u_sram_mem_reg[161][7]   inferred      flip-flop                    
u_sram_mem_reg[161][8]   inferred      flip-flop                    
u_sram_mem_reg[161][9]   inferred      flip-flop                    
u_sram_mem_reg[161][10]  inferred      flip-flop                    
u_sram_mem_reg[161][11]  inferred      flip-flop                    
u_sram_mem_reg[161][12]  inferred      flip-flop                    
u_sram_mem_reg[161][13]  inferred      flip-flop                    
u_sram_mem_reg[161][14]  inferred      flip-flop                    
u_sram_mem_reg[161][15]  inferred      flip-flop                    
u_sram_mem_reg[161][16]  inferred      flip-flop                    
u_sram_mem_reg[161][17]  inferred      flip-flop                    
u_sram_mem_reg[161][18]  inferred      flip-flop                    
u_sram_mem_reg[161][19]  inferred      flip-flop                    
u_sram_mem_reg[161][20]  inferred      flip-flop                    
u_sram_mem_reg[161][21]  inferred      flip-flop                    
u_sram_mem_reg[161][22]  inferred      flip-flop                    
u_sram_mem_reg[161][23]  inferred      flip-flop                    
u_sram_mem_reg[161][24]  inferred      flip-flop                    
u_sram_mem_reg[161][25]  inferred      flip-flop                    
u_sram_mem_reg[161][26]  inferred      flip-flop                    
u_sram_mem_reg[161][27]  inferred      flip-flop                    
u_sram_mem_reg[161][28]  inferred      flip-flop                    
u_sram_mem_reg[161][29]  inferred      flip-flop                    
u_sram_mem_reg[161][30]  inferred      flip-flop                    
u_sram_mem_reg[161][31]  inferred      flip-flop                    
u_sram_mem_reg[162][0]   inferred      flip-flop                    
u_sram_mem_reg[162][1]   inferred      flip-flop                    
u_sram_mem_reg[162][2]   inferred      flip-flop                    
u_sram_mem_reg[162][3]   inferred      flip-flop                    
u_sram_mem_reg[162][4]   inferred      flip-flop                    
u_sram_mem_reg[162][5]   inferred      flip-flop                    
u_sram_mem_reg[162][6]   inferred      flip-flop                    
u_sram_mem_reg[162][7]   inferred      flip-flop                    
u_sram_mem_reg[162][8]   inferred      flip-flop                    
u_sram_mem_reg[162][9]   inferred      flip-flop                    
u_sram_mem_reg[162][10]  inferred      flip-flop                    
u_sram_mem_reg[162][11]  inferred      flip-flop                    
u_sram_mem_reg[162][12]  inferred      flip-flop                    
u_sram_mem_reg[162][13]  inferred      flip-flop                    
u_sram_mem_reg[162][14]  inferred      flip-flop                    
u_sram_mem_reg[162][15]  inferred      flip-flop                    
u_sram_mem_reg[162][16]  inferred      flip-flop                    
u_sram_mem_reg[162][17]  inferred      flip-flop                    
u_sram_mem_reg[162][18]  inferred      flip-flop                    
u_sram_mem_reg[162][19]  inferred      flip-flop                    
u_sram_mem_reg[162][20]  inferred      flip-flop                    
u_sram_mem_reg[162][21]  inferred      flip-flop                    
u_sram_mem_reg[162][22]  inferred      flip-flop                    
u_sram_mem_reg[162][23]  inferred      flip-flop                    
u_sram_mem_reg[162][24]  inferred      flip-flop                    
u_sram_mem_reg[162][25]  inferred      flip-flop                    
u_sram_mem_reg[162][26]  inferred      flip-flop                    
u_sram_mem_reg[162][27]  inferred      flip-flop                    
u_sram_mem_reg[162][28]  inferred      flip-flop                    
u_sram_mem_reg[162][29]  inferred      flip-flop                    
u_sram_mem_reg[162][30]  inferred      flip-flop                    
u_sram_mem_reg[162][31]  inferred      flip-flop                    
u_sram_mem_reg[163][0]   inferred      flip-flop                    
u_sram_mem_reg[163][1]   inferred      flip-flop                    
u_sram_mem_reg[163][2]   inferred      flip-flop                    
u_sram_mem_reg[163][3]   inferred      flip-flop                    
u_sram_mem_reg[163][4]   inferred      flip-flop                    
u_sram_mem_reg[163][5]   inferred      flip-flop                    
u_sram_mem_reg[163][6]   inferred      flip-flop                    
u_sram_mem_reg[163][7]   inferred      flip-flop                    
u_sram_mem_reg[163][8]   inferred      flip-flop                    
u_sram_mem_reg[163][9]   inferred      flip-flop                    
u_sram_mem_reg[163][10]  inferred      flip-flop                    
u_sram_mem_reg[163][11]  inferred      flip-flop                    
u_sram_mem_reg[163][12]  inferred      flip-flop                    
u_sram_mem_reg[163][13]  inferred      flip-flop                    
u_sram_mem_reg[163][14]  inferred      flip-flop                    
u_sram_mem_reg[163][15]  inferred      flip-flop                    
u_sram_mem_reg[163][16]  inferred      flip-flop                    
u_sram_mem_reg[163][17]  inferred      flip-flop                    
u_sram_mem_reg[163][18]  inferred      flip-flop                    
u_sram_mem_reg[163][19]  inferred      flip-flop                    
u_sram_mem_reg[163][20]  inferred      flip-flop                    
u_sram_mem_reg[163][21]  inferred      flip-flop                    
u_sram_mem_reg[163][22]  inferred      flip-flop                    
u_sram_mem_reg[163][23]  inferred      flip-flop                    
u_sram_mem_reg[163][24]  inferred      flip-flop                    
u_sram_mem_reg[163][25]  inferred      flip-flop                    
u_sram_mem_reg[163][26]  inferred      flip-flop                    
u_sram_mem_reg[163][27]  inferred      flip-flop                    
u_sram_mem_reg[163][28]  inferred      flip-flop                    
u_sram_mem_reg[163][29]  inferred      flip-flop                    
u_sram_mem_reg[163][30]  inferred      flip-flop                    
u_sram_mem_reg[163][31]  inferred      flip-flop                    
u_sram_mem_reg[164][0]   inferred      flip-flop                    
u_sram_mem_reg[164][1]   inferred      flip-flop                    
u_sram_mem_reg[164][2]   inferred      flip-flop                    
u_sram_mem_reg[164][3]   inferred      flip-flop                    
u_sram_mem_reg[164][4]   inferred      flip-flop                    
u_sram_mem_reg[164][5]   inferred      flip-flop                    
u_sram_mem_reg[164][6]   inferred      flip-flop                    
u_sram_mem_reg[164][7]   inferred      flip-flop                    
u_sram_mem_reg[164][8]   inferred      flip-flop                    
u_sram_mem_reg[164][9]   inferred      flip-flop                    
u_sram_mem_reg[164][10]  inferred      flip-flop                    
u_sram_mem_reg[164][11]  inferred      flip-flop                    
u_sram_mem_reg[164][12]  inferred      flip-flop                    
u_sram_mem_reg[164][13]  inferred      flip-flop                    
u_sram_mem_reg[164][14]  inferred      flip-flop                    
u_sram_mem_reg[164][15]  inferred      flip-flop                    
u_sram_mem_reg[164][16]  inferred      flip-flop                    
u_sram_mem_reg[164][17]  inferred      flip-flop                    
u_sram_mem_reg[164][18]  inferred      flip-flop                    
u_sram_mem_reg[164][19]  inferred      flip-flop                    
u_sram_mem_reg[164][20]  inferred      flip-flop                    
u_sram_mem_reg[164][21]  inferred      flip-flop                    
u_sram_mem_reg[164][22]  inferred      flip-flop                    
u_sram_mem_reg[164][23]  inferred      flip-flop                    
u_sram_mem_reg[164][24]  inferred      flip-flop                    
u_sram_mem_reg[164][25]  inferred      flip-flop                    
u_sram_mem_reg[164][26]  inferred      flip-flop                    
u_sram_mem_reg[164][27]  inferred      flip-flop                    
u_sram_mem_reg[164][28]  inferred      flip-flop                    
u_sram_mem_reg[164][29]  inferred      flip-flop                    
u_sram_mem_reg[164][30]  inferred      flip-flop                    
u_sram_mem_reg[164][31]  inferred      flip-flop                    
u_sram_mem_reg[165][0]   inferred      flip-flop                    
u_sram_mem_reg[165][1]   inferred      flip-flop                    
u_sram_mem_reg[165][2]   inferred      flip-flop                    
u_sram_mem_reg[165][3]   inferred      flip-flop                    
u_sram_mem_reg[165][4]   inferred      flip-flop                    
u_sram_mem_reg[165][5]   inferred      flip-flop                    
u_sram_mem_reg[165][6]   inferred      flip-flop                    
u_sram_mem_reg[165][7]   inferred      flip-flop                    
u_sram_mem_reg[165][8]   inferred      flip-flop                    
u_sram_mem_reg[165][9]   inferred      flip-flop                    
u_sram_mem_reg[165][10]  inferred      flip-flop                    
u_sram_mem_reg[165][11]  inferred      flip-flop                    
u_sram_mem_reg[165][12]  inferred      flip-flop                    
u_sram_mem_reg[165][13]  inferred      flip-flop                    
u_sram_mem_reg[165][14]  inferred      flip-flop                    
u_sram_mem_reg[165][15]  inferred      flip-flop                    
u_sram_mem_reg[165][16]  inferred      flip-flop                    
u_sram_mem_reg[165][17]  inferred      flip-flop                    
u_sram_mem_reg[165][18]  inferred      flip-flop                    
u_sram_mem_reg[165][19]  inferred      flip-flop                    
u_sram_mem_reg[165][20]  inferred      flip-flop                    
u_sram_mem_reg[165][21]  inferred      flip-flop                    
u_sram_mem_reg[165][22]  inferred      flip-flop                    
u_sram_mem_reg[165][23]  inferred      flip-flop                    
u_sram_mem_reg[165][24]  inferred      flip-flop                    
u_sram_mem_reg[165][25]  inferred      flip-flop                    
u_sram_mem_reg[165][26]  inferred      flip-flop                    
u_sram_mem_reg[165][27]  inferred      flip-flop                    
u_sram_mem_reg[165][28]  inferred      flip-flop                    
u_sram_mem_reg[165][29]  inferred      flip-flop                    
u_sram_mem_reg[165][30]  inferred      flip-flop                    
u_sram_mem_reg[165][31]  inferred      flip-flop                    
u_sram_mem_reg[166][0]   inferred      flip-flop                    
u_sram_mem_reg[166][1]   inferred      flip-flop                    
u_sram_mem_reg[166][2]   inferred      flip-flop                    
u_sram_mem_reg[166][3]   inferred      flip-flop                    
u_sram_mem_reg[166][4]   inferred      flip-flop                    
u_sram_mem_reg[166][5]   inferred      flip-flop                    
u_sram_mem_reg[166][6]   inferred      flip-flop                    
u_sram_mem_reg[166][7]   inferred      flip-flop                    
u_sram_mem_reg[166][8]   inferred      flip-flop                    
u_sram_mem_reg[166][9]   inferred      flip-flop                    
u_sram_mem_reg[166][10]  inferred      flip-flop                    
u_sram_mem_reg[166][11]  inferred      flip-flop                    
u_sram_mem_reg[166][12]  inferred      flip-flop                    
u_sram_mem_reg[166][13]  inferred      flip-flop                    
u_sram_mem_reg[166][14]  inferred      flip-flop                    
u_sram_mem_reg[166][15]  inferred      flip-flop                    
u_sram_mem_reg[166][16]  inferred      flip-flop                    
u_sram_mem_reg[166][17]  inferred      flip-flop                    
u_sram_mem_reg[166][18]  inferred      flip-flop                    
u_sram_mem_reg[166][19]  inferred      flip-flop                    
u_sram_mem_reg[166][20]  inferred      flip-flop                    
u_sram_mem_reg[166][21]  inferred      flip-flop                    
u_sram_mem_reg[166][22]  inferred      flip-flop                    
u_sram_mem_reg[166][23]  inferred      flip-flop                    
u_sram_mem_reg[166][24]  inferred      flip-flop                    
u_sram_mem_reg[166][25]  inferred      flip-flop                    
u_sram_mem_reg[166][26]  inferred      flip-flop                    
u_sram_mem_reg[166][27]  inferred      flip-flop                    
u_sram_mem_reg[166][28]  inferred      flip-flop                    
u_sram_mem_reg[166][29]  inferred      flip-flop                    
u_sram_mem_reg[166][30]  inferred      flip-flop                    
u_sram_mem_reg[166][31]  inferred      flip-flop                    
u_sram_mem_reg[167][0]   inferred      flip-flop                    
u_sram_mem_reg[167][1]   inferred      flip-flop                    
u_sram_mem_reg[167][2]   inferred      flip-flop                    
u_sram_mem_reg[167][3]   inferred      flip-flop                    
u_sram_mem_reg[167][4]   inferred      flip-flop                    
u_sram_mem_reg[167][5]   inferred      flip-flop                    
u_sram_mem_reg[167][6]   inferred      flip-flop                    
u_sram_mem_reg[167][7]   inferred      flip-flop                    
u_sram_mem_reg[167][8]   inferred      flip-flop                    
u_sram_mem_reg[167][9]   inferred      flip-flop                    
u_sram_mem_reg[167][10]  inferred      flip-flop                    
u_sram_mem_reg[167][11]  inferred      flip-flop                    
u_sram_mem_reg[167][12]  inferred      flip-flop                    
u_sram_mem_reg[167][13]  inferred      flip-flop                    
u_sram_mem_reg[167][14]  inferred      flip-flop                    
u_sram_mem_reg[167][15]  inferred      flip-flop                    
u_sram_mem_reg[167][16]  inferred      flip-flop                    
u_sram_mem_reg[167][17]  inferred      flip-flop                    
u_sram_mem_reg[167][18]  inferred      flip-flop                    
u_sram_mem_reg[167][19]  inferred      flip-flop                    
u_sram_mem_reg[167][20]  inferred      flip-flop                    
u_sram_mem_reg[167][21]  inferred      flip-flop                    
u_sram_mem_reg[167][22]  inferred      flip-flop                    
u_sram_mem_reg[167][23]  inferred      flip-flop                    
u_sram_mem_reg[167][24]  inferred      flip-flop                    
u_sram_mem_reg[167][25]  inferred      flip-flop                    
u_sram_mem_reg[167][26]  inferred      flip-flop                    
u_sram_mem_reg[167][27]  inferred      flip-flop                    
u_sram_mem_reg[167][28]  inferred      flip-flop                    
u_sram_mem_reg[167][29]  inferred      flip-flop                    
u_sram_mem_reg[167][30]  inferred      flip-flop                    
u_sram_mem_reg[167][31]  inferred      flip-flop                    
u_sram_mem_reg[168][0]   inferred      flip-flop                    
u_sram_mem_reg[168][1]   inferred      flip-flop                    
u_sram_mem_reg[168][2]   inferred      flip-flop                    
u_sram_mem_reg[168][3]   inferred      flip-flop                    
u_sram_mem_reg[168][4]   inferred      flip-flop                    
u_sram_mem_reg[168][5]   inferred      flip-flop                    
u_sram_mem_reg[168][6]   inferred      flip-flop                    
u_sram_mem_reg[168][7]   inferred      flip-flop                    
u_sram_mem_reg[168][8]   inferred      flip-flop                    
u_sram_mem_reg[168][9]   inferred      flip-flop                    
u_sram_mem_reg[168][10]  inferred      flip-flop                    
u_sram_mem_reg[168][11]  inferred      flip-flop                    
u_sram_mem_reg[168][12]  inferred      flip-flop                    
u_sram_mem_reg[168][13]  inferred      flip-flop                    
u_sram_mem_reg[168][14]  inferred      flip-flop                    
u_sram_mem_reg[168][15]  inferred      flip-flop                    
u_sram_mem_reg[168][16]  inferred      flip-flop                    
u_sram_mem_reg[168][17]  inferred      flip-flop                    
u_sram_mem_reg[168][18]  inferred      flip-flop                    
u_sram_mem_reg[168][19]  inferred      flip-flop                    
u_sram_mem_reg[168][20]  inferred      flip-flop                    
u_sram_mem_reg[168][21]  inferred      flip-flop                    
u_sram_mem_reg[168][22]  inferred      flip-flop                    
u_sram_mem_reg[168][23]  inferred      flip-flop                    
u_sram_mem_reg[168][24]  inferred      flip-flop                    
u_sram_mem_reg[168][25]  inferred      flip-flop                    
u_sram_mem_reg[168][26]  inferred      flip-flop                    
u_sram_mem_reg[168][27]  inferred      flip-flop                    
u_sram_mem_reg[168][28]  inferred      flip-flop                    
u_sram_mem_reg[168][29]  inferred      flip-flop                    
u_sram_mem_reg[168][30]  inferred      flip-flop                    
u_sram_mem_reg[168][31]  inferred      flip-flop                    
u_sram_mem_reg[169][0]   inferred      flip-flop                    
u_sram_mem_reg[169][1]   inferred      flip-flop                    
u_sram_mem_reg[169][2]   inferred      flip-flop                    
u_sram_mem_reg[169][3]   inferred      flip-flop                    
u_sram_mem_reg[169][4]   inferred      flip-flop                    
u_sram_mem_reg[169][5]   inferred      flip-flop                    
u_sram_mem_reg[169][6]   inferred      flip-flop                    
u_sram_mem_reg[169][7]   inferred      flip-flop                    
u_sram_mem_reg[169][8]   inferred      flip-flop                    
u_sram_mem_reg[169][9]   inferred      flip-flop                    
u_sram_mem_reg[169][10]  inferred      flip-flop                    
u_sram_mem_reg[169][11]  inferred      flip-flop                    
u_sram_mem_reg[169][12]  inferred      flip-flop                    
u_sram_mem_reg[169][13]  inferred      flip-flop                    
u_sram_mem_reg[169][14]  inferred      flip-flop                    
u_sram_mem_reg[169][15]  inferred      flip-flop                    
u_sram_mem_reg[169][16]  inferred      flip-flop                    
u_sram_mem_reg[169][17]  inferred      flip-flop                    
u_sram_mem_reg[169][18]  inferred      flip-flop                    
u_sram_mem_reg[169][19]  inferred      flip-flop                    
u_sram_mem_reg[169][20]  inferred      flip-flop                    
u_sram_mem_reg[169][21]  inferred      flip-flop                    
u_sram_mem_reg[169][22]  inferred      flip-flop                    
u_sram_mem_reg[169][23]  inferred      flip-flop                    
u_sram_mem_reg[169][24]  inferred      flip-flop                    
u_sram_mem_reg[169][25]  inferred      flip-flop                    
u_sram_mem_reg[169][26]  inferred      flip-flop                    
u_sram_mem_reg[169][27]  inferred      flip-flop                    
u_sram_mem_reg[169][28]  inferred      flip-flop                    
u_sram_mem_reg[169][29]  inferred      flip-flop                    
u_sram_mem_reg[169][30]  inferred      flip-flop                    
u_sram_mem_reg[169][31]  inferred      flip-flop                    
u_sram_mem_reg[170][0]   inferred      flip-flop                    
u_sram_mem_reg[170][1]   inferred      flip-flop                    
u_sram_mem_reg[170][2]   inferred      flip-flop                    
u_sram_mem_reg[170][3]   inferred      flip-flop                    
u_sram_mem_reg[170][4]   inferred      flip-flop                    
u_sram_mem_reg[170][5]   inferred      flip-flop                    
u_sram_mem_reg[170][6]   inferred      flip-flop                    
u_sram_mem_reg[170][7]   inferred      flip-flop                    
u_sram_mem_reg[170][8]   inferred      flip-flop                    
u_sram_mem_reg[170][9]   inferred      flip-flop                    
u_sram_mem_reg[170][10]  inferred      flip-flop                    
u_sram_mem_reg[170][11]  inferred      flip-flop                    
u_sram_mem_reg[170][12]  inferred      flip-flop                    
u_sram_mem_reg[170][13]  inferred      flip-flop                    
u_sram_mem_reg[170][14]  inferred      flip-flop                    
u_sram_mem_reg[170][15]  inferred      flip-flop                    
u_sram_mem_reg[170][16]  inferred      flip-flop                    
u_sram_mem_reg[170][17]  inferred      flip-flop                    
u_sram_mem_reg[170][18]  inferred      flip-flop                    
u_sram_mem_reg[170][19]  inferred      flip-flop                    
u_sram_mem_reg[170][20]  inferred      flip-flop                    
u_sram_mem_reg[170][21]  inferred      flip-flop                    
u_sram_mem_reg[170][22]  inferred      flip-flop                    
u_sram_mem_reg[170][23]  inferred      flip-flop                    
u_sram_mem_reg[170][24]  inferred      flip-flop                    
u_sram_mem_reg[170][25]  inferred      flip-flop                    
u_sram_mem_reg[170][26]  inferred      flip-flop                    
u_sram_mem_reg[170][27]  inferred      flip-flop                    
u_sram_mem_reg[170][28]  inferred      flip-flop                    
u_sram_mem_reg[170][29]  inferred      flip-flop                    
u_sram_mem_reg[170][30]  inferred      flip-flop                    
u_sram_mem_reg[170][31]  inferred      flip-flop                    
u_sram_mem_reg[171][0]   inferred      flip-flop                    
u_sram_mem_reg[171][1]   inferred      flip-flop                    
u_sram_mem_reg[171][2]   inferred      flip-flop                    
u_sram_mem_reg[171][3]   inferred      flip-flop                    
u_sram_mem_reg[171][4]   inferred      flip-flop                    
u_sram_mem_reg[171][5]   inferred      flip-flop                    
u_sram_mem_reg[171][6]   inferred      flip-flop                    
u_sram_mem_reg[171][7]   inferred      flip-flop                    
u_sram_mem_reg[171][8]   inferred      flip-flop                    
u_sram_mem_reg[171][9]   inferred      flip-flop                    
u_sram_mem_reg[171][10]  inferred      flip-flop                    
u_sram_mem_reg[171][11]  inferred      flip-flop                    
u_sram_mem_reg[171][12]  inferred      flip-flop                    
u_sram_mem_reg[171][13]  inferred      flip-flop                    
u_sram_mem_reg[171][14]  inferred      flip-flop                    
u_sram_mem_reg[171][15]  inferred      flip-flop                    
u_sram_mem_reg[171][16]  inferred      flip-flop                    
u_sram_mem_reg[171][17]  inferred      flip-flop                    
u_sram_mem_reg[171][18]  inferred      flip-flop                    
u_sram_mem_reg[171][19]  inferred      flip-flop                    
u_sram_mem_reg[171][20]  inferred      flip-flop                    
u_sram_mem_reg[171][21]  inferred      flip-flop                    
u_sram_mem_reg[171][22]  inferred      flip-flop                    
u_sram_mem_reg[171][23]  inferred      flip-flop                    
u_sram_mem_reg[171][24]  inferred      flip-flop                    
u_sram_mem_reg[171][25]  inferred      flip-flop                    
u_sram_mem_reg[171][26]  inferred      flip-flop                    
u_sram_mem_reg[171][27]  inferred      flip-flop                    
u_sram_mem_reg[171][28]  inferred      flip-flop                    
u_sram_mem_reg[171][29]  inferred      flip-flop                    
u_sram_mem_reg[171][30]  inferred      flip-flop                    
u_sram_mem_reg[171][31]  inferred      flip-flop                    
u_sram_mem_reg[172][0]   inferred      flip-flop                    
u_sram_mem_reg[172][1]   inferred      flip-flop                    
u_sram_mem_reg[172][2]   inferred      flip-flop                    
u_sram_mem_reg[172][3]   inferred      flip-flop                    
u_sram_mem_reg[172][4]   inferred      flip-flop                    
u_sram_mem_reg[172][5]   inferred      flip-flop                    
u_sram_mem_reg[172][6]   inferred      flip-flop                    
u_sram_mem_reg[172][7]   inferred      flip-flop                    
u_sram_mem_reg[172][8]   inferred      flip-flop                    
u_sram_mem_reg[172][9]   inferred      flip-flop                    
u_sram_mem_reg[172][10]  inferred      flip-flop                    
u_sram_mem_reg[172][11]  inferred      flip-flop                    
u_sram_mem_reg[172][12]  inferred      flip-flop                    
u_sram_mem_reg[172][13]  inferred      flip-flop                    
u_sram_mem_reg[172][14]  inferred      flip-flop                    
u_sram_mem_reg[172][15]  inferred      flip-flop                    
u_sram_mem_reg[172][16]  inferred      flip-flop                    
u_sram_mem_reg[172][17]  inferred      flip-flop                    
u_sram_mem_reg[172][18]  inferred      flip-flop                    
u_sram_mem_reg[172][19]  inferred      flip-flop                    
u_sram_mem_reg[172][20]  inferred      flip-flop                    
u_sram_mem_reg[172][21]  inferred      flip-flop                    
u_sram_mem_reg[172][22]  inferred      flip-flop                    
u_sram_mem_reg[172][23]  inferred      flip-flop                    
u_sram_mem_reg[172][24]  inferred      flip-flop                    
u_sram_mem_reg[172][25]  inferred      flip-flop                    
u_sram_mem_reg[172][26]  inferred      flip-flop                    
u_sram_mem_reg[172][27]  inferred      flip-flop                    
u_sram_mem_reg[172][28]  inferred      flip-flop                    
u_sram_mem_reg[172][29]  inferred      flip-flop                    
u_sram_mem_reg[172][30]  inferred      flip-flop                    
u_sram_mem_reg[172][31]  inferred      flip-flop                    
u_sram_mem_reg[173][0]   inferred      flip-flop                    
u_sram_mem_reg[173][1]   inferred      flip-flop                    
u_sram_mem_reg[173][2]   inferred      flip-flop                    
u_sram_mem_reg[173][3]   inferred      flip-flop                    
u_sram_mem_reg[173][4]   inferred      flip-flop                    
u_sram_mem_reg[173][5]   inferred      flip-flop                    
u_sram_mem_reg[173][6]   inferred      flip-flop                    
u_sram_mem_reg[173][7]   inferred      flip-flop                    
u_sram_mem_reg[173][8]   inferred      flip-flop                    
u_sram_mem_reg[173][9]   inferred      flip-flop                    
u_sram_mem_reg[173][10]  inferred      flip-flop                    
u_sram_mem_reg[173][11]  inferred      flip-flop                    
u_sram_mem_reg[173][12]  inferred      flip-flop                    
u_sram_mem_reg[173][13]  inferred      flip-flop                    
u_sram_mem_reg[173][14]  inferred      flip-flop                    
u_sram_mem_reg[173][15]  inferred      flip-flop                    
u_sram_mem_reg[173][16]  inferred      flip-flop                    
u_sram_mem_reg[173][17]  inferred      flip-flop                    
u_sram_mem_reg[173][18]  inferred      flip-flop                    
u_sram_mem_reg[173][19]  inferred      flip-flop                    
u_sram_mem_reg[173][20]  inferred      flip-flop                    
u_sram_mem_reg[173][21]  inferred      flip-flop                    
u_sram_mem_reg[173][22]  inferred      flip-flop                    
u_sram_mem_reg[173][23]  inferred      flip-flop                    
u_sram_mem_reg[173][24]  inferred      flip-flop                    
u_sram_mem_reg[173][25]  inferred      flip-flop                    
u_sram_mem_reg[173][26]  inferred      flip-flop                    
u_sram_mem_reg[173][27]  inferred      flip-flop                    
u_sram_mem_reg[173][28]  inferred      flip-flop                    
u_sram_mem_reg[173][29]  inferred      flip-flop                    
u_sram_mem_reg[173][30]  inferred      flip-flop                    
u_sram_mem_reg[173][31]  inferred      flip-flop                    
u_sram_mem_reg[174][0]   inferred      flip-flop                    
u_sram_mem_reg[174][1]   inferred      flip-flop                    
u_sram_mem_reg[174][2]   inferred      flip-flop                    
u_sram_mem_reg[174][3]   inferred      flip-flop                    
u_sram_mem_reg[174][4]   inferred      flip-flop                    
u_sram_mem_reg[174][5]   inferred      flip-flop                    
u_sram_mem_reg[174][6]   inferred      flip-flop                    
u_sram_mem_reg[174][7]   inferred      flip-flop                    
u_sram_mem_reg[174][8]   inferred      flip-flop                    
u_sram_mem_reg[174][9]   inferred      flip-flop                    
u_sram_mem_reg[174][10]  inferred      flip-flop                    
u_sram_mem_reg[174][11]  inferred      flip-flop                    
u_sram_mem_reg[174][12]  inferred      flip-flop                    
u_sram_mem_reg[174][13]  inferred      flip-flop                    
u_sram_mem_reg[174][14]  inferred      flip-flop                    
u_sram_mem_reg[174][15]  inferred      flip-flop                    
u_sram_mem_reg[174][16]  inferred      flip-flop                    
u_sram_mem_reg[174][17]  inferred      flip-flop                    
u_sram_mem_reg[174][18]  inferred      flip-flop                    
u_sram_mem_reg[174][19]  inferred      flip-flop                    
u_sram_mem_reg[174][20]  inferred      flip-flop                    
u_sram_mem_reg[174][21]  inferred      flip-flop                    
u_sram_mem_reg[174][22]  inferred      flip-flop                    
u_sram_mem_reg[174][23]  inferred      flip-flop                    
u_sram_mem_reg[174][24]  inferred      flip-flop                    
u_sram_mem_reg[174][25]  inferred      flip-flop                    
u_sram_mem_reg[174][26]  inferred      flip-flop                    
u_sram_mem_reg[174][27]  inferred      flip-flop                    
u_sram_mem_reg[174][28]  inferred      flip-flop                    
u_sram_mem_reg[174][29]  inferred      flip-flop                    
u_sram_mem_reg[174][30]  inferred      flip-flop                    
u_sram_mem_reg[174][31]  inferred      flip-flop                    
u_sram_mem_reg[175][0]   inferred      flip-flop                    
u_sram_mem_reg[175][1]   inferred      flip-flop                    
u_sram_mem_reg[175][2]   inferred      flip-flop                    
u_sram_mem_reg[175][3]   inferred      flip-flop                    
u_sram_mem_reg[175][4]   inferred      flip-flop                    
u_sram_mem_reg[175][5]   inferred      flip-flop                    
u_sram_mem_reg[175][6]   inferred      flip-flop                    
u_sram_mem_reg[175][7]   inferred      flip-flop                    
u_sram_mem_reg[175][8]   inferred      flip-flop                    
u_sram_mem_reg[175][9]   inferred      flip-flop                    
u_sram_mem_reg[175][10]  inferred      flip-flop                    
u_sram_mem_reg[175][11]  inferred      flip-flop                    
u_sram_mem_reg[175][12]  inferred      flip-flop                    
u_sram_mem_reg[175][13]  inferred      flip-flop                    
u_sram_mem_reg[175][14]  inferred      flip-flop                    
u_sram_mem_reg[175][15]  inferred      flip-flop                    
u_sram_mem_reg[175][16]  inferred      flip-flop                    
u_sram_mem_reg[175][17]  inferred      flip-flop                    
u_sram_mem_reg[175][18]  inferred      flip-flop                    
u_sram_mem_reg[175][19]  inferred      flip-flop                    
u_sram_mem_reg[175][20]  inferred      flip-flop                    
u_sram_mem_reg[175][21]  inferred      flip-flop                    
u_sram_mem_reg[175][22]  inferred      flip-flop                    
u_sram_mem_reg[175][23]  inferred      flip-flop                    
u_sram_mem_reg[175][24]  inferred      flip-flop                    
u_sram_mem_reg[175][25]  inferred      flip-flop                    
u_sram_mem_reg[175][26]  inferred      flip-flop                    
u_sram_mem_reg[175][27]  inferred      flip-flop                    
u_sram_mem_reg[175][28]  inferred      flip-flop                    
u_sram_mem_reg[175][29]  inferred      flip-flop                    
u_sram_mem_reg[175][30]  inferred      flip-flop                    
u_sram_mem_reg[175][31]  inferred      flip-flop                    
u_sram_mem_reg[176][0]   inferred      flip-flop                    
u_sram_mem_reg[176][1]   inferred      flip-flop                    
u_sram_mem_reg[176][2]   inferred      flip-flop                    
u_sram_mem_reg[176][3]   inferred      flip-flop                    
u_sram_mem_reg[176][4]   inferred      flip-flop                    
u_sram_mem_reg[176][5]   inferred      flip-flop                    
u_sram_mem_reg[176][6]   inferred      flip-flop                    
u_sram_mem_reg[176][7]   inferred      flip-flop                    
u_sram_mem_reg[176][8]   inferred      flip-flop                    
u_sram_mem_reg[176][9]   inferred      flip-flop                    
u_sram_mem_reg[176][10]  inferred      flip-flop                    
u_sram_mem_reg[176][11]  inferred      flip-flop                    
u_sram_mem_reg[176][12]  inferred      flip-flop                    
u_sram_mem_reg[176][13]  inferred      flip-flop                    
u_sram_mem_reg[176][14]  inferred      flip-flop                    
u_sram_mem_reg[176][15]  inferred      flip-flop                    
u_sram_mem_reg[176][16]  inferred      flip-flop                    
u_sram_mem_reg[176][17]  inferred      flip-flop                    
u_sram_mem_reg[176][18]  inferred      flip-flop                    
u_sram_mem_reg[176][19]  inferred      flip-flop                    
u_sram_mem_reg[176][20]  inferred      flip-flop                    
u_sram_mem_reg[176][21]  inferred      flip-flop                    
u_sram_mem_reg[176][22]  inferred      flip-flop                    
u_sram_mem_reg[176][23]  inferred      flip-flop                    
u_sram_mem_reg[176][24]  inferred      flip-flop                    
u_sram_mem_reg[176][25]  inferred      flip-flop                    
u_sram_mem_reg[176][26]  inferred      flip-flop                    
u_sram_mem_reg[176][27]  inferred      flip-flop                    
u_sram_mem_reg[176][28]  inferred      flip-flop                    
u_sram_mem_reg[176][29]  inferred      flip-flop                    
u_sram_mem_reg[176][30]  inferred      flip-flop                    
u_sram_mem_reg[176][31]  inferred      flip-flop                    
u_sram_mem_reg[177][0]   inferred      flip-flop                    
u_sram_mem_reg[177][1]   inferred      flip-flop                    
u_sram_mem_reg[177][2]   inferred      flip-flop                    
u_sram_mem_reg[177][3]   inferred      flip-flop                    
u_sram_mem_reg[177][4]   inferred      flip-flop                    
u_sram_mem_reg[177][5]   inferred      flip-flop                    
u_sram_mem_reg[177][6]   inferred      flip-flop                    
u_sram_mem_reg[177][7]   inferred      flip-flop                    
u_sram_mem_reg[177][8]   inferred      flip-flop                    
u_sram_mem_reg[177][9]   inferred      flip-flop                    
u_sram_mem_reg[177][10]  inferred      flip-flop                    
u_sram_mem_reg[177][11]  inferred      flip-flop                    
u_sram_mem_reg[177][12]  inferred      flip-flop                    
u_sram_mem_reg[177][13]  inferred      flip-flop                    
u_sram_mem_reg[177][14]  inferred      flip-flop                    
u_sram_mem_reg[177][15]  inferred      flip-flop                    
u_sram_mem_reg[177][16]  inferred      flip-flop                    
u_sram_mem_reg[177][17]  inferred      flip-flop                    
u_sram_mem_reg[177][18]  inferred      flip-flop                    
u_sram_mem_reg[177][19]  inferred      flip-flop                    
u_sram_mem_reg[177][20]  inferred      flip-flop                    
u_sram_mem_reg[177][21]  inferred      flip-flop                    
u_sram_mem_reg[177][22]  inferred      flip-flop                    
u_sram_mem_reg[177][23]  inferred      flip-flop                    
u_sram_mem_reg[177][24]  inferred      flip-flop                    
u_sram_mem_reg[177][25]  inferred      flip-flop                    
u_sram_mem_reg[177][26]  inferred      flip-flop                    
u_sram_mem_reg[177][27]  inferred      flip-flop                    
u_sram_mem_reg[177][28]  inferred      flip-flop                    
u_sram_mem_reg[177][29]  inferred      flip-flop                    
u_sram_mem_reg[177][30]  inferred      flip-flop                    
u_sram_mem_reg[177][31]  inferred      flip-flop                    
u_sram_mem_reg[178][0]   inferred      flip-flop                    
u_sram_mem_reg[178][1]   inferred      flip-flop                    
u_sram_mem_reg[178][2]   inferred      flip-flop                    
u_sram_mem_reg[178][3]   inferred      flip-flop                    
u_sram_mem_reg[178][4]   inferred      flip-flop                    
u_sram_mem_reg[178][5]   inferred      flip-flop                    
u_sram_mem_reg[178][6]   inferred      flip-flop                    
u_sram_mem_reg[178][7]   inferred      flip-flop                    
u_sram_mem_reg[178][8]   inferred      flip-flop                    
u_sram_mem_reg[178][9]   inferred      flip-flop                    
u_sram_mem_reg[178][10]  inferred      flip-flop                    
u_sram_mem_reg[178][11]  inferred      flip-flop                    
u_sram_mem_reg[178][12]  inferred      flip-flop                    
u_sram_mem_reg[178][13]  inferred      flip-flop                    
u_sram_mem_reg[178][14]  inferred      flip-flop                    
u_sram_mem_reg[178][15]  inferred      flip-flop                    
u_sram_mem_reg[178][16]  inferred      flip-flop                    
u_sram_mem_reg[178][17]  inferred      flip-flop                    
u_sram_mem_reg[178][18]  inferred      flip-flop                    
u_sram_mem_reg[178][19]  inferred      flip-flop                    
u_sram_mem_reg[178][20]  inferred      flip-flop                    
u_sram_mem_reg[178][21]  inferred      flip-flop                    
u_sram_mem_reg[178][22]  inferred      flip-flop                    
u_sram_mem_reg[178][23]  inferred      flip-flop                    
u_sram_mem_reg[178][24]  inferred      flip-flop                    
u_sram_mem_reg[178][25]  inferred      flip-flop                    
u_sram_mem_reg[178][26]  inferred      flip-flop                    
u_sram_mem_reg[178][27]  inferred      flip-flop                    
u_sram_mem_reg[178][28]  inferred      flip-flop                    
u_sram_mem_reg[178][29]  inferred      flip-flop                    
u_sram_mem_reg[178][30]  inferred      flip-flop                    
u_sram_mem_reg[178][31]  inferred      flip-flop                    
u_sram_mem_reg[179][0]   inferred      flip-flop                    
u_sram_mem_reg[179][1]   inferred      flip-flop                    
u_sram_mem_reg[179][2]   inferred      flip-flop                    
u_sram_mem_reg[179][3]   inferred      flip-flop                    
u_sram_mem_reg[179][4]   inferred      flip-flop                    
u_sram_mem_reg[179][5]   inferred      flip-flop                    
u_sram_mem_reg[179][6]   inferred      flip-flop                    
u_sram_mem_reg[179][7]   inferred      flip-flop                    
u_sram_mem_reg[179][8]   inferred      flip-flop                    
u_sram_mem_reg[179][9]   inferred      flip-flop                    
u_sram_mem_reg[179][10]  inferred      flip-flop                    
u_sram_mem_reg[179][11]  inferred      flip-flop                    
u_sram_mem_reg[179][12]  inferred      flip-flop                    
u_sram_mem_reg[179][13]  inferred      flip-flop                    
u_sram_mem_reg[179][14]  inferred      flip-flop                    
u_sram_mem_reg[179][15]  inferred      flip-flop                    
u_sram_mem_reg[179][16]  inferred      flip-flop                    
u_sram_mem_reg[179][17]  inferred      flip-flop                    
u_sram_mem_reg[179][18]  inferred      flip-flop                    
u_sram_mem_reg[179][19]  inferred      flip-flop                    
u_sram_mem_reg[179][20]  inferred      flip-flop                    
u_sram_mem_reg[179][21]  inferred      flip-flop                    
u_sram_mem_reg[179][22]  inferred      flip-flop                    
u_sram_mem_reg[179][23]  inferred      flip-flop                    
u_sram_mem_reg[179][24]  inferred      flip-flop                    
u_sram_mem_reg[179][25]  inferred      flip-flop                    
u_sram_mem_reg[179][26]  inferred      flip-flop                    
u_sram_mem_reg[179][27]  inferred      flip-flop                    
u_sram_mem_reg[179][28]  inferred      flip-flop                    
u_sram_mem_reg[179][29]  inferred      flip-flop                    
u_sram_mem_reg[179][30]  inferred      flip-flop                    
u_sram_mem_reg[179][31]  inferred      flip-flop                    
u_sram_mem_reg[180][0]   inferred      flip-flop                    
u_sram_mem_reg[180][1]   inferred      flip-flop                    
u_sram_mem_reg[180][2]   inferred      flip-flop                    
u_sram_mem_reg[180][3]   inferred      flip-flop                    
u_sram_mem_reg[180][4]   inferred      flip-flop                    
u_sram_mem_reg[180][5]   inferred      flip-flop                    
u_sram_mem_reg[180][6]   inferred      flip-flop                    
u_sram_mem_reg[180][7]   inferred      flip-flop                    
u_sram_mem_reg[180][8]   inferred      flip-flop                    
u_sram_mem_reg[180][9]   inferred      flip-flop                    
u_sram_mem_reg[180][10]  inferred      flip-flop                    
u_sram_mem_reg[180][11]  inferred      flip-flop                    
u_sram_mem_reg[180][12]  inferred      flip-flop                    
u_sram_mem_reg[180][13]  inferred      flip-flop                    
u_sram_mem_reg[180][14]  inferred      flip-flop                    
u_sram_mem_reg[180][15]  inferred      flip-flop                    
u_sram_mem_reg[180][16]  inferred      flip-flop                    
u_sram_mem_reg[180][17]  inferred      flip-flop                    
u_sram_mem_reg[180][18]  inferred      flip-flop                    
u_sram_mem_reg[180][19]  inferred      flip-flop                    
u_sram_mem_reg[180][20]  inferred      flip-flop                    
u_sram_mem_reg[180][21]  inferred      flip-flop                    
u_sram_mem_reg[180][22]  inferred      flip-flop                    
u_sram_mem_reg[180][23]  inferred      flip-flop                    
u_sram_mem_reg[180][24]  inferred      flip-flop                    
u_sram_mem_reg[180][25]  inferred      flip-flop                    
u_sram_mem_reg[180][26]  inferred      flip-flop                    
u_sram_mem_reg[180][27]  inferred      flip-flop                    
u_sram_mem_reg[180][28]  inferred      flip-flop                    
u_sram_mem_reg[180][29]  inferred      flip-flop                    
u_sram_mem_reg[180][30]  inferred      flip-flop                    
u_sram_mem_reg[180][31]  inferred      flip-flop                    
u_sram_mem_reg[181][0]   inferred      flip-flop                    
u_sram_mem_reg[181][1]   inferred      flip-flop                    
u_sram_mem_reg[181][2]   inferred      flip-flop                    
u_sram_mem_reg[181][3]   inferred      flip-flop                    
u_sram_mem_reg[181][4]   inferred      flip-flop                    
u_sram_mem_reg[181][5]   inferred      flip-flop                    
u_sram_mem_reg[181][6]   inferred      flip-flop                    
u_sram_mem_reg[181][7]   inferred      flip-flop                    
u_sram_mem_reg[181][8]   inferred      flip-flop                    
u_sram_mem_reg[181][9]   inferred      flip-flop                    
u_sram_mem_reg[181][10]  inferred      flip-flop                    
u_sram_mem_reg[181][11]  inferred      flip-flop                    
u_sram_mem_reg[181][12]  inferred      flip-flop                    
u_sram_mem_reg[181][13]  inferred      flip-flop                    
u_sram_mem_reg[181][14]  inferred      flip-flop                    
u_sram_mem_reg[181][15]  inferred      flip-flop                    
u_sram_mem_reg[181][16]  inferred      flip-flop                    
u_sram_mem_reg[181][17]  inferred      flip-flop                    
u_sram_mem_reg[181][18]  inferred      flip-flop                    
u_sram_mem_reg[181][19]  inferred      flip-flop                    
u_sram_mem_reg[181][20]  inferred      flip-flop                    
u_sram_mem_reg[181][21]  inferred      flip-flop                    
u_sram_mem_reg[181][22]  inferred      flip-flop                    
u_sram_mem_reg[181][23]  inferred      flip-flop                    
u_sram_mem_reg[181][24]  inferred      flip-flop                    
u_sram_mem_reg[181][25]  inferred      flip-flop                    
u_sram_mem_reg[181][26]  inferred      flip-flop                    
u_sram_mem_reg[181][27]  inferred      flip-flop                    
u_sram_mem_reg[181][28]  inferred      flip-flop                    
u_sram_mem_reg[181][29]  inferred      flip-flop                    
u_sram_mem_reg[181][30]  inferred      flip-flop                    
u_sram_mem_reg[181][31]  inferred      flip-flop                    
u_sram_mem_reg[182][0]   inferred      flip-flop                    
u_sram_mem_reg[182][1]   inferred      flip-flop                    
u_sram_mem_reg[182][2]   inferred      flip-flop                    
u_sram_mem_reg[182][3]   inferred      flip-flop                    
u_sram_mem_reg[182][4]   inferred      flip-flop                    
u_sram_mem_reg[182][5]   inferred      flip-flop                    
u_sram_mem_reg[182][6]   inferred      flip-flop                    
u_sram_mem_reg[182][7]   inferred      flip-flop                    
u_sram_mem_reg[182][8]   inferred      flip-flop                    
u_sram_mem_reg[182][9]   inferred      flip-flop                    
u_sram_mem_reg[182][10]  inferred      flip-flop                    
u_sram_mem_reg[182][11]  inferred      flip-flop                    
u_sram_mem_reg[182][12]  inferred      flip-flop                    
u_sram_mem_reg[182][13]  inferred      flip-flop                    
u_sram_mem_reg[182][14]  inferred      flip-flop                    
u_sram_mem_reg[182][15]  inferred      flip-flop                    
u_sram_mem_reg[182][16]  inferred      flip-flop                    
u_sram_mem_reg[182][17]  inferred      flip-flop                    
u_sram_mem_reg[182][18]  inferred      flip-flop                    
u_sram_mem_reg[182][19]  inferred      flip-flop                    
u_sram_mem_reg[182][20]  inferred      flip-flop                    
u_sram_mem_reg[182][21]  inferred      flip-flop                    
u_sram_mem_reg[182][22]  inferred      flip-flop                    
u_sram_mem_reg[182][23]  inferred      flip-flop                    
u_sram_mem_reg[182][24]  inferred      flip-flop                    
u_sram_mem_reg[182][25]  inferred      flip-flop                    
u_sram_mem_reg[182][26]  inferred      flip-flop                    
u_sram_mem_reg[182][27]  inferred      flip-flop                    
u_sram_mem_reg[182][28]  inferred      flip-flop                    
u_sram_mem_reg[182][29]  inferred      flip-flop                    
u_sram_mem_reg[182][30]  inferred      flip-flop                    
u_sram_mem_reg[182][31]  inferred      flip-flop                    
u_sram_mem_reg[183][0]   inferred      flip-flop                    
u_sram_mem_reg[183][1]   inferred      flip-flop                    
u_sram_mem_reg[183][2]   inferred      flip-flop                    
u_sram_mem_reg[183][3]   inferred      flip-flop                    
u_sram_mem_reg[183][4]   inferred      flip-flop                    
u_sram_mem_reg[183][5]   inferred      flip-flop                    
u_sram_mem_reg[183][6]   inferred      flip-flop                    
u_sram_mem_reg[183][7]   inferred      flip-flop                    
u_sram_mem_reg[183][8]   inferred      flip-flop                    
u_sram_mem_reg[183][9]   inferred      flip-flop                    
u_sram_mem_reg[183][10]  inferred      flip-flop                    
u_sram_mem_reg[183][11]  inferred      flip-flop                    
u_sram_mem_reg[183][12]  inferred      flip-flop                    
u_sram_mem_reg[183][13]  inferred      flip-flop                    
u_sram_mem_reg[183][14]  inferred      flip-flop                    
u_sram_mem_reg[183][15]  inferred      flip-flop                    
u_sram_mem_reg[183][16]  inferred      flip-flop                    
u_sram_mem_reg[183][17]  inferred      flip-flop                    
u_sram_mem_reg[183][18]  inferred      flip-flop                    
u_sram_mem_reg[183][19]  inferred      flip-flop                    
u_sram_mem_reg[183][20]  inferred      flip-flop                    
u_sram_mem_reg[183][21]  inferred      flip-flop                    
u_sram_mem_reg[183][22]  inferred      flip-flop                    
u_sram_mem_reg[183][23]  inferred      flip-flop                    
u_sram_mem_reg[183][24]  inferred      flip-flop                    
u_sram_mem_reg[183][25]  inferred      flip-flop                    
u_sram_mem_reg[183][26]  inferred      flip-flop                    
u_sram_mem_reg[183][27]  inferred      flip-flop                    
u_sram_mem_reg[183][28]  inferred      flip-flop                    
u_sram_mem_reg[183][29]  inferred      flip-flop                    
u_sram_mem_reg[183][30]  inferred      flip-flop                    
u_sram_mem_reg[183][31]  inferred      flip-flop                    
u_sram_mem_reg[184][0]   inferred      flip-flop                    
u_sram_mem_reg[184][1]   inferred      flip-flop                    
u_sram_mem_reg[184][2]   inferred      flip-flop                    
u_sram_mem_reg[184][3]   inferred      flip-flop                    
u_sram_mem_reg[184][4]   inferred      flip-flop                    
u_sram_mem_reg[184][5]   inferred      flip-flop                    
u_sram_mem_reg[184][6]   inferred      flip-flop                    
u_sram_mem_reg[184][7]   inferred      flip-flop                    
u_sram_mem_reg[184][8]   inferred      flip-flop                    
u_sram_mem_reg[184][9]   inferred      flip-flop                    
u_sram_mem_reg[184][10]  inferred      flip-flop                    
u_sram_mem_reg[184][11]  inferred      flip-flop                    
u_sram_mem_reg[184][12]  inferred      flip-flop                    
u_sram_mem_reg[184][13]  inferred      flip-flop                    
u_sram_mem_reg[184][14]  inferred      flip-flop                    
u_sram_mem_reg[184][15]  inferred      flip-flop                    
u_sram_mem_reg[184][16]  inferred      flip-flop                    
u_sram_mem_reg[184][17]  inferred      flip-flop                    
u_sram_mem_reg[184][18]  inferred      flip-flop                    
u_sram_mem_reg[184][19]  inferred      flip-flop                    
u_sram_mem_reg[184][20]  inferred      flip-flop                    
u_sram_mem_reg[184][21]  inferred      flip-flop                    
u_sram_mem_reg[184][22]  inferred      flip-flop                    
u_sram_mem_reg[184][23]  inferred      flip-flop                    
u_sram_mem_reg[184][24]  inferred      flip-flop                    
u_sram_mem_reg[184][25]  inferred      flip-flop                    
u_sram_mem_reg[184][26]  inferred      flip-flop                    
u_sram_mem_reg[184][27]  inferred      flip-flop                    
u_sram_mem_reg[184][28]  inferred      flip-flop                    
u_sram_mem_reg[184][29]  inferred      flip-flop                    
u_sram_mem_reg[184][30]  inferred      flip-flop                    
u_sram_mem_reg[184][31]  inferred      flip-flop                    
u_sram_mem_reg[185][0]   inferred      flip-flop                    
u_sram_mem_reg[185][1]   inferred      flip-flop                    
u_sram_mem_reg[185][2]   inferred      flip-flop                    
u_sram_mem_reg[185][3]   inferred      flip-flop                    
u_sram_mem_reg[185][4]   inferred      flip-flop                    
u_sram_mem_reg[185][5]   inferred      flip-flop                    
u_sram_mem_reg[185][6]   inferred      flip-flop                    
u_sram_mem_reg[185][7]   inferred      flip-flop                    
u_sram_mem_reg[185][8]   inferred      flip-flop                    
u_sram_mem_reg[185][9]   inferred      flip-flop                    
u_sram_mem_reg[185][10]  inferred      flip-flop                    
u_sram_mem_reg[185][11]  inferred      flip-flop                    
u_sram_mem_reg[185][12]  inferred      flip-flop                    
u_sram_mem_reg[185][13]  inferred      flip-flop                    
u_sram_mem_reg[185][14]  inferred      flip-flop                    
u_sram_mem_reg[185][15]  inferred      flip-flop                    
u_sram_mem_reg[185][16]  inferred      flip-flop                    
u_sram_mem_reg[185][17]  inferred      flip-flop                    
u_sram_mem_reg[185][18]  inferred      flip-flop                    
u_sram_mem_reg[185][19]  inferred      flip-flop                    
u_sram_mem_reg[185][20]  inferred      flip-flop                    
u_sram_mem_reg[185][21]  inferred      flip-flop                    
u_sram_mem_reg[185][22]  inferred      flip-flop                    
u_sram_mem_reg[185][23]  inferred      flip-flop                    
u_sram_mem_reg[185][24]  inferred      flip-flop                    
u_sram_mem_reg[185][25]  inferred      flip-flop                    
u_sram_mem_reg[185][26]  inferred      flip-flop                    
u_sram_mem_reg[185][27]  inferred      flip-flop                    
u_sram_mem_reg[185][28]  inferred      flip-flop                    
u_sram_mem_reg[185][29]  inferred      flip-flop                    
u_sram_mem_reg[185][30]  inferred      flip-flop                    
u_sram_mem_reg[185][31]  inferred      flip-flop                    
u_sram_mem_reg[186][0]   inferred      flip-flop                    
u_sram_mem_reg[186][1]   inferred      flip-flop                    
u_sram_mem_reg[186][2]   inferred      flip-flop                    
u_sram_mem_reg[186][3]   inferred      flip-flop                    
u_sram_mem_reg[186][4]   inferred      flip-flop                    
u_sram_mem_reg[186][5]   inferred      flip-flop                    
u_sram_mem_reg[186][6]   inferred      flip-flop                    
u_sram_mem_reg[186][7]   inferred      flip-flop                    
u_sram_mem_reg[186][8]   inferred      flip-flop                    
u_sram_mem_reg[186][9]   inferred      flip-flop                    
u_sram_mem_reg[186][10]  inferred      flip-flop                    
u_sram_mem_reg[186][11]  inferred      flip-flop                    
u_sram_mem_reg[186][12]  inferred      flip-flop                    
u_sram_mem_reg[186][13]  inferred      flip-flop                    
u_sram_mem_reg[186][14]  inferred      flip-flop                    
u_sram_mem_reg[186][15]  inferred      flip-flop                    
u_sram_mem_reg[186][16]  inferred      flip-flop                    
u_sram_mem_reg[186][17]  inferred      flip-flop                    
u_sram_mem_reg[186][18]  inferred      flip-flop                    
u_sram_mem_reg[186][19]  inferred      flip-flop                    
u_sram_mem_reg[186][20]  inferred      flip-flop                    
u_sram_mem_reg[186][21]  inferred      flip-flop                    
u_sram_mem_reg[186][22]  inferred      flip-flop                    
u_sram_mem_reg[186][23]  inferred      flip-flop                    
u_sram_mem_reg[186][24]  inferred      flip-flop                    
u_sram_mem_reg[186][25]  inferred      flip-flop                    
u_sram_mem_reg[186][26]  inferred      flip-flop                    
u_sram_mem_reg[186][27]  inferred      flip-flop                    
u_sram_mem_reg[186][28]  inferred      flip-flop                    
u_sram_mem_reg[186][29]  inferred      flip-flop                    
u_sram_mem_reg[186][30]  inferred      flip-flop                    
u_sram_mem_reg[186][31]  inferred      flip-flop                    
u_sram_mem_reg[187][0]   inferred      flip-flop                    
u_sram_mem_reg[187][1]   inferred      flip-flop                    
u_sram_mem_reg[187][2]   inferred      flip-flop                    
u_sram_mem_reg[187][3]   inferred      flip-flop                    
u_sram_mem_reg[187][4]   inferred      flip-flop                    
u_sram_mem_reg[187][5]   inferred      flip-flop                    
u_sram_mem_reg[187][6]   inferred      flip-flop                    
u_sram_mem_reg[187][7]   inferred      flip-flop                    
u_sram_mem_reg[187][8]   inferred      flip-flop                    
u_sram_mem_reg[187][9]   inferred      flip-flop                    
u_sram_mem_reg[187][10]  inferred      flip-flop                    
u_sram_mem_reg[187][11]  inferred      flip-flop                    
u_sram_mem_reg[187][12]  inferred      flip-flop                    
u_sram_mem_reg[187][13]  inferred      flip-flop                    
u_sram_mem_reg[187][14]  inferred      flip-flop                    
u_sram_mem_reg[187][15]  inferred      flip-flop                    
u_sram_mem_reg[187][16]  inferred      flip-flop                    
u_sram_mem_reg[187][17]  inferred      flip-flop                    
u_sram_mem_reg[187][18]  inferred      flip-flop                    
u_sram_mem_reg[187][19]  inferred      flip-flop                    
u_sram_mem_reg[187][20]  inferred      flip-flop                    
u_sram_mem_reg[187][21]  inferred      flip-flop                    
u_sram_mem_reg[187][22]  inferred      flip-flop                    
u_sram_mem_reg[187][23]  inferred      flip-flop                    
u_sram_mem_reg[187][24]  inferred      flip-flop                    
u_sram_mem_reg[187][25]  inferred      flip-flop                    
u_sram_mem_reg[187][26]  inferred      flip-flop                    
u_sram_mem_reg[187][27]  inferred      flip-flop                    
u_sram_mem_reg[187][28]  inferred      flip-flop                    
u_sram_mem_reg[187][29]  inferred      flip-flop                    
u_sram_mem_reg[187][30]  inferred      flip-flop                    
u_sram_mem_reg[187][31]  inferred      flip-flop                    
u_sram_mem_reg[188][0]   inferred      flip-flop                    
u_sram_mem_reg[188][1]   inferred      flip-flop                    
u_sram_mem_reg[188][2]   inferred      flip-flop                    
u_sram_mem_reg[188][3]   inferred      flip-flop                    
u_sram_mem_reg[188][4]   inferred      flip-flop                    
u_sram_mem_reg[188][5]   inferred      flip-flop                    
u_sram_mem_reg[188][6]   inferred      flip-flop                    
u_sram_mem_reg[188][7]   inferred      flip-flop                    
u_sram_mem_reg[188][8]   inferred      flip-flop                    
u_sram_mem_reg[188][9]   inferred      flip-flop                    
u_sram_mem_reg[188][10]  inferred      flip-flop                    
u_sram_mem_reg[188][11]  inferred      flip-flop                    
u_sram_mem_reg[188][12]  inferred      flip-flop                    
u_sram_mem_reg[188][13]  inferred      flip-flop                    
u_sram_mem_reg[188][14]  inferred      flip-flop                    
u_sram_mem_reg[188][15]  inferred      flip-flop                    
u_sram_mem_reg[188][16]  inferred      flip-flop                    
u_sram_mem_reg[188][17]  inferred      flip-flop                    
u_sram_mem_reg[188][18]  inferred      flip-flop                    
u_sram_mem_reg[188][19]  inferred      flip-flop                    
u_sram_mem_reg[188][20]  inferred      flip-flop                    
u_sram_mem_reg[188][21]  inferred      flip-flop                    
u_sram_mem_reg[188][22]  inferred      flip-flop                    
u_sram_mem_reg[188][23]  inferred      flip-flop                    
u_sram_mem_reg[188][24]  inferred      flip-flop                    
u_sram_mem_reg[188][25]  inferred      flip-flop                    
u_sram_mem_reg[188][26]  inferred      flip-flop                    
u_sram_mem_reg[188][27]  inferred      flip-flop                    
u_sram_mem_reg[188][28]  inferred      flip-flop                    
u_sram_mem_reg[188][29]  inferred      flip-flop                    
u_sram_mem_reg[188][30]  inferred      flip-flop                    
u_sram_mem_reg[188][31]  inferred      flip-flop                    
u_sram_mem_reg[189][0]   inferred      flip-flop                    
u_sram_mem_reg[189][1]   inferred      flip-flop                    
u_sram_mem_reg[189][2]   inferred      flip-flop                    
u_sram_mem_reg[189][3]   inferred      flip-flop                    
u_sram_mem_reg[189][4]   inferred      flip-flop                    
u_sram_mem_reg[189][5]   inferred      flip-flop                    
u_sram_mem_reg[189][6]   inferred      flip-flop                    
u_sram_mem_reg[189][7]   inferred      flip-flop                    
u_sram_mem_reg[189][8]   inferred      flip-flop                    
u_sram_mem_reg[189][9]   inferred      flip-flop                    
u_sram_mem_reg[189][10]  inferred      flip-flop                    
u_sram_mem_reg[189][11]  inferred      flip-flop                    
u_sram_mem_reg[189][12]  inferred      flip-flop                    
u_sram_mem_reg[189][13]  inferred      flip-flop                    
u_sram_mem_reg[189][14]  inferred      flip-flop                    
u_sram_mem_reg[189][15]  inferred      flip-flop                    
u_sram_mem_reg[189][16]  inferred      flip-flop                    
u_sram_mem_reg[189][17]  inferred      flip-flop                    
u_sram_mem_reg[189][18]  inferred      flip-flop                    
u_sram_mem_reg[189][19]  inferred      flip-flop                    
u_sram_mem_reg[189][20]  inferred      flip-flop                    
u_sram_mem_reg[189][21]  inferred      flip-flop                    
u_sram_mem_reg[189][22]  inferred      flip-flop                    
u_sram_mem_reg[189][23]  inferred      flip-flop                    
u_sram_mem_reg[189][24]  inferred      flip-flop                    
u_sram_mem_reg[189][25]  inferred      flip-flop                    
u_sram_mem_reg[189][26]  inferred      flip-flop                    
u_sram_mem_reg[189][27]  inferred      flip-flop                    
u_sram_mem_reg[189][28]  inferred      flip-flop                    
u_sram_mem_reg[189][29]  inferred      flip-flop                    
u_sram_mem_reg[189][30]  inferred      flip-flop                    
u_sram_mem_reg[189][31]  inferred      flip-flop                    
u_sram_mem_reg[190][0]   inferred      flip-flop                    
u_sram_mem_reg[190][1]   inferred      flip-flop                    
u_sram_mem_reg[190][2]   inferred      flip-flop                    
u_sram_mem_reg[190][3]   inferred      flip-flop                    
u_sram_mem_reg[190][4]   inferred      flip-flop                    
u_sram_mem_reg[190][5]   inferred      flip-flop                    
u_sram_mem_reg[190][6]   inferred      flip-flop                    
u_sram_mem_reg[190][7]   inferred      flip-flop                    
u_sram_mem_reg[190][8]   inferred      flip-flop                    
u_sram_mem_reg[190][9]   inferred      flip-flop                    
u_sram_mem_reg[190][10]  inferred      flip-flop                    
u_sram_mem_reg[190][11]  inferred      flip-flop                    
u_sram_mem_reg[190][12]  inferred      flip-flop                    
u_sram_mem_reg[190][13]  inferred      flip-flop                    
u_sram_mem_reg[190][14]  inferred      flip-flop                    
u_sram_mem_reg[190][15]  inferred      flip-flop                    
u_sram_mem_reg[190][16]  inferred      flip-flop                    
u_sram_mem_reg[190][17]  inferred      flip-flop                    
u_sram_mem_reg[190][18]  inferred      flip-flop                    
u_sram_mem_reg[190][19]  inferred      flip-flop                    
u_sram_mem_reg[190][20]  inferred      flip-flop                    
u_sram_mem_reg[190][21]  inferred      flip-flop                    
u_sram_mem_reg[190][22]  inferred      flip-flop                    
u_sram_mem_reg[190][23]  inferred      flip-flop                    
u_sram_mem_reg[190][24]  inferred      flip-flop                    
u_sram_mem_reg[190][25]  inferred      flip-flop                    
u_sram_mem_reg[190][26]  inferred      flip-flop                    
u_sram_mem_reg[190][27]  inferred      flip-flop                    
u_sram_mem_reg[190][28]  inferred      flip-flop                    
u_sram_mem_reg[190][29]  inferred      flip-flop                    
u_sram_mem_reg[190][30]  inferred      flip-flop                    
u_sram_mem_reg[190][31]  inferred      flip-flop                    
u_sram_mem_reg[191][0]   inferred      flip-flop                    
u_sram_mem_reg[191][1]   inferred      flip-flop                    
u_sram_mem_reg[191][2]   inferred      flip-flop                    
u_sram_mem_reg[191][3]   inferred      flip-flop                    
u_sram_mem_reg[191][4]   inferred      flip-flop                    
u_sram_mem_reg[191][5]   inferred      flip-flop                    
u_sram_mem_reg[191][6]   inferred      flip-flop                    
u_sram_mem_reg[191][7]   inferred      flip-flop                    
u_sram_mem_reg[191][8]   inferred      flip-flop                    
u_sram_mem_reg[191][9]   inferred      flip-flop                    
u_sram_mem_reg[191][10]  inferred      flip-flop                    
u_sram_mem_reg[191][11]  inferred      flip-flop                    
u_sram_mem_reg[191][12]  inferred      flip-flop                    
u_sram_mem_reg[191][13]  inferred      flip-flop                    
u_sram_mem_reg[191][14]  inferred      flip-flop                    
u_sram_mem_reg[191][15]  inferred      flip-flop                    
u_sram_mem_reg[191][16]  inferred      flip-flop                    
u_sram_mem_reg[191][17]  inferred      flip-flop                    
u_sram_mem_reg[191][18]  inferred      flip-flop                    
u_sram_mem_reg[191][19]  inferred      flip-flop                    
u_sram_mem_reg[191][20]  inferred      flip-flop                    
u_sram_mem_reg[191][21]  inferred      flip-flop                    
u_sram_mem_reg[191][22]  inferred      flip-flop                    
u_sram_mem_reg[191][23]  inferred      flip-flop                    
u_sram_mem_reg[191][24]  inferred      flip-flop                    
u_sram_mem_reg[191][25]  inferred      flip-flop                    
u_sram_mem_reg[191][26]  inferred      flip-flop                    
u_sram_mem_reg[191][27]  inferred      flip-flop                    
u_sram_mem_reg[191][28]  inferred      flip-flop                    
u_sram_mem_reg[191][29]  inferred      flip-flop                    
u_sram_mem_reg[191][30]  inferred      flip-flop                    
u_sram_mem_reg[191][31]  inferred      flip-flop                    
u_sram_mem_reg[192][0]   inferred      flip-flop                    
u_sram_mem_reg[192][1]   inferred      flip-flop                    
u_sram_mem_reg[192][2]   inferred      flip-flop                    
u_sram_mem_reg[192][3]   inferred      flip-flop                    
u_sram_mem_reg[192][4]   inferred      flip-flop                    
u_sram_mem_reg[192][5]   inferred      flip-flop                    
u_sram_mem_reg[192][6]   inferred      flip-flop                    
u_sram_mem_reg[192][7]   inferred      flip-flop                    
u_sram_mem_reg[192][8]   inferred      flip-flop                    
u_sram_mem_reg[192][9]   inferred      flip-flop                    
u_sram_mem_reg[192][10]  inferred      flip-flop                    
u_sram_mem_reg[192][11]  inferred      flip-flop                    
u_sram_mem_reg[192][12]  inferred      flip-flop                    
u_sram_mem_reg[192][13]  inferred      flip-flop                    
u_sram_mem_reg[192][14]  inferred      flip-flop                    
u_sram_mem_reg[192][15]  inferred      flip-flop                    
u_sram_mem_reg[192][16]  inferred      flip-flop                    
u_sram_mem_reg[192][17]  inferred      flip-flop                    
u_sram_mem_reg[192][18]  inferred      flip-flop                    
u_sram_mem_reg[192][19]  inferred      flip-flop                    
u_sram_mem_reg[192][20]  inferred      flip-flop                    
u_sram_mem_reg[192][21]  inferred      flip-flop                    
u_sram_mem_reg[192][22]  inferred      flip-flop                    
u_sram_mem_reg[192][23]  inferred      flip-flop                    
u_sram_mem_reg[192][24]  inferred      flip-flop                    
u_sram_mem_reg[192][25]  inferred      flip-flop                    
u_sram_mem_reg[192][26]  inferred      flip-flop                    
u_sram_mem_reg[192][27]  inferred      flip-flop                    
u_sram_mem_reg[192][28]  inferred      flip-flop                    
u_sram_mem_reg[192][29]  inferred      flip-flop                    
u_sram_mem_reg[192][30]  inferred      flip-flop                    
u_sram_mem_reg[192][31]  inferred      flip-flop                    
u_sram_mem_reg[193][0]   inferred      flip-flop                    
u_sram_mem_reg[193][1]   inferred      flip-flop                    
u_sram_mem_reg[193][2]   inferred      flip-flop                    
u_sram_mem_reg[193][3]   inferred      flip-flop                    
u_sram_mem_reg[193][4]   inferred      flip-flop                    
u_sram_mem_reg[193][5]   inferred      flip-flop                    
u_sram_mem_reg[193][6]   inferred      flip-flop                    
u_sram_mem_reg[193][7]   inferred      flip-flop                    
u_sram_mem_reg[193][8]   inferred      flip-flop                    
u_sram_mem_reg[193][9]   inferred      flip-flop                    
u_sram_mem_reg[193][10]  inferred      flip-flop                    
u_sram_mem_reg[193][11]  inferred      flip-flop                    
u_sram_mem_reg[193][12]  inferred      flip-flop                    
u_sram_mem_reg[193][13]  inferred      flip-flop                    
u_sram_mem_reg[193][14]  inferred      flip-flop                    
u_sram_mem_reg[193][15]  inferred      flip-flop                    
u_sram_mem_reg[193][16]  inferred      flip-flop                    
u_sram_mem_reg[193][17]  inferred      flip-flop                    
u_sram_mem_reg[193][18]  inferred      flip-flop                    
u_sram_mem_reg[193][19]  inferred      flip-flop                    
u_sram_mem_reg[193][20]  inferred      flip-flop                    
u_sram_mem_reg[193][21]  inferred      flip-flop                    
u_sram_mem_reg[193][22]  inferred      flip-flop                    
u_sram_mem_reg[193][23]  inferred      flip-flop                    
u_sram_mem_reg[193][24]  inferred      flip-flop                    
u_sram_mem_reg[193][25]  inferred      flip-flop                    
u_sram_mem_reg[193][26]  inferred      flip-flop                    
u_sram_mem_reg[193][27]  inferred      flip-flop                    
u_sram_mem_reg[193][28]  inferred      flip-flop                    
u_sram_mem_reg[193][29]  inferred      flip-flop                    
u_sram_mem_reg[193][30]  inferred      flip-flop                    
u_sram_mem_reg[193][31]  inferred      flip-flop                    
u_sram_mem_reg[194][0]   inferred      flip-flop                    
u_sram_mem_reg[194][1]   inferred      flip-flop                    
u_sram_mem_reg[194][2]   inferred      flip-flop                    
u_sram_mem_reg[194][3]   inferred      flip-flop                    
u_sram_mem_reg[194][4]   inferred      flip-flop                    
u_sram_mem_reg[194][5]   inferred      flip-flop                    
u_sram_mem_reg[194][6]   inferred      flip-flop                    
u_sram_mem_reg[194][7]   inferred      flip-flop                    
u_sram_mem_reg[194][8]   inferred      flip-flop                    
u_sram_mem_reg[194][9]   inferred      flip-flop                    
u_sram_mem_reg[194][10]  inferred      flip-flop                    
u_sram_mem_reg[194][11]  inferred      flip-flop                    
u_sram_mem_reg[194][12]  inferred      flip-flop                    
u_sram_mem_reg[194][13]  inferred      flip-flop                    
u_sram_mem_reg[194][14]  inferred      flip-flop                    
u_sram_mem_reg[194][15]  inferred      flip-flop                    
u_sram_mem_reg[194][16]  inferred      flip-flop                    
u_sram_mem_reg[194][17]  inferred      flip-flop                    
u_sram_mem_reg[194][18]  inferred      flip-flop                    
u_sram_mem_reg[194][19]  inferred      flip-flop                    
u_sram_mem_reg[194][20]  inferred      flip-flop                    
u_sram_mem_reg[194][21]  inferred      flip-flop                    
u_sram_mem_reg[194][22]  inferred      flip-flop                    
u_sram_mem_reg[194][23]  inferred      flip-flop                    
u_sram_mem_reg[194][24]  inferred      flip-flop                    
u_sram_mem_reg[194][25]  inferred      flip-flop                    
u_sram_mem_reg[194][26]  inferred      flip-flop                    
u_sram_mem_reg[194][27]  inferred      flip-flop                    
u_sram_mem_reg[194][28]  inferred      flip-flop                    
u_sram_mem_reg[194][29]  inferred      flip-flop                    
u_sram_mem_reg[194][30]  inferred      flip-flop                    
u_sram_mem_reg[194][31]  inferred      flip-flop                    
u_sram_mem_reg[195][0]   inferred      flip-flop                    
u_sram_mem_reg[195][1]   inferred      flip-flop                    
u_sram_mem_reg[195][2]   inferred      flip-flop                    
u_sram_mem_reg[195][3]   inferred      flip-flop                    
u_sram_mem_reg[195][4]   inferred      flip-flop                    
u_sram_mem_reg[195][5]   inferred      flip-flop                    
u_sram_mem_reg[195][6]   inferred      flip-flop                    
u_sram_mem_reg[195][7]   inferred      flip-flop                    
u_sram_mem_reg[195][8]   inferred      flip-flop                    
u_sram_mem_reg[195][9]   inferred      flip-flop                    
u_sram_mem_reg[195][10]  inferred      flip-flop                    
u_sram_mem_reg[195][11]  inferred      flip-flop                    
u_sram_mem_reg[195][12]  inferred      flip-flop                    
u_sram_mem_reg[195][13]  inferred      flip-flop                    
u_sram_mem_reg[195][14]  inferred      flip-flop                    
u_sram_mem_reg[195][15]  inferred      flip-flop                    
u_sram_mem_reg[195][16]  inferred      flip-flop                    
u_sram_mem_reg[195][17]  inferred      flip-flop                    
u_sram_mem_reg[195][18]  inferred      flip-flop                    
u_sram_mem_reg[195][19]  inferred      flip-flop                    
u_sram_mem_reg[195][20]  inferred      flip-flop                    
u_sram_mem_reg[195][21]  inferred      flip-flop                    
u_sram_mem_reg[195][22]  inferred      flip-flop                    
u_sram_mem_reg[195][23]  inferred      flip-flop                    
u_sram_mem_reg[195][24]  inferred      flip-flop                    
u_sram_mem_reg[195][25]  inferred      flip-flop                    
u_sram_mem_reg[195][26]  inferred      flip-flop                    
u_sram_mem_reg[195][27]  inferred      flip-flop                    
u_sram_mem_reg[195][28]  inferred      flip-flop                    
u_sram_mem_reg[195][29]  inferred      flip-flop                    
u_sram_mem_reg[195][30]  inferred      flip-flop                    
u_sram_mem_reg[195][31]  inferred      flip-flop                    
u_sram_mem_reg[196][0]   inferred      flip-flop                    
u_sram_mem_reg[196][1]   inferred      flip-flop                    
u_sram_mem_reg[196][2]   inferred      flip-flop                    
u_sram_mem_reg[196][3]   inferred      flip-flop                    
u_sram_mem_reg[196][4]   inferred      flip-flop                    
u_sram_mem_reg[196][5]   inferred      flip-flop                    
u_sram_mem_reg[196][6]   inferred      flip-flop                    
u_sram_mem_reg[196][7]   inferred      flip-flop                    
u_sram_mem_reg[196][8]   inferred      flip-flop                    
u_sram_mem_reg[196][9]   inferred      flip-flop                    
u_sram_mem_reg[196][10]  inferred      flip-flop                    
u_sram_mem_reg[196][11]  inferred      flip-flop                    
u_sram_mem_reg[196][12]  inferred      flip-flop                    
u_sram_mem_reg[196][13]  inferred      flip-flop                    
u_sram_mem_reg[196][14]  inferred      flip-flop                    
u_sram_mem_reg[196][15]  inferred      flip-flop                    
u_sram_mem_reg[196][16]  inferred      flip-flop                    
u_sram_mem_reg[196][17]  inferred      flip-flop                    
u_sram_mem_reg[196][18]  inferred      flip-flop                    
u_sram_mem_reg[196][19]  inferred      flip-flop                    
u_sram_mem_reg[196][20]  inferred      flip-flop                    
u_sram_mem_reg[196][21]  inferred      flip-flop                    
u_sram_mem_reg[196][22]  inferred      flip-flop                    
u_sram_mem_reg[196][23]  inferred      flip-flop                    
u_sram_mem_reg[196][24]  inferred      flip-flop                    
u_sram_mem_reg[196][25]  inferred      flip-flop                    
u_sram_mem_reg[196][26]  inferred      flip-flop                    
u_sram_mem_reg[196][27]  inferred      flip-flop                    
u_sram_mem_reg[196][28]  inferred      flip-flop                    
u_sram_mem_reg[196][29]  inferred      flip-flop                    
u_sram_mem_reg[196][30]  inferred      flip-flop                    
u_sram_mem_reg[196][31]  inferred      flip-flop                    
u_sram_mem_reg[197][0]   inferred      flip-flop                    
u_sram_mem_reg[197][1]   inferred      flip-flop                    
u_sram_mem_reg[197][2]   inferred      flip-flop                    
u_sram_mem_reg[197][3]   inferred      flip-flop                    
u_sram_mem_reg[197][4]   inferred      flip-flop                    
u_sram_mem_reg[197][5]   inferred      flip-flop                    
u_sram_mem_reg[197][6]   inferred      flip-flop                    
u_sram_mem_reg[197][7]   inferred      flip-flop                    
u_sram_mem_reg[197][8]   inferred      flip-flop                    
u_sram_mem_reg[197][9]   inferred      flip-flop                    
u_sram_mem_reg[197][10]  inferred      flip-flop                    
u_sram_mem_reg[197][11]  inferred      flip-flop                    
u_sram_mem_reg[197][12]  inferred      flip-flop                    
u_sram_mem_reg[197][13]  inferred      flip-flop                    
u_sram_mem_reg[197][14]  inferred      flip-flop                    
u_sram_mem_reg[197][15]  inferred      flip-flop                    
u_sram_mem_reg[197][16]  inferred      flip-flop                    
u_sram_mem_reg[197][17]  inferred      flip-flop                    
u_sram_mem_reg[197][18]  inferred      flip-flop                    
u_sram_mem_reg[197][19]  inferred      flip-flop                    
u_sram_mem_reg[197][20]  inferred      flip-flop                    
u_sram_mem_reg[197][21]  inferred      flip-flop                    
u_sram_mem_reg[197][22]  inferred      flip-flop                    
u_sram_mem_reg[197][23]  inferred      flip-flop                    
u_sram_mem_reg[197][24]  inferred      flip-flop                    
u_sram_mem_reg[197][25]  inferred      flip-flop                    
u_sram_mem_reg[197][26]  inferred      flip-flop                    
u_sram_mem_reg[197][27]  inferred      flip-flop                    
u_sram_mem_reg[197][28]  inferred      flip-flop                    
u_sram_mem_reg[197][29]  inferred      flip-flop                    
u_sram_mem_reg[197][30]  inferred      flip-flop                    
u_sram_mem_reg[197][31]  inferred      flip-flop                    
u_sram_mem_reg[198][0]   inferred      flip-flop                    
u_sram_mem_reg[198][1]   inferred      flip-flop                    
u_sram_mem_reg[198][2]   inferred      flip-flop                    
u_sram_mem_reg[198][3]   inferred      flip-flop                    
u_sram_mem_reg[198][4]   inferred      flip-flop                    
u_sram_mem_reg[198][5]   inferred      flip-flop                    
u_sram_mem_reg[198][6]   inferred      flip-flop                    
u_sram_mem_reg[198][7]   inferred      flip-flop                    
u_sram_mem_reg[198][8]   inferred      flip-flop                    
u_sram_mem_reg[198][9]   inferred      flip-flop                    
u_sram_mem_reg[198][10]  inferred      flip-flop                    
u_sram_mem_reg[198][11]  inferred      flip-flop                    
u_sram_mem_reg[198][12]  inferred      flip-flop                    
u_sram_mem_reg[198][13]  inferred      flip-flop                    
u_sram_mem_reg[198][14]  inferred      flip-flop                    
u_sram_mem_reg[198][15]  inferred      flip-flop                    
u_sram_mem_reg[198][16]  inferred      flip-flop                    
u_sram_mem_reg[198][17]  inferred      flip-flop                    
u_sram_mem_reg[198][18]  inferred      flip-flop                    
u_sram_mem_reg[198][19]  inferred      flip-flop                    
u_sram_mem_reg[198][20]  inferred      flip-flop                    
u_sram_mem_reg[198][21]  inferred      flip-flop                    
u_sram_mem_reg[198][22]  inferred      flip-flop                    
u_sram_mem_reg[198][23]  inferred      flip-flop                    
u_sram_mem_reg[198][24]  inferred      flip-flop                    
u_sram_mem_reg[198][25]  inferred      flip-flop                    
u_sram_mem_reg[198][26]  inferred      flip-flop                    
u_sram_mem_reg[198][27]  inferred      flip-flop                    
u_sram_mem_reg[198][28]  inferred      flip-flop                    
u_sram_mem_reg[198][29]  inferred      flip-flop                    
u_sram_mem_reg[198][30]  inferred      flip-flop                    
u_sram_mem_reg[198][31]  inferred      flip-flop                    
u_sram_mem_reg[199][0]   inferred      flip-flop                    
u_sram_mem_reg[199][1]   inferred      flip-flop                    
u_sram_mem_reg[199][2]   inferred      flip-flop                    
u_sram_mem_reg[199][3]   inferred      flip-flop                    
u_sram_mem_reg[199][4]   inferred      flip-flop                    
u_sram_mem_reg[199][5]   inferred      flip-flop                    
u_sram_mem_reg[199][6]   inferred      flip-flop                    
u_sram_mem_reg[199][7]   inferred      flip-flop                    
u_sram_mem_reg[199][8]   inferred      flip-flop                    
u_sram_mem_reg[199][9]   inferred      flip-flop                    
u_sram_mem_reg[199][10]  inferred      flip-flop                    
u_sram_mem_reg[199][11]  inferred      flip-flop                    
u_sram_mem_reg[199][12]  inferred      flip-flop                    
u_sram_mem_reg[199][13]  inferred      flip-flop                    
u_sram_mem_reg[199][14]  inferred      flip-flop                    
u_sram_mem_reg[199][15]  inferred      flip-flop                    
u_sram_mem_reg[199][16]  inferred      flip-flop                    
u_sram_mem_reg[199][17]  inferred      flip-flop                    
u_sram_mem_reg[199][18]  inferred      flip-flop                    
u_sram_mem_reg[199][19]  inferred      flip-flop                    
u_sram_mem_reg[199][20]  inferred      flip-flop                    
u_sram_mem_reg[199][21]  inferred      flip-flop                    
u_sram_mem_reg[199][22]  inferred      flip-flop                    
u_sram_mem_reg[199][23]  inferred      flip-flop                    
u_sram_mem_reg[199][24]  inferred      flip-flop                    
u_sram_mem_reg[199][25]  inferred      flip-flop                    
u_sram_mem_reg[199][26]  inferred      flip-flop                    
u_sram_mem_reg[199][27]  inferred      flip-flop                    
u_sram_mem_reg[199][28]  inferred      flip-flop                    
u_sram_mem_reg[199][29]  inferred      flip-flop                    
u_sram_mem_reg[199][30]  inferred      flip-flop                    
u_sram_mem_reg[199][31]  inferred      flip-flop                    
u_sram_mem_reg[200][0]   inferred      flip-flop                    
u_sram_mem_reg[200][1]   inferred      flip-flop                    
u_sram_mem_reg[200][2]   inferred      flip-flop                    
u_sram_mem_reg[200][3]   inferred      flip-flop                    
u_sram_mem_reg[200][4]   inferred      flip-flop                    
u_sram_mem_reg[200][5]   inferred      flip-flop                    
u_sram_mem_reg[200][6]   inferred      flip-flop                    
u_sram_mem_reg[200][7]   inferred      flip-flop                    
u_sram_mem_reg[200][8]   inferred      flip-flop                    
u_sram_mem_reg[200][9]   inferred      flip-flop                    
u_sram_mem_reg[200][10]  inferred      flip-flop                    
u_sram_mem_reg[200][11]  inferred      flip-flop                    
u_sram_mem_reg[200][12]  inferred      flip-flop                    
u_sram_mem_reg[200][13]  inferred      flip-flop                    
u_sram_mem_reg[200][14]  inferred      flip-flop                    
u_sram_mem_reg[200][15]  inferred      flip-flop                    
u_sram_mem_reg[200][16]  inferred      flip-flop                    
u_sram_mem_reg[200][17]  inferred      flip-flop                    
u_sram_mem_reg[200][18]  inferred      flip-flop                    
u_sram_mem_reg[200][19]  inferred      flip-flop                    
u_sram_mem_reg[200][20]  inferred      flip-flop                    
u_sram_mem_reg[200][21]  inferred      flip-flop                    
u_sram_mem_reg[200][22]  inferred      flip-flop                    
u_sram_mem_reg[200][23]  inferred      flip-flop                    
u_sram_mem_reg[200][24]  inferred      flip-flop                    
u_sram_mem_reg[200][25]  inferred      flip-flop                    
u_sram_mem_reg[200][26]  inferred      flip-flop                    
u_sram_mem_reg[200][27]  inferred      flip-flop                    
u_sram_mem_reg[200][28]  inferred      flip-flop                    
u_sram_mem_reg[200][29]  inferred      flip-flop                    
u_sram_mem_reg[200][30]  inferred      flip-flop                    
u_sram_mem_reg[200][31]  inferred      flip-flop                    
u_sram_mem_reg[201][0]   inferred      flip-flop                    
u_sram_mem_reg[201][1]   inferred      flip-flop                    
u_sram_mem_reg[201][2]   inferred      flip-flop                    
u_sram_mem_reg[201][3]   inferred      flip-flop                    
u_sram_mem_reg[201][4]   inferred      flip-flop                    
u_sram_mem_reg[201][5]   inferred      flip-flop                    
u_sram_mem_reg[201][6]   inferred      flip-flop                    
u_sram_mem_reg[201][7]   inferred      flip-flop                    
u_sram_mem_reg[201][8]   inferred      flip-flop                    
u_sram_mem_reg[201][9]   inferred      flip-flop                    
u_sram_mem_reg[201][10]  inferred      flip-flop                    
u_sram_mem_reg[201][11]  inferred      flip-flop                    
u_sram_mem_reg[201][12]  inferred      flip-flop                    
u_sram_mem_reg[201][13]  inferred      flip-flop                    
u_sram_mem_reg[201][14]  inferred      flip-flop                    
u_sram_mem_reg[201][15]  inferred      flip-flop                    
u_sram_mem_reg[201][16]  inferred      flip-flop                    
u_sram_mem_reg[201][17]  inferred      flip-flop                    
u_sram_mem_reg[201][18]  inferred      flip-flop                    
u_sram_mem_reg[201][19]  inferred      flip-flop                    
u_sram_mem_reg[201][20]  inferred      flip-flop                    
u_sram_mem_reg[201][21]  inferred      flip-flop                    
u_sram_mem_reg[201][22]  inferred      flip-flop                    
u_sram_mem_reg[201][23]  inferred      flip-flop                    
u_sram_mem_reg[201][24]  inferred      flip-flop                    
u_sram_mem_reg[201][25]  inferred      flip-flop                    
u_sram_mem_reg[201][26]  inferred      flip-flop                    
u_sram_mem_reg[201][27]  inferred      flip-flop                    
u_sram_mem_reg[201][28]  inferred      flip-flop                    
u_sram_mem_reg[201][29]  inferred      flip-flop                    
u_sram_mem_reg[201][30]  inferred      flip-flop                    
u_sram_mem_reg[201][31]  inferred      flip-flop                    
u_sram_mem_reg[202][0]   inferred      flip-flop                    
u_sram_mem_reg[202][1]   inferred      flip-flop                    
u_sram_mem_reg[202][2]   inferred      flip-flop                    
u_sram_mem_reg[202][3]   inferred      flip-flop                    
u_sram_mem_reg[202][4]   inferred      flip-flop                    
u_sram_mem_reg[202][5]   inferred      flip-flop                    
u_sram_mem_reg[202][6]   inferred      flip-flop                    
u_sram_mem_reg[202][7]   inferred      flip-flop                    
u_sram_mem_reg[202][8]   inferred      flip-flop                    
u_sram_mem_reg[202][9]   inferred      flip-flop                    
u_sram_mem_reg[202][10]  inferred      flip-flop                    
u_sram_mem_reg[202][11]  inferred      flip-flop                    
u_sram_mem_reg[202][12]  inferred      flip-flop                    
u_sram_mem_reg[202][13]  inferred      flip-flop                    
u_sram_mem_reg[202][14]  inferred      flip-flop                    
u_sram_mem_reg[202][15]  inferred      flip-flop                    
u_sram_mem_reg[202][16]  inferred      flip-flop                    
u_sram_mem_reg[202][17]  inferred      flip-flop                    
u_sram_mem_reg[202][18]  inferred      flip-flop                    
u_sram_mem_reg[202][19]  inferred      flip-flop                    
u_sram_mem_reg[202][20]  inferred      flip-flop                    
u_sram_mem_reg[202][21]  inferred      flip-flop                    
u_sram_mem_reg[202][22]  inferred      flip-flop                    
u_sram_mem_reg[202][23]  inferred      flip-flop                    
u_sram_mem_reg[202][24]  inferred      flip-flop                    
u_sram_mem_reg[202][25]  inferred      flip-flop                    
u_sram_mem_reg[202][26]  inferred      flip-flop                    
u_sram_mem_reg[202][27]  inferred      flip-flop                    
u_sram_mem_reg[202][28]  inferred      flip-flop                    
u_sram_mem_reg[202][29]  inferred      flip-flop                    
u_sram_mem_reg[202][30]  inferred      flip-flop                    
u_sram_mem_reg[202][31]  inferred      flip-flop                    
u_sram_mem_reg[203][0]   inferred      flip-flop                    
u_sram_mem_reg[203][1]   inferred      flip-flop                    
u_sram_mem_reg[203][2]   inferred      flip-flop                    
u_sram_mem_reg[203][3]   inferred      flip-flop                    
u_sram_mem_reg[203][4]   inferred      flip-flop                    
u_sram_mem_reg[203][5]   inferred      flip-flop                    
u_sram_mem_reg[203][6]   inferred      flip-flop                    
u_sram_mem_reg[203][7]   inferred      flip-flop                    
u_sram_mem_reg[203][8]   inferred      flip-flop                    
u_sram_mem_reg[203][9]   inferred      flip-flop                    
u_sram_mem_reg[203][10]  inferred      flip-flop                    
u_sram_mem_reg[203][11]  inferred      flip-flop                    
u_sram_mem_reg[203][12]  inferred      flip-flop                    
u_sram_mem_reg[203][13]  inferred      flip-flop                    
u_sram_mem_reg[203][14]  inferred      flip-flop                    
u_sram_mem_reg[203][15]  inferred      flip-flop                    
u_sram_mem_reg[203][16]  inferred      flip-flop                    
u_sram_mem_reg[203][17]  inferred      flip-flop                    
u_sram_mem_reg[203][18]  inferred      flip-flop                    
u_sram_mem_reg[203][19]  inferred      flip-flop                    
u_sram_mem_reg[203][20]  inferred      flip-flop                    
u_sram_mem_reg[203][21]  inferred      flip-flop                    
u_sram_mem_reg[203][22]  inferred      flip-flop                    
u_sram_mem_reg[203][23]  inferred      flip-flop                    
u_sram_mem_reg[203][24]  inferred      flip-flop                    
u_sram_mem_reg[203][25]  inferred      flip-flop                    
u_sram_mem_reg[203][26]  inferred      flip-flop                    
u_sram_mem_reg[203][27]  inferred      flip-flop                    
u_sram_mem_reg[203][28]  inferred      flip-flop                    
u_sram_mem_reg[203][29]  inferred      flip-flop                    
u_sram_mem_reg[203][30]  inferred      flip-flop                    
u_sram_mem_reg[203][31]  inferred      flip-flop                    
u_sram_mem_reg[204][0]   inferred      flip-flop                    
u_sram_mem_reg[204][1]   inferred      flip-flop                    
u_sram_mem_reg[204][2]   inferred      flip-flop                    
u_sram_mem_reg[204][3]   inferred      flip-flop                    
u_sram_mem_reg[204][4]   inferred      flip-flop                    
u_sram_mem_reg[204][5]   inferred      flip-flop                    
u_sram_mem_reg[204][6]   inferred      flip-flop                    
u_sram_mem_reg[204][7]   inferred      flip-flop                    
u_sram_mem_reg[204][8]   inferred      flip-flop                    
u_sram_mem_reg[204][9]   inferred      flip-flop                    
u_sram_mem_reg[204][10]  inferred      flip-flop                    
u_sram_mem_reg[204][11]  inferred      flip-flop                    
u_sram_mem_reg[204][12]  inferred      flip-flop                    
u_sram_mem_reg[204][13]  inferred      flip-flop                    
u_sram_mem_reg[204][14]  inferred      flip-flop                    
u_sram_mem_reg[204][15]  inferred      flip-flop                    
u_sram_mem_reg[204][16]  inferred      flip-flop                    
u_sram_mem_reg[204][17]  inferred      flip-flop                    
u_sram_mem_reg[204][18]  inferred      flip-flop                    
u_sram_mem_reg[204][19]  inferred      flip-flop                    
u_sram_mem_reg[204][20]  inferred      flip-flop                    
u_sram_mem_reg[204][21]  inferred      flip-flop                    
u_sram_mem_reg[204][22]  inferred      flip-flop                    
u_sram_mem_reg[204][23]  inferred      flip-flop                    
u_sram_mem_reg[204][24]  inferred      flip-flop                    
u_sram_mem_reg[204][25]  inferred      flip-flop                    
u_sram_mem_reg[204][26]  inferred      flip-flop                    
u_sram_mem_reg[204][27]  inferred      flip-flop                    
u_sram_mem_reg[204][28]  inferred      flip-flop                    
u_sram_mem_reg[204][29]  inferred      flip-flop                    
u_sram_mem_reg[204][30]  inferred      flip-flop                    
u_sram_mem_reg[204][31]  inferred      flip-flop                    
u_sram_mem_reg[205][0]   inferred      flip-flop                    
u_sram_mem_reg[205][1]   inferred      flip-flop                    
u_sram_mem_reg[205][2]   inferred      flip-flop                    
u_sram_mem_reg[205][3]   inferred      flip-flop                    
u_sram_mem_reg[205][4]   inferred      flip-flop                    
u_sram_mem_reg[205][5]   inferred      flip-flop                    
u_sram_mem_reg[205][6]   inferred      flip-flop                    
u_sram_mem_reg[205][7]   inferred      flip-flop                    
u_sram_mem_reg[205][8]   inferred      flip-flop                    
u_sram_mem_reg[205][9]   inferred      flip-flop                    
u_sram_mem_reg[205][10]  inferred      flip-flop                    
u_sram_mem_reg[205][11]  inferred      flip-flop                    
u_sram_mem_reg[205][12]  inferred      flip-flop                    
u_sram_mem_reg[205][13]  inferred      flip-flop                    
u_sram_mem_reg[205][14]  inferred      flip-flop                    
u_sram_mem_reg[205][15]  inferred      flip-flop                    
u_sram_mem_reg[205][16]  inferred      flip-flop                    
u_sram_mem_reg[205][17]  inferred      flip-flop                    
u_sram_mem_reg[205][18]  inferred      flip-flop                    
u_sram_mem_reg[205][19]  inferred      flip-flop                    
u_sram_mem_reg[205][20]  inferred      flip-flop                    
u_sram_mem_reg[205][21]  inferred      flip-flop                    
u_sram_mem_reg[205][22]  inferred      flip-flop                    
u_sram_mem_reg[205][23]  inferred      flip-flop                    
u_sram_mem_reg[205][24]  inferred      flip-flop                    
u_sram_mem_reg[205][25]  inferred      flip-flop                    
u_sram_mem_reg[205][26]  inferred      flip-flop                    
u_sram_mem_reg[205][27]  inferred      flip-flop                    
u_sram_mem_reg[205][28]  inferred      flip-flop                    
u_sram_mem_reg[205][29]  inferred      flip-flop                    
u_sram_mem_reg[205][30]  inferred      flip-flop                    
u_sram_mem_reg[205][31]  inferred      flip-flop                    
u_sram_mem_reg[206][0]   inferred      flip-flop                    
u_sram_mem_reg[206][1]   inferred      flip-flop                    
u_sram_mem_reg[206][2]   inferred      flip-flop                    
u_sram_mem_reg[206][3]   inferred      flip-flop                    
u_sram_mem_reg[206][4]   inferred      flip-flop                    
u_sram_mem_reg[206][5]   inferred      flip-flop                    
u_sram_mem_reg[206][6]   inferred      flip-flop                    
u_sram_mem_reg[206][7]   inferred      flip-flop                    
u_sram_mem_reg[206][8]   inferred      flip-flop                    
u_sram_mem_reg[206][9]   inferred      flip-flop                    
u_sram_mem_reg[206][10]  inferred      flip-flop                    
u_sram_mem_reg[206][11]  inferred      flip-flop                    
u_sram_mem_reg[206][12]  inferred      flip-flop                    
u_sram_mem_reg[206][13]  inferred      flip-flop                    
u_sram_mem_reg[206][14]  inferred      flip-flop                    
u_sram_mem_reg[206][15]  inferred      flip-flop                    
u_sram_mem_reg[206][16]  inferred      flip-flop                    
u_sram_mem_reg[206][17]  inferred      flip-flop                    
u_sram_mem_reg[206][18]  inferred      flip-flop                    
u_sram_mem_reg[206][19]  inferred      flip-flop                    
u_sram_mem_reg[206][20]  inferred      flip-flop                    
u_sram_mem_reg[206][21]  inferred      flip-flop                    
u_sram_mem_reg[206][22]  inferred      flip-flop                    
u_sram_mem_reg[206][23]  inferred      flip-flop                    
u_sram_mem_reg[206][24]  inferred      flip-flop                    
u_sram_mem_reg[206][25]  inferred      flip-flop                    
u_sram_mem_reg[206][26]  inferred      flip-flop                    
u_sram_mem_reg[206][27]  inferred      flip-flop                    
u_sram_mem_reg[206][28]  inferred      flip-flop                    
u_sram_mem_reg[206][29]  inferred      flip-flop                    
u_sram_mem_reg[206][30]  inferred      flip-flop                    
u_sram_mem_reg[206][31]  inferred      flip-flop                    
u_sram_mem_reg[207][0]   inferred      flip-flop                    
u_sram_mem_reg[207][1]   inferred      flip-flop                    
u_sram_mem_reg[207][2]   inferred      flip-flop                    
u_sram_mem_reg[207][3]   inferred      flip-flop                    
u_sram_mem_reg[207][4]   inferred      flip-flop                    
u_sram_mem_reg[207][5]   inferred      flip-flop                    
u_sram_mem_reg[207][6]   inferred      flip-flop                    
u_sram_mem_reg[207][7]   inferred      flip-flop                    
u_sram_mem_reg[207][8]   inferred      flip-flop                    
u_sram_mem_reg[207][9]   inferred      flip-flop                    
u_sram_mem_reg[207][10]  inferred      flip-flop                    
u_sram_mem_reg[207][11]  inferred      flip-flop                    
u_sram_mem_reg[207][12]  inferred      flip-flop                    
u_sram_mem_reg[207][13]  inferred      flip-flop                    
u_sram_mem_reg[207][14]  inferred      flip-flop                    
u_sram_mem_reg[207][15]  inferred      flip-flop                    
u_sram_mem_reg[207][16]  inferred      flip-flop                    
u_sram_mem_reg[207][17]  inferred      flip-flop                    
u_sram_mem_reg[207][18]  inferred      flip-flop                    
u_sram_mem_reg[207][19]  inferred      flip-flop                    
u_sram_mem_reg[207][20]  inferred      flip-flop                    
u_sram_mem_reg[207][21]  inferred      flip-flop                    
u_sram_mem_reg[207][22]  inferred      flip-flop                    
u_sram_mem_reg[207][23]  inferred      flip-flop                    
u_sram_mem_reg[207][24]  inferred      flip-flop                    
u_sram_mem_reg[207][25]  inferred      flip-flop                    
u_sram_mem_reg[207][26]  inferred      flip-flop                    
u_sram_mem_reg[207][27]  inferred      flip-flop                    
u_sram_mem_reg[207][28]  inferred      flip-flop                    
u_sram_mem_reg[207][29]  inferred      flip-flop                    
u_sram_mem_reg[207][30]  inferred      flip-flop                    
u_sram_mem_reg[207][31]  inferred      flip-flop                    
u_sram_mem_reg[208][0]   inferred      flip-flop                    
u_sram_mem_reg[208][1]   inferred      flip-flop                    
u_sram_mem_reg[208][2]   inferred      flip-flop                    
u_sram_mem_reg[208][3]   inferred      flip-flop                    
u_sram_mem_reg[208][4]   inferred      flip-flop                    
u_sram_mem_reg[208][5]   inferred      flip-flop                    
u_sram_mem_reg[208][6]   inferred      flip-flop                    
u_sram_mem_reg[208][7]   inferred      flip-flop                    
u_sram_mem_reg[208][8]   inferred      flip-flop                    
u_sram_mem_reg[208][9]   inferred      flip-flop                    
u_sram_mem_reg[208][10]  inferred      flip-flop                    
u_sram_mem_reg[208][11]  inferred      flip-flop                    
u_sram_mem_reg[208][12]  inferred      flip-flop                    
u_sram_mem_reg[208][13]  inferred      flip-flop                    
u_sram_mem_reg[208][14]  inferred      flip-flop                    
u_sram_mem_reg[208][15]  inferred      flip-flop                    
u_sram_mem_reg[208][16]  inferred      flip-flop                    
u_sram_mem_reg[208][17]  inferred      flip-flop                    
u_sram_mem_reg[208][18]  inferred      flip-flop                    
u_sram_mem_reg[208][19]  inferred      flip-flop                    
u_sram_mem_reg[208][20]  inferred      flip-flop                    
u_sram_mem_reg[208][21]  inferred      flip-flop                    
u_sram_mem_reg[208][22]  inferred      flip-flop                    
u_sram_mem_reg[208][23]  inferred      flip-flop                    
u_sram_mem_reg[208][24]  inferred      flip-flop                    
u_sram_mem_reg[208][25]  inferred      flip-flop                    
u_sram_mem_reg[208][26]  inferred      flip-flop                    
u_sram_mem_reg[208][27]  inferred      flip-flop                    
u_sram_mem_reg[208][28]  inferred      flip-flop                    
u_sram_mem_reg[208][29]  inferred      flip-flop                    
u_sram_mem_reg[208][30]  inferred      flip-flop                    
u_sram_mem_reg[208][31]  inferred      flip-flop                    
u_sram_mem_reg[209][0]   inferred      flip-flop                    
u_sram_mem_reg[209][1]   inferred      flip-flop                    
u_sram_mem_reg[209][2]   inferred      flip-flop                    
u_sram_mem_reg[209][3]   inferred      flip-flop                    
u_sram_mem_reg[209][4]   inferred      flip-flop                    
u_sram_mem_reg[209][5]   inferred      flip-flop                    
u_sram_mem_reg[209][6]   inferred      flip-flop                    
u_sram_mem_reg[209][7]   inferred      flip-flop                    
u_sram_mem_reg[209][8]   inferred      flip-flop                    
u_sram_mem_reg[209][9]   inferred      flip-flop                    
u_sram_mem_reg[209][10]  inferred      flip-flop                    
u_sram_mem_reg[209][11]  inferred      flip-flop                    
u_sram_mem_reg[209][12]  inferred      flip-flop                    
u_sram_mem_reg[209][13]  inferred      flip-flop                    
u_sram_mem_reg[209][14]  inferred      flip-flop                    
u_sram_mem_reg[209][15]  inferred      flip-flop                    
u_sram_mem_reg[209][16]  inferred      flip-flop                    
u_sram_mem_reg[209][17]  inferred      flip-flop                    
u_sram_mem_reg[209][18]  inferred      flip-flop                    
u_sram_mem_reg[209][19]  inferred      flip-flop                    
u_sram_mem_reg[209][20]  inferred      flip-flop                    
u_sram_mem_reg[209][21]  inferred      flip-flop                    
u_sram_mem_reg[209][22]  inferred      flip-flop                    
u_sram_mem_reg[209][23]  inferred      flip-flop                    
u_sram_mem_reg[209][24]  inferred      flip-flop                    
u_sram_mem_reg[209][25]  inferred      flip-flop                    
u_sram_mem_reg[209][26]  inferred      flip-flop                    
u_sram_mem_reg[209][27]  inferred      flip-flop                    
u_sram_mem_reg[209][28]  inferred      flip-flop                    
u_sram_mem_reg[209][29]  inferred      flip-flop                    
u_sram_mem_reg[209][30]  inferred      flip-flop                    
u_sram_mem_reg[209][31]  inferred      flip-flop                    
u_sram_mem_reg[210][0]   inferred      flip-flop                    
u_sram_mem_reg[210][1]   inferred      flip-flop                    
u_sram_mem_reg[210][2]   inferred      flip-flop                    
u_sram_mem_reg[210][3]   inferred      flip-flop                    
u_sram_mem_reg[210][4]   inferred      flip-flop                    
u_sram_mem_reg[210][5]   inferred      flip-flop                    
u_sram_mem_reg[210][6]   inferred      flip-flop                    
u_sram_mem_reg[210][7]   inferred      flip-flop                    
u_sram_mem_reg[210][8]   inferred      flip-flop                    
u_sram_mem_reg[210][9]   inferred      flip-flop                    
u_sram_mem_reg[210][10]  inferred      flip-flop                    
u_sram_mem_reg[210][11]  inferred      flip-flop                    
u_sram_mem_reg[210][12]  inferred      flip-flop                    
u_sram_mem_reg[210][13]  inferred      flip-flop                    
u_sram_mem_reg[210][14]  inferred      flip-flop                    
u_sram_mem_reg[210][15]  inferred      flip-flop                    
u_sram_mem_reg[210][16]  inferred      flip-flop                    
u_sram_mem_reg[210][17]  inferred      flip-flop                    
u_sram_mem_reg[210][18]  inferred      flip-flop                    
u_sram_mem_reg[210][19]  inferred      flip-flop                    
u_sram_mem_reg[210][20]  inferred      flip-flop                    
u_sram_mem_reg[210][21]  inferred      flip-flop                    
u_sram_mem_reg[210][22]  inferred      flip-flop                    
u_sram_mem_reg[210][23]  inferred      flip-flop                    
u_sram_mem_reg[210][24]  inferred      flip-flop                    
u_sram_mem_reg[210][25]  inferred      flip-flop                    
u_sram_mem_reg[210][26]  inferred      flip-flop                    
u_sram_mem_reg[210][27]  inferred      flip-flop                    
u_sram_mem_reg[210][28]  inferred      flip-flop                    
u_sram_mem_reg[210][29]  inferred      flip-flop                    
u_sram_mem_reg[210][30]  inferred      flip-flop                    
u_sram_mem_reg[210][31]  inferred      flip-flop                    
u_sram_mem_reg[211][0]   inferred      flip-flop                    
u_sram_mem_reg[211][1]   inferred      flip-flop                    
u_sram_mem_reg[211][2]   inferred      flip-flop                    
u_sram_mem_reg[211][3]   inferred      flip-flop                    
u_sram_mem_reg[211][4]   inferred      flip-flop                    
u_sram_mem_reg[211][5]   inferred      flip-flop                    
u_sram_mem_reg[211][6]   inferred      flip-flop                    
u_sram_mem_reg[211][7]   inferred      flip-flop                    
u_sram_mem_reg[211][8]   inferred      flip-flop                    
u_sram_mem_reg[211][9]   inferred      flip-flop                    
u_sram_mem_reg[211][10]  inferred      flip-flop                    
u_sram_mem_reg[211][11]  inferred      flip-flop                    
u_sram_mem_reg[211][12]  inferred      flip-flop                    
u_sram_mem_reg[211][13]  inferred      flip-flop                    
u_sram_mem_reg[211][14]  inferred      flip-flop                    
u_sram_mem_reg[211][15]  inferred      flip-flop                    
u_sram_mem_reg[211][16]  inferred      flip-flop                    
u_sram_mem_reg[211][17]  inferred      flip-flop                    
u_sram_mem_reg[211][18]  inferred      flip-flop                    
u_sram_mem_reg[211][19]  inferred      flip-flop                    
u_sram_mem_reg[211][20]  inferred      flip-flop                    
u_sram_mem_reg[211][21]  inferred      flip-flop                    
u_sram_mem_reg[211][22]  inferred      flip-flop                    
u_sram_mem_reg[211][23]  inferred      flip-flop                    
u_sram_mem_reg[211][24]  inferred      flip-flop                    
u_sram_mem_reg[211][25]  inferred      flip-flop                    
u_sram_mem_reg[211][26]  inferred      flip-flop                    
u_sram_mem_reg[211][27]  inferred      flip-flop                    
u_sram_mem_reg[211][28]  inferred      flip-flop                    
u_sram_mem_reg[211][29]  inferred      flip-flop                    
u_sram_mem_reg[211][30]  inferred      flip-flop                    
u_sram_mem_reg[211][31]  inferred      flip-flop                    
u_sram_mem_reg[212][0]   inferred      flip-flop                    
u_sram_mem_reg[212][1]   inferred      flip-flop                    
u_sram_mem_reg[212][2]   inferred      flip-flop                    
u_sram_mem_reg[212][3]   inferred      flip-flop                    
u_sram_mem_reg[212][4]   inferred      flip-flop                    
u_sram_mem_reg[212][5]   inferred      flip-flop                    
u_sram_mem_reg[212][6]   inferred      flip-flop                    
u_sram_mem_reg[212][7]   inferred      flip-flop                    
u_sram_mem_reg[212][8]   inferred      flip-flop                    
u_sram_mem_reg[212][9]   inferred      flip-flop                    
u_sram_mem_reg[212][10]  inferred      flip-flop                    
u_sram_mem_reg[212][11]  inferred      flip-flop                    
u_sram_mem_reg[212][12]  inferred      flip-flop                    
u_sram_mem_reg[212][13]  inferred      flip-flop                    
u_sram_mem_reg[212][14]  inferred      flip-flop                    
u_sram_mem_reg[212][15]  inferred      flip-flop                    
u_sram_mem_reg[212][16]  inferred      flip-flop                    
u_sram_mem_reg[212][17]  inferred      flip-flop                    
u_sram_mem_reg[212][18]  inferred      flip-flop                    
u_sram_mem_reg[212][19]  inferred      flip-flop                    
u_sram_mem_reg[212][20]  inferred      flip-flop                    
u_sram_mem_reg[212][21]  inferred      flip-flop                    
u_sram_mem_reg[212][22]  inferred      flip-flop                    
u_sram_mem_reg[212][23]  inferred      flip-flop                    
u_sram_mem_reg[212][24]  inferred      flip-flop                    
u_sram_mem_reg[212][25]  inferred      flip-flop                    
u_sram_mem_reg[212][26]  inferred      flip-flop                    
u_sram_mem_reg[212][27]  inferred      flip-flop                    
u_sram_mem_reg[212][28]  inferred      flip-flop                    
u_sram_mem_reg[212][29]  inferred      flip-flop                    
u_sram_mem_reg[212][30]  inferred      flip-flop                    
u_sram_mem_reg[212][31]  inferred      flip-flop                    
u_sram_mem_reg[213][0]   inferred      flip-flop                    
u_sram_mem_reg[213][1]   inferred      flip-flop                    
u_sram_mem_reg[213][2]   inferred      flip-flop                    
u_sram_mem_reg[213][3]   inferred      flip-flop                    
u_sram_mem_reg[213][4]   inferred      flip-flop                    
u_sram_mem_reg[213][5]   inferred      flip-flop                    
u_sram_mem_reg[213][6]   inferred      flip-flop                    
u_sram_mem_reg[213][7]   inferred      flip-flop                    
u_sram_mem_reg[213][8]   inferred      flip-flop                    
u_sram_mem_reg[213][9]   inferred      flip-flop                    
u_sram_mem_reg[213][10]  inferred      flip-flop                    
u_sram_mem_reg[213][11]  inferred      flip-flop                    
u_sram_mem_reg[213][12]  inferred      flip-flop                    
u_sram_mem_reg[213][13]  inferred      flip-flop                    
u_sram_mem_reg[213][14]  inferred      flip-flop                    
u_sram_mem_reg[213][15]  inferred      flip-flop                    
u_sram_mem_reg[213][16]  inferred      flip-flop                    
u_sram_mem_reg[213][17]  inferred      flip-flop                    
u_sram_mem_reg[213][18]  inferred      flip-flop                    
u_sram_mem_reg[213][19]  inferred      flip-flop                    
u_sram_mem_reg[213][20]  inferred      flip-flop                    
u_sram_mem_reg[213][21]  inferred      flip-flop                    
u_sram_mem_reg[213][22]  inferred      flip-flop                    
u_sram_mem_reg[213][23]  inferred      flip-flop                    
u_sram_mem_reg[213][24]  inferred      flip-flop                    
u_sram_mem_reg[213][25]  inferred      flip-flop                    
u_sram_mem_reg[213][26]  inferred      flip-flop                    
u_sram_mem_reg[213][27]  inferred      flip-flop                    
u_sram_mem_reg[213][28]  inferred      flip-flop                    
u_sram_mem_reg[213][29]  inferred      flip-flop                    
u_sram_mem_reg[213][30]  inferred      flip-flop                    
u_sram_mem_reg[213][31]  inferred      flip-flop                    
u_sram_mem_reg[214][0]   inferred      flip-flop                    
u_sram_mem_reg[214][1]   inferred      flip-flop                    
u_sram_mem_reg[214][2]   inferred      flip-flop                    
u_sram_mem_reg[214][3]   inferred      flip-flop                    
u_sram_mem_reg[214][4]   inferred      flip-flop                    
u_sram_mem_reg[214][5]   inferred      flip-flop                    
u_sram_mem_reg[214][6]   inferred      flip-flop                    
u_sram_mem_reg[214][7]   inferred      flip-flop                    
u_sram_mem_reg[214][8]   inferred      flip-flop                    
u_sram_mem_reg[214][9]   inferred      flip-flop                    
u_sram_mem_reg[214][10]  inferred      flip-flop                    
u_sram_mem_reg[214][11]  inferred      flip-flop                    
u_sram_mem_reg[214][12]  inferred      flip-flop                    
u_sram_mem_reg[214][13]  inferred      flip-flop                    
u_sram_mem_reg[214][14]  inferred      flip-flop                    
u_sram_mem_reg[214][15]  inferred      flip-flop                    
u_sram_mem_reg[214][16]  inferred      flip-flop                    
u_sram_mem_reg[214][17]  inferred      flip-flop                    
u_sram_mem_reg[214][18]  inferred      flip-flop                    
u_sram_mem_reg[214][19]  inferred      flip-flop                    
u_sram_mem_reg[214][20]  inferred      flip-flop                    
u_sram_mem_reg[214][21]  inferred      flip-flop                    
u_sram_mem_reg[214][22]  inferred      flip-flop                    
u_sram_mem_reg[214][23]  inferred      flip-flop                    
u_sram_mem_reg[214][24]  inferred      flip-flop                    
u_sram_mem_reg[214][25]  inferred      flip-flop                    
u_sram_mem_reg[214][26]  inferred      flip-flop                    
u_sram_mem_reg[214][27]  inferred      flip-flop                    
u_sram_mem_reg[214][28]  inferred      flip-flop                    
u_sram_mem_reg[214][29]  inferred      flip-flop                    
u_sram_mem_reg[214][30]  inferred      flip-flop                    
u_sram_mem_reg[214][31]  inferred      flip-flop                    
u_sram_mem_reg[215][0]   inferred      flip-flop                    
u_sram_mem_reg[215][1]   inferred      flip-flop                    
u_sram_mem_reg[215][2]   inferred      flip-flop                    
u_sram_mem_reg[215][3]   inferred      flip-flop                    
u_sram_mem_reg[215][4]   inferred      flip-flop                    
u_sram_mem_reg[215][5]   inferred      flip-flop                    
u_sram_mem_reg[215][6]   inferred      flip-flop                    
u_sram_mem_reg[215][7]   inferred      flip-flop                    
u_sram_mem_reg[215][8]   inferred      flip-flop                    
u_sram_mem_reg[215][9]   inferred      flip-flop                    
u_sram_mem_reg[215][10]  inferred      flip-flop                    
u_sram_mem_reg[215][11]  inferred      flip-flop                    
u_sram_mem_reg[215][12]  inferred      flip-flop                    
u_sram_mem_reg[215][13]  inferred      flip-flop                    
u_sram_mem_reg[215][14]  inferred      flip-flop                    
u_sram_mem_reg[215][15]  inferred      flip-flop                    
u_sram_mem_reg[215][16]  inferred      flip-flop                    
u_sram_mem_reg[215][17]  inferred      flip-flop                    
u_sram_mem_reg[215][18]  inferred      flip-flop                    
u_sram_mem_reg[215][19]  inferred      flip-flop                    
u_sram_mem_reg[215][20]  inferred      flip-flop                    
u_sram_mem_reg[215][21]  inferred      flip-flop                    
u_sram_mem_reg[215][22]  inferred      flip-flop                    
u_sram_mem_reg[215][23]  inferred      flip-flop                    
u_sram_mem_reg[215][24]  inferred      flip-flop                    
u_sram_mem_reg[215][25]  inferred      flip-flop                    
u_sram_mem_reg[215][26]  inferred      flip-flop                    
u_sram_mem_reg[215][27]  inferred      flip-flop                    
u_sram_mem_reg[215][28]  inferred      flip-flop                    
u_sram_mem_reg[215][29]  inferred      flip-flop                    
u_sram_mem_reg[215][30]  inferred      flip-flop                    
u_sram_mem_reg[215][31]  inferred      flip-flop                    
u_sram_mem_reg[216][0]   inferred      flip-flop                    
u_sram_mem_reg[216][1]   inferred      flip-flop                    
u_sram_mem_reg[216][2]   inferred      flip-flop                    
u_sram_mem_reg[216][3]   inferred      flip-flop                    
u_sram_mem_reg[216][4]   inferred      flip-flop                    
u_sram_mem_reg[216][5]   inferred      flip-flop                    
u_sram_mem_reg[216][6]   inferred      flip-flop                    
u_sram_mem_reg[216][7]   inferred      flip-flop                    
u_sram_mem_reg[216][8]   inferred      flip-flop                    
u_sram_mem_reg[216][9]   inferred      flip-flop                    
u_sram_mem_reg[216][10]  inferred      flip-flop                    
u_sram_mem_reg[216][11]  inferred      flip-flop                    
u_sram_mem_reg[216][12]  inferred      flip-flop                    
u_sram_mem_reg[216][13]  inferred      flip-flop                    
u_sram_mem_reg[216][14]  inferred      flip-flop                    
u_sram_mem_reg[216][15]  inferred      flip-flop                    
u_sram_mem_reg[216][16]  inferred      flip-flop                    
u_sram_mem_reg[216][17]  inferred      flip-flop                    
u_sram_mem_reg[216][18]  inferred      flip-flop                    
u_sram_mem_reg[216][19]  inferred      flip-flop                    
u_sram_mem_reg[216][20]  inferred      flip-flop                    
u_sram_mem_reg[216][21]  inferred      flip-flop                    
u_sram_mem_reg[216][22]  inferred      flip-flop                    
u_sram_mem_reg[216][23]  inferred      flip-flop                    
u_sram_mem_reg[216][24]  inferred      flip-flop                    
u_sram_mem_reg[216][25]  inferred      flip-flop                    
u_sram_mem_reg[216][26]  inferred      flip-flop                    
u_sram_mem_reg[216][27]  inferred      flip-flop                    
u_sram_mem_reg[216][28]  inferred      flip-flop                    
u_sram_mem_reg[216][29]  inferred      flip-flop                    
u_sram_mem_reg[216][30]  inferred      flip-flop                    
u_sram_mem_reg[216][31]  inferred      flip-flop                    
u_sram_mem_reg[217][0]   inferred      flip-flop                    
u_sram_mem_reg[217][1]   inferred      flip-flop                    
u_sram_mem_reg[217][2]   inferred      flip-flop                    
u_sram_mem_reg[217][3]   inferred      flip-flop                    
u_sram_mem_reg[217][4]   inferred      flip-flop                    
u_sram_mem_reg[217][5]   inferred      flip-flop                    
u_sram_mem_reg[217][6]   inferred      flip-flop                    
u_sram_mem_reg[217][7]   inferred      flip-flop                    
u_sram_mem_reg[217][8]   inferred      flip-flop                    
u_sram_mem_reg[217][9]   inferred      flip-flop                    
u_sram_mem_reg[217][10]  inferred      flip-flop                    
u_sram_mem_reg[217][11]  inferred      flip-flop                    
u_sram_mem_reg[217][12]  inferred      flip-flop                    
u_sram_mem_reg[217][13]  inferred      flip-flop                    
u_sram_mem_reg[217][14]  inferred      flip-flop                    
u_sram_mem_reg[217][15]  inferred      flip-flop                    
u_sram_mem_reg[217][16]  inferred      flip-flop                    
u_sram_mem_reg[217][17]  inferred      flip-flop                    
u_sram_mem_reg[217][18]  inferred      flip-flop                    
u_sram_mem_reg[217][19]  inferred      flip-flop                    
u_sram_mem_reg[217][20]  inferred      flip-flop                    
u_sram_mem_reg[217][21]  inferred      flip-flop                    
u_sram_mem_reg[217][22]  inferred      flip-flop                    
u_sram_mem_reg[217][23]  inferred      flip-flop                    
u_sram_mem_reg[217][24]  inferred      flip-flop                    
u_sram_mem_reg[217][25]  inferred      flip-flop                    
u_sram_mem_reg[217][26]  inferred      flip-flop                    
u_sram_mem_reg[217][27]  inferred      flip-flop                    
u_sram_mem_reg[217][28]  inferred      flip-flop                    
u_sram_mem_reg[217][29]  inferred      flip-flop                    
u_sram_mem_reg[217][30]  inferred      flip-flop                    
u_sram_mem_reg[217][31]  inferred      flip-flop                    
u_sram_mem_reg[218][0]   inferred      flip-flop                    
u_sram_mem_reg[218][1]   inferred      flip-flop                    
u_sram_mem_reg[218][2]   inferred      flip-flop                    
u_sram_mem_reg[218][3]   inferred      flip-flop                    
u_sram_mem_reg[218][4]   inferred      flip-flop                    
u_sram_mem_reg[218][5]   inferred      flip-flop                    
u_sram_mem_reg[218][6]   inferred      flip-flop                    
u_sram_mem_reg[218][7]   inferred      flip-flop                    
u_sram_mem_reg[218][8]   inferred      flip-flop                    
u_sram_mem_reg[218][9]   inferred      flip-flop                    
u_sram_mem_reg[218][10]  inferred      flip-flop                    
u_sram_mem_reg[218][11]  inferred      flip-flop                    
u_sram_mem_reg[218][12]  inferred      flip-flop                    
u_sram_mem_reg[218][13]  inferred      flip-flop                    
u_sram_mem_reg[218][14]  inferred      flip-flop                    
u_sram_mem_reg[218][15]  inferred      flip-flop                    
u_sram_mem_reg[218][16]  inferred      flip-flop                    
u_sram_mem_reg[218][17]  inferred      flip-flop                    
u_sram_mem_reg[218][18]  inferred      flip-flop                    
u_sram_mem_reg[218][19]  inferred      flip-flop                    
u_sram_mem_reg[218][20]  inferred      flip-flop                    
u_sram_mem_reg[218][21]  inferred      flip-flop                    
u_sram_mem_reg[218][22]  inferred      flip-flop                    
u_sram_mem_reg[218][23]  inferred      flip-flop                    
u_sram_mem_reg[218][24]  inferred      flip-flop                    
u_sram_mem_reg[218][25]  inferred      flip-flop                    
u_sram_mem_reg[218][26]  inferred      flip-flop                    
u_sram_mem_reg[218][27]  inferred      flip-flop                    
u_sram_mem_reg[218][28]  inferred      flip-flop                    
u_sram_mem_reg[218][29]  inferred      flip-flop                    
u_sram_mem_reg[218][30]  inferred      flip-flop                    
u_sram_mem_reg[218][31]  inferred      flip-flop                    
u_sram_mem_reg[219][0]   inferred      flip-flop                    
u_sram_mem_reg[219][1]   inferred      flip-flop                    
u_sram_mem_reg[219][2]   inferred      flip-flop                    
u_sram_mem_reg[219][3]   inferred      flip-flop                    
u_sram_mem_reg[219][4]   inferred      flip-flop                    
u_sram_mem_reg[219][5]   inferred      flip-flop                    
u_sram_mem_reg[219][6]   inferred      flip-flop                    
u_sram_mem_reg[219][7]   inferred      flip-flop                    
u_sram_mem_reg[219][8]   inferred      flip-flop                    
u_sram_mem_reg[219][9]   inferred      flip-flop                    
u_sram_mem_reg[219][10]  inferred      flip-flop                    
u_sram_mem_reg[219][11]  inferred      flip-flop                    
u_sram_mem_reg[219][12]  inferred      flip-flop                    
u_sram_mem_reg[219][13]  inferred      flip-flop                    
u_sram_mem_reg[219][14]  inferred      flip-flop                    
u_sram_mem_reg[219][15]  inferred      flip-flop                    
u_sram_mem_reg[219][16]  inferred      flip-flop                    
u_sram_mem_reg[219][17]  inferred      flip-flop                    
u_sram_mem_reg[219][18]  inferred      flip-flop                    
u_sram_mem_reg[219][19]  inferred      flip-flop                    
u_sram_mem_reg[219][20]  inferred      flip-flop                    
u_sram_mem_reg[219][21]  inferred      flip-flop                    
u_sram_mem_reg[219][22]  inferred      flip-flop                    
u_sram_mem_reg[219][23]  inferred      flip-flop                    
u_sram_mem_reg[219][24]  inferred      flip-flop                    
u_sram_mem_reg[219][25]  inferred      flip-flop                    
u_sram_mem_reg[219][26]  inferred      flip-flop                    
u_sram_mem_reg[219][27]  inferred      flip-flop                    
u_sram_mem_reg[219][28]  inferred      flip-flop                    
u_sram_mem_reg[219][29]  inferred      flip-flop                    
u_sram_mem_reg[219][30]  inferred      flip-flop                    
u_sram_mem_reg[219][31]  inferred      flip-flop                    
u_sram_mem_reg[220][0]   inferred      flip-flop                    
u_sram_mem_reg[220][1]   inferred      flip-flop                    
u_sram_mem_reg[220][2]   inferred      flip-flop                    
u_sram_mem_reg[220][3]   inferred      flip-flop                    
u_sram_mem_reg[220][4]   inferred      flip-flop                    
u_sram_mem_reg[220][5]   inferred      flip-flop                    
u_sram_mem_reg[220][6]   inferred      flip-flop                    
u_sram_mem_reg[220][7]   inferred      flip-flop                    
u_sram_mem_reg[220][8]   inferred      flip-flop                    
u_sram_mem_reg[220][9]   inferred      flip-flop                    
u_sram_mem_reg[220][10]  inferred      flip-flop                    
u_sram_mem_reg[220][11]  inferred      flip-flop                    
u_sram_mem_reg[220][12]  inferred      flip-flop                    
u_sram_mem_reg[220][13]  inferred      flip-flop                    
u_sram_mem_reg[220][14]  inferred      flip-flop                    
u_sram_mem_reg[220][15]  inferred      flip-flop                    
u_sram_mem_reg[220][16]  inferred      flip-flop                    
u_sram_mem_reg[220][17]  inferred      flip-flop                    
u_sram_mem_reg[220][18]  inferred      flip-flop                    
u_sram_mem_reg[220][19]  inferred      flip-flop                    
u_sram_mem_reg[220][20]  inferred      flip-flop                    
u_sram_mem_reg[220][21]  inferred      flip-flop                    
u_sram_mem_reg[220][22]  inferred      flip-flop                    
u_sram_mem_reg[220][23]  inferred      flip-flop                    
u_sram_mem_reg[220][24]  inferred      flip-flop                    
u_sram_mem_reg[220][25]  inferred      flip-flop                    
u_sram_mem_reg[220][26]  inferred      flip-flop                    
u_sram_mem_reg[220][27]  inferred      flip-flop                    
u_sram_mem_reg[220][28]  inferred      flip-flop                    
u_sram_mem_reg[220][29]  inferred      flip-flop                    
u_sram_mem_reg[220][30]  inferred      flip-flop                    
u_sram_mem_reg[220][31]  inferred      flip-flop                    
u_sram_mem_reg[221][0]   inferred      flip-flop                    
u_sram_mem_reg[221][1]   inferred      flip-flop                    
u_sram_mem_reg[221][2]   inferred      flip-flop                    
u_sram_mem_reg[221][3]   inferred      flip-flop                    
u_sram_mem_reg[221][4]   inferred      flip-flop                    
u_sram_mem_reg[221][5]   inferred      flip-flop                    
u_sram_mem_reg[221][6]   inferred      flip-flop                    
u_sram_mem_reg[221][7]   inferred      flip-flop                    
u_sram_mem_reg[221][8]   inferred      flip-flop                    
u_sram_mem_reg[221][9]   inferred      flip-flop                    
u_sram_mem_reg[221][10]  inferred      flip-flop                    
u_sram_mem_reg[221][11]  inferred      flip-flop                    
u_sram_mem_reg[221][12]  inferred      flip-flop                    
u_sram_mem_reg[221][13]  inferred      flip-flop                    
u_sram_mem_reg[221][14]  inferred      flip-flop                    
u_sram_mem_reg[221][15]  inferred      flip-flop                    
u_sram_mem_reg[221][16]  inferred      flip-flop                    
u_sram_mem_reg[221][17]  inferred      flip-flop                    
u_sram_mem_reg[221][18]  inferred      flip-flop                    
u_sram_mem_reg[221][19]  inferred      flip-flop                    
u_sram_mem_reg[221][20]  inferred      flip-flop                    
u_sram_mem_reg[221][21]  inferred      flip-flop                    
u_sram_mem_reg[221][22]  inferred      flip-flop                    
u_sram_mem_reg[221][23]  inferred      flip-flop                    
u_sram_mem_reg[221][24]  inferred      flip-flop                    
u_sram_mem_reg[221][25]  inferred      flip-flop                    
u_sram_mem_reg[221][26]  inferred      flip-flop                    
u_sram_mem_reg[221][27]  inferred      flip-flop                    
u_sram_mem_reg[221][28]  inferred      flip-flop                    
u_sram_mem_reg[221][29]  inferred      flip-flop                    
u_sram_mem_reg[221][30]  inferred      flip-flop                    
u_sram_mem_reg[221][31]  inferred      flip-flop                    
u_sram_mem_reg[222][0]   inferred      flip-flop                    
u_sram_mem_reg[222][1]   inferred      flip-flop                    
u_sram_mem_reg[222][2]   inferred      flip-flop                    
u_sram_mem_reg[222][3]   inferred      flip-flop                    
u_sram_mem_reg[222][4]   inferred      flip-flop                    
u_sram_mem_reg[222][5]   inferred      flip-flop                    
u_sram_mem_reg[222][6]   inferred      flip-flop                    
u_sram_mem_reg[222][7]   inferred      flip-flop                    
u_sram_mem_reg[222][8]   inferred      flip-flop                    
u_sram_mem_reg[222][9]   inferred      flip-flop                    
u_sram_mem_reg[222][10]  inferred      flip-flop                    
u_sram_mem_reg[222][11]  inferred      flip-flop                    
u_sram_mem_reg[222][12]  inferred      flip-flop                    
u_sram_mem_reg[222][13]  inferred      flip-flop                    
u_sram_mem_reg[222][14]  inferred      flip-flop                    
u_sram_mem_reg[222][15]  inferred      flip-flop                    
u_sram_mem_reg[222][16]  inferred      flip-flop                    
u_sram_mem_reg[222][17]  inferred      flip-flop                    
u_sram_mem_reg[222][18]  inferred      flip-flop                    
u_sram_mem_reg[222][19]  inferred      flip-flop                    
u_sram_mem_reg[222][20]  inferred      flip-flop                    
u_sram_mem_reg[222][21]  inferred      flip-flop                    
u_sram_mem_reg[222][22]  inferred      flip-flop                    
u_sram_mem_reg[222][23]  inferred      flip-flop                    
u_sram_mem_reg[222][24]  inferred      flip-flop                    
u_sram_mem_reg[222][25]  inferred      flip-flop                    
u_sram_mem_reg[222][26]  inferred      flip-flop                    
u_sram_mem_reg[222][27]  inferred      flip-flop                    
u_sram_mem_reg[222][28]  inferred      flip-flop                    
u_sram_mem_reg[222][29]  inferred      flip-flop                    
u_sram_mem_reg[222][30]  inferred      flip-flop                    
u_sram_mem_reg[222][31]  inferred      flip-flop                    
u_sram_mem_reg[223][0]   inferred      flip-flop                    
u_sram_mem_reg[223][1]   inferred      flip-flop                    
u_sram_mem_reg[223][2]   inferred      flip-flop                    
u_sram_mem_reg[223][3]   inferred      flip-flop                    
u_sram_mem_reg[223][4]   inferred      flip-flop                    
u_sram_mem_reg[223][5]   inferred      flip-flop                    
u_sram_mem_reg[223][6]   inferred      flip-flop                    
u_sram_mem_reg[223][7]   inferred      flip-flop                    
u_sram_mem_reg[223][8]   inferred      flip-flop                    
u_sram_mem_reg[223][9]   inferred      flip-flop                    
u_sram_mem_reg[223][10]  inferred      flip-flop                    
u_sram_mem_reg[223][11]  inferred      flip-flop                    
u_sram_mem_reg[223][12]  inferred      flip-flop                    
u_sram_mem_reg[223][13]  inferred      flip-flop                    
u_sram_mem_reg[223][14]  inferred      flip-flop                    
u_sram_mem_reg[223][15]  inferred      flip-flop                    
u_sram_mem_reg[223][16]  inferred      flip-flop                    
u_sram_mem_reg[223][17]  inferred      flip-flop                    
u_sram_mem_reg[223][18]  inferred      flip-flop                    
u_sram_mem_reg[223][19]  inferred      flip-flop                    
u_sram_mem_reg[223][20]  inferred      flip-flop                    
u_sram_mem_reg[223][21]  inferred      flip-flop                    
u_sram_mem_reg[223][22]  inferred      flip-flop                    
u_sram_mem_reg[223][23]  inferred      flip-flop                    
u_sram_mem_reg[223][24]  inferred      flip-flop                    
u_sram_mem_reg[223][25]  inferred      flip-flop                    
u_sram_mem_reg[223][26]  inferred      flip-flop                    
u_sram_mem_reg[223][27]  inferred      flip-flop                    
u_sram_mem_reg[223][28]  inferred      flip-flop                    
u_sram_mem_reg[223][29]  inferred      flip-flop                    
u_sram_mem_reg[223][30]  inferred      flip-flop                    
u_sram_mem_reg[223][31]  inferred      flip-flop                    
u_sram_mem_reg[224][0]   inferred      flip-flop                    
u_sram_mem_reg[224][1]   inferred      flip-flop                    
u_sram_mem_reg[224][2]   inferred      flip-flop                    
u_sram_mem_reg[224][3]   inferred      flip-flop                    
u_sram_mem_reg[224][4]   inferred      flip-flop                    
u_sram_mem_reg[224][5]   inferred      flip-flop                    
u_sram_mem_reg[224][6]   inferred      flip-flop                    
u_sram_mem_reg[224][7]   inferred      flip-flop                    
u_sram_mem_reg[224][8]   inferred      flip-flop                    
u_sram_mem_reg[224][9]   inferred      flip-flop                    
u_sram_mem_reg[224][10]  inferred      flip-flop                    
u_sram_mem_reg[224][11]  inferred      flip-flop                    
u_sram_mem_reg[224][12]  inferred      flip-flop                    
u_sram_mem_reg[224][13]  inferred      flip-flop                    
u_sram_mem_reg[224][14]  inferred      flip-flop                    
u_sram_mem_reg[224][15]  inferred      flip-flop                    
u_sram_mem_reg[224][16]  inferred      flip-flop                    
u_sram_mem_reg[224][17]  inferred      flip-flop                    
u_sram_mem_reg[224][18]  inferred      flip-flop                    
u_sram_mem_reg[224][19]  inferred      flip-flop                    
u_sram_mem_reg[224][20]  inferred      flip-flop                    
u_sram_mem_reg[224][21]  inferred      flip-flop                    
u_sram_mem_reg[224][22]  inferred      flip-flop                    
u_sram_mem_reg[224][23]  inferred      flip-flop                    
u_sram_mem_reg[224][24]  inferred      flip-flop                    
u_sram_mem_reg[224][25]  inferred      flip-flop                    
u_sram_mem_reg[224][26]  inferred      flip-flop                    
u_sram_mem_reg[224][27]  inferred      flip-flop                    
u_sram_mem_reg[224][28]  inferred      flip-flop                    
u_sram_mem_reg[224][29]  inferred      flip-flop                    
u_sram_mem_reg[224][30]  inferred      flip-flop                    
u_sram_mem_reg[224][31]  inferred      flip-flop                    
u_sram_mem_reg[225][0]   inferred      flip-flop                    
u_sram_mem_reg[225][1]   inferred      flip-flop                    
u_sram_mem_reg[225][2]   inferred      flip-flop                    
u_sram_mem_reg[225][3]   inferred      flip-flop                    
u_sram_mem_reg[225][4]   inferred      flip-flop                    
u_sram_mem_reg[225][5]   inferred      flip-flop                    
u_sram_mem_reg[225][6]   inferred      flip-flop                    
u_sram_mem_reg[225][7]   inferred      flip-flop                    
u_sram_mem_reg[225][8]   inferred      flip-flop                    
u_sram_mem_reg[225][9]   inferred      flip-flop                    
u_sram_mem_reg[225][10]  inferred      flip-flop                    
u_sram_mem_reg[225][11]  inferred      flip-flop                    
u_sram_mem_reg[225][12]  inferred      flip-flop                    
u_sram_mem_reg[225][13]  inferred      flip-flop                    
u_sram_mem_reg[225][14]  inferred      flip-flop                    
u_sram_mem_reg[225][15]  inferred      flip-flop                    
u_sram_mem_reg[225][16]  inferred      flip-flop                    
u_sram_mem_reg[225][17]  inferred      flip-flop                    
u_sram_mem_reg[225][18]  inferred      flip-flop                    
u_sram_mem_reg[225][19]  inferred      flip-flop                    
u_sram_mem_reg[225][20]  inferred      flip-flop                    
u_sram_mem_reg[225][21]  inferred      flip-flop                    
u_sram_mem_reg[225][22]  inferred      flip-flop                    
u_sram_mem_reg[225][23]  inferred      flip-flop                    
u_sram_mem_reg[225][24]  inferred      flip-flop                    
u_sram_mem_reg[225][25]  inferred      flip-flop                    
u_sram_mem_reg[225][26]  inferred      flip-flop                    
u_sram_mem_reg[225][27]  inferred      flip-flop                    
u_sram_mem_reg[225][28]  inferred      flip-flop                    
u_sram_mem_reg[225][29]  inferred      flip-flop                    
u_sram_mem_reg[225][30]  inferred      flip-flop                    
u_sram_mem_reg[225][31]  inferred      flip-flop                    
u_sram_mem_reg[226][0]   inferred      flip-flop                    
u_sram_mem_reg[226][1]   inferred      flip-flop                    
u_sram_mem_reg[226][2]   inferred      flip-flop                    
u_sram_mem_reg[226][3]   inferred      flip-flop                    
u_sram_mem_reg[226][4]   inferred      flip-flop                    
u_sram_mem_reg[226][5]   inferred      flip-flop                    
u_sram_mem_reg[226][6]   inferred      flip-flop                    
u_sram_mem_reg[226][7]   inferred      flip-flop                    
u_sram_mem_reg[226][8]   inferred      flip-flop                    
u_sram_mem_reg[226][9]   inferred      flip-flop                    
u_sram_mem_reg[226][10]  inferred      flip-flop                    
u_sram_mem_reg[226][11]  inferred      flip-flop                    
u_sram_mem_reg[226][12]  inferred      flip-flop                    
u_sram_mem_reg[226][13]  inferred      flip-flop                    
u_sram_mem_reg[226][14]  inferred      flip-flop                    
u_sram_mem_reg[226][15]  inferred      flip-flop                    
u_sram_mem_reg[226][16]  inferred      flip-flop                    
u_sram_mem_reg[226][17]  inferred      flip-flop                    
u_sram_mem_reg[226][18]  inferred      flip-flop                    
u_sram_mem_reg[226][19]  inferred      flip-flop                    
u_sram_mem_reg[226][20]  inferred      flip-flop                    
u_sram_mem_reg[226][21]  inferred      flip-flop                    
u_sram_mem_reg[226][22]  inferred      flip-flop                    
u_sram_mem_reg[226][23]  inferred      flip-flop                    
u_sram_mem_reg[226][24]  inferred      flip-flop                    
u_sram_mem_reg[226][25]  inferred      flip-flop                    
u_sram_mem_reg[226][26]  inferred      flip-flop                    
u_sram_mem_reg[226][27]  inferred      flip-flop                    
u_sram_mem_reg[226][28]  inferred      flip-flop                    
u_sram_mem_reg[226][29]  inferred      flip-flop                    
u_sram_mem_reg[226][30]  inferred      flip-flop                    
u_sram_mem_reg[226][31]  inferred      flip-flop                    
u_sram_mem_reg[227][0]   inferred      flip-flop                    
u_sram_mem_reg[227][1]   inferred      flip-flop                    
u_sram_mem_reg[227][2]   inferred      flip-flop                    
u_sram_mem_reg[227][3]   inferred      flip-flop                    
u_sram_mem_reg[227][4]   inferred      flip-flop                    
u_sram_mem_reg[227][5]   inferred      flip-flop                    
u_sram_mem_reg[227][6]   inferred      flip-flop                    
u_sram_mem_reg[227][7]   inferred      flip-flop                    
u_sram_mem_reg[227][8]   inferred      flip-flop                    
u_sram_mem_reg[227][9]   inferred      flip-flop                    
u_sram_mem_reg[227][10]  inferred      flip-flop                    
u_sram_mem_reg[227][11]  inferred      flip-flop                    
u_sram_mem_reg[227][12]  inferred      flip-flop                    
u_sram_mem_reg[227][13]  inferred      flip-flop                    
u_sram_mem_reg[227][14]  inferred      flip-flop                    
u_sram_mem_reg[227][15]  inferred      flip-flop                    
u_sram_mem_reg[227][16]  inferred      flip-flop                    
u_sram_mem_reg[227][17]  inferred      flip-flop                    
u_sram_mem_reg[227][18]  inferred      flip-flop                    
u_sram_mem_reg[227][19]  inferred      flip-flop                    
u_sram_mem_reg[227][20]  inferred      flip-flop                    
u_sram_mem_reg[227][21]  inferred      flip-flop                    
u_sram_mem_reg[227][22]  inferred      flip-flop                    
u_sram_mem_reg[227][23]  inferred      flip-flop                    
u_sram_mem_reg[227][24]  inferred      flip-flop                    
u_sram_mem_reg[227][25]  inferred      flip-flop                    
u_sram_mem_reg[227][26]  inferred      flip-flop                    
u_sram_mem_reg[227][27]  inferred      flip-flop                    
u_sram_mem_reg[227][28]  inferred      flip-flop                    
u_sram_mem_reg[227][29]  inferred      flip-flop                    
u_sram_mem_reg[227][30]  inferred      flip-flop                    
u_sram_mem_reg[227][31]  inferred      flip-flop                    
u_sram_mem_reg[228][0]   inferred      flip-flop                    
u_sram_mem_reg[228][1]   inferred      flip-flop                    
u_sram_mem_reg[228][2]   inferred      flip-flop                    
u_sram_mem_reg[228][3]   inferred      flip-flop                    
u_sram_mem_reg[228][4]   inferred      flip-flop                    
u_sram_mem_reg[228][5]   inferred      flip-flop                    
u_sram_mem_reg[228][6]   inferred      flip-flop                    
u_sram_mem_reg[228][7]   inferred      flip-flop                    
u_sram_mem_reg[228][8]   inferred      flip-flop                    
u_sram_mem_reg[228][9]   inferred      flip-flop                    
u_sram_mem_reg[228][10]  inferred      flip-flop                    
u_sram_mem_reg[228][11]  inferred      flip-flop                    
u_sram_mem_reg[228][12]  inferred      flip-flop                    
u_sram_mem_reg[228][13]  inferred      flip-flop                    
u_sram_mem_reg[228][14]  inferred      flip-flop                    
u_sram_mem_reg[228][15]  inferred      flip-flop                    
u_sram_mem_reg[228][16]  inferred      flip-flop                    
u_sram_mem_reg[228][17]  inferred      flip-flop                    
u_sram_mem_reg[228][18]  inferred      flip-flop                    
u_sram_mem_reg[228][19]  inferred      flip-flop                    
u_sram_mem_reg[228][20]  inferred      flip-flop                    
u_sram_mem_reg[228][21]  inferred      flip-flop                    
u_sram_mem_reg[228][22]  inferred      flip-flop                    
u_sram_mem_reg[228][23]  inferred      flip-flop                    
u_sram_mem_reg[228][24]  inferred      flip-flop                    
u_sram_mem_reg[228][25]  inferred      flip-flop                    
u_sram_mem_reg[228][26]  inferred      flip-flop                    
u_sram_mem_reg[228][27]  inferred      flip-flop                    
u_sram_mem_reg[228][28]  inferred      flip-flop                    
u_sram_mem_reg[228][29]  inferred      flip-flop                    
u_sram_mem_reg[228][30]  inferred      flip-flop                    
u_sram_mem_reg[228][31]  inferred      flip-flop                    
u_sram_mem_reg[229][0]   inferred      flip-flop                    
u_sram_mem_reg[229][1]   inferred      flip-flop                    
u_sram_mem_reg[229][2]   inferred      flip-flop                    
u_sram_mem_reg[229][3]   inferred      flip-flop                    
u_sram_mem_reg[229][4]   inferred      flip-flop                    
u_sram_mem_reg[229][5]   inferred      flip-flop                    
u_sram_mem_reg[229][6]   inferred      flip-flop                    
u_sram_mem_reg[229][7]   inferred      flip-flop                    
u_sram_mem_reg[229][8]   inferred      flip-flop                    
u_sram_mem_reg[229][9]   inferred      flip-flop                    
u_sram_mem_reg[229][10]  inferred      flip-flop                    
u_sram_mem_reg[229][11]  inferred      flip-flop                    
u_sram_mem_reg[229][12]  inferred      flip-flop                    
u_sram_mem_reg[229][13]  inferred      flip-flop                    
u_sram_mem_reg[229][14]  inferred      flip-flop                    
u_sram_mem_reg[229][15]  inferred      flip-flop                    
u_sram_mem_reg[229][16]  inferred      flip-flop                    
u_sram_mem_reg[229][17]  inferred      flip-flop                    
u_sram_mem_reg[229][18]  inferred      flip-flop                    
u_sram_mem_reg[229][19]  inferred      flip-flop                    
u_sram_mem_reg[229][20]  inferred      flip-flop                    
u_sram_mem_reg[229][21]  inferred      flip-flop                    
u_sram_mem_reg[229][22]  inferred      flip-flop                    
u_sram_mem_reg[229][23]  inferred      flip-flop                    
u_sram_mem_reg[229][24]  inferred      flip-flop                    
u_sram_mem_reg[229][25]  inferred      flip-flop                    
u_sram_mem_reg[229][26]  inferred      flip-flop                    
u_sram_mem_reg[229][27]  inferred      flip-flop                    
u_sram_mem_reg[229][28]  inferred      flip-flop                    
u_sram_mem_reg[229][29]  inferred      flip-flop                    
u_sram_mem_reg[229][30]  inferred      flip-flop                    
u_sram_mem_reg[229][31]  inferred      flip-flop                    
u_sram_mem_reg[230][0]   inferred      flip-flop                    
u_sram_mem_reg[230][1]   inferred      flip-flop                    
u_sram_mem_reg[230][2]   inferred      flip-flop                    
u_sram_mem_reg[230][3]   inferred      flip-flop                    
u_sram_mem_reg[230][4]   inferred      flip-flop                    
u_sram_mem_reg[230][5]   inferred      flip-flop                    
u_sram_mem_reg[230][6]   inferred      flip-flop                    
u_sram_mem_reg[230][7]   inferred      flip-flop                    
u_sram_mem_reg[230][8]   inferred      flip-flop                    
u_sram_mem_reg[230][9]   inferred      flip-flop                    
u_sram_mem_reg[230][10]  inferred      flip-flop                    
u_sram_mem_reg[230][11]  inferred      flip-flop                    
u_sram_mem_reg[230][12]  inferred      flip-flop                    
u_sram_mem_reg[230][13]  inferred      flip-flop                    
u_sram_mem_reg[230][14]  inferred      flip-flop                    
u_sram_mem_reg[230][15]  inferred      flip-flop                    
u_sram_mem_reg[230][16]  inferred      flip-flop                    
u_sram_mem_reg[230][17]  inferred      flip-flop                    
u_sram_mem_reg[230][18]  inferred      flip-flop                    
u_sram_mem_reg[230][19]  inferred      flip-flop                    
u_sram_mem_reg[230][20]  inferred      flip-flop                    
u_sram_mem_reg[230][21]  inferred      flip-flop                    
u_sram_mem_reg[230][22]  inferred      flip-flop                    
u_sram_mem_reg[230][23]  inferred      flip-flop                    
u_sram_mem_reg[230][24]  inferred      flip-flop                    
u_sram_mem_reg[230][25]  inferred      flip-flop                    
u_sram_mem_reg[230][26]  inferred      flip-flop                    
u_sram_mem_reg[230][27]  inferred      flip-flop                    
u_sram_mem_reg[230][28]  inferred      flip-flop                    
u_sram_mem_reg[230][29]  inferred      flip-flop                    
u_sram_mem_reg[230][30]  inferred      flip-flop                    
u_sram_mem_reg[230][31]  inferred      flip-flop                    
u_sram_mem_reg[231][0]   inferred      flip-flop                    
u_sram_mem_reg[231][1]   inferred      flip-flop                    
u_sram_mem_reg[231][2]   inferred      flip-flop                    
u_sram_mem_reg[231][3]   inferred      flip-flop                    
u_sram_mem_reg[231][4]   inferred      flip-flop                    
u_sram_mem_reg[231][5]   inferred      flip-flop                    
u_sram_mem_reg[231][6]   inferred      flip-flop                    
u_sram_mem_reg[231][7]   inferred      flip-flop                    
u_sram_mem_reg[231][8]   inferred      flip-flop                    
u_sram_mem_reg[231][9]   inferred      flip-flop                    
u_sram_mem_reg[231][10]  inferred      flip-flop                    
u_sram_mem_reg[231][11]  inferred      flip-flop                    
u_sram_mem_reg[231][12]  inferred      flip-flop                    
u_sram_mem_reg[231][13]  inferred      flip-flop                    
u_sram_mem_reg[231][14]  inferred      flip-flop                    
u_sram_mem_reg[231][15]  inferred      flip-flop                    
u_sram_mem_reg[231][16]  inferred      flip-flop                    
u_sram_mem_reg[231][17]  inferred      flip-flop                    
u_sram_mem_reg[231][18]  inferred      flip-flop                    
u_sram_mem_reg[231][19]  inferred      flip-flop                    
u_sram_mem_reg[231][20]  inferred      flip-flop                    
u_sram_mem_reg[231][21]  inferred      flip-flop                    
u_sram_mem_reg[231][22]  inferred      flip-flop                    
u_sram_mem_reg[231][23]  inferred      flip-flop                    
u_sram_mem_reg[231][24]  inferred      flip-flop                    
u_sram_mem_reg[231][25]  inferred      flip-flop                    
u_sram_mem_reg[231][26]  inferred      flip-flop                    
u_sram_mem_reg[231][27]  inferred      flip-flop                    
u_sram_mem_reg[231][28]  inferred      flip-flop                    
u_sram_mem_reg[231][29]  inferred      flip-flop                    
u_sram_mem_reg[231][30]  inferred      flip-flop                    
u_sram_mem_reg[231][31]  inferred      flip-flop                    
u_sram_mem_reg[232][0]   inferred      flip-flop                    
u_sram_mem_reg[232][1]   inferred      flip-flop                    
u_sram_mem_reg[232][2]   inferred      flip-flop                    
u_sram_mem_reg[232][3]   inferred      flip-flop                    
u_sram_mem_reg[232][4]   inferred      flip-flop                    
u_sram_mem_reg[232][5]   inferred      flip-flop                    
u_sram_mem_reg[232][6]   inferred      flip-flop                    
u_sram_mem_reg[232][7]   inferred      flip-flop                    
u_sram_mem_reg[232][8]   inferred      flip-flop                    
u_sram_mem_reg[232][9]   inferred      flip-flop                    
u_sram_mem_reg[232][10]  inferred      flip-flop                    
u_sram_mem_reg[232][11]  inferred      flip-flop                    
u_sram_mem_reg[232][12]  inferred      flip-flop                    
u_sram_mem_reg[232][13]  inferred      flip-flop                    
u_sram_mem_reg[232][14]  inferred      flip-flop                    
u_sram_mem_reg[232][15]  inferred      flip-flop                    
u_sram_mem_reg[232][16]  inferred      flip-flop                    
u_sram_mem_reg[232][17]  inferred      flip-flop                    
u_sram_mem_reg[232][18]  inferred      flip-flop                    
u_sram_mem_reg[232][19]  inferred      flip-flop                    
u_sram_mem_reg[232][20]  inferred      flip-flop                    
u_sram_mem_reg[232][21]  inferred      flip-flop                    
u_sram_mem_reg[232][22]  inferred      flip-flop                    
u_sram_mem_reg[232][23]  inferred      flip-flop                    
u_sram_mem_reg[232][24]  inferred      flip-flop                    
u_sram_mem_reg[232][25]  inferred      flip-flop                    
u_sram_mem_reg[232][26]  inferred      flip-flop                    
u_sram_mem_reg[232][27]  inferred      flip-flop                    
u_sram_mem_reg[232][28]  inferred      flip-flop                    
u_sram_mem_reg[232][29]  inferred      flip-flop                    
u_sram_mem_reg[232][30]  inferred      flip-flop                    
u_sram_mem_reg[232][31]  inferred      flip-flop                    
u_sram_mem_reg[233][0]   inferred      flip-flop                    
u_sram_mem_reg[233][1]   inferred      flip-flop                    
u_sram_mem_reg[233][2]   inferred      flip-flop                    
u_sram_mem_reg[233][3]   inferred      flip-flop                    
u_sram_mem_reg[233][4]   inferred      flip-flop                    
u_sram_mem_reg[233][5]   inferred      flip-flop                    
u_sram_mem_reg[233][6]   inferred      flip-flop                    
u_sram_mem_reg[233][7]   inferred      flip-flop                    
u_sram_mem_reg[233][8]   inferred      flip-flop                    
u_sram_mem_reg[233][9]   inferred      flip-flop                    
u_sram_mem_reg[233][10]  inferred      flip-flop                    
u_sram_mem_reg[233][11]  inferred      flip-flop                    
u_sram_mem_reg[233][12]  inferred      flip-flop                    
u_sram_mem_reg[233][13]  inferred      flip-flop                    
u_sram_mem_reg[233][14]  inferred      flip-flop                    
u_sram_mem_reg[233][15]  inferred      flip-flop                    
u_sram_mem_reg[233][16]  inferred      flip-flop                    
u_sram_mem_reg[233][17]  inferred      flip-flop                    
u_sram_mem_reg[233][18]  inferred      flip-flop                    
u_sram_mem_reg[233][19]  inferred      flip-flop                    
u_sram_mem_reg[233][20]  inferred      flip-flop                    
u_sram_mem_reg[233][21]  inferred      flip-flop                    
u_sram_mem_reg[233][22]  inferred      flip-flop                    
u_sram_mem_reg[233][23]  inferred      flip-flop                    
u_sram_mem_reg[233][24]  inferred      flip-flop                    
u_sram_mem_reg[233][25]  inferred      flip-flop                    
u_sram_mem_reg[233][26]  inferred      flip-flop                    
u_sram_mem_reg[233][27]  inferred      flip-flop                    
u_sram_mem_reg[233][28]  inferred      flip-flop                    
u_sram_mem_reg[233][29]  inferred      flip-flop                    
u_sram_mem_reg[233][30]  inferred      flip-flop                    
u_sram_mem_reg[233][31]  inferred      flip-flop                    
u_sram_mem_reg[234][0]   inferred      flip-flop                    
u_sram_mem_reg[234][1]   inferred      flip-flop                    
u_sram_mem_reg[234][2]   inferred      flip-flop                    
u_sram_mem_reg[234][3]   inferred      flip-flop                    
u_sram_mem_reg[234][4]   inferred      flip-flop                    
u_sram_mem_reg[234][5]   inferred      flip-flop                    
u_sram_mem_reg[234][6]   inferred      flip-flop                    
u_sram_mem_reg[234][7]   inferred      flip-flop                    
u_sram_mem_reg[234][8]   inferred      flip-flop                    
u_sram_mem_reg[234][9]   inferred      flip-flop                    
u_sram_mem_reg[234][10]  inferred      flip-flop                    
u_sram_mem_reg[234][11]  inferred      flip-flop                    
u_sram_mem_reg[234][12]  inferred      flip-flop                    
u_sram_mem_reg[234][13]  inferred      flip-flop                    
u_sram_mem_reg[234][14]  inferred      flip-flop                    
u_sram_mem_reg[234][15]  inferred      flip-flop                    
u_sram_mem_reg[234][16]  inferred      flip-flop                    
u_sram_mem_reg[234][17]  inferred      flip-flop                    
u_sram_mem_reg[234][18]  inferred      flip-flop                    
u_sram_mem_reg[234][19]  inferred      flip-flop                    
u_sram_mem_reg[234][20]  inferred      flip-flop                    
u_sram_mem_reg[234][21]  inferred      flip-flop                    
u_sram_mem_reg[234][22]  inferred      flip-flop                    
u_sram_mem_reg[234][23]  inferred      flip-flop                    
u_sram_mem_reg[234][24]  inferred      flip-flop                    
u_sram_mem_reg[234][25]  inferred      flip-flop                    
u_sram_mem_reg[234][26]  inferred      flip-flop                    
u_sram_mem_reg[234][27]  inferred      flip-flop                    
u_sram_mem_reg[234][28]  inferred      flip-flop                    
u_sram_mem_reg[234][29]  inferred      flip-flop                    
u_sram_mem_reg[234][30]  inferred      flip-flop                    
u_sram_mem_reg[234][31]  inferred      flip-flop                    
u_sram_mem_reg[235][0]   inferred      flip-flop                    
u_sram_mem_reg[235][1]   inferred      flip-flop                    
u_sram_mem_reg[235][2]   inferred      flip-flop                    
u_sram_mem_reg[235][3]   inferred      flip-flop                    
u_sram_mem_reg[235][4]   inferred      flip-flop                    
u_sram_mem_reg[235][5]   inferred      flip-flop                    
u_sram_mem_reg[235][6]   inferred      flip-flop                    
u_sram_mem_reg[235][7]   inferred      flip-flop                    
u_sram_mem_reg[235][8]   inferred      flip-flop                    
u_sram_mem_reg[235][9]   inferred      flip-flop                    
u_sram_mem_reg[235][10]  inferred      flip-flop                    
u_sram_mem_reg[235][11]  inferred      flip-flop                    
u_sram_mem_reg[235][12]  inferred      flip-flop                    
u_sram_mem_reg[235][13]  inferred      flip-flop                    
u_sram_mem_reg[235][14]  inferred      flip-flop                    
u_sram_mem_reg[235][15]  inferred      flip-flop                    
u_sram_mem_reg[235][16]  inferred      flip-flop                    
u_sram_mem_reg[235][17]  inferred      flip-flop                    
u_sram_mem_reg[235][18]  inferred      flip-flop                    
u_sram_mem_reg[235][19]  inferred      flip-flop                    
u_sram_mem_reg[235][20]  inferred      flip-flop                    
u_sram_mem_reg[235][21]  inferred      flip-flop                    
u_sram_mem_reg[235][22]  inferred      flip-flop                    
u_sram_mem_reg[235][23]  inferred      flip-flop                    
u_sram_mem_reg[235][24]  inferred      flip-flop                    
u_sram_mem_reg[235][25]  inferred      flip-flop                    
u_sram_mem_reg[235][26]  inferred      flip-flop                    
u_sram_mem_reg[235][27]  inferred      flip-flop                    
u_sram_mem_reg[235][28]  inferred      flip-flop                    
u_sram_mem_reg[235][29]  inferred      flip-flop                    
u_sram_mem_reg[235][30]  inferred      flip-flop                    
u_sram_mem_reg[235][31]  inferred      flip-flop                    
u_sram_mem_reg[236][0]   inferred      flip-flop                    
u_sram_mem_reg[236][1]   inferred      flip-flop                    
u_sram_mem_reg[236][2]   inferred      flip-flop                    
u_sram_mem_reg[236][3]   inferred      flip-flop                    
u_sram_mem_reg[236][4]   inferred      flip-flop                    
u_sram_mem_reg[236][5]   inferred      flip-flop                    
u_sram_mem_reg[236][6]   inferred      flip-flop                    
u_sram_mem_reg[236][7]   inferred      flip-flop                    
u_sram_mem_reg[236][8]   inferred      flip-flop                    
u_sram_mem_reg[236][9]   inferred      flip-flop                    
u_sram_mem_reg[236][10]  inferred      flip-flop                    
u_sram_mem_reg[236][11]  inferred      flip-flop                    
u_sram_mem_reg[236][12]  inferred      flip-flop                    
u_sram_mem_reg[236][13]  inferred      flip-flop                    
u_sram_mem_reg[236][14]  inferred      flip-flop                    
u_sram_mem_reg[236][15]  inferred      flip-flop                    
u_sram_mem_reg[236][16]  inferred      flip-flop                    
u_sram_mem_reg[236][17]  inferred      flip-flop                    
u_sram_mem_reg[236][18]  inferred      flip-flop                    
u_sram_mem_reg[236][19]  inferred      flip-flop                    
u_sram_mem_reg[236][20]  inferred      flip-flop                    
u_sram_mem_reg[236][21]  inferred      flip-flop                    
u_sram_mem_reg[236][22]  inferred      flip-flop                    
u_sram_mem_reg[236][23]  inferred      flip-flop                    
u_sram_mem_reg[236][24]  inferred      flip-flop                    
u_sram_mem_reg[236][25]  inferred      flip-flop                    
u_sram_mem_reg[236][26]  inferred      flip-flop                    
u_sram_mem_reg[236][27]  inferred      flip-flop                    
u_sram_mem_reg[236][28]  inferred      flip-flop                    
u_sram_mem_reg[236][29]  inferred      flip-flop                    
u_sram_mem_reg[236][30]  inferred      flip-flop                    
u_sram_mem_reg[236][31]  inferred      flip-flop                    
u_sram_mem_reg[237][0]   inferred      flip-flop                    
u_sram_mem_reg[237][1]   inferred      flip-flop                    
u_sram_mem_reg[237][2]   inferred      flip-flop                    
u_sram_mem_reg[237][3]   inferred      flip-flop                    
u_sram_mem_reg[237][4]   inferred      flip-flop                    
u_sram_mem_reg[237][5]   inferred      flip-flop                    
u_sram_mem_reg[237][6]   inferred      flip-flop                    
u_sram_mem_reg[237][7]   inferred      flip-flop                    
u_sram_mem_reg[237][8]   inferred      flip-flop                    
u_sram_mem_reg[237][9]   inferred      flip-flop                    
u_sram_mem_reg[237][10]  inferred      flip-flop                    
u_sram_mem_reg[237][11]  inferred      flip-flop                    
u_sram_mem_reg[237][12]  inferred      flip-flop                    
u_sram_mem_reg[237][13]  inferred      flip-flop                    
u_sram_mem_reg[237][14]  inferred      flip-flop                    
u_sram_mem_reg[237][15]  inferred      flip-flop                    
u_sram_mem_reg[237][16]  inferred      flip-flop                    
u_sram_mem_reg[237][17]  inferred      flip-flop                    
u_sram_mem_reg[237][18]  inferred      flip-flop                    
u_sram_mem_reg[237][19]  inferred      flip-flop                    
u_sram_mem_reg[237][20]  inferred      flip-flop                    
u_sram_mem_reg[237][21]  inferred      flip-flop                    
u_sram_mem_reg[237][22]  inferred      flip-flop                    
u_sram_mem_reg[237][23]  inferred      flip-flop                    
u_sram_mem_reg[237][24]  inferred      flip-flop                    
u_sram_mem_reg[237][25]  inferred      flip-flop                    
u_sram_mem_reg[237][26]  inferred      flip-flop                    
u_sram_mem_reg[237][27]  inferred      flip-flop                    
u_sram_mem_reg[237][28]  inferred      flip-flop                    
u_sram_mem_reg[237][29]  inferred      flip-flop                    
u_sram_mem_reg[237][30]  inferred      flip-flop                    
u_sram_mem_reg[237][31]  inferred      flip-flop                    
u_sram_mem_reg[238][0]   inferred      flip-flop                    
u_sram_mem_reg[238][1]   inferred      flip-flop                    
u_sram_mem_reg[238][2]   inferred      flip-flop                    
u_sram_mem_reg[238][3]   inferred      flip-flop                    
u_sram_mem_reg[238][4]   inferred      flip-flop                    
u_sram_mem_reg[238][5]   inferred      flip-flop                    
u_sram_mem_reg[238][6]   inferred      flip-flop                    
u_sram_mem_reg[238][7]   inferred      flip-flop                    
u_sram_mem_reg[238][8]   inferred      flip-flop                    
u_sram_mem_reg[238][9]   inferred      flip-flop                    
u_sram_mem_reg[238][10]  inferred      flip-flop                    
u_sram_mem_reg[238][11]  inferred      flip-flop                    
u_sram_mem_reg[238][12]  inferred      flip-flop                    
u_sram_mem_reg[238][13]  inferred      flip-flop                    
u_sram_mem_reg[238][14]  inferred      flip-flop                    
u_sram_mem_reg[238][15]  inferred      flip-flop                    
u_sram_mem_reg[238][16]  inferred      flip-flop                    
u_sram_mem_reg[238][17]  inferred      flip-flop                    
u_sram_mem_reg[238][18]  inferred      flip-flop                    
u_sram_mem_reg[238][19]  inferred      flip-flop                    
u_sram_mem_reg[238][20]  inferred      flip-flop                    
u_sram_mem_reg[238][21]  inferred      flip-flop                    
u_sram_mem_reg[238][22]  inferred      flip-flop                    
u_sram_mem_reg[238][23]  inferred      flip-flop                    
u_sram_mem_reg[238][24]  inferred      flip-flop                    
u_sram_mem_reg[238][25]  inferred      flip-flop                    
u_sram_mem_reg[238][26]  inferred      flip-flop                    
u_sram_mem_reg[238][27]  inferred      flip-flop                    
u_sram_mem_reg[238][28]  inferred      flip-flop                    
u_sram_mem_reg[238][29]  inferred      flip-flop                    
u_sram_mem_reg[238][30]  inferred      flip-flop                    
u_sram_mem_reg[238][31]  inferred      flip-flop                    
u_sram_mem_reg[239][0]   inferred      flip-flop                    
u_sram_mem_reg[239][1]   inferred      flip-flop                    
u_sram_mem_reg[239][2]   inferred      flip-flop                    
u_sram_mem_reg[239][3]   inferred      flip-flop                    
u_sram_mem_reg[239][4]   inferred      flip-flop                    
u_sram_mem_reg[239][5]   inferred      flip-flop                    
u_sram_mem_reg[239][6]   inferred      flip-flop                    
u_sram_mem_reg[239][7]   inferred      flip-flop                    
u_sram_mem_reg[239][8]   inferred      flip-flop                    
u_sram_mem_reg[239][9]   inferred      flip-flop                    
u_sram_mem_reg[239][10]  inferred      flip-flop                    
u_sram_mem_reg[239][11]  inferred      flip-flop                    
u_sram_mem_reg[239][12]  inferred      flip-flop                    
u_sram_mem_reg[239][13]  inferred      flip-flop                    
u_sram_mem_reg[239][14]  inferred      flip-flop                    
u_sram_mem_reg[239][15]  inferred      flip-flop                    
u_sram_mem_reg[239][16]  inferred      flip-flop                    
u_sram_mem_reg[239][17]  inferred      flip-flop                    
u_sram_mem_reg[239][18]  inferred      flip-flop                    
u_sram_mem_reg[239][19]  inferred      flip-flop                    
u_sram_mem_reg[239][20]  inferred      flip-flop                    
u_sram_mem_reg[239][21]  inferred      flip-flop                    
u_sram_mem_reg[239][22]  inferred      flip-flop                    
u_sram_mem_reg[239][23]  inferred      flip-flop                    
u_sram_mem_reg[239][24]  inferred      flip-flop                    
u_sram_mem_reg[239][25]  inferred      flip-flop                    
u_sram_mem_reg[239][26]  inferred      flip-flop                    
u_sram_mem_reg[239][27]  inferred      flip-flop                    
u_sram_mem_reg[239][28]  inferred      flip-flop                    
u_sram_mem_reg[239][29]  inferred      flip-flop                    
u_sram_mem_reg[239][30]  inferred      flip-flop                    
u_sram_mem_reg[239][31]  inferred      flip-flop                    
u_sram_mem_reg[240][0]   inferred      flip-flop                    
u_sram_mem_reg[240][1]   inferred      flip-flop                    
u_sram_mem_reg[240][2]   inferred      flip-flop                    
u_sram_mem_reg[240][3]   inferred      flip-flop                    
u_sram_mem_reg[240][4]   inferred      flip-flop                    
u_sram_mem_reg[240][5]   inferred      flip-flop                    
u_sram_mem_reg[240][6]   inferred      flip-flop                    
u_sram_mem_reg[240][7]   inferred      flip-flop                    
u_sram_mem_reg[240][8]   inferred      flip-flop                    
u_sram_mem_reg[240][9]   inferred      flip-flop                    
u_sram_mem_reg[240][10]  inferred      flip-flop                    
u_sram_mem_reg[240][11]  inferred      flip-flop                    
u_sram_mem_reg[240][12]  inferred      flip-flop                    
u_sram_mem_reg[240][13]  inferred      flip-flop                    
u_sram_mem_reg[240][14]  inferred      flip-flop                    
u_sram_mem_reg[240][15]  inferred      flip-flop                    
u_sram_mem_reg[240][16]  inferred      flip-flop                    
u_sram_mem_reg[240][17]  inferred      flip-flop                    
u_sram_mem_reg[240][18]  inferred      flip-flop                    
u_sram_mem_reg[240][19]  inferred      flip-flop                    
u_sram_mem_reg[240][20]  inferred      flip-flop                    
u_sram_mem_reg[240][21]  inferred      flip-flop                    
u_sram_mem_reg[240][22]  inferred      flip-flop                    
u_sram_mem_reg[240][23]  inferred      flip-flop                    
u_sram_mem_reg[240][24]  inferred      flip-flop                    
u_sram_mem_reg[240][25]  inferred      flip-flop                    
u_sram_mem_reg[240][26]  inferred      flip-flop                    
u_sram_mem_reg[240][27]  inferred      flip-flop                    
u_sram_mem_reg[240][28]  inferred      flip-flop                    
u_sram_mem_reg[240][29]  inferred      flip-flop                    
u_sram_mem_reg[240][30]  inferred      flip-flop                    
u_sram_mem_reg[240][31]  inferred      flip-flop                    
u_sram_mem_reg[241][0]   inferred      flip-flop                    
u_sram_mem_reg[241][1]   inferred      flip-flop                    
u_sram_mem_reg[241][2]   inferred      flip-flop                    
u_sram_mem_reg[241][3]   inferred      flip-flop                    
u_sram_mem_reg[241][4]   inferred      flip-flop                    
u_sram_mem_reg[241][5]   inferred      flip-flop                    
u_sram_mem_reg[241][6]   inferred      flip-flop                    
u_sram_mem_reg[241][7]   inferred      flip-flop                    
u_sram_mem_reg[241][8]   inferred      flip-flop                    
u_sram_mem_reg[241][9]   inferred      flip-flop                    
u_sram_mem_reg[241][10]  inferred      flip-flop                    
u_sram_mem_reg[241][11]  inferred      flip-flop                    
u_sram_mem_reg[241][12]  inferred      flip-flop                    
u_sram_mem_reg[241][13]  inferred      flip-flop                    
u_sram_mem_reg[241][14]  inferred      flip-flop                    
u_sram_mem_reg[241][15]  inferred      flip-flop                    
u_sram_mem_reg[241][16]  inferred      flip-flop                    
u_sram_mem_reg[241][17]  inferred      flip-flop                    
u_sram_mem_reg[241][18]  inferred      flip-flop                    
u_sram_mem_reg[241][19]  inferred      flip-flop                    
u_sram_mem_reg[241][20]  inferred      flip-flop                    
u_sram_mem_reg[241][21]  inferred      flip-flop                    
u_sram_mem_reg[241][22]  inferred      flip-flop                    
u_sram_mem_reg[241][23]  inferred      flip-flop                    
u_sram_mem_reg[241][24]  inferred      flip-flop                    
u_sram_mem_reg[241][25]  inferred      flip-flop                    
u_sram_mem_reg[241][26]  inferred      flip-flop                    
u_sram_mem_reg[241][27]  inferred      flip-flop                    
u_sram_mem_reg[241][28]  inferred      flip-flop                    
u_sram_mem_reg[241][29]  inferred      flip-flop                    
u_sram_mem_reg[241][30]  inferred      flip-flop                    
u_sram_mem_reg[241][31]  inferred      flip-flop                    
u_sram_mem_reg[242][0]   inferred      flip-flop                    
u_sram_mem_reg[242][1]   inferred      flip-flop                    
u_sram_mem_reg[242][2]   inferred      flip-flop                    
u_sram_mem_reg[242][3]   inferred      flip-flop                    
u_sram_mem_reg[242][4]   inferred      flip-flop                    
u_sram_mem_reg[242][5]   inferred      flip-flop                    
u_sram_mem_reg[242][6]   inferred      flip-flop                    
u_sram_mem_reg[242][7]   inferred      flip-flop                    
u_sram_mem_reg[242][8]   inferred      flip-flop                    
u_sram_mem_reg[242][9]   inferred      flip-flop                    
u_sram_mem_reg[242][10]  inferred      flip-flop                    
u_sram_mem_reg[242][11]  inferred      flip-flop                    
u_sram_mem_reg[242][12]  inferred      flip-flop                    
u_sram_mem_reg[242][13]  inferred      flip-flop                    
u_sram_mem_reg[242][14]  inferred      flip-flop                    
u_sram_mem_reg[242][15]  inferred      flip-flop                    
u_sram_mem_reg[242][16]  inferred      flip-flop                    
u_sram_mem_reg[242][17]  inferred      flip-flop                    
u_sram_mem_reg[242][18]  inferred      flip-flop                    
u_sram_mem_reg[242][19]  inferred      flip-flop                    
u_sram_mem_reg[242][20]  inferred      flip-flop                    
u_sram_mem_reg[242][21]  inferred      flip-flop                    
u_sram_mem_reg[242][22]  inferred      flip-flop                    
u_sram_mem_reg[242][23]  inferred      flip-flop                    
u_sram_mem_reg[242][24]  inferred      flip-flop                    
u_sram_mem_reg[242][25]  inferred      flip-flop                    
u_sram_mem_reg[242][26]  inferred      flip-flop                    
u_sram_mem_reg[242][27]  inferred      flip-flop                    
u_sram_mem_reg[242][28]  inferred      flip-flop                    
u_sram_mem_reg[242][29]  inferred      flip-flop                    
u_sram_mem_reg[242][30]  inferred      flip-flop                    
u_sram_mem_reg[242][31]  inferred      flip-flop                    
u_sram_mem_reg[243][0]   inferred      flip-flop                    
u_sram_mem_reg[243][1]   inferred      flip-flop                    
u_sram_mem_reg[243][2]   inferred      flip-flop                    
u_sram_mem_reg[243][3]   inferred      flip-flop                    
u_sram_mem_reg[243][4]   inferred      flip-flop                    
u_sram_mem_reg[243][5]   inferred      flip-flop                    
u_sram_mem_reg[243][6]   inferred      flip-flop                    
u_sram_mem_reg[243][7]   inferred      flip-flop                    
u_sram_mem_reg[243][8]   inferred      flip-flop                    
u_sram_mem_reg[243][9]   inferred      flip-flop                    
u_sram_mem_reg[243][10]  inferred      flip-flop                    
u_sram_mem_reg[243][11]  inferred      flip-flop                    
u_sram_mem_reg[243][12]  inferred      flip-flop                    
u_sram_mem_reg[243][13]  inferred      flip-flop                    
u_sram_mem_reg[243][14]  inferred      flip-flop                    
u_sram_mem_reg[243][15]  inferred      flip-flop                    
u_sram_mem_reg[243][16]  inferred      flip-flop                    
u_sram_mem_reg[243][17]  inferred      flip-flop                    
u_sram_mem_reg[243][18]  inferred      flip-flop                    
u_sram_mem_reg[243][19]  inferred      flip-flop                    
u_sram_mem_reg[243][20]  inferred      flip-flop                    
u_sram_mem_reg[243][21]  inferred      flip-flop                    
u_sram_mem_reg[243][22]  inferred      flip-flop                    
u_sram_mem_reg[243][23]  inferred      flip-flop                    
u_sram_mem_reg[243][24]  inferred      flip-flop                    
u_sram_mem_reg[243][25]  inferred      flip-flop                    
u_sram_mem_reg[243][26]  inferred      flip-flop                    
u_sram_mem_reg[243][27]  inferred      flip-flop                    
u_sram_mem_reg[243][28]  inferred      flip-flop                    
u_sram_mem_reg[243][29]  inferred      flip-flop                    
u_sram_mem_reg[243][30]  inferred      flip-flop                    
u_sram_mem_reg[243][31]  inferred      flip-flop                    
u_sram_mem_reg[244][0]   inferred      flip-flop                    
u_sram_mem_reg[244][1]   inferred      flip-flop                    
u_sram_mem_reg[244][2]   inferred      flip-flop                    
u_sram_mem_reg[244][3]   inferred      flip-flop                    
u_sram_mem_reg[244][4]   inferred      flip-flop                    
u_sram_mem_reg[244][5]   inferred      flip-flop                    
u_sram_mem_reg[244][6]   inferred      flip-flop                    
u_sram_mem_reg[244][7]   inferred      flip-flop                    
u_sram_mem_reg[244][8]   inferred      flip-flop                    
u_sram_mem_reg[244][9]   inferred      flip-flop                    
u_sram_mem_reg[244][10]  inferred      flip-flop                    
u_sram_mem_reg[244][11]  inferred      flip-flop                    
u_sram_mem_reg[244][12]  inferred      flip-flop                    
u_sram_mem_reg[244][13]  inferred      flip-flop                    
u_sram_mem_reg[244][14]  inferred      flip-flop                    
u_sram_mem_reg[244][15]  inferred      flip-flop                    
u_sram_mem_reg[244][16]  inferred      flip-flop                    
u_sram_mem_reg[244][17]  inferred      flip-flop                    
u_sram_mem_reg[244][18]  inferred      flip-flop                    
u_sram_mem_reg[244][19]  inferred      flip-flop                    
u_sram_mem_reg[244][20]  inferred      flip-flop                    
u_sram_mem_reg[244][21]  inferred      flip-flop                    
u_sram_mem_reg[244][22]  inferred      flip-flop                    
u_sram_mem_reg[244][23]  inferred      flip-flop                    
u_sram_mem_reg[244][24]  inferred      flip-flop                    
u_sram_mem_reg[244][25]  inferred      flip-flop                    
u_sram_mem_reg[244][26]  inferred      flip-flop                    
u_sram_mem_reg[244][27]  inferred      flip-flop                    
u_sram_mem_reg[244][28]  inferred      flip-flop                    
u_sram_mem_reg[244][29]  inferred      flip-flop                    
u_sram_mem_reg[244][30]  inferred      flip-flop                    
u_sram_mem_reg[244][31]  inferred      flip-flop                    
u_sram_mem_reg[245][0]   inferred      flip-flop                    
u_sram_mem_reg[245][1]   inferred      flip-flop                    
u_sram_mem_reg[245][2]   inferred      flip-flop                    
u_sram_mem_reg[245][3]   inferred      flip-flop                    
u_sram_mem_reg[245][4]   inferred      flip-flop                    
u_sram_mem_reg[245][5]   inferred      flip-flop                    
u_sram_mem_reg[245][6]   inferred      flip-flop                    
u_sram_mem_reg[245][7]   inferred      flip-flop                    
u_sram_mem_reg[245][8]   inferred      flip-flop                    
u_sram_mem_reg[245][9]   inferred      flip-flop                    
u_sram_mem_reg[245][10]  inferred      flip-flop                    
u_sram_mem_reg[245][11]  inferred      flip-flop                    
u_sram_mem_reg[245][12]  inferred      flip-flop                    
u_sram_mem_reg[245][13]  inferred      flip-flop                    
u_sram_mem_reg[245][14]  inferred      flip-flop                    
u_sram_mem_reg[245][15]  inferred      flip-flop                    
u_sram_mem_reg[245][16]  inferred      flip-flop                    
u_sram_mem_reg[245][17]  inferred      flip-flop                    
u_sram_mem_reg[245][18]  inferred      flip-flop                    
u_sram_mem_reg[245][19]  inferred      flip-flop                    
u_sram_mem_reg[245][20]  inferred      flip-flop                    
u_sram_mem_reg[245][21]  inferred      flip-flop                    
u_sram_mem_reg[245][22]  inferred      flip-flop                    
u_sram_mem_reg[245][23]  inferred      flip-flop                    
u_sram_mem_reg[245][24]  inferred      flip-flop                    
u_sram_mem_reg[245][25]  inferred      flip-flop                    
u_sram_mem_reg[245][26]  inferred      flip-flop                    
u_sram_mem_reg[245][27]  inferred      flip-flop                    
u_sram_mem_reg[245][28]  inferred      flip-flop                    
u_sram_mem_reg[245][29]  inferred      flip-flop                    
u_sram_mem_reg[245][30]  inferred      flip-flop                    
u_sram_mem_reg[245][31]  inferred      flip-flop                    
u_sram_mem_reg[246][0]   inferred      flip-flop                    
u_sram_mem_reg[246][1]   inferred      flip-flop                    
u_sram_mem_reg[246][2]   inferred      flip-flop                    
u_sram_mem_reg[246][3]   inferred      flip-flop                    
u_sram_mem_reg[246][4]   inferred      flip-flop                    
u_sram_mem_reg[246][5]   inferred      flip-flop                    
u_sram_mem_reg[246][6]   inferred      flip-flop                    
u_sram_mem_reg[246][7]   inferred      flip-flop                    
u_sram_mem_reg[246][8]   inferred      flip-flop                    
u_sram_mem_reg[246][9]   inferred      flip-flop                    
u_sram_mem_reg[246][10]  inferred      flip-flop                    
u_sram_mem_reg[246][11]  inferred      flip-flop                    
u_sram_mem_reg[246][12]  inferred      flip-flop                    
u_sram_mem_reg[246][13]  inferred      flip-flop                    
u_sram_mem_reg[246][14]  inferred      flip-flop                    
u_sram_mem_reg[246][15]  inferred      flip-flop                    
u_sram_mem_reg[246][16]  inferred      flip-flop                    
u_sram_mem_reg[246][17]  inferred      flip-flop                    
u_sram_mem_reg[246][18]  inferred      flip-flop                    
u_sram_mem_reg[246][19]  inferred      flip-flop                    
u_sram_mem_reg[246][20]  inferred      flip-flop                    
u_sram_mem_reg[246][21]  inferred      flip-flop                    
u_sram_mem_reg[246][22]  inferred      flip-flop                    
u_sram_mem_reg[246][23]  inferred      flip-flop                    
u_sram_mem_reg[246][24]  inferred      flip-flop                    
u_sram_mem_reg[246][25]  inferred      flip-flop                    
u_sram_mem_reg[246][26]  inferred      flip-flop                    
u_sram_mem_reg[246][27]  inferred      flip-flop                    
u_sram_mem_reg[246][28]  inferred      flip-flop                    
u_sram_mem_reg[246][29]  inferred      flip-flop                    
u_sram_mem_reg[246][30]  inferred      flip-flop                    
u_sram_mem_reg[246][31]  inferred      flip-flop                    
u_sram_mem_reg[247][0]   inferred      flip-flop                    
u_sram_mem_reg[247][1]   inferred      flip-flop                    
u_sram_mem_reg[247][2]   inferred      flip-flop                    
u_sram_mem_reg[247][3]   inferred      flip-flop                    
u_sram_mem_reg[247][4]   inferred      flip-flop                    
u_sram_mem_reg[247][5]   inferred      flip-flop                    
u_sram_mem_reg[247][6]   inferred      flip-flop                    
u_sram_mem_reg[247][7]   inferred      flip-flop                    
u_sram_mem_reg[247][8]   inferred      flip-flop                    
u_sram_mem_reg[247][9]   inferred      flip-flop                    
u_sram_mem_reg[247][10]  inferred      flip-flop                    
u_sram_mem_reg[247][11]  inferred      flip-flop                    
u_sram_mem_reg[247][12]  inferred      flip-flop                    
u_sram_mem_reg[247][13]  inferred      flip-flop                    
u_sram_mem_reg[247][14]  inferred      flip-flop                    
u_sram_mem_reg[247][15]  inferred      flip-flop                    
u_sram_mem_reg[247][16]  inferred      flip-flop                    
u_sram_mem_reg[247][17]  inferred      flip-flop                    
u_sram_mem_reg[247][18]  inferred      flip-flop                    
u_sram_mem_reg[247][19]  inferred      flip-flop                    
u_sram_mem_reg[247][20]  inferred      flip-flop                    
u_sram_mem_reg[247][21]  inferred      flip-flop                    
u_sram_mem_reg[247][22]  inferred      flip-flop                    
u_sram_mem_reg[247][23]  inferred      flip-flop                    
u_sram_mem_reg[247][24]  inferred      flip-flop                    
u_sram_mem_reg[247][25]  inferred      flip-flop                    
u_sram_mem_reg[247][26]  inferred      flip-flop                    
u_sram_mem_reg[247][27]  inferred      flip-flop                    
u_sram_mem_reg[247][28]  inferred      flip-flop                    
u_sram_mem_reg[247][29]  inferred      flip-flop                    
u_sram_mem_reg[247][30]  inferred      flip-flop                    
u_sram_mem_reg[247][31]  inferred      flip-flop                    
u_sram_mem_reg[248][0]   inferred      flip-flop                    
u_sram_mem_reg[248][1]   inferred      flip-flop                    
u_sram_mem_reg[248][2]   inferred      flip-flop                    
u_sram_mem_reg[248][3]   inferred      flip-flop                    
u_sram_mem_reg[248][4]   inferred      flip-flop                    
u_sram_mem_reg[248][5]   inferred      flip-flop                    
u_sram_mem_reg[248][6]   inferred      flip-flop                    
u_sram_mem_reg[248][7]   inferred      flip-flop                    
u_sram_mem_reg[248][8]   inferred      flip-flop                    
u_sram_mem_reg[248][9]   inferred      flip-flop                    
u_sram_mem_reg[248][10]  inferred      flip-flop                    
u_sram_mem_reg[248][11]  inferred      flip-flop                    
u_sram_mem_reg[248][12]  inferred      flip-flop                    
u_sram_mem_reg[248][13]  inferred      flip-flop                    
u_sram_mem_reg[248][14]  inferred      flip-flop                    
u_sram_mem_reg[248][15]  inferred      flip-flop                    
u_sram_mem_reg[248][16]  inferred      flip-flop                    
u_sram_mem_reg[248][17]  inferred      flip-flop                    
u_sram_mem_reg[248][18]  inferred      flip-flop                    
u_sram_mem_reg[248][19]  inferred      flip-flop                    
u_sram_mem_reg[248][20]  inferred      flip-flop                    
u_sram_mem_reg[248][21]  inferred      flip-flop                    
u_sram_mem_reg[248][22]  inferred      flip-flop                    
u_sram_mem_reg[248][23]  inferred      flip-flop                    
u_sram_mem_reg[248][24]  inferred      flip-flop                    
u_sram_mem_reg[248][25]  inferred      flip-flop                    
u_sram_mem_reg[248][26]  inferred      flip-flop                    
u_sram_mem_reg[248][27]  inferred      flip-flop                    
u_sram_mem_reg[248][28]  inferred      flip-flop                    
u_sram_mem_reg[248][29]  inferred      flip-flop                    
u_sram_mem_reg[248][30]  inferred      flip-flop                    
u_sram_mem_reg[248][31]  inferred      flip-flop                    
u_sram_mem_reg[249][0]   inferred      flip-flop                    
u_sram_mem_reg[249][1]   inferred      flip-flop                    
u_sram_mem_reg[249][2]   inferred      flip-flop                    
u_sram_mem_reg[249][3]   inferred      flip-flop                    
u_sram_mem_reg[249][4]   inferred      flip-flop                    
u_sram_mem_reg[249][5]   inferred      flip-flop                    
u_sram_mem_reg[249][6]   inferred      flip-flop                    
u_sram_mem_reg[249][7]   inferred      flip-flop                    
u_sram_mem_reg[249][8]   inferred      flip-flop                    
u_sram_mem_reg[249][9]   inferred      flip-flop                    
u_sram_mem_reg[249][10]  inferred      flip-flop                    
u_sram_mem_reg[249][11]  inferred      flip-flop                    
u_sram_mem_reg[249][12]  inferred      flip-flop                    
u_sram_mem_reg[249][13]  inferred      flip-flop                    
u_sram_mem_reg[249][14]  inferred      flip-flop                    
u_sram_mem_reg[249][15]  inferred      flip-flop                    
u_sram_mem_reg[249][16]  inferred      flip-flop                    
u_sram_mem_reg[249][17]  inferred      flip-flop                    
u_sram_mem_reg[249][18]  inferred      flip-flop                    
u_sram_mem_reg[249][19]  inferred      flip-flop                    
u_sram_mem_reg[249][20]  inferred      flip-flop                    
u_sram_mem_reg[249][21]  inferred      flip-flop                    
u_sram_mem_reg[249][22]  inferred      flip-flop                    
u_sram_mem_reg[249][23]  inferred      flip-flop                    
u_sram_mem_reg[249][24]  inferred      flip-flop                    
u_sram_mem_reg[249][25]  inferred      flip-flop                    
u_sram_mem_reg[249][26]  inferred      flip-flop                    
u_sram_mem_reg[249][27]  inferred      flip-flop                    
u_sram_mem_reg[249][28]  inferred      flip-flop                    
u_sram_mem_reg[249][29]  inferred      flip-flop                    
u_sram_mem_reg[249][30]  inferred      flip-flop                    
u_sram_mem_reg[249][31]  inferred      flip-flop                    
u_sram_mem_reg[250][0]   inferred      flip-flop                    
u_sram_mem_reg[250][1]   inferred      flip-flop                    
u_sram_mem_reg[250][2]   inferred      flip-flop                    
u_sram_mem_reg[250][3]   inferred      flip-flop                    
u_sram_mem_reg[250][4]   inferred      flip-flop                    
u_sram_mem_reg[250][5]   inferred      flip-flop                    
u_sram_mem_reg[250][6]   inferred      flip-flop                    
u_sram_mem_reg[250][7]   inferred      flip-flop                    
u_sram_mem_reg[250][8]   inferred      flip-flop                    
u_sram_mem_reg[250][9]   inferred      flip-flop                    
u_sram_mem_reg[250][10]  inferred      flip-flop                    
u_sram_mem_reg[250][11]  inferred      flip-flop                    
u_sram_mem_reg[250][12]  inferred      flip-flop                    
u_sram_mem_reg[250][13]  inferred      flip-flop                    
u_sram_mem_reg[250][14]  inferred      flip-flop                    
u_sram_mem_reg[250][15]  inferred      flip-flop                    
u_sram_mem_reg[250][16]  inferred      flip-flop                    
u_sram_mem_reg[250][17]  inferred      flip-flop                    
u_sram_mem_reg[250][18]  inferred      flip-flop                    
u_sram_mem_reg[250][19]  inferred      flip-flop                    
u_sram_mem_reg[250][20]  inferred      flip-flop                    
u_sram_mem_reg[250][21]  inferred      flip-flop                    
u_sram_mem_reg[250][22]  inferred      flip-flop                    
u_sram_mem_reg[250][23]  inferred      flip-flop                    
u_sram_mem_reg[250][24]  inferred      flip-flop                    
u_sram_mem_reg[250][25]  inferred      flip-flop                    
u_sram_mem_reg[250][26]  inferred      flip-flop                    
u_sram_mem_reg[250][27]  inferred      flip-flop                    
u_sram_mem_reg[250][28]  inferred      flip-flop                    
u_sram_mem_reg[250][29]  inferred      flip-flop                    
u_sram_mem_reg[250][30]  inferred      flip-flop                    
u_sram_mem_reg[250][31]  inferred      flip-flop                    
u_sram_mem_reg[251][0]   inferred      flip-flop                    
u_sram_mem_reg[251][1]   inferred      flip-flop                    
u_sram_mem_reg[251][2]   inferred      flip-flop                    
u_sram_mem_reg[251][3]   inferred      flip-flop                    
u_sram_mem_reg[251][4]   inferred      flip-flop                    
u_sram_mem_reg[251][5]   inferred      flip-flop                    
u_sram_mem_reg[251][6]   inferred      flip-flop                    
u_sram_mem_reg[251][7]   inferred      flip-flop                    
u_sram_mem_reg[251][8]   inferred      flip-flop                    
u_sram_mem_reg[251][9]   inferred      flip-flop                    
u_sram_mem_reg[251][10]  inferred      flip-flop                    
u_sram_mem_reg[251][11]  inferred      flip-flop                    
u_sram_mem_reg[251][12]  inferred      flip-flop                    
u_sram_mem_reg[251][13]  inferred      flip-flop                    
u_sram_mem_reg[251][14]  inferred      flip-flop                    
u_sram_mem_reg[251][15]  inferred      flip-flop                    
u_sram_mem_reg[251][16]  inferred      flip-flop                    
u_sram_mem_reg[251][17]  inferred      flip-flop                    
u_sram_mem_reg[251][18]  inferred      flip-flop                    
u_sram_mem_reg[251][19]  inferred      flip-flop                    
u_sram_mem_reg[251][20]  inferred      flip-flop                    
u_sram_mem_reg[251][21]  inferred      flip-flop                    
u_sram_mem_reg[251][22]  inferred      flip-flop                    
u_sram_mem_reg[251][23]  inferred      flip-flop                    
u_sram_mem_reg[251][24]  inferred      flip-flop                    
u_sram_mem_reg[251][25]  inferred      flip-flop                    
u_sram_mem_reg[251][26]  inferred      flip-flop                    
u_sram_mem_reg[251][27]  inferred      flip-flop                    
u_sram_mem_reg[251][28]  inferred      flip-flop                    
u_sram_mem_reg[251][29]  inferred      flip-flop                    
u_sram_mem_reg[251][30]  inferred      flip-flop                    
u_sram_mem_reg[251][31]  inferred      flip-flop                    
u_sram_mem_reg[252][0]   inferred      flip-flop                    
u_sram_mem_reg[252][1]   inferred      flip-flop                    
u_sram_mem_reg[252][2]   inferred      flip-flop                    
u_sram_mem_reg[252][3]   inferred      flip-flop                    
u_sram_mem_reg[252][4]   inferred      flip-flop                    
u_sram_mem_reg[252][5]   inferred      flip-flop                    
u_sram_mem_reg[252][6]   inferred      flip-flop                    
u_sram_mem_reg[252][7]   inferred      flip-flop                    
u_sram_mem_reg[252][8]   inferred      flip-flop                    
u_sram_mem_reg[252][9]   inferred      flip-flop                    
u_sram_mem_reg[252][10]  inferred      flip-flop                    
u_sram_mem_reg[252][11]  inferred      flip-flop                    
u_sram_mem_reg[252][12]  inferred      flip-flop                    
u_sram_mem_reg[252][13]  inferred      flip-flop                    
u_sram_mem_reg[252][14]  inferred      flip-flop                    
u_sram_mem_reg[252][15]  inferred      flip-flop                    
u_sram_mem_reg[252][16]  inferred      flip-flop                    
u_sram_mem_reg[252][17]  inferred      flip-flop                    
u_sram_mem_reg[252][18]  inferred      flip-flop                    
u_sram_mem_reg[252][19]  inferred      flip-flop                    
u_sram_mem_reg[252][20]  inferred      flip-flop                    
u_sram_mem_reg[252][21]  inferred      flip-flop                    
u_sram_mem_reg[252][22]  inferred      flip-flop                    
u_sram_mem_reg[252][23]  inferred      flip-flop                    
u_sram_mem_reg[252][24]  inferred      flip-flop                    
u_sram_mem_reg[252][25]  inferred      flip-flop                    
u_sram_mem_reg[252][26]  inferred      flip-flop                    
u_sram_mem_reg[252][27]  inferred      flip-flop                    
u_sram_mem_reg[252][28]  inferred      flip-flop                    
u_sram_mem_reg[252][29]  inferred      flip-flop                    
u_sram_mem_reg[252][30]  inferred      flip-flop                    
u_sram_mem_reg[252][31]  inferred      flip-flop                    
u_sram_mem_reg[253][0]   inferred      flip-flop                    
u_sram_mem_reg[253][1]   inferred      flip-flop                    
u_sram_mem_reg[253][2]   inferred      flip-flop                    
u_sram_mem_reg[253][3]   inferred      flip-flop                    
u_sram_mem_reg[253][4]   inferred      flip-flop                    
u_sram_mem_reg[253][5]   inferred      flip-flop                    
u_sram_mem_reg[253][6]   inferred      flip-flop                    
u_sram_mem_reg[253][7]   inferred      flip-flop                    
u_sram_mem_reg[253][8]   inferred      flip-flop                    
u_sram_mem_reg[253][9]   inferred      flip-flop                    
u_sram_mem_reg[253][10]  inferred      flip-flop                    
u_sram_mem_reg[253][11]  inferred      flip-flop                    
u_sram_mem_reg[253][12]  inferred      flip-flop                    
u_sram_mem_reg[253][13]  inferred      flip-flop                    
u_sram_mem_reg[253][14]  inferred      flip-flop                    
u_sram_mem_reg[253][15]  inferred      flip-flop                    
u_sram_mem_reg[253][16]  inferred      flip-flop                    
u_sram_mem_reg[253][17]  inferred      flip-flop                    
u_sram_mem_reg[253][18]  inferred      flip-flop                    
u_sram_mem_reg[253][19]  inferred      flip-flop                    
u_sram_mem_reg[253][20]  inferred      flip-flop                    
u_sram_mem_reg[253][21]  inferred      flip-flop                    
u_sram_mem_reg[253][22]  inferred      flip-flop                    
u_sram_mem_reg[253][23]  inferred      flip-flop                    
u_sram_mem_reg[253][24]  inferred      flip-flop                    
u_sram_mem_reg[253][25]  inferred      flip-flop                    
u_sram_mem_reg[253][26]  inferred      flip-flop                    
u_sram_mem_reg[253][27]  inferred      flip-flop                    
u_sram_mem_reg[253][28]  inferred      flip-flop                    
u_sram_mem_reg[253][29]  inferred      flip-flop                    
u_sram_mem_reg[253][30]  inferred      flip-flop                    
u_sram_mem_reg[253][31]  inferred      flip-flop                    
u_sram_mem_reg[254][0]   inferred      flip-flop                    
u_sram_mem_reg[254][1]   inferred      flip-flop                    
u_sram_mem_reg[254][2]   inferred      flip-flop                    
u_sram_mem_reg[254][3]   inferred      flip-flop                    
u_sram_mem_reg[254][4]   inferred      flip-flop                    
u_sram_mem_reg[254][5]   inferred      flip-flop                    
u_sram_mem_reg[254][6]   inferred      flip-flop                    
u_sram_mem_reg[254][7]   inferred      flip-flop                    
u_sram_mem_reg[254][8]   inferred      flip-flop                    
u_sram_mem_reg[254][9]   inferred      flip-flop                    
u_sram_mem_reg[254][10]  inferred      flip-flop                    
u_sram_mem_reg[254][11]  inferred      flip-flop                    
u_sram_mem_reg[254][12]  inferred      flip-flop                    
u_sram_mem_reg[254][13]  inferred      flip-flop                    
u_sram_mem_reg[254][14]  inferred      flip-flop                    
u_sram_mem_reg[254][15]  inferred      flip-flop                    
u_sram_mem_reg[254][16]  inferred      flip-flop                    
u_sram_mem_reg[254][17]  inferred      flip-flop                    
u_sram_mem_reg[254][18]  inferred      flip-flop                    
u_sram_mem_reg[254][19]  inferred      flip-flop                    
u_sram_mem_reg[254][20]  inferred      flip-flop                    
u_sram_mem_reg[254][21]  inferred      flip-flop                    
u_sram_mem_reg[254][22]  inferred      flip-flop                    
u_sram_mem_reg[254][23]  inferred      flip-flop                    
u_sram_mem_reg[254][24]  inferred      flip-flop                    
u_sram_mem_reg[254][25]  inferred      flip-flop                    
u_sram_mem_reg[254][26]  inferred      flip-flop                    
u_sram_mem_reg[254][27]  inferred      flip-flop                    
u_sram_mem_reg[254][28]  inferred      flip-flop                    
u_sram_mem_reg[254][29]  inferred      flip-flop                    
u_sram_mem_reg[254][30]  inferred      flip-flop                    
u_sram_mem_reg[254][31]  inferred      flip-flop                    
u_sram_mem_reg[255][0]   inferred      flip-flop                    
u_sram_mem_reg[255][1]   inferred      flip-flop                    
u_sram_mem_reg[255][2]   inferred      flip-flop                    
u_sram_mem_reg[255][3]   inferred      flip-flop                    
u_sram_mem_reg[255][4]   inferred      flip-flop                    
u_sram_mem_reg[255][5]   inferred      flip-flop                    
u_sram_mem_reg[255][6]   inferred      flip-flop                    
u_sram_mem_reg[255][7]   inferred      flip-flop                    
u_sram_mem_reg[255][8]   inferred      flip-flop                    
u_sram_mem_reg[255][9]   inferred      flip-flop                    
u_sram_mem_reg[255][10]  inferred      flip-flop                    
u_sram_mem_reg[255][11]  inferred      flip-flop                    
u_sram_mem_reg[255][12]  inferred      flip-flop                    
u_sram_mem_reg[255][13]  inferred      flip-flop                    
u_sram_mem_reg[255][14]  inferred      flip-flop                    
u_sram_mem_reg[255][15]  inferred      flip-flop                    
u_sram_mem_reg[255][16]  inferred      flip-flop                    
u_sram_mem_reg[255][17]  inferred      flip-flop                    
u_sram_mem_reg[255][18]  inferred      flip-flop                    
u_sram_mem_reg[255][19]  inferred      flip-flop                    
u_sram_mem_reg[255][20]  inferred      flip-flop                    
u_sram_mem_reg[255][21]  inferred      flip-flop                    
u_sram_mem_reg[255][22]  inferred      flip-flop                    
u_sram_mem_reg[255][23]  inferred      flip-flop                    
u_sram_mem_reg[255][24]  inferred      flip-flop                    
u_sram_mem_reg[255][25]  inferred      flip-flop                    
u_sram_mem_reg[255][26]  inferred      flip-flop                    
u_sram_mem_reg[255][27]  inferred      flip-flop                    
u_sram_mem_reg[255][28]  inferred      flip-flop                    
u_sram_mem_reg[255][29]  inferred      flip-flop                    
u_sram_mem_reg[255][30]  inferred      flip-flop                    
u_sram_mem_reg[255][31]  inferred      flip-flop                    
u_sram_rdata_reg[8]      inferred      flip-flop                    
u_sram_rdata_reg[9]      inferred      flip-flop                    
u_sram_rdata_reg[10]     inferred      flip-flop                    
u_sram_rdata_reg[11]     inferred      flip-flop                    
u_sram_rdata_reg[12]     inferred      flip-flop                    
u_sram_rdata_reg[13]     inferred      flip-flop                    
u_sram_rdata_reg[14]     inferred      flip-flop                    
u_sram_rdata_reg[15]     inferred      flip-flop                    
u_sram_rdata_reg[16]     inferred      flip-flop                    
u_sram_rdata_reg[17]     inferred      flip-flop                    
u_sram_rdata_reg[18]     inferred      flip-flop                    
u_sram_rdata_reg[19]     inferred      flip-flop                    
u_sram_rdata_reg[20]     inferred      flip-flop                    
u_sram_rdata_reg[21]     inferred      flip-flop                    
u_sram_rdata_reg[22]     inferred      flip-flop                    
u_sram_rdata_reg[23]     inferred      flip-flop                    
u_sram_rdata_reg[24]     inferred      flip-flop                    
u_sram_rdata_reg[25]     inferred      flip-flop                    
u_sram_rdata_reg[26]     inferred      flip-flop                    
u_sram_rdata_reg[27]     inferred      flip-flop                    
u_sram_rdata_reg[28]     inferred      flip-flop                    
u_sram_rdata_reg[29]     inferred      flip-flop                    
u_sram_rdata_reg[30]     inferred      flip-flop                    
u_sram_rdata_reg[31]     inferred      flip-flop                    
u_cpu_a_reg_reg[1]       inferred      flip-flop asynchronous reset 
u_cpu_a_reg_reg[2]       inferred      flip-flop asynchronous reset 
u_cpu_a_reg_reg[5]       inferred      flip-flop asynchronous reset 
u_cpu_a_reg_reg[6]       inferred      flip-flop asynchronous reset 
u_cpu_a_reg_reg[8]       inferred      flip-flop asynchronous reset 
u_cpu_a_reg_reg[9]       inferred      flip-flop asynchronous reset 
u_cpu_a_reg_reg[13]      inferred      flip-flop asynchronous reset 
u_cpu_a_reg_reg[14]      inferred      flip-flop asynchronous reset 
u_cpu_a_reg_reg[16]      inferred      flip-flop asynchronous reset 
u_cpu_a_reg_reg[17]      inferred      flip-flop asynchronous reset 
u_cpu_a_reg_reg[23]      inferred      flip-flop asynchronous reset 
u_cpu_a_reg_reg[24]      inferred      flip-flop asynchronous reset 
u_cpu_a_reg_reg[25]      inferred      flip-flop asynchronous reset 
u_cpu_a_reg_reg[27]      inferred      flip-flop asynchronous reset 
u_cpu_a_reg_reg[31]      inferred      flip-flop asynchronous reset 
u_cpu_dmem_addr_reg[2]   inferred      flip-flop asynchronous reset 
u_cpu_dmem_addr_reg[16]  inferred      flip-flop asynchronous reset 
u_cpu_ir_reg[2]          inferred      flip-flop asynchronous reset 
u_cpu_ir_reg[3]          inferred      flip-flop asynchronous reset 
u_cpu_ir_reg[4]          inferred      flip-flop asynchronous reset 
u_cpu_ir_reg[6]          inferred      flip-flop asynchronous reset 
u_cpu_ir_reg[12]         inferred      flip-flop asynchronous reset 
u_cpu_ir_reg[16]         inferred      flip-flop asynchronous reset 
u_cpu_ir_reg[18]         inferred      flip-flop asynchronous reset 
u_cpu_pc_reg[2]          inferred      flip-flop asynchronous reset 
u_cpu_pc_reg[4]          inferred      flip-flop asynchronous reset 
u_cpu_pc_reg[6]          inferred      flip-flop asynchronous reset 
u_cpu_pc_reg[7]          inferred      flip-flop asynchronous reset 
u_cpu_pc_reg[8]          inferred      flip-flop asynchronous reset 
u_cpu_pc_reg[9]          inferred      flip-flop asynchronous reset 
u_cpu_pc_reg[10]         inferred      flip-flop asynchronous reset 
u_cpu_pc_reg[11]         inferred      flip-flop asynchronous reset 
u_cpu_pc_reg[12]         inferred      flip-flop asynchronous reset 
u_cpu_pc_reg[13]         inferred      flip-flop asynchronous reset 
u_cpu_pc_reg[14]         inferred      flip-flop asynchronous reset 
u_cpu_pc_reg[15]         inferred      flip-flop asynchronous reset 
u_cpu_pc_reg[16]         inferred      flip-flop asynchronous reset 
u_cpu_pc_reg[17]         inferred      flip-flop asynchronous reset 
u_cpu_pc_reg[18]         inferred      flip-flop asynchronous reset 
u_cpu_pc_reg[19]         inferred      flip-flop asynchronous reset 
u_cpu_pc_reg[20]         inferred      flip-flop asynchronous reset 
u_cpu_pc_reg[21]         inferred      flip-flop asynchronous reset 
u_cpu_pc_reg[22]         inferred      flip-flop asynchronous reset 
u_cpu_pc_reg[23]         inferred      flip-flop asynchronous reset 
u_cpu_pc_reg[24]         inferred      flip-flop asynchronous reset 
u_cpu_pc_reg[25]         inferred      flip-flop asynchronous reset 
u_cpu_pc_reg[26]         inferred      flip-flop asynchronous reset 
u_cpu_pc_reg[27]         inferred      flip-flop asynchronous reset 
u_cpu_pc_reg[28]         inferred      flip-flop asynchronous reset 
u_cpu_pc_reg[29]         inferred      flip-flop asynchronous reset 
u_cpu_pc_reg[30]         inferred      flip-flop asynchronous reset 
u_cpu_state_reg[1]       inferred      flip-flop asynchronous reset 
u_cpu_state_reg[2]       inferred      flip-flop asynchronous reset 
u_cpu_wb_data_reg[0]     inferred      flip-flop asynchronous reset 
u_cpu_wb_data_reg[1]     inferred      flip-flop asynchronous reset 
u_cpu_wb_data_reg[2]     inferred      flip-flop asynchronous reset 
u_cpu_wb_data_reg[3]     inferred      flip-flop asynchronous reset 
u_cpu_wb_data_reg[4]     inferred      flip-flop asynchronous reset 
u_cpu_wb_data_reg[5]     inferred      flip-flop asynchronous reset 
u_cpu_wb_data_reg[6]     inferred      flip-flop asynchronous reset 
u_cpu_wb_data_reg[7]     inferred      flip-flop asynchronous reset 
u_cpu_wb_data_reg[8]     inferred      flip-flop asynchronous reset 
u_cpu_wb_data_reg[9]     inferred      flip-flop asynchronous reset 
u_cpu_wb_data_reg[10]    inferred      flip-flop asynchronous reset 
u_cpu_wb_data_reg[11]    inferred      flip-flop asynchronous reset 
u_cpu_wb_data_reg[12]    inferred      flip-flop asynchronous reset 
u_cpu_wb_data_reg[13]    inferred      flip-flop asynchronous reset 
u_cpu_wb_data_reg[14]    inferred      flip-flop asynchronous reset 
u_cpu_wb_data_reg[15]    inferred      flip-flop asynchronous reset 
u_cpu_wb_data_reg[16]    inferred      flip-flop asynchronous reset 
u_cpu_wb_data_reg[17]    inferred      flip-flop asynchronous reset 
u_cpu_wb_data_reg[18]    inferred      flip-flop asynchronous reset 
u_cpu_wb_data_reg[19]    inferred      flip-flop asynchronous reset 
u_cpu_wb_data_reg[20]    inferred      flip-flop asynchronous reset 
u_cpu_wb_data_reg[21]    inferred      flip-flop asynchronous reset 
u_cpu_wb_data_reg[22]    inferred      flip-flop asynchronous reset 
u_cpu_wb_data_reg[23]    inferred      flip-flop asynchronous reset 
u_cpu_wb_data_reg[24]    inferred      flip-flop asynchronous reset 
u_cpu_wb_data_reg[25]    inferred      flip-flop asynchronous reset 
u_cpu_wb_data_reg[26]    inferred      flip-flop asynchronous reset 
u_cpu_wb_data_reg[27]    inferred      flip-flop asynchronous reset 
u_cpu_wb_data_reg[28]    inferred      flip-flop asynchronous reset 
u_cpu_wb_data_reg[29]    inferred      flip-flop asynchronous reset 
u_cpu_wb_data_reg[30]    inferred      flip-flop asynchronous reset 
u_cpu_wb_data_reg[31]    inferred      flip-flop asynchronous reset 
u_cpu_wb_rd_reg[0]       inferred      flip-flop asynchronous reset 
u_cpu_wb_rd_reg[1]       inferred      flip-flop asynchronous reset 
u_cpu_wb_rd_reg[2]       inferred      flip-flop asynchronous reset 
u_cpu_wb_rd_reg[3]       inferred      flip-flop asynchronous reset 
u_cpu_wb_rd_reg[4]       inferred      flip-flop asynchronous reset 
u_cpu_ir_reg[5]          inferred      flip-flop asynchronous reset 
u_cpu_ir_reg[13]         inferred      flip-flop asynchronous reset 
u_sram_rdata_reg[0]      inferred      flip-flop                    
u_sram_rdata_reg[1]      inferred      flip-flop                    
u_sram_rdata_reg[2]      inferred      flip-flop                    
u_sram_rdata_reg[3]      inferred      flip-flop                    
u_sram_rdata_reg[4]      inferred      flip-flop                    
u_sram_rdata_reg[5]      inferred      flip-flop                    
u_sram_rdata_reg[6]      inferred      flip-flop                    
u_sram_rdata_reg[7]      inferred      flip-flop                    
u_cpu_a_reg_reg[0]       inferred      flip-flop asynchronous reset 
u_cpu_ir_reg[17]         inferred      flip-flop asynchronous reset 
u_cpu_ir_reg[15]         inferred      flip-flop asynchronous reset 
u_cpu_a_reg_reg[3]       inferred      flip-flop asynchronous reset 
u_cpu_a_reg_reg[4]       inferred      flip-flop asynchronous reset 
u_cpu_a_reg_reg[7]       inferred      flip-flop asynchronous reset 
u_cpu_ir_reg[21]         inferred      flip-flop asynchronous reset 
u_cpu_a_reg_reg[10]      inferred      flip-flop asynchronous reset 
u_cpu_a_reg_reg[11]      inferred      flip-flop asynchronous reset 
u_cpu_a_reg_reg[12]      inferred      flip-flop asynchronous reset 
u_cpu_a_reg_reg[15]      inferred      flip-flop asynchronous reset 
u_cpu_a_reg_reg[18]      inferred      flip-flop asynchronous reset 
u_cpu_a_reg_reg[19]      inferred      flip-flop asynchronous reset 
u_cpu_a_reg_reg[20]      inferred      flip-flop asynchronous reset 
u_cpu_a_reg_reg[21]      inferred      flip-flop asynchronous reset 
u_cpu_a_reg_reg[22]      inferred      flip-flop asynchronous reset 
u_cpu_a_reg_reg[26]      inferred      flip-flop asynchronous reset 
u_cpu_a_reg_reg[28]      inferred      flip-flop asynchronous reset 
u_cpu_a_reg_reg[29]      inferred      flip-flop asynchronous reset 
u_cpu_a_reg_reg[30]      inferred      flip-flop asynchronous reset 
u_cpu_ir_reg[24]         inferred      flip-flop asynchronous reset 
u_cpu_pc_reg[3]          inferred      flip-flop asynchronous reset 
u_cpu_pc_reg[5]          inferred      flip-flop asynchronous reset 
