============================================================
  Generated by:           Genus(TM) Synthesis Solution 21.14-s082_1
  Generated on:           Aug 07 2026  01:55:48 pm
  Module:                 soc_top
  Technology libraries:   slow 
                          physical_cells 
  Operating conditions:   slow 
  Interconnect mode:      global
  Area mode:              physical library
============================================================

path   1:

                             Pin                                   Type       Fanout Load Slew Delay Arrival   
                                                                                     (fF) (ps)  (ps)   (ps)    
---------------------------------------------------------------------------------------------------------------
(clock clk)                                                      launch                                    0 R 
                                                                 latency                        +500     500 R 
u_cpu_ir_reg[6]/CK                                                                         100    +0     500 R 
u_cpu_ir_reg[6]/Q                                                SDFFRX2           9 26.8  231  +422     922 R 
g655025/A1N                                                                                       +0     922   
g655025/Y                                                        AOI2BB1X2         3 10.8  189  +239    1162 R 
g655023/AN                                                                                        +0    1162   
g655023/Y                                                        NOR3BX4           4 17.8  258  +280    1442 R 
g655055/A1                                                                                        +0    1442   
g655055/Y                                                        AOI21X4           1  7.0  124  +148    1590 F 
g655054/B0                                                                                        +0    1590   
g655054/Y                                                        OAI2BB1X4         3 24.1  129  +100    1691 R 
u_cpu_u_alu_srl_21_33_g2998/A                                                                     +0    1691   
u_cpu_u_alu_srl_21_33_g2998/Y                                    CLKINVX20        20 80.8   89   +90    1781 F 
g159873/A                                                                                         +0    1781   
g159873/Y                                                        CLKINVX16        19 61.4   73   +67    1848 R 
u_cpu_u_alu_sra_22_42_g3260/A                                                                     +0    1848   
u_cpu_u_alu_sra_22_42_g3260/Y                                    CLKINVX8         20 56.3  131   +94    1941 F 
u_cpu_u_alu_sra_22_42_g3156/A1                                                                    +0    1941   
u_cpu_u_alu_sra_22_42_g3156/Y                                    AO22X1            2  7.3  146  +231    2173 F 
u_cpu_u_alu_sra_22_42_g3149/A1                                                                    +0    2173   
u_cpu_u_alu_sra_22_42_g3149/Y                                    AOI22X1           2  8.0  289  +216    2388 R 
u_cpu_u_alu_sra_22_42_g3110/A1                                                                    +0    2388   
u_cpu_u_alu_sra_22_42_g3110/Y                                    OAI22X2           2  6.9  175  +206    2594 F 
u_cpu_u_alu_sra_22_42_g3072/A                                                                     +0    2594   
u_cpu_u_alu_sra_22_42_g3072/Y                                    MX2X1             2  7.1  142  +226    2819 F 
u_cpu_u_alu_sra_22_42_g3039/C                                                                     +0    2819   
u_cpu_u_alu_sra_22_42_g3039/Y                                    MX3X1             1  4.8  125  +194    3013 F 
g165772/B1                                                                                        +0    3013   
g165772/Y                                                        AOI22X1           1  4.8  223  +137    3150 R 
g165628/B                                                                                         +0    3150   
g165628/Y                                                        NAND2X1           1  5.4  210  +183    3333 F 
g655391/B0                                                                                        +0    3333   
g655391/Y                                                        AOI21X2           2  7.0  150  +140    3473 R 
g655030/AN                                                                                        +0    3473   
g655030/Y                                                        NOR4BX2           1  7.0  312  +310    3783 R 
g655029/C                                                                                         +0    3783   
g655029/Y                                                        NAND4BX4          1  6.7  252  +242    4025 F 
g655028/B                                                                                         +0    4025   
g655028/Y                                                        NOR4BX4           1  6.8  221  +213    4238 R 
g655027/B                                                                                         +0    4238   
g655027/Y                                                        NAND4BX4          1  7.3  248  +235    4473 F 
g165561/A                                                                                         +0    4473   
g165561/Y                                                        NOR3X4            1  7.1  150  +164    4637 R 
g655403/A                                                                                         +0    4638   
g655403/Y                                                        NAND2X4           1  6.9  103  +104    4741 F 
g165559/B                                                                                         +0    4742   
g165559/Y                                                        NOR2X4            1  6.8  103   +74    4816 R 
g655026/D                                                                                         +0    4816   
g655026/Y                                                        NAND4BBX4         1  7.1  238  +150    4966 F 
g165557/A                                                                                         +0    4966   
g165557/Y                                                        NOR2X4            1  8.6  110  +129    5095 R 
g165556/A                                                                                         +0    5095   
g165556/Y                                                        NAND2X6           1  6.9   74   +82    5178 F 
g165555/B                                                                                         +0    5178   
g165555/Y                                                        NOR2X4            1  7.1   85   +66    5243 R 
g165554/B0                                                                                        +0    5243   
g165554/Y                                                        AOI2BB1X4         1 10.0   80   +66    5309 F 
g165553/B                                                                                         +0    5310   
g165553/Y                                                        NOR2X8            6 19.5  112   +78    5387 R 
g165550/S0                                                                                        +0    5387   
g165550/Y                                                        CLKMX2X3          3 10.0   88  +218    5605 F 
g655045/A1                                                                                        +0    5605   
g655045/Y                                                        OA21X2            1  6.9   91  +182    5788 F 
u_cpu_add_167_30_Y_u_cpu_add_165_34_Y_u_cpu_add_163_30_g913/B                                     +0    5788   
u_cpu_add_167_30_Y_u_cpu_add_165_34_Y_u_cpu_add_163_30_g913/Y    NOR2X4            2  9.8  103   +81    5869 R 
u_cpu_add_167_30_Y_u_cpu_add_165_34_Y_u_cpu_add_163_30_g911/B                                     +0    5869   
u_cpu_add_167_30_Y_u_cpu_add_165_34_Y_u_cpu_add_163_30_g911/Y    NOR2X4            1  8.5   68   +66    5935 F 
u_cpu_add_167_30_Y_u_cpu_add_165_34_Y_u_cpu_add_163_30_g909/B                                     +0    5935   
u_cpu_add_167_30_Y_u_cpu_add_165_34_Y_u_cpu_add_163_30_g909/Y    NOR2X6            2 10.0   82   +62    5997 R 
u_cpu_add_167_30_Y_u_cpu_add_165_34_Y_u_cpu_add_163_30_g907/B0                                    +0    5997   
u_cpu_add_167_30_Y_u_cpu_add_165_34_Y_u_cpu_add_163_30_g907/Y    AOI2BB1X4         1  6.9   68   +59    6056 F 
u_cpu_add_167_30_Y_u_cpu_add_165_34_Y_u_cpu_add_163_30_g905/B                                     +0    6056   
u_cpu_add_167_30_Y_u_cpu_add_165_34_Y_u_cpu_add_163_30_g905/Y    NOR2X4            2 10.0  104   +74    6130 R 
u_cpu_add_167_30_Y_u_cpu_add_165_34_Y_u_cpu_add_163_30_g903/B0                                    +0    6130   
u_cpu_add_167_30_Y_u_cpu_add_165_34_Y_u_cpu_add_163_30_g903/Y    AOI2BB1X4         1  6.8   67   +67    6196 F 
g655044/B0                                                                                        +0    6197   
g655044/Y                                                        AOI21X4           2  7.7   98   +69    6266 R 
u_cpu_add_167_30_Y_u_cpu_add_165_34_Y_u_cpu_add_163_30_g899/B0                                    +0    6266   
u_cpu_add_167_30_Y_u_cpu_add_165_34_Y_u_cpu_add_163_30_g899/Y    AOI2BB1X1         1  5.5  116   +97    6362 F 
u_cpu_add_167_30_Y_u_cpu_add_165_34_Y_u_cpu_add_163_30_g897/B                                     +0    6363   
u_cpu_add_167_30_Y_u_cpu_add_165_34_Y_u_cpu_add_163_30_g897/Y    NOR2X2            2  7.7  143  +111    6474 R 
g655043/A1N                                                                                       +0    6474   
g655043/Y                                                        AOI2BB1X4         2  8.5   96  +154    6628 R 
u_cpu_add_167_30_Y_u_cpu_add_165_34_Y_u_cpu_add_163_30_g891/B0                                    +0    6628   
u_cpu_add_167_30_Y_u_cpu_add_165_34_Y_u_cpu_add_163_30_g891/Y    AOI2BB1X2         1  8.5  109   +85    6713 F 
u_cpu_add_167_30_Y_u_cpu_add_165_34_Y_u_cpu_add_163_30_g889/B                                     +0    6713   
u_cpu_add_167_30_Y_u_cpu_add_165_34_Y_u_cpu_add_163_30_g889/Y    NOR2X6            2  9.8   83   +75    6788 R 
u_cpu_add_167_30_Y_u_cpu_add_165_34_Y_u_cpu_add_163_30_g887/B                                     +0    6788   
u_cpu_add_167_30_Y_u_cpu_add_165_34_Y_u_cpu_add_163_30_g887/Y    NOR2X4            1  8.5   90   +58    6846 F 
u_cpu_add_167_30_Y_u_cpu_add_165_34_Y_u_cpu_add_163_30_g885/B                                     +0    6846   
u_cpu_add_167_30_Y_u_cpu_add_165_34_Y_u_cpu_add_163_30_g885/Y    NOR2X6            2  9.8   82   +68    6915 R 
u_cpu_add_167_30_Y_u_cpu_add_165_34_Y_u_cpu_add_163_30_g883/B                                     +0    6915   
u_cpu_add_167_30_Y_u_cpu_add_165_34_Y_u_cpu_add_163_30_g883/Y    NOR2X4            1  6.9   84   +54    6970 F 
u_cpu_add_167_30_Y_u_cpu_add_165_34_Y_u_cpu_add_163_30_g881/B                                     +0    6970   
u_cpu_add_167_30_Y_u_cpu_add_165_34_Y_u_cpu_add_163_30_g881/Y    NOR2X4            2 10.0  104   +80    7049 R 
u_cpu_add_167_30_Y_u_cpu_add_165_34_Y_u_cpu_add_163_30_g879/B0                                    +0    7049   
u_cpu_add_167_30_Y_u_cpu_add_165_34_Y_u_cpu_add_163_30_g879/Y    AOI2BB1X4         1  6.9   68   +67    7116 F 
u_cpu_add_167_30_Y_u_cpu_add_165_34_Y_u_cpu_add_163_30_g877/B                                     +0    7116   
u_cpu_add_167_30_Y_u_cpu_add_165_34_Y_u_cpu_add_163_30_g877/Y    NOR2X4            2 10.0  104   +74    7190 R 
u_cpu_add_167_30_Y_u_cpu_add_165_34_Y_u_cpu_add_163_30_g875/B0                                    +0    7191   
u_cpu_add_167_30_Y_u_cpu_add_165_34_Y_u_cpu_add_163_30_g875/Y    AOI2BB1X4         1  6.9   68   +67    7257 F 
u_cpu_add_167_30_Y_u_cpu_add_165_34_Y_u_cpu_add_163_30_g873/B                                     +0    7258   
u_cpu_add_167_30_Y_u_cpu_add_165_34_Y_u_cpu_add_163_30_g873/Y    NOR2X4            2 11.3  114   +79    7337 R 
u_cpu_add_167_30_Y_u_cpu_add_165_34_Y_u_cpu_add_163_30_g871/B                                     +0    7337   
u_cpu_add_167_30_Y_u_cpu_add_165_34_Y_u_cpu_add_163_30_g871/Y    NOR2X6            1  8.5   92   +63    7400 F 
u_cpu_add_167_30_Y_u_cpu_add_165_34_Y_u_cpu_add_163_30_g869/B                                     +0    7400   
u_cpu_add_167_30_Y_u_cpu_add_165_34_Y_u_cpu_add_163_30_g869/Y    NOR2X6            2 10.0   83   +70    7470 R 
u_cpu_add_167_30_Y_u_cpu_add_165_34_Y_u_cpu_add_163_30_g867/B0                                    +0    7470   
u_cpu_add_167_30_Y_u_cpu_add_165_34_Y_u_cpu_add_163_30_g867/Y    AOI2BB1X4         1  8.5   74   +62    7532 F 
u_cpu_add_167_30_Y_u_cpu_add_165_34_Y_u_cpu_add_163_30_g865/B                                     +0    7532   
u_cpu_add_167_30_Y_u_cpu_add_165_34_Y_u_cpu_add_163_30_g865/Y    NOR2X6            2 11.3   89   +67    7599 R 
u_cpu_add_167_30_Y_u_cpu_add_165_34_Y_u_cpu_add_163_30_g863/B                                     +0    7599   
u_cpu_add_167_30_Y_u_cpu_add_165_34_Y_u_cpu_add_163_30_g863/Y    NOR2X6            1  8.5   92   +54    7654 F 
u_cpu_add_167_30_Y_u_cpu_add_165_34_Y_u_cpu_add_163_30_g861/B                                     +0    7654   
u_cpu_add_167_30_Y_u_cpu_add_165_34_Y_u_cpu_add_163_30_g861/Y    NOR2X6            2  9.5   80   +68    7722 R 
u_cpu_add_167_30_Y_u_cpu_add_165_34_Y_u_cpu_add_163_30_g859/B0                                    +0    7722   
u_cpu_add_167_30_Y_u_cpu_add_165_34_Y_u_cpu_add_163_30_g859/Y    AOI2BB1X4         1  8.5   74   +61    7784 F 
u_cpu_add_167_30_Y_u_cpu_add_165_34_Y_u_cpu_add_163_30_g857/B                                     +0    7784   
u_cpu_add_167_30_Y_u_cpu_add_165_34_Y_u_cpu_add_163_30_g857/Y    NOR2X6            2  9.5   80   +62    7846 R 
u_cpu_add_167_30_Y_u_cpu_add_165_34_Y_u_cpu_add_163_30_g855/B0                                    +0    7846   
u_cpu_add_167_30_Y_u_cpu_add_165_34_Y_u_cpu_add_163_30_g855/Y    AOI2BB1X4         1  8.5   74   +61    7908 F 
u_cpu_add_167_30_Y_u_cpu_add_165_34_Y_u_cpu_add_163_30_g853/B                                     +0    7908   
u_cpu_add_167_30_Y_u_cpu_add_165_34_Y_u_cpu_add_163_30_g853/Y    NOR2X6            2  9.3   79   +62    7970 R 
u_cpu_add_167_30_Y_u_cpu_add_165_34_Y_u_cpu_add_163_30_g851/B                                     +0    7970   
u_cpu_add_167_30_Y_u_cpu_add_165_34_Y_u_cpu_add_163_30_g851/Y    NOR2X4            1  6.9   86   +54    8023 F 
u_cpu_add_167_30_Y_u_cpu_add_165_34_Y_u_cpu_add_163_30_g849/B                                     +0    8024   
u_cpu_add_167_30_Y_u_cpu_add_165_34_Y_u_cpu_add_163_30_g849/Y    NOR2X4            2  9.8  103   +79    8103 R 
u_cpu_add_167_30_Y_u_cpu_add_165_34_Y_u_cpu_add_163_30_g848/B                                     +0    8103   
u_cpu_add_167_30_Y_u_cpu_add_165_34_Y_u_cpu_add_163_30_g848/Y    NOR2X4            1  6.9   86   +62    8165 F 
u_cpu_add_167_30_Y_u_cpu_add_165_34_Y_u_cpu_add_163_30_g846/B                                     +0    8165   
u_cpu_add_167_30_Y_u_cpu_add_165_34_Y_u_cpu_add_163_30_g846/Y    NOR2X4            2 10.0  104   +80    8246 R 
u_cpu_add_167_30_Y_u_cpu_add_165_34_Y_u_cpu_add_163_30_g845/B0                                    +0    8246   
u_cpu_add_167_30_Y_u_cpu_add_165_34_Y_u_cpu_add_163_30_g845/Y    AOI2BB1X4         1  6.9   68   +67    8312 F 
u_cpu_add_167_30_Y_u_cpu_add_165_34_Y_u_cpu_add_163_30_g843/B                                     +0    8313   
u_cpu_add_167_30_Y_u_cpu_add_165_34_Y_u_cpu_add_163_30_g843/Y    NOR2X4            2 10.0  104   +74    8387 R 
g655480/B0                                                                                        +0    8387   
g655480/Y                                                        AOI2BB1X4         1  6.9   68   +67    8454 F 
u_cpu_add_167_30_Y_u_cpu_add_165_34_Y_u_cpu_add_163_30_g840/B                                     +0    8454   
u_cpu_add_167_30_Y_u_cpu_add_165_34_Y_u_cpu_add_163_30_g840/Y    NOR2X4            2 11.3  114   +79    8533 R 
u_cpu_add_167_30_Y_u_cpu_add_165_34_Y_u_cpu_add_163_30_g839/B                                     +0    8533   
u_cpu_add_167_30_Y_u_cpu_add_165_34_Y_u_cpu_add_163_30_g839/Y    NOR2X6            1  8.5   92   +63    8597 F 
u_cpu_add_167_30_Y_u_cpu_add_165_34_Y_u_cpu_add_163_30_g837/B                                     +0    8597   
u_cpu_add_167_30_Y_u_cpu_add_165_34_Y_u_cpu_add_163_30_g837/Y    NOR2X6            2 10.0   82   +70    8666 R 
u_cpu_add_167_30_Y_u_cpu_add_165_34_Y_u_cpu_add_163_30_g836/B0                                    +0    8666   
u_cpu_add_167_30_Y_u_cpu_add_165_34_Y_u_cpu_add_163_30_g836/Y    AOI2BB1X4         1  8.5   76   +62    8728 F 
u_cpu_add_167_30_Y_u_cpu_add_165_34_Y_u_cpu_add_163_30_g834/B                                     +0    8729   
u_cpu_add_167_30_Y_u_cpu_add_165_34_Y_u_cpu_add_163_30_g834/Y    NOR2X6            2 10.0   82   +64    8793 R 
u_cpu_add_167_30_Y_u_cpu_add_165_34_Y_u_cpu_add_163_30_g833/B0                                    +0    8793   
u_cpu_add_167_30_Y_u_cpu_add_165_34_Y_u_cpu_add_163_30_g833/Y    AOI2BB1X4         1  8.5   76   +62    8855 F 
u_cpu_add_167_30_Y_u_cpu_add_165_34_Y_u_cpu_add_163_30_g831/B                                     +0    8855   
u_cpu_add_167_30_Y_u_cpu_add_165_34_Y_u_cpu_add_163_30_g831/Y    NOR2X6            2 11.3   89   +68    8923 R 
u_cpu_add_167_30_Y_u_cpu_add_165_34_Y_u_cpu_add_163_30_g830/B                                     +0    8923   
u_cpu_add_167_30_Y_u_cpu_add_165_34_Y_u_cpu_add_163_30_g830/Y    NOR2X6            1  8.5   93   +54    8977 F 
u_cpu_add_167_30_Y_u_cpu_add_165_34_Y_u_cpu_add_163_30_g828/B                                     +0    8977   
u_cpu_add_167_30_Y_u_cpu_add_165_34_Y_u_cpu_add_163_30_g828/Y    NOR2X6            2 10.0   82   +70    9047 R 
u_cpu_add_167_30_Y_u_cpu_add_165_34_Y_u_cpu_add_163_30_g827/B0                                    +0    9047   
u_cpu_add_167_30_Y_u_cpu_add_165_34_Y_u_cpu_add_163_30_g827/Y    AOI2BB1X4         1  8.5   76   +62    9109 F 
u_cpu_add_167_30_Y_u_cpu_add_165_34_Y_u_cpu_add_163_30_g825/B                                     +0    9110   
u_cpu_add_167_30_Y_u_cpu_add_165_34_Y_u_cpu_add_163_30_g825/Y    NOR2X6            2 11.3   89   +68    9177 R 
u_cpu_add_167_30_Y_u_cpu_add_165_34_Y_u_cpu_add_163_30_g824/B                                     +0    9177   
u_cpu_add_167_30_Y_u_cpu_add_165_34_Y_u_cpu_add_163_30_g824/Y    NOR2X6            1  8.5   93   +54    9231 F 
u_cpu_add_167_30_Y_u_cpu_add_165_34_Y_u_cpu_add_163_30_g822/B                                     +0    9232   
u_cpu_add_167_30_Y_u_cpu_add_165_34_Y_u_cpu_add_163_30_g822/Y    NOR2X6            2 10.0   82   +70    9302 R 
u_cpu_add_167_30_Y_u_cpu_add_165_34_Y_u_cpu_add_163_30_g821/B0                                    +0    9302   
u_cpu_add_167_30_Y_u_cpu_add_165_34_Y_u_cpu_add_163_30_g821/Y    AOI2BB1X4         1  8.5   76   +62    9364 F 
u_cpu_add_167_30_Y_u_cpu_add_165_34_Y_u_cpu_add_163_30_g819/B                                     +0    9364   
u_cpu_add_167_30_Y_u_cpu_add_165_34_Y_u_cpu_add_163_30_g819/Y    NOR2X6            2 11.3   89   +68    9431 R 
u_cpu_add_167_30_Y_u_cpu_add_165_34_Y_u_cpu_add_163_30_g818/B                                     +0    9432   
u_cpu_add_167_30_Y_u_cpu_add_165_34_Y_u_cpu_add_163_30_g818/Y    NOR2X6            1  8.5   93   +54    9486 F 
u_cpu_add_167_30_Y_u_cpu_add_165_34_Y_u_cpu_add_163_30_g816/B                                     +0    9486   
u_cpu_add_167_30_Y_u_cpu_add_165_34_Y_u_cpu_add_163_30_g816/Y    NOR2X6            2 10.0   82   +70    9556 R 
g655057/B0                                                                                        +0    9556   
g655057/Y                                                        AOI2BB1X4         1  8.5   76   +62    9618 F 
g655056/A                                                                                         +0    9618   
g655056/Y                                                        NOR2X6            2 10.0   93   +72    9690 R 
u_cpu_add_167_30_Y_u_cpu_add_165_34_Y_u_cpu_add_163_30_g812/B0                                    +0    9690   
u_cpu_add_167_30_Y_u_cpu_add_165_34_Y_u_cpu_add_163_30_g812/Y    AOI2BB1X4         1  6.9   70   +62    9753 F 
u_cpu_add_167_30_Y_u_cpu_add_165_34_Y_u_cpu_add_163_30_g810/B                                     +0    9753   
u_cpu_add_167_30_Y_u_cpu_add_165_34_Y_u_cpu_add_163_30_g810/Y    NOR2X4            1  5.3   70   +57    9810 R 
u_cpu_add_167_30_Y_u_cpu_add_165_34_Y_u_cpu_add_163_30_g809/B                                     +0    9810   
u_cpu_add_167_30_Y_u_cpu_add_165_34_Y_u_cpu_add_163_30_g809/Y    XOR2X4            1  4.8   73  +156    9966 R 
g641353/B                                                                                         +0    9966   
g641353/Y                                                        NAND2X1           1  4.8  186  +124   10090 F 
g653712/B                                                                                         +0   10090   
g653712/Y                                                        NAND2X1           1  4.7  112  +112   10202 R 
u_cpu_pc_reg[31]/D                                               DFFRHQX1                         +0   10202   
u_cpu_pc_reg[31]/CK                                              setup                     100   +98   10300 R 
- - - - - - - - - - - - - - - - - - - - - - - - - - - - - - - - - - - - - - - - - - - - - - - - - - - - - - - -
(clock clk)                                                      capture                               10000 R 
                                                                 latency                        +500   10500 R 
                                                                 uncertainty                    -200   10300 R 
---------------------------------------------------------------------------------------------------------------
Cost Group   : 'clk' (path_group 'clk')
Timing slack :       0ps 
Start-point  : u_cpu_ir_reg[6]/CK
End-point    : u_cpu_pc_reg[31]/D

path   2:

                             Pin                                   Type       Fanout Load Slew Delay Arrival   
                                                                                     (fF) (ps)  (ps)   (ps)    
---------------------------------------------------------------------------------------------------------------
(clock clk)                                                      launch                                    0 R 
                                                                 latency                        +500     500 R 
u_cpu_ir_reg[6]/CK                                                                         100    +0     500 R 
u_cpu_ir_reg[6]/Q                                                SDFFRX2           9 26.8  231  +422     922 R 
g655025/A1N                                                                                       +0     922   
g655025/Y                                                        AOI2BB1X2         3 10.8  189  +239    1162 R 
g655023/AN                                                                                        +0    1162   
g655023/Y                                                        NOR3BX4           4 17.8  258  +280    1442 R 
g3/A1                                                                                             +0    1442   
g3/Y                                                             AOI21X4           1  7.0  134  +148    1590 F 
g655053/B0                                                                                        +0    1590   
g655053/Y                                                        OAI2BB1X4         7 25.3  133  +106    1696 R 
u_cpu_u_alu_sub_16_33_Y_u_cpu_u_alu_add_15_33_g4299/A                                             +0    1696   
u_cpu_u_alu_sub_16_33_Y_u_cpu_u_alu_add_15_33_g4299/Y            INVX2             1  7.0   77   +86    1782 F 
u_cpu_u_alu_sub_16_33_Y_u_cpu_u_alu_add_15_33_g4170/A0                                            +0    1782   
u_cpu_u_alu_sub_16_33_Y_u_cpu_u_alu_add_15_33_g4170/Y            OAI22X4           2 10.2  147  +106    1888 R 
u_cpu_u_alu_sub_16_33_Y_u_cpu_u_alu_add_15_33_g4110/B                                             +0    1888   
u_cpu_u_alu_sub_16_33_Y_u_cpu_u_alu_add_15_33_g4110/Y            NAND2X2           2  9.2  188  +144    2032 F 
u_cpu_u_alu_sub_16_33_Y_u_cpu_u_alu_add_15_33_g4046/B0                                            +0    2032   
u_cpu_u_alu_sub_16_33_Y_u_cpu_u_alu_add_15_33_g4046/Y            OAI21X4           2  9.9  125   +92    2124 R 
u_cpu_u_alu_sub_16_33_Y_u_cpu_u_alu_add_15_33_g4039/A1                                            +0    2124   
u_cpu_u_alu_sub_16_33_Y_u_cpu_u_alu_add_15_33_g4039/Y            AOI21X4           2  9.9  126  +115    2240 F 
u_cpu_u_alu_sub_16_33_Y_u_cpu_u_alu_add_15_33_g4034/B                                             +0    2240   
u_cpu_u_alu_sub_16_33_Y_u_cpu_u_alu_add_15_33_g4034/Y            NOR2X4            1  6.9   87   +82    2322 R 
u_cpu_u_alu_sub_16_33_Y_u_cpu_u_alu_add_15_33_g4032/B                                             +0    2322   
u_cpu_u_alu_sub_16_33_Y_u_cpu_u_alu_add_15_33_g4032/Y            NOR2X4            2  9.9   76   +63    2385 F 
u_cpu_u_alu_sub_16_33_Y_u_cpu_u_alu_add_15_33_g4030/B                                             +0    2385   
u_cpu_u_alu_sub_16_33_Y_u_cpu_u_alu_add_15_33_g4030/Y            NOR2X4            1  8.4   92   +71    2456 R 
u_cpu_u_alu_sub_16_33_Y_u_cpu_u_alu_add_15_33_g4028/B                                             +0    2456   
u_cpu_u_alu_sub_16_33_Y_u_cpu_u_alu_add_15_33_g4028/Y            NOR2X6            2  9.5   56   +57    2513 F 
u_cpu_u_alu_sub_16_33_Y_u_cpu_u_alu_add_15_33_g4026/B                                             +0    2513   
u_cpu_u_alu_sub_16_33_Y_u_cpu_u_alu_add_15_33_g4026/Y            NOR2X4            1  6.9   84   +59    2572 R 
u_cpu_u_alu_sub_16_33_Y_u_cpu_u_alu_add_15_33_g4024/B                                             +0    2572   
u_cpu_u_alu_sub_16_33_Y_u_cpu_u_alu_add_15_33_g4024/Y            NOR2X4            2  9.8   69   +61    2634 F 
u_cpu_u_alu_sub_16_33_Y_u_cpu_u_alu_add_15_33_g4021/B                                             +0    2634   
u_cpu_u_alu_sub_16_33_Y_u_cpu_u_alu_add_15_33_g4021/Y            NOR2X4            2  9.3  105   +72    2706 R 
u_cpu_u_alu_sub_16_33_Y_u_cpu_u_alu_add_15_33_g4015/A1                                            +0    2706   
u_cpu_u_alu_sub_16_33_Y_u_cpu_u_alu_add_15_33_g4015/Y            AOI21X4           2  9.8  126  +108    2814 F 
u_cpu_u_alu_sub_16_33_Y_u_cpu_u_alu_add_15_33_g4011/A1                                            +0    2814   
u_cpu_u_alu_sub_16_33_Y_u_cpu_u_alu_add_15_33_g4011/Y            OAI21X4           2  7.6  104   +95    2909 R 
g655048/A1N                                                                                       +0    2910   
g655048/Y                                                        OAI2BB1X4         2  9.6   83  +172    3082 R 
u_cpu_u_alu_sub_16_33_Y_u_cpu_u_alu_add_15_33_g4007/A                                             +0    3082   
u_cpu_u_alu_sub_16_33_Y_u_cpu_u_alu_add_15_33_g4007/Y            CLKINVX4          1  6.9   45   +52    3134 F 
u_cpu_u_alu_sub_16_33_Y_u_cpu_u_alu_add_15_33_g4005/A1                                            +0    3134   
u_cpu_u_alu_sub_16_33_Y_u_cpu_u_alu_add_15_33_g4005/Y            OAI21X4           2  9.8  127   +77    3211 R 
u_cpu_u_alu_sub_16_33_Y_u_cpu_u_alu_add_15_33_g4003/A1                                            +0    3211   
u_cpu_u_alu_sub_16_33_Y_u_cpu_u_alu_add_15_33_g4003/Y            AOI21X4           2  9.8  126  +116    3327 F 
u_cpu_u_alu_sub_16_33_Y_u_cpu_u_alu_add_15_33_g4000/A1                                            +0    3327   
u_cpu_u_alu_sub_16_33_Y_u_cpu_u_alu_add_15_33_g4000/Y            OAI21X4           2  9.6  124  +103    3430 R 
u_cpu_u_alu_sub_16_33_Y_u_cpu_u_alu_add_15_33_g3999/A                                             +0    3430   
u_cpu_u_alu_sub_16_33_Y_u_cpu_u_alu_add_15_33_g3999/Y            CLKINVX4          1  8.5   58   +71    3501 F 
u_cpu_u_alu_sub_16_33_Y_u_cpu_u_alu_add_15_33_g3998/B                                             +0    3501   
u_cpu_u_alu_sub_16_33_Y_u_cpu_u_alu_add_15_33_g3998/Y            NOR2X6            1  8.4   82   +54    3556 R 
u_cpu_u_alu_sub_16_33_Y_u_cpu_u_alu_add_15_33_g3996/B                                             +0    3556   
u_cpu_u_alu_sub_16_33_Y_u_cpu_u_alu_add_15_33_g3996/Y            NOR2X6            3 13.9   81   +60    3615 F 
u_cpu_u_alu_sub_16_33_Y_u_cpu_u_alu_add_15_33_g3995/B                                             +0    3616   
u_cpu_u_alu_sub_16_33_Y_u_cpu_u_alu_add_15_33_g3995/Y            NOR2X6            2 10.4  104   +67    3682 R 
u_cpu_u_alu_sub_16_33_Y_u_cpu_u_alu_add_15_33_g3991/B                                             +0    3682   
u_cpu_u_alu_sub_16_33_Y_u_cpu_u_alu_add_15_33_g3991/Y            NAND2X4           1 10.0  126   +96    3778 F 
u_cpu_u_alu_sub_16_33_Y_u_cpu_u_alu_add_15_33_g3989/B                                             +0    3778   
u_cpu_u_alu_sub_16_33_Y_u_cpu_u_alu_add_15_33_g3989/Y            NAND2X8           4 19.3   82   +71    3849 R 
g655046/C                                                                                         +0    3849   
g655046/Y                                                        NAND3BX4          1  7.0  160  +108    3957 F 
u_cpu_u_alu_sub_16_33_Y_u_cpu_u_alu_add_15_33_g3974/A1                                            +0    3957   
u_cpu_u_alu_sub_16_33_Y_u_cpu_u_alu_add_15_33_g3974/Y            AOI21X4           1  6.9  114  +107    4064 R 
u_cpu_u_alu_sub_16_33_Y_u_cpu_u_alu_add_15_33_g3971/B                                             +0    4064   
u_cpu_u_alu_sub_16_33_Y_u_cpu_u_alu_add_15_33_g3971/Y            NOR2X4            2  8.5   69   +70    4134 F 
g655051/A1                                                                                        +0    4134   
g655051/Y                                                        OAI21X2           2  7.3  151  +103    4237 R 
g654906/A0N                                                                                       +0    4237   
g654906/Y                                                        OAI2BB1X2         1  4.5   98  +203    4440 R 
g4/A                                                                                              +0    4440   
g4/Y                                                             INVXL             2  8.4  262  +171    4611 F 
u_cpu_u_alu_sub_16_33_Y_u_cpu_u_alu_add_15_33_g4329/B                                             +0    4611   
u_cpu_u_alu_sub_16_33_Y_u_cpu_u_alu_add_15_33_g4329/Y            XNOR2X1           1  5.4  108  +273    4884 R 
g165980/B                                                                                         +0    4884   
g165980/Y                                                        NAND2X2           1  7.0  144  +114    4998 F 
g166000/B                                                                                         +0    4998   
g166000/Y                                                        NAND2X4           2  9.7   69   +78    5076 R 
g165574/A                                                                                         +0    5076   
g165574/Y                                                        NOR2X4            1  8.4   58   +57    5133 F 
g165556/B                                                                                         +0    5134   
g165556/Y                                                        NAND2X6           1  6.9   39   +39    5172 R 
g165555/B                                                                                         +0    5172   
g165555/Y                                                        NOR2X4            1  7.1   58   +39    5212 F 
g165554/B0                                                                                        +0    5212   
g165554/Y                                                        AOI2BB1X4         1 10.0  107   +82    5294 R 
g165553/B                                                                                         +0    5294   
g165553/Y                                                        NOR2X8            6 19.5   79   +69    5363 F 
g165550/S0                                                                                        +0    5363   
g165550/Y                                                        CLKMX2X3          3 10.0   82  +203    5566 R 
g655045/A1                                                                                        +0    5566   
g655045/Y                                                        OA21X2            1  6.9   86  +188    5754 R 
u_cpu_add_167_30_Y_u_cpu_add_165_34_Y_u_cpu_add_163_30_g913/B                                     +0    5754   
u_cpu_add_167_30_Y_u_cpu_add_165_34_Y_u_cpu_add_163_30_g913/Y    NOR2X4            2  9.8   64   +62    5816 F 
u_cpu_add_167_30_Y_u_cpu_add_165_34_Y_u_cpu_add_163_30_g911/B                                     +0    5816   
u_cpu_add_167_30_Y_u_cpu_add_165_34_Y_u_cpu_add_163_30_g911/Y    NOR2X4            1  8.4   90   +67    5883 R 
u_cpu_add_167_30_Y_u_cpu_add_165_34_Y_u_cpu_add_163_30_g909/B                                     +0    5883   
u_cpu_add_167_30_Y_u_cpu_add_165_34_Y_u_cpu_add_163_30_g909/Y    NOR2X6            2 10.0   64   +57    5940 F 
u_cpu_add_167_30_Y_u_cpu_add_165_34_Y_u_cpu_add_163_30_g907/B0                                    +0    5940   
u_cpu_add_167_30_Y_u_cpu_add_165_34_Y_u_cpu_add_163_30_g907/Y    AOI2BB1X4         1  6.9   84   +73    6013 R 
u_cpu_add_167_30_Y_u_cpu_add_165_34_Y_u_cpu_add_163_30_g905/B                                     +0    6013   
u_cpu_add_167_30_Y_u_cpu_add_165_34_Y_u_cpu_add_163_30_g905/Y    NOR2X4            2 10.0   71   +62    6075 F 
u_cpu_add_167_30_Y_u_cpu_add_165_34_Y_u_cpu_add_163_30_g903/B0                                    +0    6075   
u_cpu_add_167_30_Y_u_cpu_add_165_34_Y_u_cpu_add_163_30_g903/Y    AOI2BB1X4         1  6.8   84   +74    6150 R 
g655044/B0                                                                                        +0    6150   
g655044/Y                                                        AOI21X4           2  7.7  113   +56    6206 F 
u_cpu_add_167_30_Y_u_cpu_add_165_34_Y_u_cpu_add_163_30_g899/B0                                    +0    6206   
u_cpu_add_167_30_Y_u_cpu_add_165_34_Y_u_cpu_add_163_30_g899/Y    AOI2BB1X1         1  5.5  194  +143    6350 R 
u_cpu_add_167_30_Y_u_cpu_add_165_34_Y_u_cpu_add_163_30_g897/B                                     +0    6350   
u_cpu_add_167_30_Y_u_cpu_add_165_34_Y_u_cpu_add_163_30_g897/Y    NOR2X2            2  7.7   98  +115    6465 F 
g655043/A1N                                                                                       +0    6465   
g655043/Y                                                        AOI2BB1X4         2  8.5   74  +164    6628 F 
u_cpu_add_167_30_Y_u_cpu_add_165_34_Y_u_cpu_add_163_30_g891/B0                                    +0    6629   
u_cpu_add_167_30_Y_u_cpu_add_165_34_Y_u_cpu_add_163_30_g891/Y    AOI2BB1X2         1  8.4  155  +112    6741 R 
u_cpu_add_167_30_Y_u_cpu_add_165_34_Y_u_cpu_add_163_30_g889/B                                     +0    6741   
u_cpu_add_167_30_Y_u_cpu_add_165_34_Y_u_cpu_add_163_30_g889/Y    NOR2X6            2  9.8   64   +79    6820 F 
u_cpu_add_167_30_Y_u_cpu_add_165_34_Y_u_cpu_add_163_30_g887/B                                     +0    6820   
u_cpu_add_167_30_Y_u_cpu_add_165_34_Y_u_cpu_add_163_30_g887/Y    NOR2X4            1  8.4   96   +67    6887 R 
u_cpu_add_167_30_Y_u_cpu_add_165_34_Y_u_cpu_add_163_30_g885/B                                     +0    6887   
u_cpu_add_167_30_Y_u_cpu_add_165_34_Y_u_cpu_add_163_30_g885/Y    NOR2X6            2  9.8   64   +59    6946 F 
u_cpu_add_167_30_Y_u_cpu_add_165_34_Y_u_cpu_add_163_30_g883/B                                     +0    6946   
u_cpu_add_167_30_Y_u_cpu_add_165_34_Y_u_cpu_add_163_30_g883/Y    NOR2X4            1  6.9   84   +61    7007 R 
u_cpu_add_167_30_Y_u_cpu_add_165_34_Y_u_cpu_add_163_30_g881/B                                     +0    7007   
u_cpu_add_167_30_Y_u_cpu_add_165_34_Y_u_cpu_add_163_30_g881/Y    NOR2X4            2 10.0   71   +62    7069 F 
u_cpu_add_167_30_Y_u_cpu_add_165_34_Y_u_cpu_add_163_30_g879/B0                                    +0    7069   
u_cpu_add_167_30_Y_u_cpu_add_165_34_Y_u_cpu_add_163_30_g879/Y    AOI2BB1X4         1  6.9   85   +75    7144 R 
u_cpu_add_167_30_Y_u_cpu_add_165_34_Y_u_cpu_add_163_30_g877/B                                     +0    7144   
u_cpu_add_167_30_Y_u_cpu_add_165_34_Y_u_cpu_add_163_30_g877/Y    NOR2X4            2 10.0   71   +62    7206 F 
u_cpu_add_167_30_Y_u_cpu_add_165_34_Y_u_cpu_add_163_30_g875/B0                                    +0    7207   
u_cpu_add_167_30_Y_u_cpu_add_165_34_Y_u_cpu_add_163_30_g875/Y    AOI2BB1X4         1  6.9   84   +75    7282 R 
u_cpu_add_167_30_Y_u_cpu_add_165_34_Y_u_cpu_add_163_30_g873/B                                     +0    7282   
u_cpu_add_167_30_Y_u_cpu_add_165_34_Y_u_cpu_add_163_30_g873/Y    NOR2X4            2 11.4   77   +65    7346 F 
u_cpu_add_167_30_Y_u_cpu_add_165_34_Y_u_cpu_add_163_30_g871/B                                     +0    7347   
u_cpu_add_167_30_Y_u_cpu_add_165_34_Y_u_cpu_add_163_30_g871/Y    NOR2X6            1  8.4   76   +61    7407 R 
u_cpu_add_167_30_Y_u_cpu_add_165_34_Y_u_cpu_add_163_30_g869/B                                     +0    7407   
u_cpu_add_167_30_Y_u_cpu_add_165_34_Y_u_cpu_add_163_30_g869/Y    NOR2X6            2 10.0   64   +52    7459 F 
u_cpu_add_167_30_Y_u_cpu_add_165_34_Y_u_cpu_add_163_30_g867/B0                                    +0    7459   
u_cpu_add_167_30_Y_u_cpu_add_165_34_Y_u_cpu_add_163_30_g867/Y    AOI2BB1X4         1  8.4   95   +78    7538 R 
u_cpu_add_167_30_Y_u_cpu_add_165_34_Y_u_cpu_add_163_30_g865/B                                     +0    7538   
u_cpu_add_167_30_Y_u_cpu_add_165_34_Y_u_cpu_add_163_30_g865/Y    NOR2X6            2 11.4   68   +61    7598 F 
u_cpu_add_167_30_Y_u_cpu_add_165_34_Y_u_cpu_add_163_30_g863/B                                     +0    7599   
u_cpu_add_167_30_Y_u_cpu_add_165_34_Y_u_cpu_add_163_30_g863/Y    NOR2X6            1  8.4   76   +58    7656 R 
u_cpu_add_167_30_Y_u_cpu_add_165_34_Y_u_cpu_add_163_30_g861/B                                     +0    7656   
u_cpu_add_167_30_Y_u_cpu_add_165_34_Y_u_cpu_add_163_30_g861/Y    NOR2X6            2  9.5   63   +51    7707 F 
u_cpu_add_167_30_Y_u_cpu_add_165_34_Y_u_cpu_add_163_30_g859/B0                                    +0    7707   
u_cpu_add_167_30_Y_u_cpu_add_165_34_Y_u_cpu_add_163_30_g859/Y    AOI2BB1X4         1  8.4   95   +78    7785 R 
u_cpu_add_167_30_Y_u_cpu_add_165_34_Y_u_cpu_add_163_30_g857/B                                     +0    7786   
u_cpu_add_167_30_Y_u_cpu_add_165_34_Y_u_cpu_add_163_30_g857/Y    NOR2X6            2  9.5   63   +58    7844 F 
u_cpu_add_167_30_Y_u_cpu_add_165_34_Y_u_cpu_add_163_30_g855/B0                                    +0    7844   
u_cpu_add_167_30_Y_u_cpu_add_165_34_Y_u_cpu_add_163_30_g855/Y    AOI2BB1X4         1  8.4   95   +78    7922 R 
u_cpu_add_167_30_Y_u_cpu_add_165_34_Y_u_cpu_add_163_30_g853/B                                     +0    7922   
u_cpu_add_167_30_Y_u_cpu_add_165_34_Y_u_cpu_add_163_30_g853/Y    NOR2X6            2  9.3   62   +58    7980 F 
u_cpu_add_167_30_Y_u_cpu_add_165_34_Y_u_cpu_add_163_30_g851/B                                     +0    7980   
u_cpu_add_167_30_Y_u_cpu_add_165_34_Y_u_cpu_add_163_30_g851/Y    NOR2X4            1  6.9   82   +61    8041 R 
u_cpu_add_167_30_Y_u_cpu_add_165_34_Y_u_cpu_add_163_30_g849/B                                     +0    8041   
u_cpu_add_167_30_Y_u_cpu_add_165_34_Y_u_cpu_add_163_30_g849/Y    NOR2X4            2  9.8   71   +61    8102 F 
u_cpu_add_167_30_Y_u_cpu_add_165_34_Y_u_cpu_add_163_30_g848/B                                     +0    8102   
u_cpu_add_167_30_Y_u_cpu_add_165_34_Y_u_cpu_add_163_30_g848/Y    NOR2X4            1  6.9   82   +64    8166 R 
u_cpu_add_167_30_Y_u_cpu_add_165_34_Y_u_cpu_add_163_30_g846/B                                     +0    8166   
u_cpu_add_167_30_Y_u_cpu_add_165_34_Y_u_cpu_add_163_30_g846/Y    NOR2X4            2 10.0   71   +61    8227 F 
u_cpu_add_167_30_Y_u_cpu_add_165_34_Y_u_cpu_add_163_30_g845/B0                                    +0    8227   
u_cpu_add_167_30_Y_u_cpu_add_165_34_Y_u_cpu_add_163_30_g845/Y    AOI2BB1X4         1  6.9   85   +75    8302 R 
u_cpu_add_167_30_Y_u_cpu_add_165_34_Y_u_cpu_add_163_30_g843/B                                     +0    8302   
u_cpu_add_167_30_Y_u_cpu_add_165_34_Y_u_cpu_add_163_30_g843/Y    NOR2X4            2 10.0   71   +62    8364 F 
g655480/B0                                                                                        +0    8364   
g655480/Y                                                        AOI2BB1X4         1  6.9   85   +75    8439 R 
u_cpu_add_167_30_Y_u_cpu_add_165_34_Y_u_cpu_add_163_30_g840/B                                     +0    8440   
u_cpu_add_167_30_Y_u_cpu_add_165_34_Y_u_cpu_add_163_30_g840/Y    NOR2X4            2 11.4   77   +65    8505 F 
u_cpu_add_167_30_Y_u_cpu_add_165_34_Y_u_cpu_add_163_30_g839/B                                     +0    8505   
u_cpu_add_167_30_Y_u_cpu_add_165_34_Y_u_cpu_add_163_30_g839/Y    NOR2X6            1  8.4   78   +61    8565 R 
u_cpu_add_167_30_Y_u_cpu_add_165_34_Y_u_cpu_add_163_30_g837/B                                     +0    8566   
u_cpu_add_167_30_Y_u_cpu_add_165_34_Y_u_cpu_add_163_30_g837/Y    NOR2X6            2 10.0   64   +53    8618 F 
u_cpu_add_167_30_Y_u_cpu_add_165_34_Y_u_cpu_add_163_30_g836/B0                                    +0    8618   
u_cpu_add_167_30_Y_u_cpu_add_165_34_Y_u_cpu_add_163_30_g836/Y    AOI2BB1X4         1  8.4   97   +78    8697 R 
u_cpu_add_167_30_Y_u_cpu_add_165_34_Y_u_cpu_add_163_30_g834/B                                     +0    8697   
u_cpu_add_167_30_Y_u_cpu_add_165_34_Y_u_cpu_add_163_30_g834/Y    NOR2X6            2 10.0   64   +60    8756 F 
u_cpu_add_167_30_Y_u_cpu_add_165_34_Y_u_cpu_add_163_30_g833/B0                                    +0    8756   
u_cpu_add_167_30_Y_u_cpu_add_165_34_Y_u_cpu_add_163_30_g833/Y    AOI2BB1X4         1  8.4   97   +78    8835 R 
u_cpu_add_167_30_Y_u_cpu_add_165_34_Y_u_cpu_add_163_30_g831/B                                     +0    8835   
u_cpu_add_167_30_Y_u_cpu_add_165_34_Y_u_cpu_add_163_30_g831/Y    NOR2X6            2 11.4   68   +62    8897 F 
u_cpu_add_167_30_Y_u_cpu_add_165_34_Y_u_cpu_add_163_30_g830/B                                     +0    8897   
u_cpu_add_167_30_Y_u_cpu_add_165_34_Y_u_cpu_add_163_30_g830/Y    NOR2X6            1  8.4   80   +58    8954 R 
u_cpu_add_167_30_Y_u_cpu_add_165_34_Y_u_cpu_add_163_30_g828/B                                     +0    8955   
u_cpu_add_167_30_Y_u_cpu_add_165_34_Y_u_cpu_add_163_30_g828/Y    NOR2X6            2 10.0   64   +54    9008 F 
u_cpu_add_167_30_Y_u_cpu_add_165_34_Y_u_cpu_add_163_30_g827/B0                                    +0    9008   
u_cpu_add_167_30_Y_u_cpu_add_165_34_Y_u_cpu_add_163_30_g827/Y    AOI2BB1X4         1  8.4   97   +78    9087 R 
u_cpu_add_167_30_Y_u_cpu_add_165_34_Y_u_cpu_add_163_30_g825/B                                     +0    9087   
u_cpu_add_167_30_Y_u_cpu_add_165_34_Y_u_cpu_add_163_30_g825/Y    NOR2X6            2 11.4   68   +62    9148 F 
u_cpu_add_167_30_Y_u_cpu_add_165_34_Y_u_cpu_add_163_30_g824/B                                     +0    9148   
u_cpu_add_167_30_Y_u_cpu_add_165_34_Y_u_cpu_add_163_30_g824/Y    NOR2X6            1  8.4   80   +58    9206 R 
u_cpu_add_167_30_Y_u_cpu_add_165_34_Y_u_cpu_add_163_30_g822/B                                     +0    9206   
u_cpu_add_167_30_Y_u_cpu_add_165_34_Y_u_cpu_add_163_30_g822/Y    NOR2X6            2 10.0   64   +54    9260 F 
u_cpu_add_167_30_Y_u_cpu_add_165_34_Y_u_cpu_add_163_30_g821/B0                                    +0    9260   
u_cpu_add_167_30_Y_u_cpu_add_165_34_Y_u_cpu_add_163_30_g821/Y    AOI2BB1X4         1  8.4   97   +78    9338 R 
u_cpu_add_167_30_Y_u_cpu_add_165_34_Y_u_cpu_add_163_30_g819/B                                     +0    9338   
u_cpu_add_167_30_Y_u_cpu_add_165_34_Y_u_cpu_add_163_30_g819/Y    NOR2X6            2 11.4   68   +62    9400 F 
u_cpu_add_167_30_Y_u_cpu_add_165_34_Y_u_cpu_add_163_30_g818/B                                     +0    9400   
u_cpu_add_167_30_Y_u_cpu_add_165_34_Y_u_cpu_add_163_30_g818/Y    NOR2X6            1  8.4   80   +58    9458 R 
u_cpu_add_167_30_Y_u_cpu_add_165_34_Y_u_cpu_add_163_30_g816/B                                     +0    9458   
u_cpu_add_167_30_Y_u_cpu_add_165_34_Y_u_cpu_add_163_30_g816/Y    NOR2X6            2 10.0   64   +54    9512 F 
g655057/B0                                                                                        +0    9512   
g655057/Y                                                        AOI2BB1X4         1  8.5   98   +79    9590 R 
g655056/A                                                                                         +0    9591   
g655056/Y                                                        NOR2X6            2 10.0   62   +64    9655 F 
u_cpu_add_167_30_Y_u_cpu_add_165_34_Y_u_cpu_add_163_30_g812/B0                                    +0    9655   
u_cpu_add_167_30_Y_u_cpu_add_165_34_Y_u_cpu_add_163_30_g812/Y    AOI2BB1X4         1  6.9   86   +72    9727 R 
u_cpu_add_167_30_Y_u_cpu_add_165_34_Y_u_cpu_add_163_30_g810/B                                     +0    9727   
u_cpu_add_167_30_Y_u_cpu_add_165_34_Y_u_cpu_add_163_30_g810/Y    NOR2X4            1  5.3   53   +53    9780 F 
u_cpu_add_167_30_Y_u_cpu_add_165_34_Y_u_cpu_add_163_30_g809/B                                     +0    9780   
u_cpu_add_167_30_Y_u_cpu_add_165_34_Y_u_cpu_add_163_30_g809/Y    XOR2X4            1  4.8   73  +185    9966 R 
g641353/B                                                                                         +0    9966   
g641353/Y                                                        NAND2X1           1  4.8  186  +124   10090 F 
g653712/B                                                                                         +0   10090   
g653712/Y                                                        NAND2X1           1  4.7  112  +112   10202 R 
u_cpu_pc_reg[31]/D                                               DFFRHQX1                         +0   10202   
u_cpu_pc_reg[31]/CK                                              setup                     100   +98   10299 R 
- - - - - - - - - - - - - - - - - - - - - - - - - - - - - - - - - - - - - - - - - - - - - - - - - - - - - - - -
(clock clk)                                                      capture                               10000 R 
                                                                 latency                        +500   10500 R 
                                                                 uncertainty                    -200   10300 R 
---------------------------------------------------------------------------------------------------------------
Cost Group   : 'clk' (path_group 'clk')
Timing slack :       1ps 
Start-point  : u_cpu_ir_reg[6]/CK
End-point    : u_cpu_pc_reg[31]/D

path   3:

                             Pin                                   Type       Fanout Load Slew Delay Arrival   
                                                                                     (fF) (ps)  (ps)   (ps)    
---------------------------------------------------------------------------------------------------------------
(clock clk)                                                      launch                                    0 R 
                                                                 latency                        +500     500 R 
u_cpu_ir_reg[6]/CK                                                                         100    +0     500 R 
u_cpu_ir_reg[6]/Q                                                SDFFRX2           9 26.8  231  +422     922 R 
g655025/A1N                                                                                       +0     922   
g655025/Y                                                        AOI2BB1X2         3 10.8  189  +239    1162 R 
g655023/AN                                                                                        +0    1162   
g655023/Y                                                        NOR3BX4           4 17.8  258  +280    1442 R 
g655055/A1                                                                                        +0    1442   
g655055/Y                                                        AOI21X4           1  7.0  124  +148    1590 F 
g655054/B0                                                                                        +0    1590   
g655054/Y                                                        OAI2BB1X4         3 24.1  129  +100    1691 R 
u_cpu_u_alu_srl_21_33_g2998/A                                                                     +0    1691   
u_cpu_u_alu_srl_21_33_g2998/Y                                    CLKINVX20        20 80.8   89   +90    1781 F 
g159873/A                                                                                         +0    1781   
g159873/Y                                                        CLKINVX16        19 61.4   73   +67    1848 R 
u_cpu_u_alu_sra_22_42_g3260/A                                                                     +0    1848   
u_cpu_u_alu_sra_22_42_g3260/Y                                    CLKINVX8         20 56.3  131   +94    1941 F 
u_cpu_u_alu_sra_22_42_g3165/A1                                                                    +0    1941   
u_cpu_u_alu_sra_22_42_g3165/Y                                    AOI22X2           2  8.1  187  +151    2092 R 
u_cpu_u_alu_sra_22_42_g3281/A                                                                     +0    2092   
u_cpu_u_alu_sra_22_42_g3281/Y                                    INVX1             1  4.8  104  +118    2210 F 
u_cpu_u_alu_sra_22_42_g3149/B1                                                                    +0    2210   
u_cpu_u_alu_sra_22_42_g3149/Y                                    AOI22X1           2  8.0  289  +178    2388 R 
u_cpu_u_alu_sra_22_42_g3110/A1                                                                    +0    2388   
u_cpu_u_alu_sra_22_42_g3110/Y                                    OAI22X2           2  6.9  175  +206    2593 F 
u_cpu_u_alu_sra_22_42_g3072/A                                                                     +0    2593   
u_cpu_u_alu_sra_22_42_g3072/Y                                    MX2X1             2  7.1  142  +226    2819 F 
u_cpu_u_alu_sra_22_42_g3039/C                                                                     +0    2819   
u_cpu_u_alu_sra_22_42_g3039/Y                                    MX3X1             1  4.8  125  +194    3012 F 
g165772/B1                                                                                        +0    3013   
g165772/Y                                                        AOI22X1           1  4.8  223  +137    3149 R 
g165628/B                                                                                         +0    3149   
g165628/Y                                                        NAND2X1           1  5.4  210  +183    3332 F 
g655391/B0                                                                                        +0    3332   
g655391/Y                                                        AOI21X2           2  7.0  150  +140    3472 R 
g655030/AN                                                                                        +0    3472   
g655030/Y                                                        NOR4BX2           1  7.0  312  +310    3782 R 
g655029/C                                                                                         +0    3782   
g655029/Y                                                        NAND4BX4          1  6.7  252  +242    4024 F 
g655028/B                                                                                         +0    4024   
g655028/Y                                                        NOR4BX4           1  6.8  221  +213    4238 R 
g655027/B                                                                                         +0    4238   
g655027/Y                                                        NAND4BX4          1  7.3  248  +235    4473 F 
g165561/A                                                                                         +0    4473   
g165561/Y                                                        NOR3X4            1  7.1  150  +164    4637 R 
g655403/A                                                                                         +0    4637   
g655403/Y                                                        NAND2X4           1  6.9  103  +104    4741 F 
g165559/B                                                                                         +0    4741   
g165559/Y                                                        NOR2X4            1  6.8  103   +74    4815 R 
g655026/D                                                                                         +0    4815   
g655026/Y                                                        NAND4BBX4         1  7.1  238  +150    4965 F 
g165557/A                                                                                         +0    4965   
g165557/Y                                                        NOR2X4            1  8.6  110  +129    5094 R 
g165556/A                                                                                         +0    5094   
g165556/Y                                                        NAND2X6           1  6.9   74   +82    5177 F 
g165555/B                                                                                         +0    5177   
g165555/Y                                                        NOR2X4            1  7.1   85   +66    5243 R 
g165554/B0                                                                                        +0    5243   
g165554/Y                                                        AOI2BB1X4         1 10.0   80   +66    5309 F 
g165553/B                                                                                         +0    5309   
g165553/Y                                                        NOR2X8            6 19.5  112   +78    5386 R 
g165550/S0                                                                                        +0    5386   
g165550/Y                                                        CLKMX2X3          3 10.0   88  +218    5605 F 
g655045/A1                                                                                        +0    5605   
g655045/Y                                                        OA21X2            1  6.9   91  +182    5787 F 
u_cpu_add_167_30_Y_u_cpu_add_165_34_Y_u_cpu_add_163_30_g913/B                                     +0    5787   
u_cpu_add_167_30_Y_u_cpu_add_165_34_Y_u_cpu_add_163_30_g913/Y    NOR2X4            2  9.8  103   +81    5868 R 
u_cpu_add_167_30_Y_u_cpu_add_165_34_Y_u_cpu_add_163_30_g911/B                                     +0    5869   
u_cpu_add_167_30_Y_u_cpu_add_165_34_Y_u_cpu_add_163_30_g911/Y    NOR2X4            1  8.5   68   +66    5934 F 
u_cpu_add_167_30_Y_u_cpu_add_165_34_Y_u_cpu_add_163_30_g909/B                                     +0    5934   
u_cpu_add_167_30_Y_u_cpu_add_165_34_Y_u_cpu_add_163_30_g909/Y    NOR2X6            2 10.0   82   +62    5996 R 
u_cpu_add_167_30_Y_u_cpu_add_165_34_Y_u_cpu_add_163_30_g907/B0                                    +0    5996   
u_cpu_add_167_30_Y_u_cpu_add_165_34_Y_u_cpu_add_163_30_g907/Y    AOI2BB1X4         1  6.9   68   +59    6055 F 
u_cpu_add_167_30_Y_u_cpu_add_165_34_Y_u_cpu_add_163_30_g905/B                                     +0    6055   
u_cpu_add_167_30_Y_u_cpu_add_165_34_Y_u_cpu_add_163_30_g905/Y    NOR2X4            2 10.0  104   +74    6129 R 
u_cpu_add_167_30_Y_u_cpu_add_165_34_Y_u_cpu_add_163_30_g903/B0                                    +0    6129   
u_cpu_add_167_30_Y_u_cpu_add_165_34_Y_u_cpu_add_163_30_g903/Y    AOI2BB1X4         1  6.8   67   +67    6196 F 
g655044/B0                                                                                        +0    6196   
g655044/Y                                                        AOI21X4           2  7.7   98   +69    6265 R 
u_cpu_add_167_30_Y_u_cpu_add_165_34_Y_u_cpu_add_163_30_g899/B0                                    +0    6265   
u_cpu_add_167_30_Y_u_cpu_add_165_34_Y_u_cpu_add_163_30_g899/Y    AOI2BB1X1         1  5.5  116   +97    6362 F 
u_cpu_add_167_30_Y_u_cpu_add_165_34_Y_u_cpu_add_163_30_g897/B                                     +0    6362   
u_cpu_add_167_30_Y_u_cpu_add_165_34_Y_u_cpu_add_163_30_g897/Y    NOR2X2            2  7.7  143  +111    6473 R 
g655043/A1N                                                                                       +0    6473   
g655043/Y                                                        AOI2BB1X4         2  8.5   96  +154    6628 R 
u_cpu_add_167_30_Y_u_cpu_add_165_34_Y_u_cpu_add_163_30_g891/B0                                    +0    6628   
u_cpu_add_167_30_Y_u_cpu_add_165_34_Y_u_cpu_add_163_30_g891/Y    AOI2BB1X2         1  8.5  109   +85    6712 F 
u_cpu_add_167_30_Y_u_cpu_add_165_34_Y_u_cpu_add_163_30_g889/B                                     +0    6712   
u_cpu_add_167_30_Y_u_cpu_add_165_34_Y_u_cpu_add_163_30_g889/Y    NOR2X6            2  9.8   83   +75    6787 R 
u_cpu_add_167_30_Y_u_cpu_add_165_34_Y_u_cpu_add_163_30_g887/B                                     +0    6788   
u_cpu_add_167_30_Y_u_cpu_add_165_34_Y_u_cpu_add_163_30_g887/Y    NOR2X4            1  8.5   90   +58    6846 F 
u_cpu_add_167_30_Y_u_cpu_add_165_34_Y_u_cpu_add_163_30_g885/B                                     +0    6846   
u_cpu_add_167_30_Y_u_cpu_add_165_34_Y_u_cpu_add_163_30_g885/Y    NOR2X6            2  9.8   82   +68    6914 R 
u_cpu_add_167_30_Y_u_cpu_add_165_34_Y_u_cpu_add_163_30_g883/B                                     +0    6914   
u_cpu_add_167_30_Y_u_cpu_add_165_34_Y_u_cpu_add_163_30_g883/Y    NOR2X4            1  6.9   84   +54    6969 F 
u_cpu_add_167_30_Y_u_cpu_add_165_34_Y_u_cpu_add_163_30_g881/B                                     +0    6969   
u_cpu_add_167_30_Y_u_cpu_add_165_34_Y_u_cpu_add_163_30_g881/Y    NOR2X4            2 10.0  104   +80    7048 R 
u_cpu_add_167_30_Y_u_cpu_add_165_34_Y_u_cpu_add_163_30_g879/B0                                    +0    7049   
u_cpu_add_167_30_Y_u_cpu_add_165_34_Y_u_cpu_add_163_30_g879/Y    AOI2BB1X4         1  6.9   68   +67    7115 F 
u_cpu_add_167_30_Y_u_cpu_add_165_34_Y_u_cpu_add_163_30_g877/B                                     +0    7116   
u_cpu_add_167_30_Y_u_cpu_add_165_34_Y_u_cpu_add_163_30_g877/Y    NOR2X4            2 10.0  104   +74    7190 R 
u_cpu_add_167_30_Y_u_cpu_add_165_34_Y_u_cpu_add_163_30_g875/B0                                    +0    7190   
u_cpu_add_167_30_Y_u_cpu_add_165_34_Y_u_cpu_add_163_30_g875/Y    AOI2BB1X4         1  6.9   68   +67    7257 F 
u_cpu_add_167_30_Y_u_cpu_add_165_34_Y_u_cpu_add_163_30_g873/B                                     +0    7257   
u_cpu_add_167_30_Y_u_cpu_add_165_34_Y_u_cpu_add_163_30_g873/Y    NOR2X4            2 11.3  114   +79    7336 R 
u_cpu_add_167_30_Y_u_cpu_add_165_34_Y_u_cpu_add_163_30_g871/B                                     +0    7336   
u_cpu_add_167_30_Y_u_cpu_add_165_34_Y_u_cpu_add_163_30_g871/Y    NOR2X6            1  8.5   92   +63    7399 F 
u_cpu_add_167_30_Y_u_cpu_add_165_34_Y_u_cpu_add_163_30_g869/B                                     +0    7400   
u_cpu_add_167_30_Y_u_cpu_add_165_34_Y_u_cpu_add_163_30_g869/Y    NOR2X6            2 10.0   83   +70    7469 R 
u_cpu_add_167_30_Y_u_cpu_add_165_34_Y_u_cpu_add_163_30_g867/B0                                    +0    7470   
u_cpu_add_167_30_Y_u_cpu_add_165_34_Y_u_cpu_add_163_30_g867/Y    AOI2BB1X4         1  8.5   74   +62    7532 F 
u_cpu_add_167_30_Y_u_cpu_add_165_34_Y_u_cpu_add_163_30_g865/B                                     +0    7532   
u_cpu_add_167_30_Y_u_cpu_add_165_34_Y_u_cpu_add_163_30_g865/Y    NOR2X6            2 11.3   89   +67    7599 R 
u_cpu_add_167_30_Y_u_cpu_add_165_34_Y_u_cpu_add_163_30_g863/B                                     +0    7599   
u_cpu_add_167_30_Y_u_cpu_add_165_34_Y_u_cpu_add_163_30_g863/Y    NOR2X6            1  8.5   92   +54    7653 F 
u_cpu_add_167_30_Y_u_cpu_add_165_34_Y_u_cpu_add_163_30_g861/B                                     +0    7653   
u_cpu_add_167_30_Y_u_cpu_add_165_34_Y_u_cpu_add_163_30_g861/Y    NOR2X6            2  9.5   80   +68    7722 R 
u_cpu_add_167_30_Y_u_cpu_add_165_34_Y_u_cpu_add_163_30_g859/B0                                    +0    7722   
u_cpu_add_167_30_Y_u_cpu_add_165_34_Y_u_cpu_add_163_30_g859/Y    AOI2BB1X4         1  8.5   74   +61    7783 F 
u_cpu_add_167_30_Y_u_cpu_add_165_34_Y_u_cpu_add_163_30_g857/B                                     +0    7783   
u_cpu_add_167_30_Y_u_cpu_add_165_34_Y_u_cpu_add_163_30_g857/Y    NOR2X6            2  9.5   80   +62    7846 R 
u_cpu_add_167_30_Y_u_cpu_add_165_34_Y_u_cpu_add_163_30_g855/B0                                    +0    7846   
u_cpu_add_167_30_Y_u_cpu_add_165_34_Y_u_cpu_add_163_30_g855/Y    AOI2BB1X4         1  8.5   74   +61    7907 F 
u_cpu_add_167_30_Y_u_cpu_add_165_34_Y_u_cpu_add_163_30_g853/B                                     +0    7907   
u_cpu_add_167_30_Y_u_cpu_add_165_34_Y_u_cpu_add_163_30_g853/Y    NOR2X6            2  9.3   79   +62    7969 R 
u_cpu_add_167_30_Y_u_cpu_add_165_34_Y_u_cpu_add_163_30_g851/B                                     +0    7969   
u_cpu_add_167_30_Y_u_cpu_add_165_34_Y_u_cpu_add_163_30_g851/Y    NOR2X4            1  6.9   86   +54    8023 F 
u_cpu_add_167_30_Y_u_cpu_add_165_34_Y_u_cpu_add_163_30_g849/B                                     +0    8023   
u_cpu_add_167_30_Y_u_cpu_add_165_34_Y_u_cpu_add_163_30_g849/Y    NOR2X4            2  9.8  103   +79    8102 R 
u_cpu_add_167_30_Y_u_cpu_add_165_34_Y_u_cpu_add_163_30_g848/B                                     +0    8102   
u_cpu_add_167_30_Y_u_cpu_add_165_34_Y_u_cpu_add_163_30_g848/Y    NOR2X4            1  6.9   86   +62    8165 F 
u_cpu_add_167_30_Y_u_cpu_add_165_34_Y_u_cpu_add_163_30_g846/B                                     +0    8165   
u_cpu_add_167_30_Y_u_cpu_add_165_34_Y_u_cpu_add_163_30_g846/Y    NOR2X4            2 10.0  104   +80    8245 R 
u_cpu_add_167_30_Y_u_cpu_add_165_34_Y_u_cpu_add_163_30_g845/B0                                    +0    8245   
u_cpu_add_167_30_Y_u_cpu_add_165_34_Y_u_cpu_add_163_30_g845/Y    AOI2BB1X4         1  6.9   68   +67    8312 F 
u_cpu_add_167_30_Y_u_cpu_add_165_34_Y_u_cpu_add_163_30_g843/B                                     +0    8312   
u_cpu_add_167_30_Y_u_cpu_add_165_34_Y_u_cpu_add_163_30_g843/Y    NOR2X4            2 10.0  104   +74    8386 R 
g655480/B0                                                                                        +0    8386   
g655480/Y                                                        AOI2BB1X4         1  6.9   68   +67    8453 F 
u_cpu_add_167_30_Y_u_cpu_add_165_34_Y_u_cpu_add_163_30_g840/B                                     +0    8453   
u_cpu_add_167_30_Y_u_cpu_add_165_34_Y_u_cpu_add_163_30_g840/Y    NOR2X4            2 11.3  114   +79    8533 R 
u_cpu_add_167_30_Y_u_cpu_add_165_34_Y_u_cpu_add_163_30_g839/B                                     +0    8533   
u_cpu_add_167_30_Y_u_cpu_add_165_34_Y_u_cpu_add_163_30_g839/Y    NOR2X6            1  8.5   92   +63    8596 F 
u_cpu_add_167_30_Y_u_cpu_add_165_34_Y_u_cpu_add_163_30_g837/B                                     +0    8596   
u_cpu_add_167_30_Y_u_cpu_add_165_34_Y_u_cpu_add_163_30_g837/Y    NOR2X6            2 10.0   82   +70    8666 R 
u_cpu_add_167_30_Y_u_cpu_add_165_34_Y_u_cpu_add_163_30_g836/B0                                    +0    8666   
u_cpu_add_167_30_Y_u_cpu_add_165_34_Y_u_cpu_add_163_30_g836/Y    AOI2BB1X4         1  8.5   76   +62    8728 F 
u_cpu_add_167_30_Y_u_cpu_add_165_34_Y_u_cpu_add_163_30_g834/B                                     +0    8728   
u_cpu_add_167_30_Y_u_cpu_add_165_34_Y_u_cpu_add_163_30_g834/Y    NOR2X6            2 10.0   82   +64    8792 R 
u_cpu_add_167_30_Y_u_cpu_add_165_34_Y_u_cpu_add_163_30_g833/B0                                    +0    8792   
u_cpu_add_167_30_Y_u_cpu_add_165_34_Y_u_cpu_add_163_30_g833/Y    AOI2BB1X4         1  8.5   76   +62    8854 F 
u_cpu_add_167_30_Y_u_cpu_add_165_34_Y_u_cpu_add_163_30_g831/B                                     +0    8854   
u_cpu_add_167_30_Y_u_cpu_add_165_34_Y_u_cpu_add_163_30_g831/Y    NOR2X6            2 11.3   89   +68    8922 R 
u_cpu_add_167_30_Y_u_cpu_add_165_34_Y_u_cpu_add_163_30_g830/B                                     +0    8922   
u_cpu_add_167_30_Y_u_cpu_add_165_34_Y_u_cpu_add_163_30_g830/Y    NOR2X6            1  8.5   93   +54    8976 F 
u_cpu_add_167_30_Y_u_cpu_add_165_34_Y_u_cpu_add_163_30_g828/B                                     +0    8977   
u_cpu_add_167_30_Y_u_cpu_add_165_34_Y_u_cpu_add_163_30_g828/Y    NOR2X6            2 10.0   82   +70    9047 R 
u_cpu_add_167_30_Y_u_cpu_add_165_34_Y_u_cpu_add_163_30_g827/B0                                    +0    9047   
u_cpu_add_167_30_Y_u_cpu_add_165_34_Y_u_cpu_add_163_30_g827/Y    AOI2BB1X4         1  8.5   76   +62    9109 F 
u_cpu_add_167_30_Y_u_cpu_add_165_34_Y_u_cpu_add_163_30_g825/B                                     +0    9109   
u_cpu_add_167_30_Y_u_cpu_add_165_34_Y_u_cpu_add_163_30_g825/Y    NOR2X6            2 11.3   89   +68    9176 R 
u_cpu_add_167_30_Y_u_cpu_add_165_34_Y_u_cpu_add_163_30_g824/B                                     +0    9176   
u_cpu_add_167_30_Y_u_cpu_add_165_34_Y_u_cpu_add_163_30_g824/Y    NOR2X6            1  8.5   93   +54    9231 F 
u_cpu_add_167_30_Y_u_cpu_add_165_34_Y_u_cpu_add_163_30_g822/B                                     +0    9231   
u_cpu_add_167_30_Y_u_cpu_add_165_34_Y_u_cpu_add_163_30_g822/Y    NOR2X6            2 10.0   82   +70    9301 R 
u_cpu_add_167_30_Y_u_cpu_add_165_34_Y_u_cpu_add_163_30_g821/B0                                    +0    9301   
u_cpu_add_167_30_Y_u_cpu_add_165_34_Y_u_cpu_add_163_30_g821/Y    AOI2BB1X4         1  8.5   76   +62    9363 F 
u_cpu_add_167_30_Y_u_cpu_add_165_34_Y_u_cpu_add_163_30_g819/B                                     +0    9363   
u_cpu_add_167_30_Y_u_cpu_add_165_34_Y_u_cpu_add_163_30_g819/Y    NOR2X6            2 11.3   89   +68    9431 R 
u_cpu_add_167_30_Y_u_cpu_add_165_34_Y_u_cpu_add_163_30_g818/B                                     +0    9431   
u_cpu_add_167_30_Y_u_cpu_add_165_34_Y_u_cpu_add_163_30_g818/Y    NOR2X6            1  8.5   93   +54    9485 F 
u_cpu_add_167_30_Y_u_cpu_add_165_34_Y_u_cpu_add_163_30_g816/B                                     +0    9485   
u_cpu_add_167_30_Y_u_cpu_add_165_34_Y_u_cpu_add_163_30_g816/Y    NOR2X6            2 10.0   82   +70    9556 R 
g655057/B0                                                                                        +0    9556   
g655057/Y                                                        AOI2BB1X4         1  8.5   76   +62    9618 F 
g655056/A                                                                                         +0    9618   
g655056/Y                                                        NOR2X6            2 10.0   93   +72    9690 R 
u_cpu_add_167_30_Y_u_cpu_add_165_34_Y_u_cpu_add_163_30_g812/B0                                    +0    9690   
u_cpu_add_167_30_Y_u_cpu_add_165_34_Y_u_cpu_add_163_30_g812/Y    AOI2BB1X4         1  6.9   70   +62    9752 F 
u_cpu_add_167_30_Y_u_cpu_add_165_34_Y_u_cpu_add_163_30_g810/B                                     +0    9752   
u_cpu_add_167_30_Y_u_cpu_add_165_34_Y_u_cpu_add_163_30_g810/Y    NOR2X4            1  5.3   70   +57    9810 R 
u_cpu_add_167_30_Y_u_cpu_add_165_34_Y_u_cpu_add_163_30_g809/B                                     +0    9810   
u_cpu_add_167_30_Y_u_cpu_add_165_34_Y_u_cpu_add_163_30_g809/Y    XOR2X4            1  4.8   73  +156    9966 R 
g641353/B                                                                                         +0    9966   
g641353/Y                                                        NAND2X1           1  4.8  186  +124   10090 F 
g653712/B                                                                                         +0   10090   
g653712/Y                                                        NAND2X1           1  4.7  112  +112   10201 R 
u_cpu_pc_reg[31]/D                                               DFFRHQX1                         +0   10202   
u_cpu_pc_reg[31]/CK                                              setup                     100   +98   10299 R 
- - - - - - - - - - - - - - - - - - - - - - - - - - - - - - - - - - - - - - - - - - - - - - - - - - - - - - - -
(clock clk)                                                      capture                               10000 R 
                                                                 latency                        +500   10500 R 
                                                                 uncertainty                    -200   10300 R 
---------------------------------------------------------------------------------------------------------------
Cost Group   : 'clk' (path_group 'clk')
Timing slack :       1ps 
Start-point  : u_cpu_ir_reg[6]/CK
End-point    : u_cpu_pc_reg[31]/D

path   4:

                             Pin                                   Type       Fanout Load Slew Delay Arrival   
                                                                                     (fF) (ps)  (ps)   (ps)    
---------------------------------------------------------------------------------------------------------------
(clock clk)                                                      launch                                    0 R 
                                                                 latency                        +500     500 R 
u_cpu_ir_reg[6]/CK                                                                         100    +0     500 R 
u_cpu_ir_reg[6]/Q                                                SDFFRX2           9 26.8  231  +422     922 R 
g655025/A1N                                                                                       +0     922   
g655025/Y                                                        AOI2BB1X2         3 10.8  189  +239    1162 R 
g655023/AN                                                                                        +0    1162   
g655023/Y                                                        NOR3BX4           4 17.8  258  +280    1442 R 
g655055/A1                                                                                        +0    1442   
g655055/Y                                                        AOI21X4           1  7.0  124  +148    1590 F 
g655054/B0                                                                                        +0    1590   
g655054/Y                                                        OAI2BB1X4         3 24.1  129  +100    1691 R 
u_cpu_u_alu_srl_21_33_g2998/A                                                                     +0    1691   
u_cpu_u_alu_srl_21_33_g2998/Y                                    CLKINVX20        20 80.8   89   +90    1781 F 
u_cpu_u_alu_srl_21_33_g2991/A                                                                     +0    1781   
u_cpu_u_alu_srl_21_33_g2991/Y                                    CLKINVX12        16 51.2   78   +70    1851 R 
u_cpu_u_alu_srl_21_33_g2940/S0                                                                    +0    1851   
u_cpu_u_alu_srl_21_33_g2940/Y                                    MX2XL             2  7.1  231  +267    2118 F 
u_cpu_u_alu_srl_21_33_g2906/B                                                                     +0    2118   
u_cpu_u_alu_srl_21_33_g2906/Y                                    MX2XL             2  7.1  231  +283    2401 F 
u_cpu_u_alu_srl_21_33_g2871/A                                                                     +0    2402   
u_cpu_u_alu_srl_21_33_g2871/Y                                    MX2XL             2  7.2  234  +284    2685 F 
u_cpu_u_alu_srl_21_33_g2848/B1                                                                    +0    2685   
u_cpu_u_alu_srl_21_33_g2848/Y                                    AOI22X1           1  4.7  214  +171    2856 R 
u_cpu_u_alu_srl_21_33_g2813/A1                                                                    +0    2856   
u_cpu_u_alu_srl_21_33_g2813/Y                                    OAI22X1           1  5.4  261  +216    3072 F 
g165688/A1                                                                                        +0    3072   
g165688/Y                                                        AOI21X2           1  7.1  154  +167    3239 R 
g165984/A                                                                                         +0    3239   
g165984/Y                                                        NAND2X4           3 11.0  152  +122    3361 F 
g165581/A                                                                                         +0    3361   
g165581/Y                                                        NOR2X2            1  7.1  135  +124    3486 R 
g165578/A                                                                                         +0    3486   
g165578/Y                                                        NAND2X4           1  5.4   78   +93    3579 F 
g655030/C                                                                                         +0    3579   
g655030/Y                                                        NOR4BX2           1  7.0  312  +203    3782 R 
g655029/C                                                                                         +0    3782   
g655029/Y                                                        NAND4BX4          1  6.7  252  +242    4024 F 
g655028/B                                                                                         +0    4024   
g655028/Y                                                        NOR4BX4           1  6.8  221  +213    4237 R 
g655027/B                                                                                         +0    4237   
g655027/Y                                                        NAND4BX4          1  7.3  248  +235    4472 F 
g165561/A                                                                                         +0    4472   
g165561/Y                                                        NOR3X4            1  7.1  150  +164    4636 R 
g655403/A                                                                                         +0    4636   
g655403/Y                                                        NAND2X4           1  6.9  103  +104    4740 F 
g165559/B                                                                                         +0    4740   
g165559/Y                                                        NOR2X4            1  6.8  103   +74    4814 R 
g655026/D                                                                                         +0    4814   
g655026/Y                                                        NAND4BBX4         1  7.1  238  +150    4965 F 
g165557/A                                                                                         +0    4965   
g165557/Y                                                        NOR2X4            1  8.6  110  +129    5094 R 
g165556/A                                                                                         +0    5094   
g165556/Y                                                        NAND2X6           1  6.9   74   +82    5176 F 
g165555/B                                                                                         +0    5177   
g165555/Y                                                        NOR2X4            1  7.1   85   +66    5242 R 
g165554/B0                                                                                        +0    5242   
g165554/Y                                                        AOI2BB1X4         1 10.0   80   +66    5308 F 
g165553/B                                                                                         +0    5308   
g165553/Y                                                        NOR2X8            6 19.5  112   +78    5386 R 
g165550/S0                                                                                        +0    5386   
g165550/Y                                                        CLKMX2X3          3 10.0   88  +218    5604 F 
g655045/A1                                                                                        +0    5604   
g655045/Y                                                        OA21X2            1  6.9   91  +182    5787 F 
u_cpu_add_167_30_Y_u_cpu_add_165_34_Y_u_cpu_add_163_30_g913/B                                     +0    5787   
u_cpu_add_167_30_Y_u_cpu_add_165_34_Y_u_cpu_add_163_30_g913/Y    NOR2X4            2  9.8  103   +81    5868 R 
u_cpu_add_167_30_Y_u_cpu_add_165_34_Y_u_cpu_add_163_30_g911/B                                     +0    5868   
u_cpu_add_167_30_Y_u_cpu_add_165_34_Y_u_cpu_add_163_30_g911/Y    NOR2X4            1  8.5   68   +66    5934 F 
u_cpu_add_167_30_Y_u_cpu_add_165_34_Y_u_cpu_add_163_30_g909/B                                     +0    5934   
u_cpu_add_167_30_Y_u_cpu_add_165_34_Y_u_cpu_add_163_30_g909/Y    NOR2X6            2 10.0   82   +62    5996 R 
u_cpu_add_167_30_Y_u_cpu_add_165_34_Y_u_cpu_add_163_30_g907/B0                                    +0    5996   
u_cpu_add_167_30_Y_u_cpu_add_165_34_Y_u_cpu_add_163_30_g907/Y    AOI2BB1X4         1  6.9   68   +59    6054 F 
u_cpu_add_167_30_Y_u_cpu_add_165_34_Y_u_cpu_add_163_30_g905/B                                     +0    6054   
u_cpu_add_167_30_Y_u_cpu_add_165_34_Y_u_cpu_add_163_30_g905/Y    NOR2X4            2 10.0  104   +74    6129 R 
u_cpu_add_167_30_Y_u_cpu_add_165_34_Y_u_cpu_add_163_30_g903/B0                                    +0    6129   
u_cpu_add_167_30_Y_u_cpu_add_165_34_Y_u_cpu_add_163_30_g903/Y    AOI2BB1X4         1  6.8   67   +67    6195 F 
g655044/B0                                                                                        +0    6196   
g655044/Y                                                        AOI21X4           2  7.7   98   +69    6264 R 
u_cpu_add_167_30_Y_u_cpu_add_165_34_Y_u_cpu_add_163_30_g899/B0                                    +0    6265   
u_cpu_add_167_30_Y_u_cpu_add_165_34_Y_u_cpu_add_163_30_g899/Y    AOI2BB1X1         1  5.5  116   +97    6361 F 
u_cpu_add_167_30_Y_u_cpu_add_165_34_Y_u_cpu_add_163_30_g897/B                                     +0    6362   
u_cpu_add_167_30_Y_u_cpu_add_165_34_Y_u_cpu_add_163_30_g897/Y    NOR2X2            2  7.7  143  +111    6472 R 
g655043/A1N                                                                                       +0    6472   
g655043/Y                                                        AOI2BB1X4         2  8.5   96  +154    6627 R 
u_cpu_add_167_30_Y_u_cpu_add_165_34_Y_u_cpu_add_163_30_g891/B0                                    +0    6627   
u_cpu_add_167_30_Y_u_cpu_add_165_34_Y_u_cpu_add_163_30_g891/Y    AOI2BB1X2         1  8.5  109   +85    6712 F 
u_cpu_add_167_30_Y_u_cpu_add_165_34_Y_u_cpu_add_163_30_g889/B                                     +0    6712   
u_cpu_add_167_30_Y_u_cpu_add_165_34_Y_u_cpu_add_163_30_g889/Y    NOR2X6            2  9.8   83   +75    6787 R 
u_cpu_add_167_30_Y_u_cpu_add_165_34_Y_u_cpu_add_163_30_g887/B                                     +0    6787   
u_cpu_add_167_30_Y_u_cpu_add_165_34_Y_u_cpu_add_163_30_g887/Y    NOR2X4            1  8.5   90   +58    6845 F 
u_cpu_add_167_30_Y_u_cpu_add_165_34_Y_u_cpu_add_163_30_g885/B                                     +0    6845   
u_cpu_add_167_30_Y_u_cpu_add_165_34_Y_u_cpu_add_163_30_g885/Y    NOR2X6            2  9.8   82   +68    6914 R 
u_cpu_add_167_30_Y_u_cpu_add_165_34_Y_u_cpu_add_163_30_g883/B                                     +0    6914   
u_cpu_add_167_30_Y_u_cpu_add_165_34_Y_u_cpu_add_163_30_g883/Y    NOR2X4            1  6.9   84   +54    6968 F 
u_cpu_add_167_30_Y_u_cpu_add_165_34_Y_u_cpu_add_163_30_g881/B                                     +0    6968   
u_cpu_add_167_30_Y_u_cpu_add_165_34_Y_u_cpu_add_163_30_g881/Y    NOR2X4            2 10.0  104   +80    7048 R 
u_cpu_add_167_30_Y_u_cpu_add_165_34_Y_u_cpu_add_163_30_g879/B0                                    +0    7048   
u_cpu_add_167_30_Y_u_cpu_add_165_34_Y_u_cpu_add_163_30_g879/Y    AOI2BB1X4         1  6.9   68   +67    7115 F 
u_cpu_add_167_30_Y_u_cpu_add_165_34_Y_u_cpu_add_163_30_g877/B                                     +0    7115   
u_cpu_add_167_30_Y_u_cpu_add_165_34_Y_u_cpu_add_163_30_g877/Y    NOR2X4            2 10.0  104   +74    7189 R 
u_cpu_add_167_30_Y_u_cpu_add_165_34_Y_u_cpu_add_163_30_g875/B0                                    +0    7190   
u_cpu_add_167_30_Y_u_cpu_add_165_34_Y_u_cpu_add_163_30_g875/Y    AOI2BB1X4         1  6.9   68   +67    7256 F 
u_cpu_add_167_30_Y_u_cpu_add_165_34_Y_u_cpu_add_163_30_g873/B                                     +0    7256   
u_cpu_add_167_30_Y_u_cpu_add_165_34_Y_u_cpu_add_163_30_g873/Y    NOR2X4            2 11.3  114   +79    7336 R 
u_cpu_add_167_30_Y_u_cpu_add_165_34_Y_u_cpu_add_163_30_g871/B                                     +0    7336   
u_cpu_add_167_30_Y_u_cpu_add_165_34_Y_u_cpu_add_163_30_g871/Y    NOR2X6            1  8.5   92   +63    7399 F 
u_cpu_add_167_30_Y_u_cpu_add_165_34_Y_u_cpu_add_163_30_g869/B                                     +0    7399   
u_cpu_add_167_30_Y_u_cpu_add_165_34_Y_u_cpu_add_163_30_g869/Y    NOR2X6            2 10.0   83   +70    7469 R 
u_cpu_add_167_30_Y_u_cpu_add_165_34_Y_u_cpu_add_163_30_g867/B0                                    +0    7469   
u_cpu_add_167_30_Y_u_cpu_add_165_34_Y_u_cpu_add_163_30_g867/Y    AOI2BB1X4         1  8.5   74   +62    7531 F 
u_cpu_add_167_30_Y_u_cpu_add_165_34_Y_u_cpu_add_163_30_g865/B                                     +0    7531   
u_cpu_add_167_30_Y_u_cpu_add_165_34_Y_u_cpu_add_163_30_g865/Y    NOR2X6            2 11.3   89   +67    7598 R 
u_cpu_add_167_30_Y_u_cpu_add_165_34_Y_u_cpu_add_163_30_g863/B                                     +0    7598   
u_cpu_add_167_30_Y_u_cpu_add_165_34_Y_u_cpu_add_163_30_g863/Y    NOR2X6            1  8.5   92   +54    7653 F 
u_cpu_add_167_30_Y_u_cpu_add_165_34_Y_u_cpu_add_163_30_g861/B                                     +0    7653   
u_cpu_add_167_30_Y_u_cpu_add_165_34_Y_u_cpu_add_163_30_g861/Y    NOR2X6            2  9.5   80   +68    7721 R 
u_cpu_add_167_30_Y_u_cpu_add_165_34_Y_u_cpu_add_163_30_g859/B0                                    +0    7721   
u_cpu_add_167_30_Y_u_cpu_add_165_34_Y_u_cpu_add_163_30_g859/Y    AOI2BB1X4         1  8.5   74   +61    7782 F 
u_cpu_add_167_30_Y_u_cpu_add_165_34_Y_u_cpu_add_163_30_g857/B                                     +0    7783   
u_cpu_add_167_30_Y_u_cpu_add_165_34_Y_u_cpu_add_163_30_g857/Y    NOR2X6            2  9.5   80   +62    7845 R 
u_cpu_add_167_30_Y_u_cpu_add_165_34_Y_u_cpu_add_163_30_g855/B0                                    +0    7845   
u_cpu_add_167_30_Y_u_cpu_add_165_34_Y_u_cpu_add_163_30_g855/Y    AOI2BB1X4         1  8.5   74   +61    7906 F 
u_cpu_add_167_30_Y_u_cpu_add_165_34_Y_u_cpu_add_163_30_g853/B                                     +0    7907   
u_cpu_add_167_30_Y_u_cpu_add_165_34_Y_u_cpu_add_163_30_g853/Y    NOR2X6            2  9.3   79   +62    7969 R 
u_cpu_add_167_30_Y_u_cpu_add_165_34_Y_u_cpu_add_163_30_g851/B                                     +0    7969   
u_cpu_add_167_30_Y_u_cpu_add_165_34_Y_u_cpu_add_163_30_g851/Y    NOR2X4            1  6.9   86   +54    8022 F 
u_cpu_add_167_30_Y_u_cpu_add_165_34_Y_u_cpu_add_163_30_g849/B                                     +0    8022   
u_cpu_add_167_30_Y_u_cpu_add_165_34_Y_u_cpu_add_163_30_g849/Y    NOR2X4            2  9.8  103   +79    8102 R 
u_cpu_add_167_30_Y_u_cpu_add_165_34_Y_u_cpu_add_163_30_g848/B                                     +0    8102   
u_cpu_add_167_30_Y_u_cpu_add_165_34_Y_u_cpu_add_163_30_g848/Y    NOR2X4            1  6.9   86   +62    8164 F 
u_cpu_add_167_30_Y_u_cpu_add_165_34_Y_u_cpu_add_163_30_g846/B                                     +0    8164   
u_cpu_add_167_30_Y_u_cpu_add_165_34_Y_u_cpu_add_163_30_g846/Y    NOR2X4            2 10.0  104   +80    8244 R 
u_cpu_add_167_30_Y_u_cpu_add_165_34_Y_u_cpu_add_163_30_g845/B0                                    +0    8244   
u_cpu_add_167_30_Y_u_cpu_add_165_34_Y_u_cpu_add_163_30_g845/Y    AOI2BB1X4         1  6.9   68   +67    8311 F 
u_cpu_add_167_30_Y_u_cpu_add_165_34_Y_u_cpu_add_163_30_g843/B                                     +0    8312   
u_cpu_add_167_30_Y_u_cpu_add_165_34_Y_u_cpu_add_163_30_g843/Y    NOR2X4            2 10.0  104   +74    8386 R 
g655480/B0                                                                                        +0    8386   
g655480/Y                                                        AOI2BB1X4         1  6.9   68   +67    8453 F 
u_cpu_add_167_30_Y_u_cpu_add_165_34_Y_u_cpu_add_163_30_g840/B                                     +0    8453   
u_cpu_add_167_30_Y_u_cpu_add_165_34_Y_u_cpu_add_163_30_g840/Y    NOR2X4            2 11.3  114   +79    8532 R 
u_cpu_add_167_30_Y_u_cpu_add_165_34_Y_u_cpu_add_163_30_g839/B                                     +0    8532   
u_cpu_add_167_30_Y_u_cpu_add_165_34_Y_u_cpu_add_163_30_g839/Y    NOR2X6            1  8.5   92   +63    8596 F 
u_cpu_add_167_30_Y_u_cpu_add_165_34_Y_u_cpu_add_163_30_g837/B                                     +0    8596   
u_cpu_add_167_30_Y_u_cpu_add_165_34_Y_u_cpu_add_163_30_g837/Y    NOR2X6            2 10.0   82   +70    8665 R 
u_cpu_add_167_30_Y_u_cpu_add_165_34_Y_u_cpu_add_163_30_g836/B0                                    +0    8665   
u_cpu_add_167_30_Y_u_cpu_add_165_34_Y_u_cpu_add_163_30_g836/Y    AOI2BB1X4         1  8.5   76   +62    8727 F 
u_cpu_add_167_30_Y_u_cpu_add_165_34_Y_u_cpu_add_163_30_g834/B                                     +0    8728   
u_cpu_add_167_30_Y_u_cpu_add_165_34_Y_u_cpu_add_163_30_g834/Y    NOR2X6            2 10.0   82   +64    8792 R 
u_cpu_add_167_30_Y_u_cpu_add_165_34_Y_u_cpu_add_163_30_g833/B0                                    +0    8792   
u_cpu_add_167_30_Y_u_cpu_add_165_34_Y_u_cpu_add_163_30_g833/Y    AOI2BB1X4         1  8.5   76   +62    8854 F 
u_cpu_add_167_30_Y_u_cpu_add_165_34_Y_u_cpu_add_163_30_g831/B                                     +0    8854   
u_cpu_add_167_30_Y_u_cpu_add_165_34_Y_u_cpu_add_163_30_g831/Y    NOR2X6            2 11.3   89   +68    8922 R 
u_cpu_add_167_30_Y_u_cpu_add_165_34_Y_u_cpu_add_163_30_g830/B                                     +0    8922   
u_cpu_add_167_30_Y_u_cpu_add_165_34_Y_u_cpu_add_163_30_g830/Y    NOR2X6            1  8.5   93   +54    8976 F 
u_cpu_add_167_30_Y_u_cpu_add_165_34_Y_u_cpu_add_163_30_g828/B                                     +0    8976   
u_cpu_add_167_30_Y_u_cpu_add_165_34_Y_u_cpu_add_163_30_g828/Y    NOR2X6            2 10.0   82   +70    9046 R 
u_cpu_add_167_30_Y_u_cpu_add_165_34_Y_u_cpu_add_163_30_g827/B0                                    +0    9046   
u_cpu_add_167_30_Y_u_cpu_add_165_34_Y_u_cpu_add_163_30_g827/Y    AOI2BB1X4         1  8.5   76   +62    9108 F 
u_cpu_add_167_30_Y_u_cpu_add_165_34_Y_u_cpu_add_163_30_g825/B                                     +0    9108   
u_cpu_add_167_30_Y_u_cpu_add_165_34_Y_u_cpu_add_163_30_g825/Y    NOR2X6            2 11.3   89   +68    9176 R 
u_cpu_add_167_30_Y_u_cpu_add_165_34_Y_u_cpu_add_163_30_g824/B                                     +0    9176   
u_cpu_add_167_30_Y_u_cpu_add_165_34_Y_u_cpu_add_163_30_g824/Y    NOR2X6            1  8.5   93   +54    9230 F 
u_cpu_add_167_30_Y_u_cpu_add_165_34_Y_u_cpu_add_163_30_g822/B                                     +0    9230   
u_cpu_add_167_30_Y_u_cpu_add_165_34_Y_u_cpu_add_163_30_g822/Y    NOR2X6            2 10.0   82   +70    9301 R 
u_cpu_add_167_30_Y_u_cpu_add_165_34_Y_u_cpu_add_163_30_g821/B0                                    +0    9301   
u_cpu_add_167_30_Y_u_cpu_add_165_34_Y_u_cpu_add_163_30_g821/Y    AOI2BB1X4         1  8.5   76   +62    9363 F 
u_cpu_add_167_30_Y_u_cpu_add_165_34_Y_u_cpu_add_163_30_g819/B                                     +0    9363   
u_cpu_add_167_30_Y_u_cpu_add_165_34_Y_u_cpu_add_163_30_g819/Y    NOR2X6            2 11.3   89   +68    9430 R 
u_cpu_add_167_30_Y_u_cpu_add_165_34_Y_u_cpu_add_163_30_g818/B                                     +0    9430   
u_cpu_add_167_30_Y_u_cpu_add_165_34_Y_u_cpu_add_163_30_g818/Y    NOR2X6            1  8.5   93   +54    9485 F 
u_cpu_add_167_30_Y_u_cpu_add_165_34_Y_u_cpu_add_163_30_g816/B                                     +0    9485   
u_cpu_add_167_30_Y_u_cpu_add_165_34_Y_u_cpu_add_163_30_g816/Y    NOR2X6            2 10.0   82   +70    9555 R 
g655057/B0                                                                                        +0    9555   
g655057/Y                                                        AOI2BB1X4         1  8.5   76   +62    9617 F 
g655056/A                                                                                         +0    9617   
g655056/Y                                                        NOR2X6            2 10.0   93   +72    9689 R 
u_cpu_add_167_30_Y_u_cpu_add_165_34_Y_u_cpu_add_163_30_g812/B0                                    +0    9689   
u_cpu_add_167_30_Y_u_cpu_add_165_34_Y_u_cpu_add_163_30_g812/Y    AOI2BB1X4         1  6.9   70   +62    9752 F 
u_cpu_add_167_30_Y_u_cpu_add_165_34_Y_u_cpu_add_163_30_g810/B                                     +0    9752   
u_cpu_add_167_30_Y_u_cpu_add_165_34_Y_u_cpu_add_163_30_g810/Y    NOR2X4            1  5.3   70   +57    9809 R 
u_cpu_add_167_30_Y_u_cpu_add_165_34_Y_u_cpu_add_163_30_g809/B                                     +0    9809   
u_cpu_add_167_30_Y_u_cpu_add_165_34_Y_u_cpu_add_163_30_g809/Y    XOR2X4            1  4.8   73  +156    9965 R 
g641353/B                                                                                         +0    9965   
g641353/Y                                                        NAND2X1           1  4.8  186  +124   10089 F 
g653712/B                                                                                         +0   10089   
g653712/Y                                                        NAND2X1           1  4.7  112  +112   10201 R 
u_cpu_pc_reg[31]/D                                               DFFRHQX1                         +0   10201   
u_cpu_pc_reg[31]/CK                                              setup                     100   +98   10299 R 
- - - - - - - - - - - - - - - - - - - - - - - - - - - - - - - - - - - - - - - - - - - - - - - - - - - - - - - -
(clock clk)                                                      capture                               10000 R 
                                                                 latency                        +500   10500 R 
                                                                 uncertainty                    -200   10300 R 
---------------------------------------------------------------------------------------------------------------
Cost Group   : 'clk' (path_group 'clk')
Timing slack :       1ps 
Start-point  : u_cpu_ir_reg[6]/CK
End-point    : u_cpu_pc_reg[31]/D

path   5:

                             Pin                                   Type       Fanout Load Slew Delay Arrival   
                                                                                     (fF) (ps)  (ps)   (ps)    
---------------------------------------------------------------------------------------------------------------
(clock clk)                                                      launch                                    0 R 
                                                                 latency                        +500     500 R 
u_cpu_ir_reg[6]/CK                                                                         100    +0     500 R 
u_cpu_ir_reg[6]/Q                                                SDFFRX2           9 26.8  231  +422     922 R 
g655025/A1N                                                                                       +0     922   
g655025/Y                                                        AOI2BB1X2         3 10.8  189  +239    1162 R 
g655023/AN                                                                                        +0    1162   
g655023/Y                                                        NOR3BX4           4 17.8  258  +280    1442 R 
g3/A1                                                                                             +0    1442   
g3/Y                                                             AOI21X4           1  7.0  134  +148    1590 F 
g655053/B0                                                                                        +0    1590   
g655053/Y                                                        OAI2BB1X4         7 25.3  133  +106    1696 R 
u_cpu_u_alu_sub_16_33_Y_u_cpu_u_alu_add_15_33_g4299/A                                             +0    1696   
u_cpu_u_alu_sub_16_33_Y_u_cpu_u_alu_add_15_33_g4299/Y            INVX2             1  7.0   77   +86    1782 F 
u_cpu_u_alu_sub_16_33_Y_u_cpu_u_alu_add_15_33_g4170/A0                                            +0    1782   
u_cpu_u_alu_sub_16_33_Y_u_cpu_u_alu_add_15_33_g4170/Y            OAI22X4           2 10.2  147  +106    1888 R 
u_cpu_u_alu_sub_16_33_Y_u_cpu_u_alu_add_15_33_g4110/B                                             +0    1888   
u_cpu_u_alu_sub_16_33_Y_u_cpu_u_alu_add_15_33_g4110/Y            NAND2X2           2  9.2  188  +144    2032 F 
u_cpu_u_alu_sub_16_33_Y_u_cpu_u_alu_add_15_33_g4046/B0                                            +0    2032   
u_cpu_u_alu_sub_16_33_Y_u_cpu_u_alu_add_15_33_g4046/Y            OAI21X4           2  9.9  125   +92    2124 R 
u_cpu_u_alu_sub_16_33_Y_u_cpu_u_alu_add_15_33_g4039/A1                                            +0    2124   
u_cpu_u_alu_sub_16_33_Y_u_cpu_u_alu_add_15_33_g4039/Y            AOI21X4           2  9.9  126  +115    2240 F 
u_cpu_u_alu_sub_16_33_Y_u_cpu_u_alu_add_15_33_g4034/B                                             +0    2240   
u_cpu_u_alu_sub_16_33_Y_u_cpu_u_alu_add_15_33_g4034/Y            NOR2X4            1  6.9   87   +82    2322 R 
u_cpu_u_alu_sub_16_33_Y_u_cpu_u_alu_add_15_33_g4032/B                                             +0    2322   
u_cpu_u_alu_sub_16_33_Y_u_cpu_u_alu_add_15_33_g4032/Y            NOR2X4            2  9.9   76   +63    2385 F 
u_cpu_u_alu_sub_16_33_Y_u_cpu_u_alu_add_15_33_g4030/B                                             +0    2385   
u_cpu_u_alu_sub_16_33_Y_u_cpu_u_alu_add_15_33_g4030/Y            NOR2X4            1  8.4   92   +71    2456 R 
u_cpu_u_alu_sub_16_33_Y_u_cpu_u_alu_add_15_33_g4028/B                                             +0    2456   
u_cpu_u_alu_sub_16_33_Y_u_cpu_u_alu_add_15_33_g4028/Y            NOR2X6            2  9.5   56   +57    2513 F 
u_cpu_u_alu_sub_16_33_Y_u_cpu_u_alu_add_15_33_g4026/B                                             +0    2513   
u_cpu_u_alu_sub_16_33_Y_u_cpu_u_alu_add_15_33_g4026/Y            NOR2X4            1  6.9   84   +59    2572 R 
u_cpu_u_alu_sub_16_33_Y_u_cpu_u_alu_add_15_33_g4024/B                                             +0    2572   
u_cpu_u_alu_sub_16_33_Y_u_cpu_u_alu_add_15_33_g4024/Y            NOR2X4            2  9.8   69   +61    2634 F 
u_cpu_u_alu_sub_16_33_Y_u_cpu_u_alu_add_15_33_g4021/B                                             +0    2634   
u_cpu_u_alu_sub_16_33_Y_u_cpu_u_alu_add_15_33_g4021/Y            NOR2X4            2  9.3  105   +72    2706 R 
u_cpu_u_alu_sub_16_33_Y_u_cpu_u_alu_add_15_33_g4015/A1                                            +0    2706   
u_cpu_u_alu_sub_16_33_Y_u_cpu_u_alu_add_15_33_g4015/Y            AOI21X4           2  9.8  126  +108    2814 F 
u_cpu_u_alu_sub_16_33_Y_u_cpu_u_alu_add_15_33_g4011/A1                                            +0    2814   
u_cpu_u_alu_sub_16_33_Y_u_cpu_u_alu_add_15_33_g4011/Y            OAI21X4           2  7.6  104   +95    2909 R 
g655048/A1N                                                                                       +0    2910   
g655048/Y                                                        OAI2BB1X4         2  9.6   83  +172    3082 R 
u_cpu_u_alu_sub_16_33_Y_u_cpu_u_alu_add_15_33_g4007/A                                             +0    3082   
u_cpu_u_alu_sub_16_33_Y_u_cpu_u_alu_add_15_33_g4007/Y            CLKINVX4          1  6.9   45   +52    3134 F 
u_cpu_u_alu_sub_16_33_Y_u_cpu_u_alu_add_15_33_g4005/A1                                            +0    3134   
u_cpu_u_alu_sub_16_33_Y_u_cpu_u_alu_add_15_33_g4005/Y            OAI21X4           2  9.8  127   +77    3211 R 
u_cpu_u_alu_sub_16_33_Y_u_cpu_u_alu_add_15_33_g4003/A1                                            +0    3211   
u_cpu_u_alu_sub_16_33_Y_u_cpu_u_alu_add_15_33_g4003/Y            AOI21X4           2  9.8  126  +116    3327 F 
u_cpu_u_alu_sub_16_33_Y_u_cpu_u_alu_add_15_33_g4000/A1                                            +0    3327   
u_cpu_u_alu_sub_16_33_Y_u_cpu_u_alu_add_15_33_g4000/Y            OAI21X4           2  9.6  124  +103    3430 R 
u_cpu_u_alu_sub_16_33_Y_u_cpu_u_alu_add_15_33_g3999/A                                             +0    3430   
u_cpu_u_alu_sub_16_33_Y_u_cpu_u_alu_add_15_33_g3999/Y            CLKINVX4          1  8.5   58   +71    3501 F 
u_cpu_u_alu_sub_16_33_Y_u_cpu_u_alu_add_15_33_g3998/B                                             +0    3501   
u_cpu_u_alu_sub_16_33_Y_u_cpu_u_alu_add_15_33_g3998/Y            NOR2X6            1  8.4   82   +54    3556 R 
u_cpu_u_alu_sub_16_33_Y_u_cpu_u_alu_add_15_33_g3996/B                                             +0    3556   
u_cpu_u_alu_sub_16_33_Y_u_cpu_u_alu_add_15_33_g3996/Y            NOR2X6            3 13.9   81   +60    3615 F 
u_cpu_u_alu_sub_16_33_Y_u_cpu_u_alu_add_15_33_g3995/B                                             +0    3616   
u_cpu_u_alu_sub_16_33_Y_u_cpu_u_alu_add_15_33_g3995/Y            NOR2X6            2 10.4  104   +67    3682 R 
u_cpu_u_alu_sub_16_33_Y_u_cpu_u_alu_add_15_33_g3991/B                                             +0    3682   
u_cpu_u_alu_sub_16_33_Y_u_cpu_u_alu_add_15_33_g3991/Y            NAND2X4           1 10.0  126   +96    3778 F 
u_cpu_u_alu_sub_16_33_Y_u_cpu_u_alu_add_15_33_g3989/B                                             +0    3778   
u_cpu_u_alu_sub_16_33_Y_u_cpu_u_alu_add_15_33_g3989/Y            NAND2X8           4 19.3   82   +71    3849 R 
g655046/C                                                                                         +0    3849   
g655046/Y                                                        NAND3BX4          1  7.0  160  +108    3957 F 
u_cpu_u_alu_sub_16_33_Y_u_cpu_u_alu_add_15_33_g3974/A1                                            +0    3957   
u_cpu_u_alu_sub_16_33_Y_u_cpu_u_alu_add_15_33_g3974/Y            AOI21X4           1  6.9  114  +107    4064 R 
u_cpu_u_alu_sub_16_33_Y_u_cpu_u_alu_add_15_33_g3971/B                                             +0    4064   
u_cpu_u_alu_sub_16_33_Y_u_cpu_u_alu_add_15_33_g3971/Y            NOR2X4            2  8.5   69   +70    4134 F 
g655051/A1                                                                                        +0    4134   
g655051/Y                                                        OAI21X2           2  7.3  151  +103    4237 R 
g654906/A0N                                                                                       +0    4237   
g654906/Y                                                        OAI2BB1X2         1  4.5   98  +203    4440 R 
g4/A                                                                                              +0    4440   
g4/Y                                                             INVXL             2  8.4  262  +171    4611 F 
u_cpu_u_alu_sub_16_33_Y_u_cpu_u_alu_add_15_33_g3953/A1                                            +0    4611   
u_cpu_u_alu_sub_16_33_Y_u_cpu_u_alu_add_15_33_g3953/Y            OAI21X2           1  5.0  136  +150    4761 R 
u_cpu_u_alu_sub_16_33_Y_u_cpu_u_alu_add_15_33_g4345/B                                             +0    4762   
u_cpu_u_alu_sub_16_33_Y_u_cpu_u_alu_add_15_33_g4345/Y            XNOR2X1           1  5.4  108  +185    4946 R 
g165974/B                                                                                         +0    4947   
g165974/Y                                                        NAND2X2           1  7.0  144  +114    5060 F 
g165986/B                                                                                         +0    5060   
g165986/Y                                                        NAND2X4           2  9.7  116   +78    5138 R 
g165555/A                                                                                         +0    5139   
g165555/Y                                                        NOR2X4            1  7.1   58   +72    5211 F 
g165554/B0                                                                                        +0    5211   
g165554/Y                                                        AOI2BB1X4         1 10.0  107   +82    5293 R 
g165553/B                                                                                         +0    5293   
g165553/Y                                                        NOR2X8            6 19.5   79   +69    5362 F 
g165550/S0                                                                                        +0    5362   
g165550/Y                                                        CLKMX2X3          3 10.0   82  +203    5565 R 
g655045/A1                                                                                        +0    5565   
g655045/Y                                                        OA21X2            1  6.9   86  +188    5753 R 
u_cpu_add_167_30_Y_u_cpu_add_165_34_Y_u_cpu_add_163_30_g913/B                                     +0    5753   
u_cpu_add_167_30_Y_u_cpu_add_165_34_Y_u_cpu_add_163_30_g913/Y    NOR2X4            2  9.8   64   +62    5815 F 
u_cpu_add_167_30_Y_u_cpu_add_165_34_Y_u_cpu_add_163_30_g911/B                                     +0    5815   
u_cpu_add_167_30_Y_u_cpu_add_165_34_Y_u_cpu_add_163_30_g911/Y    NOR2X4            1  8.4   90   +67    5882 R 
u_cpu_add_167_30_Y_u_cpu_add_165_34_Y_u_cpu_add_163_30_g909/B                                     +0    5882   
u_cpu_add_167_30_Y_u_cpu_add_165_34_Y_u_cpu_add_163_30_g909/Y    NOR2X6            2 10.0   64   +57    5940 F 
u_cpu_add_167_30_Y_u_cpu_add_165_34_Y_u_cpu_add_163_30_g907/B0                                    +0    5940   
u_cpu_add_167_30_Y_u_cpu_add_165_34_Y_u_cpu_add_163_30_g907/Y    AOI2BB1X4         1  6.9   84   +73    6012 R 
u_cpu_add_167_30_Y_u_cpu_add_165_34_Y_u_cpu_add_163_30_g905/B                                     +0    6012   
u_cpu_add_167_30_Y_u_cpu_add_165_34_Y_u_cpu_add_163_30_g905/Y    NOR2X4            2 10.0   71   +62    6074 F 
u_cpu_add_167_30_Y_u_cpu_add_165_34_Y_u_cpu_add_163_30_g903/B0                                    +0    6074   
u_cpu_add_167_30_Y_u_cpu_add_165_34_Y_u_cpu_add_163_30_g903/Y    AOI2BB1X4         1  6.8   84   +74    6149 R 
g655044/B0                                                                                        +0    6149   
g655044/Y                                                        AOI21X4           2  7.7  113   +56    6205 F 
u_cpu_add_167_30_Y_u_cpu_add_165_34_Y_u_cpu_add_163_30_g899/B0                                    +0    6205   
u_cpu_add_167_30_Y_u_cpu_add_165_34_Y_u_cpu_add_163_30_g899/Y    AOI2BB1X1         1  5.5  194  +143    6349 R 
u_cpu_add_167_30_Y_u_cpu_add_165_34_Y_u_cpu_add_163_30_g897/B                                     +0    6349   
u_cpu_add_167_30_Y_u_cpu_add_165_34_Y_u_cpu_add_163_30_g897/Y    NOR2X2            2  7.7   98  +115    6464 F 
g655043/A1N                                                                                       +0    6464   
g655043/Y                                                        AOI2BB1X4         2  8.5   74  +164    6628 F 
u_cpu_add_167_30_Y_u_cpu_add_165_34_Y_u_cpu_add_163_30_g891/B0                                    +0    6628   
u_cpu_add_167_30_Y_u_cpu_add_165_34_Y_u_cpu_add_163_30_g891/Y    AOI2BB1X2         1  8.4  155  +112    6740 R 
u_cpu_add_167_30_Y_u_cpu_add_165_34_Y_u_cpu_add_163_30_g889/B                                     +0    6740   
u_cpu_add_167_30_Y_u_cpu_add_165_34_Y_u_cpu_add_163_30_g889/Y    NOR2X6            2  9.8   64   +79    6819 F 
u_cpu_add_167_30_Y_u_cpu_add_165_34_Y_u_cpu_add_163_30_g887/B                                     +0    6819   
u_cpu_add_167_30_Y_u_cpu_add_165_34_Y_u_cpu_add_163_30_g887/Y    NOR2X4            1  8.4   96   +67    6886 R 
u_cpu_add_167_30_Y_u_cpu_add_165_34_Y_u_cpu_add_163_30_g885/B                                     +0    6886   
u_cpu_add_167_30_Y_u_cpu_add_165_34_Y_u_cpu_add_163_30_g885/Y    NOR2X6            2  9.8   64   +59    6945 F 
u_cpu_add_167_30_Y_u_cpu_add_165_34_Y_u_cpu_add_163_30_g883/B                                     +0    6945   
u_cpu_add_167_30_Y_u_cpu_add_165_34_Y_u_cpu_add_163_30_g883/Y    NOR2X4            1  6.9   84   +61    7006 R 
u_cpu_add_167_30_Y_u_cpu_add_165_34_Y_u_cpu_add_163_30_g881/B                                     +0    7006   
u_cpu_add_167_30_Y_u_cpu_add_165_34_Y_u_cpu_add_163_30_g881/Y    NOR2X4            2 10.0   71   +62    7068 F 
u_cpu_add_167_30_Y_u_cpu_add_165_34_Y_u_cpu_add_163_30_g879/B0                                    +0    7068   
u_cpu_add_167_30_Y_u_cpu_add_165_34_Y_u_cpu_add_163_30_g879/Y    AOI2BB1X4         1  6.9   85   +75    7143 R 
u_cpu_add_167_30_Y_u_cpu_add_165_34_Y_u_cpu_add_163_30_g877/B                                     +0    7143   
u_cpu_add_167_30_Y_u_cpu_add_165_34_Y_u_cpu_add_163_30_g877/Y    NOR2X4            2 10.0   71   +62    7206 F 
u_cpu_add_167_30_Y_u_cpu_add_165_34_Y_u_cpu_add_163_30_g875/B0                                    +0    7206   
u_cpu_add_167_30_Y_u_cpu_add_165_34_Y_u_cpu_add_163_30_g875/Y    AOI2BB1X4         1  6.9   84   +75    7281 R 
u_cpu_add_167_30_Y_u_cpu_add_165_34_Y_u_cpu_add_163_30_g873/B                                     +0    7281   
u_cpu_add_167_30_Y_u_cpu_add_165_34_Y_u_cpu_add_163_30_g873/Y    NOR2X4            2 11.4   77   +65    7346 F 
u_cpu_add_167_30_Y_u_cpu_add_165_34_Y_u_cpu_add_163_30_g871/B                                     +0    7346   
u_cpu_add_167_30_Y_u_cpu_add_165_34_Y_u_cpu_add_163_30_g871/Y    NOR2X6            1  8.4   76   +61    7406 R 
u_cpu_add_167_30_Y_u_cpu_add_165_34_Y_u_cpu_add_163_30_g869/B                                     +0    7406   
u_cpu_add_167_30_Y_u_cpu_add_165_34_Y_u_cpu_add_163_30_g869/Y    NOR2X6            2 10.0   64   +52    7458 F 
u_cpu_add_167_30_Y_u_cpu_add_165_34_Y_u_cpu_add_163_30_g867/B0                                    +0    7458   
u_cpu_add_167_30_Y_u_cpu_add_165_34_Y_u_cpu_add_163_30_g867/Y    AOI2BB1X4         1  8.4   95   +78    7537 R 
u_cpu_add_167_30_Y_u_cpu_add_165_34_Y_u_cpu_add_163_30_g865/B                                     +0    7537   
u_cpu_add_167_30_Y_u_cpu_add_165_34_Y_u_cpu_add_163_30_g865/Y    NOR2X6            2 11.4   68   +61    7598 F 
u_cpu_add_167_30_Y_u_cpu_add_165_34_Y_u_cpu_add_163_30_g863/B                                     +0    7598   
u_cpu_add_167_30_Y_u_cpu_add_165_34_Y_u_cpu_add_163_30_g863/Y    NOR2X6            1  8.4   76   +58    7655 R 
u_cpu_add_167_30_Y_u_cpu_add_165_34_Y_u_cpu_add_163_30_g861/B                                     +0    7656   
u_cpu_add_167_30_Y_u_cpu_add_165_34_Y_u_cpu_add_163_30_g861/Y    NOR2X6            2  9.5   63   +51    7706 F 
u_cpu_add_167_30_Y_u_cpu_add_165_34_Y_u_cpu_add_163_30_g859/B0                                    +0    7706   
u_cpu_add_167_30_Y_u_cpu_add_165_34_Y_u_cpu_add_163_30_g859/Y    AOI2BB1X4         1  8.4   95   +78    7784 R 
u_cpu_add_167_30_Y_u_cpu_add_165_34_Y_u_cpu_add_163_30_g857/B                                     +0    7785   
u_cpu_add_167_30_Y_u_cpu_add_165_34_Y_u_cpu_add_163_30_g857/Y    NOR2X6            2  9.5   63   +58    7843 F 
u_cpu_add_167_30_Y_u_cpu_add_165_34_Y_u_cpu_add_163_30_g855/B0                                    +0    7843   
u_cpu_add_167_30_Y_u_cpu_add_165_34_Y_u_cpu_add_163_30_g855/Y    AOI2BB1X4         1  8.4   95   +78    7921 R 
u_cpu_add_167_30_Y_u_cpu_add_165_34_Y_u_cpu_add_163_30_g853/B                                     +0    7921   
u_cpu_add_167_30_Y_u_cpu_add_165_34_Y_u_cpu_add_163_30_g853/Y    NOR2X6            2  9.3   62   +58    7979 F 
u_cpu_add_167_30_Y_u_cpu_add_165_34_Y_u_cpu_add_163_30_g851/B                                     +0    7979   
u_cpu_add_167_30_Y_u_cpu_add_165_34_Y_u_cpu_add_163_30_g851/Y    NOR2X4            1  6.9   82   +61    8040 R 
u_cpu_add_167_30_Y_u_cpu_add_165_34_Y_u_cpu_add_163_30_g849/B                                     +0    8040   
u_cpu_add_167_30_Y_u_cpu_add_165_34_Y_u_cpu_add_163_30_g849/Y    NOR2X4            2  9.8   71   +61    8101 F 
u_cpu_add_167_30_Y_u_cpu_add_165_34_Y_u_cpu_add_163_30_g848/B                                     +0    8101   
u_cpu_add_167_30_Y_u_cpu_add_165_34_Y_u_cpu_add_163_30_g848/Y    NOR2X4            1  6.9   82   +64    8165 R 
u_cpu_add_167_30_Y_u_cpu_add_165_34_Y_u_cpu_add_163_30_g846/B                                     +0    8165   
u_cpu_add_167_30_Y_u_cpu_add_165_34_Y_u_cpu_add_163_30_g846/Y    NOR2X4            2 10.0   71   +61    8226 F 
u_cpu_add_167_30_Y_u_cpu_add_165_34_Y_u_cpu_add_163_30_g845/B0                                    +0    8226   
u_cpu_add_167_30_Y_u_cpu_add_165_34_Y_u_cpu_add_163_30_g845/Y    AOI2BB1X4         1  6.9   85   +75    8301 R 
u_cpu_add_167_30_Y_u_cpu_add_165_34_Y_u_cpu_add_163_30_g843/B                                     +0    8301   
u_cpu_add_167_30_Y_u_cpu_add_165_34_Y_u_cpu_add_163_30_g843/Y    NOR2X4            2 10.0   71   +62    8363 F 
g655480/B0                                                                                        +0    8364   
g655480/Y                                                        AOI2BB1X4         1  6.9   85   +75    8438 R 
u_cpu_add_167_30_Y_u_cpu_add_165_34_Y_u_cpu_add_163_30_g840/B                                     +0    8439   
u_cpu_add_167_30_Y_u_cpu_add_165_34_Y_u_cpu_add_163_30_g840/Y    NOR2X4            2 11.4   77   +65    8504 F 
u_cpu_add_167_30_Y_u_cpu_add_165_34_Y_u_cpu_add_163_30_g839/B                                     +0    8504   
u_cpu_add_167_30_Y_u_cpu_add_165_34_Y_u_cpu_add_163_30_g839/Y    NOR2X6            1  8.4   78   +61    8564 R 
u_cpu_add_167_30_Y_u_cpu_add_165_34_Y_u_cpu_add_163_30_g837/B                                     +0    8565   
u_cpu_add_167_30_Y_u_cpu_add_165_34_Y_u_cpu_add_163_30_g837/Y    NOR2X6            2 10.0   64   +53    8617 F 
u_cpu_add_167_30_Y_u_cpu_add_165_34_Y_u_cpu_add_163_30_g836/B0                                    +0    8617   
u_cpu_add_167_30_Y_u_cpu_add_165_34_Y_u_cpu_add_163_30_g836/Y    AOI2BB1X4         1  8.4   97   +78    8696 R 
u_cpu_add_167_30_Y_u_cpu_add_165_34_Y_u_cpu_add_163_30_g834/B                                     +0    8696   
u_cpu_add_167_30_Y_u_cpu_add_165_34_Y_u_cpu_add_163_30_g834/Y    NOR2X6            2 10.0   64   +60    8756 F 
u_cpu_add_167_30_Y_u_cpu_add_165_34_Y_u_cpu_add_163_30_g833/B0                                    +0    8756   
u_cpu_add_167_30_Y_u_cpu_add_165_34_Y_u_cpu_add_163_30_g833/Y    AOI2BB1X4         1  8.4   97   +78    8834 R 
u_cpu_add_167_30_Y_u_cpu_add_165_34_Y_u_cpu_add_163_30_g831/B                                     +0    8834   
u_cpu_add_167_30_Y_u_cpu_add_165_34_Y_u_cpu_add_163_30_g831/Y    NOR2X6            2 11.4   68   +62    8896 F 
u_cpu_add_167_30_Y_u_cpu_add_165_34_Y_u_cpu_add_163_30_g830/B                                     +0    8896   
u_cpu_add_167_30_Y_u_cpu_add_165_34_Y_u_cpu_add_163_30_g830/Y    NOR2X6            1  8.4   80   +58    8954 R 
u_cpu_add_167_30_Y_u_cpu_add_165_34_Y_u_cpu_add_163_30_g828/B                                     +0    8954   
u_cpu_add_167_30_Y_u_cpu_add_165_34_Y_u_cpu_add_163_30_g828/Y    NOR2X6            2 10.0   64   +54    9007 F 
u_cpu_add_167_30_Y_u_cpu_add_165_34_Y_u_cpu_add_163_30_g827/B0                                    +0    9007   
u_cpu_add_167_30_Y_u_cpu_add_165_34_Y_u_cpu_add_163_30_g827/Y    AOI2BB1X4         1  8.4   97   +78    9086 R 
u_cpu_add_167_30_Y_u_cpu_add_165_34_Y_u_cpu_add_163_30_g825/B                                     +0    9086   
u_cpu_add_167_30_Y_u_cpu_add_165_34_Y_u_cpu_add_163_30_g825/Y    NOR2X6            2 11.4   68   +62    9147 F 
u_cpu_add_167_30_Y_u_cpu_add_165_34_Y_u_cpu_add_163_30_g824/B                                     +0    9148   
u_cpu_add_167_30_Y_u_cpu_add_165_34_Y_u_cpu_add_163_30_g824/Y    NOR2X6            1  8.4   80   +58    9205 R 
u_cpu_add_167_30_Y_u_cpu_add_165_34_Y_u_cpu_add_163_30_g822/B                                     +0    9205   
u_cpu_add_167_30_Y_u_cpu_add_165_34_Y_u_cpu_add_163_30_g822/Y    NOR2X6            2 10.0   64   +54    9259 F 
u_cpu_add_167_30_Y_u_cpu_add_165_34_Y_u_cpu_add_163_30_g821/B0                                    +0    9259   
u_cpu_add_167_30_Y_u_cpu_add_165_34_Y_u_cpu_add_163_30_g821/Y    AOI2BB1X4         1  8.4   97   +78    9337 R 
u_cpu_add_167_30_Y_u_cpu_add_165_34_Y_u_cpu_add_163_30_g819/B                                     +0    9338   
u_cpu_add_167_30_Y_u_cpu_add_165_34_Y_u_cpu_add_163_30_g819/Y    NOR2X6            2 11.4   68   +62    9399 F 
u_cpu_add_167_30_Y_u_cpu_add_165_34_Y_u_cpu_add_163_30_g818/B                                     +0    9399   
u_cpu_add_167_30_Y_u_cpu_add_165_34_Y_u_cpu_add_163_30_g818/Y    NOR2X6            1  8.4   80   +58    9457 R 
u_cpu_add_167_30_Y_u_cpu_add_165_34_Y_u_cpu_add_163_30_g816/B                                     +0    9457   
u_cpu_add_167_30_Y_u_cpu_add_165_34_Y_u_cpu_add_163_30_g816/Y    NOR2X6            2 10.0   64   +54    9511 F 
g655057/B0                                                                                        +0    9511   
g655057/Y                                                        AOI2BB1X4         1  8.5   98   +79    9590 R 
g655056/A                                                                                         +0    9590   
g655056/Y                                                        NOR2X6            2 10.0   62   +64    9654 F 
u_cpu_add_167_30_Y_u_cpu_add_165_34_Y_u_cpu_add_163_30_g812/B0                                    +0    9654   
u_cpu_add_167_30_Y_u_cpu_add_165_34_Y_u_cpu_add_163_30_g812/Y    AOI2BB1X4         1  6.9   86   +72    9726 R 
u_cpu_add_167_30_Y_u_cpu_add_165_34_Y_u_cpu_add_163_30_g810/B                                     +0    9726   
u_cpu_add_167_30_Y_u_cpu_add_165_34_Y_u_cpu_add_163_30_g810/Y    NOR2X4            1  5.3   53   +53    9779 F 
u_cpu_add_167_30_Y_u_cpu_add_165_34_Y_u_cpu_add_163_30_g809/B                                     +0    9779   
u_cpu_add_167_30_Y_u_cpu_add_165_34_Y_u_cpu_add_163_30_g809/Y    XOR2X4            1  4.8   73  +185    9965 R 
g641353/B                                                                                         +0    9965   
g641353/Y                                                        NAND2X1           1  4.8  186  +124   10089 F 
g653712/B                                                                                         +0   10089   
g653712/Y                                                        NAND2X1           1  4.7  112  +112   10201 R 
u_cpu_pc_reg[31]/D                                               DFFRHQX1                         +0   10201   
u_cpu_pc_reg[31]/CK                                              setup                     100   +98   10298 R 
- - - - - - - - - - - - - - - - - - - - - - - - - - - - - - - - - - - - - - - - - - - - - - - - - - - - - - - -
(clock clk)                                                      capture                               10000 R 
                                                                 latency                        +500   10500 R 
                                                                 uncertainty                    -200   10300 R 
---------------------------------------------------------------------------------------------------------------
Cost Group   : 'clk' (path_group 'clk')
Timing slack :       2ps 
Start-point  : u_cpu_ir_reg[6]/CK
End-point    : u_cpu_pc_reg[31]/D

path   6:

                             Pin                                   Type       Fanout Load Slew Delay Arrival   
                                                                                     (fF) (ps)  (ps)   (ps)    
---------------------------------------------------------------------------------------------------------------
(clock clk)                                                      launch                                    0 R 
                                                                 latency                        +500     500 R 
u_cpu_ir_reg[4]/CK                                                                         100    +0     500 R 
u_cpu_ir_reg[4]/QN                                               SDFFRX2           8 29.1  255  +488     988 F 
g160912/B1                                                                                        +0     988   
g160912/Y                                                        OAI22X2           2  9.5  217  +175    1163 R 
g160892/A0                                                                                        +0    1163   
g160892/Y                                                        OAI21X4           1  8.5  118  +150    1314 F 
g160890/B                                                                                         +0    1314   
g160890/Y                                                        NOR2X6            4 17.5  121   +97    1411 R 
g160889/A                                                                                         +0    1411   
g160889/Y                                                        CLKINVX6          5 15.1   67   +73    1484 F 
g655053/A1N                                                                                       +0    1484   
g655053/Y                                                        OAI2BB1X4         7 25.5  239  +202    1686 F 
u_cpu_u_alu_sub_16_33_Y_u_cpu_u_alu_add_15_33_g4299/A                                             +0    1686   
u_cpu_u_alu_sub_16_33_Y_u_cpu_u_alu_add_15_33_g4299/Y            INVX2             1  7.0   94  +117    1803 R 
u_cpu_u_alu_sub_16_33_Y_u_cpu_u_alu_add_15_33_g4170/A0                                            +0    1803   
u_cpu_u_alu_sub_16_33_Y_u_cpu_u_alu_add_15_33_g4170/Y            OAI22X4           2 10.2  145  +134    1937 F 
u_cpu_u_alu_sub_16_33_Y_u_cpu_u_alu_add_15_33_g4115/B                                             +0    1937   
u_cpu_u_alu_sub_16_33_Y_u_cpu_u_alu_add_15_33_g4115/Y            NOR2X4            2  9.6  117   +99    2036 R 
u_cpu_u_alu_sub_16_33_Y_u_cpu_u_alu_add_15_33_g4046/A1                                            +0    2036   
u_cpu_u_alu_sub_16_33_Y_u_cpu_u_alu_add_15_33_g4046/Y            OAI21X4           2 10.0  132  +114    2150 F 
u_cpu_u_alu_sub_16_33_Y_u_cpu_u_alu_add_15_33_g4039/A1                                            +0    2150   
u_cpu_u_alu_sub_16_33_Y_u_cpu_u_alu_add_15_33_g4039/Y            AOI21X4           2  9.9  107  +110    2259 R 
u_cpu_u_alu_sub_16_33_Y_u_cpu_u_alu_add_15_33_g4034/B                                             +0    2260   
u_cpu_u_alu_sub_16_33_Y_u_cpu_u_alu_add_15_33_g4034/Y            NOR2X4            1  6.9   70   +64    2323 F 
u_cpu_u_alu_sub_16_33_Y_u_cpu_u_alu_add_15_33_g4032/B                                             +0    2323   
u_cpu_u_alu_sub_16_33_Y_u_cpu_u_alu_add_15_33_g4032/Y            NOR2X4            2  9.9  107   +74    2398 R 
u_cpu_u_alu_sub_16_33_Y_u_cpu_u_alu_add_15_33_g4030/B                                             +0    2398   
u_cpu_u_alu_sub_16_33_Y_u_cpu_u_alu_add_15_33_g4030/Y            NOR2X4            1  8.5   76   +67    2465 F 
u_cpu_u_alu_sub_16_33_Y_u_cpu_u_alu_add_15_33_g4028/B                                             +0    2465   
u_cpu_u_alu_sub_16_33_Y_u_cpu_u_alu_add_15_33_g4028/Y            NOR2X6            2  9.5   76   +63    2528 R 
u_cpu_u_alu_sub_16_33_Y_u_cpu_u_alu_add_15_33_g4026/B                                             +0    2528   
u_cpu_u_alu_sub_16_33_Y_u_cpu_u_alu_add_15_33_g4026/Y            NOR2X4            1  6.9   61   +52    2581 F 
u_cpu_u_alu_sub_16_33_Y_u_cpu_u_alu_add_15_33_g4024/B                                             +0    2581   
u_cpu_u_alu_sub_16_33_Y_u_cpu_u_alu_add_15_33_g4024/Y            NOR2X4            2  9.8  101   +71    2652 R 
u_cpu_u_alu_sub_16_33_Y_u_cpu_u_alu_add_15_33_g4021/B                                             +0    2652   
u_cpu_u_alu_sub_16_33_Y_u_cpu_u_alu_add_15_33_g4021/Y            NOR2X4            2  9.4  110   +67    2719 F 
u_cpu_u_alu_sub_16_33_Y_u_cpu_u_alu_add_15_33_g4015/A1                                            +0    2719   
u_cpu_u_alu_sub_16_33_Y_u_cpu_u_alu_add_15_33_g4015/Y            AOI21X4           2  9.8  138  +102    2822 R 
u_cpu_u_alu_sub_16_33_Y_u_cpu_u_alu_add_15_33_g4011/A1                                            +0    2822   
u_cpu_u_alu_sub_16_33_Y_u_cpu_u_alu_add_15_33_g4011/Y            OAI21X4           2  7.6  109  +110    2932 F 
g655048/A1N                                                                                       +0    2932   
g655048/Y                                                        OAI2BB1X4         2  9.6  115  +152    3085 F 
u_cpu_u_alu_sub_16_33_Y_u_cpu_u_alu_add_15_33_g4007/A                                             +0    3085   
u_cpu_u_alu_sub_16_33_Y_u_cpu_u_alu_add_15_33_g4007/Y            CLKINVX4          1  6.9   49   +60    3145 R 
u_cpu_u_alu_sub_16_33_Y_u_cpu_u_alu_add_15_33_g4005/A1                                            +0    3145   
u_cpu_u_alu_sub_16_33_Y_u_cpu_u_alu_add_15_33_g4005/Y            OAI21X4           2  9.9  134   +90    3235 F 
u_cpu_u_alu_sub_16_33_Y_u_cpu_u_alu_add_15_33_g4003/A1                                            +0    3235   
u_cpu_u_alu_sub_16_33_Y_u_cpu_u_alu_add_15_33_g4003/Y            AOI21X4           2  9.8  120  +110    3345 R 
u_cpu_u_alu_sub_16_33_Y_u_cpu_u_alu_add_15_33_g4000/A1                                            +0    3346   
u_cpu_u_alu_sub_16_33_Y_u_cpu_u_alu_add_15_33_g4000/Y            OAI21X4           2  9.6  137  +113    3458 F 
u_cpu_u_alu_sub_16_33_Y_u_cpu_u_alu_add_15_33_g3999/A                                             +0    3458   
u_cpu_u_alu_sub_16_33_Y_u_cpu_u_alu_add_15_33_g3999/Y            CLKINVX4          1  8.4   59   +70    3529 R 
u_cpu_u_alu_sub_16_33_Y_u_cpu_u_alu_add_15_33_g3998/B                                             +0    3529   
u_cpu_u_alu_sub_16_33_Y_u_cpu_u_alu_add_15_33_g3998/Y            NOR2X6            1  8.5  107   +43    3572 F 
u_cpu_u_alu_sub_16_33_Y_u_cpu_u_alu_add_15_33_g3996/B                                             +0    3572   
u_cpu_u_alu_sub_16_33_Y_u_cpu_u_alu_add_15_33_g3996/Y            NOR2X6            3 13.8  105   +84    3656 R 
u_cpu_u_alu_sub_16_33_Y_u_cpu_u_alu_add_15_33_g3995/B                                             +0    3656   
u_cpu_u_alu_sub_16_33_Y_u_cpu_u_alu_add_15_33_g3995/Y            NOR2X6            2 10.4   66   +63    3719 F 
u_cpu_u_alu_sub_16_33_Y_u_cpu_u_alu_add_15_33_g3991/B                                             +0    3719   
u_cpu_u_alu_sub_16_33_Y_u_cpu_u_alu_add_15_33_g3991/Y            NAND2X4           1 10.0   75   +51    3771 R 
u_cpu_u_alu_sub_16_33_Y_u_cpu_u_alu_add_15_33_g3989/B                                             +0    3771   
u_cpu_u_alu_sub_16_33_Y_u_cpu_u_alu_add_15_33_g3989/Y            NAND2X8           4 19.3  118   +86    3857 F 
u_cpu_u_alu_sub_16_33_Y_u_cpu_u_alu_add_15_33_g3982/B                                             +0    3857   
u_cpu_u_alu_sub_16_33_Y_u_cpu_u_alu_add_15_33_g3982/Y            NAND2X6           2 10.2   69   +64    3920 R 
u_cpu_u_alu_sub_16_33_Y_u_cpu_u_alu_add_15_33_g3979/B                                             +0    3920   
u_cpu_u_alu_sub_16_33_Y_u_cpu_u_alu_add_15_33_g3979/Y            NAND2X2           2  7.6  154  +106    4026 F 
u_cpu_u_alu_sub_16_33_Y_u_cpu_u_alu_add_15_33_g655407/A                                           +0    4026   
u_cpu_u_alu_sub_16_33_Y_u_cpu_u_alu_add_15_33_g655407/Y          INVX1             1  5.5  101  +103    4129 R 
u_cpu_u_alu_sub_16_33_Y_u_cpu_u_alu_add_15_33_g3969/A1                                            +0    4129   
u_cpu_u_alu_sub_16_33_Y_u_cpu_u_alu_add_15_33_g3969/Y            OAI21X2           1  5.1  144  +110    4239 F 
u_cpu_u_alu_sub_16_33_Y_u_cpu_u_alu_add_15_33_g3962/B                                             +0    4239   
u_cpu_u_alu_sub_16_33_Y_u_cpu_u_alu_add_15_33_g3962/Y            XNOR2X2           1  4.8   77  +192    4431 F 
g165976/B                                                                                         +0    4431   
g165976/Y                                                        NAND2X1           1  5.4  105   +76    4507 R 
g655037/C                                                                                         +0    4507   
g655037/Y                                                        NAND3X2           2  7.5  256  +163    4671 F 
g655026/BN                                                                                        +0    4671   
g655026/Y                                                        NAND4BBX4         1  7.1  238  +294    4964 F 
g165557/A                                                                                         +0    4964   
g165557/Y                                                        NOR2X4            1  8.6  110  +129    5093 R 
g165556/A                                                                                         +0    5094   
g165556/Y                                                        NAND2X6           1  6.9   74   +82    5176 F 
g165555/B                                                                                         +0    5176   
g165555/Y                                                        NOR2X4            1  7.1   85   +66    5242 R 
g165554/B0                                                                                        +0    5242   
g165554/Y                                                        AOI2BB1X4         1 10.0   80   +66    5308 F 
g165553/B                                                                                         +0    5308   
g165553/Y                                                        NOR2X8            6 19.5  112   +78    5386 R 
g165550/S0                                                                                        +0    5386   
g165550/Y                                                        CLKMX2X3          3 10.0   88  +218    5604 F 
g655045/A1                                                                                        +0    5604   
g655045/Y                                                        OA21X2            1  6.9   91  +182    5786 F 
u_cpu_add_167_30_Y_u_cpu_add_165_34_Y_u_cpu_add_163_30_g913/B                                     +0    5786   
u_cpu_add_167_30_Y_u_cpu_add_165_34_Y_u_cpu_add_163_30_g913/Y    NOR2X4            2  9.8  103   +81    5868 R 
u_cpu_add_167_30_Y_u_cpu_add_165_34_Y_u_cpu_add_163_30_g911/B                                     +0    5868   
u_cpu_add_167_30_Y_u_cpu_add_165_34_Y_u_cpu_add_163_30_g911/Y    NOR2X4            1  8.5   68   +66    5933 F 
u_cpu_add_167_30_Y_u_cpu_add_165_34_Y_u_cpu_add_163_30_g909/B                                     +0    5934   
u_cpu_add_167_30_Y_u_cpu_add_165_34_Y_u_cpu_add_163_30_g909/Y    NOR2X6            2 10.0   82   +62    5995 R 
u_cpu_add_167_30_Y_u_cpu_add_165_34_Y_u_cpu_add_163_30_g907/B0                                    +0    5995   
u_cpu_add_167_30_Y_u_cpu_add_165_34_Y_u_cpu_add_163_30_g907/Y    AOI2BB1X4         1  6.9   68   +59    6054 F 
u_cpu_add_167_30_Y_u_cpu_add_165_34_Y_u_cpu_add_163_30_g905/B                                     +0    6054   
u_cpu_add_167_30_Y_u_cpu_add_165_34_Y_u_cpu_add_163_30_g905/Y    NOR2X4            2 10.0  104   +74    6128 R 
u_cpu_add_167_30_Y_u_cpu_add_165_34_Y_u_cpu_add_163_30_g903/B0                                    +0    6128   
u_cpu_add_167_30_Y_u_cpu_add_165_34_Y_u_cpu_add_163_30_g903/Y    AOI2BB1X4         1  6.8   67   +67    6195 F 
g655044/B0                                                                                        +0    6195   
g655044/Y                                                        AOI21X4           2  7.7   98   +69    6264 R 
u_cpu_add_167_30_Y_u_cpu_add_165_34_Y_u_cpu_add_163_30_g899/B0                                    +0    6264   
u_cpu_add_167_30_Y_u_cpu_add_165_34_Y_u_cpu_add_163_30_g899/Y    AOI2BB1X1         1  5.5  116   +97    6361 F 
u_cpu_add_167_30_Y_u_cpu_add_165_34_Y_u_cpu_add_163_30_g897/B                                     +0    6361   
u_cpu_add_167_30_Y_u_cpu_add_165_34_Y_u_cpu_add_163_30_g897/Y    NOR2X2            2  7.7  143  +111    6472 R 
g655043/A1N                                                                                       +0    6472   
g655043/Y                                                        AOI2BB1X4         2  8.5   96  +154    6627 R 
u_cpu_add_167_30_Y_u_cpu_add_165_34_Y_u_cpu_add_163_30_g891/B0                                    +0    6627   
u_cpu_add_167_30_Y_u_cpu_add_165_34_Y_u_cpu_add_163_30_g891/Y    AOI2BB1X2         1  8.5  109   +85    6711 F 
u_cpu_add_167_30_Y_u_cpu_add_165_34_Y_u_cpu_add_163_30_g889/B                                     +0    6712   
u_cpu_add_167_30_Y_u_cpu_add_165_34_Y_u_cpu_add_163_30_g889/Y    NOR2X6            2  9.8   83   +75    6786 R 
u_cpu_add_167_30_Y_u_cpu_add_165_34_Y_u_cpu_add_163_30_g887/B                                     +0    6787   
u_cpu_add_167_30_Y_u_cpu_add_165_34_Y_u_cpu_add_163_30_g887/Y    NOR2X4            1  8.5   90   +58    6845 F 
u_cpu_add_167_30_Y_u_cpu_add_165_34_Y_u_cpu_add_163_30_g885/B                                     +0    6845   
u_cpu_add_167_30_Y_u_cpu_add_165_34_Y_u_cpu_add_163_30_g885/Y    NOR2X6            2  9.8   82   +68    6914 R 
u_cpu_add_167_30_Y_u_cpu_add_165_34_Y_u_cpu_add_163_30_g883/B                                     +0    6914   
u_cpu_add_167_30_Y_u_cpu_add_165_34_Y_u_cpu_add_163_30_g883/Y    NOR2X4            1  6.9   84   +54    6968 F 
u_cpu_add_167_30_Y_u_cpu_add_165_34_Y_u_cpu_add_163_30_g881/B                                     +0    6968   
u_cpu_add_167_30_Y_u_cpu_add_165_34_Y_u_cpu_add_163_30_g881/Y    NOR2X4            2 10.0  104   +80    7048 R 
u_cpu_add_167_30_Y_u_cpu_add_165_34_Y_u_cpu_add_163_30_g879/B0                                    +0    7048   
u_cpu_add_167_30_Y_u_cpu_add_165_34_Y_u_cpu_add_163_30_g879/Y    AOI2BB1X4         1  6.9   68   +67    7114 F 
u_cpu_add_167_30_Y_u_cpu_add_165_34_Y_u_cpu_add_163_30_g877/B                                     +0    7115   
u_cpu_add_167_30_Y_u_cpu_add_165_34_Y_u_cpu_add_163_30_g877/Y    NOR2X4            2 10.0  104   +74    7189 R 
u_cpu_add_167_30_Y_u_cpu_add_165_34_Y_u_cpu_add_163_30_g875/B0                                    +0    7189   
u_cpu_add_167_30_Y_u_cpu_add_165_34_Y_u_cpu_add_163_30_g875/Y    AOI2BB1X4         1  6.9   68   +67    7256 F 
u_cpu_add_167_30_Y_u_cpu_add_165_34_Y_u_cpu_add_163_30_g873/B                                     +0    7256   
u_cpu_add_167_30_Y_u_cpu_add_165_34_Y_u_cpu_add_163_30_g873/Y    NOR2X4            2 11.3  114   +79    7335 R 
u_cpu_add_167_30_Y_u_cpu_add_165_34_Y_u_cpu_add_163_30_g871/B                                     +0    7335   
u_cpu_add_167_30_Y_u_cpu_add_165_34_Y_u_cpu_add_163_30_g871/Y    NOR2X6            1  8.5   92   +63    7398 F 
u_cpu_add_167_30_Y_u_cpu_add_165_34_Y_u_cpu_add_163_30_g869/B                                     +0    7399   
u_cpu_add_167_30_Y_u_cpu_add_165_34_Y_u_cpu_add_163_30_g869/Y    NOR2X6            2 10.0   83   +70    7468 R 
u_cpu_add_167_30_Y_u_cpu_add_165_34_Y_u_cpu_add_163_30_g867/B0                                    +0    7469   
u_cpu_add_167_30_Y_u_cpu_add_165_34_Y_u_cpu_add_163_30_g867/Y    AOI2BB1X4         1  8.5   74   +62    7531 F 
u_cpu_add_167_30_Y_u_cpu_add_165_34_Y_u_cpu_add_163_30_g865/B                                     +0    7531   
u_cpu_add_167_30_Y_u_cpu_add_165_34_Y_u_cpu_add_163_30_g865/Y    NOR2X6            2 11.3   89   +67    7598 R 
u_cpu_add_167_30_Y_u_cpu_add_165_34_Y_u_cpu_add_163_30_g863/B                                     +0    7598   
u_cpu_add_167_30_Y_u_cpu_add_165_34_Y_u_cpu_add_163_30_g863/Y    NOR2X6            1  8.5   92   +54    7652 F 
u_cpu_add_167_30_Y_u_cpu_add_165_34_Y_u_cpu_add_163_30_g861/B                                     +0    7652   
u_cpu_add_167_30_Y_u_cpu_add_165_34_Y_u_cpu_add_163_30_g861/Y    NOR2X6            2  9.5   80   +68    7721 R 
u_cpu_add_167_30_Y_u_cpu_add_165_34_Y_u_cpu_add_163_30_g859/B0                                    +0    7721   
u_cpu_add_167_30_Y_u_cpu_add_165_34_Y_u_cpu_add_163_30_g859/Y    AOI2BB1X4         1  8.5   74   +61    7782 F 
u_cpu_add_167_30_Y_u_cpu_add_165_34_Y_u_cpu_add_163_30_g857/B                                     +0    7782   
u_cpu_add_167_30_Y_u_cpu_add_165_34_Y_u_cpu_add_163_30_g857/Y    NOR2X6            2  9.5   80   +62    7845 R 
u_cpu_add_167_30_Y_u_cpu_add_165_34_Y_u_cpu_add_163_30_g855/B0                                    +0    7845   
u_cpu_add_167_30_Y_u_cpu_add_165_34_Y_u_cpu_add_163_30_g855/Y    AOI2BB1X4         1  8.5   74   +61    7906 F 
u_cpu_add_167_30_Y_u_cpu_add_165_34_Y_u_cpu_add_163_30_g853/B                                     +0    7906   
u_cpu_add_167_30_Y_u_cpu_add_165_34_Y_u_cpu_add_163_30_g853/Y    NOR2X6            2  9.3   79   +62    7968 R 
u_cpu_add_167_30_Y_u_cpu_add_165_34_Y_u_cpu_add_163_30_g851/B                                     +0    7968   
u_cpu_add_167_30_Y_u_cpu_add_165_34_Y_u_cpu_add_163_30_g851/Y    NOR2X4            1  6.9   86   +54    8022 F 
u_cpu_add_167_30_Y_u_cpu_add_165_34_Y_u_cpu_add_163_30_g849/B                                     +0    8022   
u_cpu_add_167_30_Y_u_cpu_add_165_34_Y_u_cpu_add_163_30_g849/Y    NOR2X4            2  9.8  103   +79    8101 R 
u_cpu_add_167_30_Y_u_cpu_add_165_34_Y_u_cpu_add_163_30_g848/B                                     +0    8102   
u_cpu_add_167_30_Y_u_cpu_add_165_34_Y_u_cpu_add_163_30_g848/Y    NOR2X4            1  6.9   86   +62    8164 F 
u_cpu_add_167_30_Y_u_cpu_add_165_34_Y_u_cpu_add_163_30_g846/B                                     +0    8164   
u_cpu_add_167_30_Y_u_cpu_add_165_34_Y_u_cpu_add_163_30_g846/Y    NOR2X4            2 10.0  104   +80    8244 R 
u_cpu_add_167_30_Y_u_cpu_add_165_34_Y_u_cpu_add_163_30_g845/B0                                    +0    8244   
u_cpu_add_167_30_Y_u_cpu_add_165_34_Y_u_cpu_add_163_30_g845/Y    AOI2BB1X4         1  6.9   68   +67    8311 F 
u_cpu_add_167_30_Y_u_cpu_add_165_34_Y_u_cpu_add_163_30_g843/B                                     +0    8311   
u_cpu_add_167_30_Y_u_cpu_add_165_34_Y_u_cpu_add_163_30_g843/Y    NOR2X4            2 10.0  104   +74    8386 R 
g655480/B0                                                                                        +0    8386   
g655480/Y                                                        AOI2BB1X4         1  6.9   68   +67    8452 F 
u_cpu_add_167_30_Y_u_cpu_add_165_34_Y_u_cpu_add_163_30_g840/B                                     +0    8452   
u_cpu_add_167_30_Y_u_cpu_add_165_34_Y_u_cpu_add_163_30_g840/Y    NOR2X4            2 11.3  114   +79    8532 R 
u_cpu_add_167_30_Y_u_cpu_add_165_34_Y_u_cpu_add_163_30_g839/B                                     +0    8532   
u_cpu_add_167_30_Y_u_cpu_add_165_34_Y_u_cpu_add_163_30_g839/Y    NOR2X6            1  8.5   92   +63    8595 F 
u_cpu_add_167_30_Y_u_cpu_add_165_34_Y_u_cpu_add_163_30_g837/B                                     +0    8595   
u_cpu_add_167_30_Y_u_cpu_add_165_34_Y_u_cpu_add_163_30_g837/Y    NOR2X6            2 10.0   82   +70    8665 R 
u_cpu_add_167_30_Y_u_cpu_add_165_34_Y_u_cpu_add_163_30_g836/B0                                    +0    8665   
u_cpu_add_167_30_Y_u_cpu_add_165_34_Y_u_cpu_add_163_30_g836/Y    AOI2BB1X4         1  8.5   76   +62    8727 F 
u_cpu_add_167_30_Y_u_cpu_add_165_34_Y_u_cpu_add_163_30_g834/B                                     +0    8727   
u_cpu_add_167_30_Y_u_cpu_add_165_34_Y_u_cpu_add_163_30_g834/Y    NOR2X6            2 10.0   82   +64    8791 R 
u_cpu_add_167_30_Y_u_cpu_add_165_34_Y_u_cpu_add_163_30_g833/B0                                    +0    8792   
u_cpu_add_167_30_Y_u_cpu_add_165_34_Y_u_cpu_add_163_30_g833/Y    AOI2BB1X4         1  8.5   76   +62    8853 F 
u_cpu_add_167_30_Y_u_cpu_add_165_34_Y_u_cpu_add_163_30_g831/B                                     +0    8854   
u_cpu_add_167_30_Y_u_cpu_add_165_34_Y_u_cpu_add_163_30_g831/Y    NOR2X6            2 11.3   89   +68    8921 R 
u_cpu_add_167_30_Y_u_cpu_add_165_34_Y_u_cpu_add_163_30_g830/B                                     +0    8921   
u_cpu_add_167_30_Y_u_cpu_add_165_34_Y_u_cpu_add_163_30_g830/Y    NOR2X6            1  8.5   93   +54    8976 F 
u_cpu_add_167_30_Y_u_cpu_add_165_34_Y_u_cpu_add_163_30_g828/B                                     +0    8976   
u_cpu_add_167_30_Y_u_cpu_add_165_34_Y_u_cpu_add_163_30_g828/Y    NOR2X6            2 10.0   82   +70    9046 R 
u_cpu_add_167_30_Y_u_cpu_add_165_34_Y_u_cpu_add_163_30_g827/B0                                    +0    9046   
u_cpu_add_167_30_Y_u_cpu_add_165_34_Y_u_cpu_add_163_30_g827/Y    AOI2BB1X4         1  8.5   76   +62    9108 F 
u_cpu_add_167_30_Y_u_cpu_add_165_34_Y_u_cpu_add_163_30_g825/B                                     +0    9108   
u_cpu_add_167_30_Y_u_cpu_add_165_34_Y_u_cpu_add_163_30_g825/Y    NOR2X6            2 11.3   89   +68    9176 R 
u_cpu_add_167_30_Y_u_cpu_add_165_34_Y_u_cpu_add_163_30_g824/B                                     +0    9176   
u_cpu_add_167_30_Y_u_cpu_add_165_34_Y_u_cpu_add_163_30_g824/Y    NOR2X6            1  8.5   93   +54    9230 F 
u_cpu_add_167_30_Y_u_cpu_add_165_34_Y_u_cpu_add_163_30_g822/B                                     +0    9230   
u_cpu_add_167_30_Y_u_cpu_add_165_34_Y_u_cpu_add_163_30_g822/Y    NOR2X6            2 10.0   82   +70    9300 R 
u_cpu_add_167_30_Y_u_cpu_add_165_34_Y_u_cpu_add_163_30_g821/B0                                    +0    9300   
u_cpu_add_167_30_Y_u_cpu_add_165_34_Y_u_cpu_add_163_30_g821/Y    AOI2BB1X4         1  8.5   76   +62    9362 F 
u_cpu_add_167_30_Y_u_cpu_add_165_34_Y_u_cpu_add_163_30_g819/B                                     +0    9362   
u_cpu_add_167_30_Y_u_cpu_add_165_34_Y_u_cpu_add_163_30_g819/Y    NOR2X6            2 11.3   89   +68    9430 R 
u_cpu_add_167_30_Y_u_cpu_add_165_34_Y_u_cpu_add_163_30_g818/B                                     +0    9430   
u_cpu_add_167_30_Y_u_cpu_add_165_34_Y_u_cpu_add_163_30_g818/Y    NOR2X6            1  8.5   93   +54    9484 F 
u_cpu_add_167_30_Y_u_cpu_add_165_34_Y_u_cpu_add_163_30_g816/B                                     +0    9484   
u_cpu_add_167_30_Y_u_cpu_add_165_34_Y_u_cpu_add_163_30_g816/Y    NOR2X6            2 10.0   82   +70    9555 R 
g655057/B0                                                                                        +0    9555   
g655057/Y                                                        AOI2BB1X4         1  8.5   76   +62    9617 F 
g655056/A                                                                                         +0    9617   
g655056/Y                                                        NOR2X6            2 10.0   93   +72    9689 R 
u_cpu_add_167_30_Y_u_cpu_add_165_34_Y_u_cpu_add_163_30_g812/B0                                    +0    9689   
u_cpu_add_167_30_Y_u_cpu_add_165_34_Y_u_cpu_add_163_30_g812/Y    AOI2BB1X4         1  6.9   70   +62    9751 F 
u_cpu_add_167_30_Y_u_cpu_add_165_34_Y_u_cpu_add_163_30_g810/B                                     +0    9752   
u_cpu_add_167_30_Y_u_cpu_add_165_34_Y_u_cpu_add_163_30_g810/Y    NOR2X4            1  5.3   70   +57    9809 R 
u_cpu_add_167_30_Y_u_cpu_add_165_34_Y_u_cpu_add_163_30_g809/B                                     +0    9809   
u_cpu_add_167_30_Y_u_cpu_add_165_34_Y_u_cpu_add_163_30_g809/Y    XOR2X4            1  4.8   73  +156    9965 R 
g641353/B                                                                                         +0    9965   
g641353/Y                                                        NAND2X1           1  4.8  186  +124   10089 F 
g653712/B                                                                                         +0   10089   
g653712/Y                                                        NAND2X1           1  4.7  112  +112   10200 R 
u_cpu_pc_reg[31]/D                                               DFFRHQX1                         +0   10201   
u_cpu_pc_reg[31]/CK                                              setup                     100   +98   10298 R 
- - - - - - - - - - - - - - - - - - - - - - - - - - - - - - - - - - - - - - - - - - - - - - - - - - - - - - - -
(clock clk)                                                      capture                               10000 R 
                                                                 latency                        +500   10500 R 
                                                                 uncertainty                    -200   10300 R 
---------------------------------------------------------------------------------------------------------------
Cost Group   : 'clk' (path_group 'clk')
Timing slack :       2ps 
Start-point  : u_cpu_ir_reg[4]/CK
End-point    : u_cpu_pc_reg[31]/D

path   7:

                             Pin                                   Type       Fanout Load Slew Delay Arrival   
                                                                                     (fF) (ps)  (ps)   (ps)    
---------------------------------------------------------------------------------------------------------------
(clock clk)                                                      launch                                    0 R 
                                                                 latency                        +500     500 R 
u_cpu_ir_reg[4]/CK                                                                         100    +0     500 R 
u_cpu_ir_reg[4]/QN                                               SDFFRX2           8 29.1  255  +488     988 F 
g160918/B                                                                                         +0     988   
g160918/Y                                                        CLKAND2X3         2 11.0   81  +176    1164 F 
g160908/B                                                                                         +0    1164   
g160908/Y                                                        NAND2X6           4 13.4  116   +55    1219 R 
g160904/A                                                                                         +0    1219   
g160904/Y                                                        OR2X4             5 17.1   83  +142    1361 R 
g655249/B                                                                                         +0    1361   
g655249/Y                                                        NOR2BX1           1  5.4  111   +85    1446 F 
g160937/B0                                                                                        +0    1446   
g160937/Y                                                        AOI21X2           1  5.4  121   +95    1541 R 
g160840/B0                                                                                        +0    1541   
g160840/Y                                                        OAI21X2           5 16.5  304  +206    1747 F 
u_cpu_u_alu_sub_16_33_Y_u_cpu_u_alu_add_15_33_g4248/S0                                            +0    1747   
u_cpu_u_alu_sub_16_33_Y_u_cpu_u_alu_add_15_33_g4248/Y            MXI2X2            2 11.8  114  +320    2067 F 
u_cpu_u_alu_sub_16_33_Y_u_cpu_u_alu_add_15_33_g4273/B                                             +0    2067   
u_cpu_u_alu_sub_16_33_Y_u_cpu_u_alu_add_15_33_g4273/Y            NAND2X4           2  9.5   73   +68    2135 R 
u_cpu_u_alu_sub_16_33_Y_u_cpu_u_alu_add_15_33_g4039/A0                                            +0    2135   
u_cpu_u_alu_sub_16_33_Y_u_cpu_u_alu_add_15_33_g4039/Y            AOI21X4           2  9.9  126  +104    2238 F 
u_cpu_u_alu_sub_16_33_Y_u_cpu_u_alu_add_15_33_g4034/B                                             +0    2238   
u_cpu_u_alu_sub_16_33_Y_u_cpu_u_alu_add_15_33_g4034/Y            NOR2X4            1  6.9   87   +82    2321 R 
u_cpu_u_alu_sub_16_33_Y_u_cpu_u_alu_add_15_33_g4032/B                                             +0    2321   
u_cpu_u_alu_sub_16_33_Y_u_cpu_u_alu_add_15_33_g4032/Y            NOR2X4            2  9.9   76   +63    2384 F 
u_cpu_u_alu_sub_16_33_Y_u_cpu_u_alu_add_15_33_g4030/B                                             +0    2384   
u_cpu_u_alu_sub_16_33_Y_u_cpu_u_alu_add_15_33_g4030/Y            NOR2X4            1  8.4   92   +71    2455 R 
u_cpu_u_alu_sub_16_33_Y_u_cpu_u_alu_add_15_33_g4028/B                                             +0    2455   
u_cpu_u_alu_sub_16_33_Y_u_cpu_u_alu_add_15_33_g4028/Y            NOR2X6            2  9.5   56   +57    2512 F 
u_cpu_u_alu_sub_16_33_Y_u_cpu_u_alu_add_15_33_g4026/B                                             +0    2512   
u_cpu_u_alu_sub_16_33_Y_u_cpu_u_alu_add_15_33_g4026/Y            NOR2X4            1  6.9   84   +59    2571 R 
u_cpu_u_alu_sub_16_33_Y_u_cpu_u_alu_add_15_33_g4024/B                                             +0    2571   
u_cpu_u_alu_sub_16_33_Y_u_cpu_u_alu_add_15_33_g4024/Y            NOR2X4            2  9.8   69   +61    2632 F 
u_cpu_u_alu_sub_16_33_Y_u_cpu_u_alu_add_15_33_g4021/B                                             +0    2632   
u_cpu_u_alu_sub_16_33_Y_u_cpu_u_alu_add_15_33_g4021/Y            NOR2X4            2  9.3  105   +72    2704 R 
u_cpu_u_alu_sub_16_33_Y_u_cpu_u_alu_add_15_33_g4015/A1                                            +0    2704   
u_cpu_u_alu_sub_16_33_Y_u_cpu_u_alu_add_15_33_g4015/Y            AOI21X4           2  9.8  126  +108    2813 F 
u_cpu_u_alu_sub_16_33_Y_u_cpu_u_alu_add_15_33_g4011/A1                                            +0    2813   
u_cpu_u_alu_sub_16_33_Y_u_cpu_u_alu_add_15_33_g4011/Y            OAI21X4           2  7.6  104   +95    2908 R 
g655048/A1N                                                                                       +0    2908   
g655048/Y                                                        OAI2BB1X4         2  9.6   83  +172    3081 R 
u_cpu_u_alu_sub_16_33_Y_u_cpu_u_alu_add_15_33_g4007/A                                             +0    3081   
u_cpu_u_alu_sub_16_33_Y_u_cpu_u_alu_add_15_33_g4007/Y            CLKINVX4          1  6.9   45   +52    3133 F 
u_cpu_u_alu_sub_16_33_Y_u_cpu_u_alu_add_15_33_g4005/A1                                            +0    3133   
u_cpu_u_alu_sub_16_33_Y_u_cpu_u_alu_add_15_33_g4005/Y            OAI21X4           2  9.8  127   +77    3210 R 
u_cpu_u_alu_sub_16_33_Y_u_cpu_u_alu_add_15_33_g4003/A1                                            +0    3210   
u_cpu_u_alu_sub_16_33_Y_u_cpu_u_alu_add_15_33_g4003/Y            AOI21X4           2  9.8  126  +116    3326 F 
u_cpu_u_alu_sub_16_33_Y_u_cpu_u_alu_add_15_33_g4000/A1                                            +0    3326   
u_cpu_u_alu_sub_16_33_Y_u_cpu_u_alu_add_15_33_g4000/Y            OAI21X4           2  9.6  124  +103    3429 R 
u_cpu_u_alu_sub_16_33_Y_u_cpu_u_alu_add_15_33_g3999/A                                             +0    3429   
u_cpu_u_alu_sub_16_33_Y_u_cpu_u_alu_add_15_33_g3999/Y            CLKINVX4          1  8.5   58   +71    3500 F 
u_cpu_u_alu_sub_16_33_Y_u_cpu_u_alu_add_15_33_g3998/B                                             +0    3500   
u_cpu_u_alu_sub_16_33_Y_u_cpu_u_alu_add_15_33_g3998/Y            NOR2X6            1  8.4   82   +54    3554 R 
u_cpu_u_alu_sub_16_33_Y_u_cpu_u_alu_add_15_33_g3996/B                                             +0    3554   
u_cpu_u_alu_sub_16_33_Y_u_cpu_u_alu_add_15_33_g3996/Y            NOR2X6            3 13.9   81   +60    3614 F 
u_cpu_u_alu_sub_16_33_Y_u_cpu_u_alu_add_15_33_g3995/B                                             +0    3614   
u_cpu_u_alu_sub_16_33_Y_u_cpu_u_alu_add_15_33_g3995/Y            NOR2X6            2 10.4  104   +67    3681 R 
u_cpu_u_alu_sub_16_33_Y_u_cpu_u_alu_add_15_33_g3991/B                                             +0    3681   
u_cpu_u_alu_sub_16_33_Y_u_cpu_u_alu_add_15_33_g3991/Y            NAND2X4           1 10.0  126   +96    3777 F 
u_cpu_u_alu_sub_16_33_Y_u_cpu_u_alu_add_15_33_g3989/B                                             +0    3777   
u_cpu_u_alu_sub_16_33_Y_u_cpu_u_alu_add_15_33_g3989/Y            NAND2X8           4 19.3   82   +71    3848 R 
g655046/C                                                                                         +0    3848   
g655046/Y                                                        NAND3BX4          1  7.0  160  +108    3956 F 
u_cpu_u_alu_sub_16_33_Y_u_cpu_u_alu_add_15_33_g3974/A1                                            +0    3956   
u_cpu_u_alu_sub_16_33_Y_u_cpu_u_alu_add_15_33_g3974/Y            AOI21X4           1  6.9  114  +107    4063 R 
u_cpu_u_alu_sub_16_33_Y_u_cpu_u_alu_add_15_33_g3971/B                                             +0    4063   
u_cpu_u_alu_sub_16_33_Y_u_cpu_u_alu_add_15_33_g3971/Y            NOR2X4            2  8.5   69   +70    4133 F 
g655051/A1                                                                                        +0    4133   
g655051/Y                                                        OAI21X2           2  7.3  151  +103    4236 R 
g654906/A0N                                                                                       +0    4236   
g654906/Y                                                        OAI2BB1X2         1  4.5   98  +203    4439 R 
g4/A                                                                                              +0    4439   
g4/Y                                                             INVXL             2  8.4  262  +171    4610 F 
u_cpu_u_alu_sub_16_33_Y_u_cpu_u_alu_add_15_33_g4329/B                                             +0    4610   
u_cpu_u_alu_sub_16_33_Y_u_cpu_u_alu_add_15_33_g4329/Y            XNOR2X1           1  5.4  108  +273    4883 R 
g165980/B                                                                                         +0    4883   
g165980/Y                                                        NAND2X2           1  7.0  144  +114    4997 F 
g166000/B                                                                                         +0    4997   
g166000/Y                                                        NAND2X4           2  9.7   69   +78    5075 R 
g165574/A                                                                                         +0    5075   
g165574/Y                                                        NOR2X4            1  8.4   58   +57    5132 F 
g165556/B                                                                                         +0    5132   
g165556/Y                                                        NAND2X6           1  6.9   39   +39    5171 R 
g165555/B                                                                                         +0    5171   
g165555/Y                                                        NOR2X4            1  7.1   58   +39    5210 F 
g165554/B0                                                                                        +0    5210   
g165554/Y                                                        AOI2BB1X4         1 10.0  107   +82    5293 R 
g165553/B                                                                                         +0    5293   
g165553/Y                                                        NOR2X8            6 19.5   79   +69    5362 F 
g165550/S0                                                                                        +0    5362   
g165550/Y                                                        CLKMX2X3          3 10.0   82  +203    5565 R 
g655045/A1                                                                                        +0    5565   
g655045/Y                                                        OA21X2            1  6.9   86  +188    5753 R 
u_cpu_add_167_30_Y_u_cpu_add_165_34_Y_u_cpu_add_163_30_g913/B                                     +0    5753   
u_cpu_add_167_30_Y_u_cpu_add_165_34_Y_u_cpu_add_163_30_g913/Y    NOR2X4            2  9.8   64   +62    5815 F 
u_cpu_add_167_30_Y_u_cpu_add_165_34_Y_u_cpu_add_163_30_g911/B                                     +0    5815   
u_cpu_add_167_30_Y_u_cpu_add_165_34_Y_u_cpu_add_163_30_g911/Y    NOR2X4            1  8.4   90   +67    5882 R 
u_cpu_add_167_30_Y_u_cpu_add_165_34_Y_u_cpu_add_163_30_g909/B                                     +0    5882   
u_cpu_add_167_30_Y_u_cpu_add_165_34_Y_u_cpu_add_163_30_g909/Y    NOR2X6            2 10.0   64   +57    5939 F 
u_cpu_add_167_30_Y_u_cpu_add_165_34_Y_u_cpu_add_163_30_g907/B0                                    +0    5939   
u_cpu_add_167_30_Y_u_cpu_add_165_34_Y_u_cpu_add_163_30_g907/Y    AOI2BB1X4         1  6.9   84   +73    6012 R 
u_cpu_add_167_30_Y_u_cpu_add_165_34_Y_u_cpu_add_163_30_g905/B                                     +0    6012   
u_cpu_add_167_30_Y_u_cpu_add_165_34_Y_u_cpu_add_163_30_g905/Y    NOR2X4            2 10.0   71   +62    6074 F 
u_cpu_add_167_30_Y_u_cpu_add_165_34_Y_u_cpu_add_163_30_g903/B0                                    +0    6074   
u_cpu_add_167_30_Y_u_cpu_add_165_34_Y_u_cpu_add_163_30_g903/Y    AOI2BB1X4         1  6.8   84   +74    6148 R 
g655044/B0                                                                                        +0    6149   
g655044/Y                                                        AOI21X4           2  7.7  113   +56    6205 F 
u_cpu_add_167_30_Y_u_cpu_add_165_34_Y_u_cpu_add_163_30_g899/B0                                    +0    6205   
u_cpu_add_167_30_Y_u_cpu_add_165_34_Y_u_cpu_add_163_30_g899/Y    AOI2BB1X1         1  5.5  194  +143    6348 R 
u_cpu_add_167_30_Y_u_cpu_add_165_34_Y_u_cpu_add_163_30_g897/B                                     +0    6348   
u_cpu_add_167_30_Y_u_cpu_add_165_34_Y_u_cpu_add_163_30_g897/Y    NOR2X2            2  7.7   98  +115    6463 F 
g655043/A1N                                                                                       +0    6464   
g655043/Y                                                        AOI2BB1X4         2  8.5   74  +164    6627 F 
u_cpu_add_167_30_Y_u_cpu_add_165_34_Y_u_cpu_add_163_30_g891/B0                                    +0    6627   
u_cpu_add_167_30_Y_u_cpu_add_165_34_Y_u_cpu_add_163_30_g891/Y    AOI2BB1X2         1  8.4  155  +112    6739 R 
u_cpu_add_167_30_Y_u_cpu_add_165_34_Y_u_cpu_add_163_30_g889/B                                     +0    6740   
u_cpu_add_167_30_Y_u_cpu_add_165_34_Y_u_cpu_add_163_30_g889/Y    NOR2X6            2  9.8   64   +79    6818 F 
u_cpu_add_167_30_Y_u_cpu_add_165_34_Y_u_cpu_add_163_30_g887/B                                     +0    6818   
u_cpu_add_167_30_Y_u_cpu_add_165_34_Y_u_cpu_add_163_30_g887/Y    NOR2X4            1  8.4   96   +67    6886 R 
u_cpu_add_167_30_Y_u_cpu_add_165_34_Y_u_cpu_add_163_30_g885/B                                     +0    6886   
u_cpu_add_167_30_Y_u_cpu_add_165_34_Y_u_cpu_add_163_30_g885/Y    NOR2X6            2  9.8   64   +59    6944 F 
u_cpu_add_167_30_Y_u_cpu_add_165_34_Y_u_cpu_add_163_30_g883/B                                     +0    6944   
u_cpu_add_167_30_Y_u_cpu_add_165_34_Y_u_cpu_add_163_30_g883/Y    NOR2X4            1  6.9   84   +61    7006 R 
u_cpu_add_167_30_Y_u_cpu_add_165_34_Y_u_cpu_add_163_30_g881/B                                     +0    7006   
u_cpu_add_167_30_Y_u_cpu_add_165_34_Y_u_cpu_add_163_30_g881/Y    NOR2X4            2 10.0   71   +62    7068 F 
u_cpu_add_167_30_Y_u_cpu_add_165_34_Y_u_cpu_add_163_30_g879/B0                                    +0    7068   
u_cpu_add_167_30_Y_u_cpu_add_165_34_Y_u_cpu_add_163_30_g879/Y    AOI2BB1X4         1  6.9   85   +75    7143 R 
u_cpu_add_167_30_Y_u_cpu_add_165_34_Y_u_cpu_add_163_30_g877/B                                     +0    7143   
u_cpu_add_167_30_Y_u_cpu_add_165_34_Y_u_cpu_add_163_30_g877/Y    NOR2X4            2 10.0   71   +62    7205 F 
u_cpu_add_167_30_Y_u_cpu_add_165_34_Y_u_cpu_add_163_30_g875/B0                                    +0    7205   
u_cpu_add_167_30_Y_u_cpu_add_165_34_Y_u_cpu_add_163_30_g875/Y    AOI2BB1X4         1  6.9   84   +75    7280 R 
u_cpu_add_167_30_Y_u_cpu_add_165_34_Y_u_cpu_add_163_30_g873/B                                     +0    7280   
u_cpu_add_167_30_Y_u_cpu_add_165_34_Y_u_cpu_add_163_30_g873/Y    NOR2X4            2 11.4   77   +65    7345 F 
u_cpu_add_167_30_Y_u_cpu_add_165_34_Y_u_cpu_add_163_30_g871/B                                     +0    7345   
u_cpu_add_167_30_Y_u_cpu_add_165_34_Y_u_cpu_add_163_30_g871/Y    NOR2X6            1  8.4   76   +61    7406 R 
u_cpu_add_167_30_Y_u_cpu_add_165_34_Y_u_cpu_add_163_30_g869/B                                     +0    7406   
u_cpu_add_167_30_Y_u_cpu_add_165_34_Y_u_cpu_add_163_30_g869/Y    NOR2X6            2 10.0   64   +52    7458 F 
u_cpu_add_167_30_Y_u_cpu_add_165_34_Y_u_cpu_add_163_30_g867/B0                                    +0    7458   
u_cpu_add_167_30_Y_u_cpu_add_165_34_Y_u_cpu_add_163_30_g867/Y    AOI2BB1X4         1  8.4   95   +78    7536 R 
u_cpu_add_167_30_Y_u_cpu_add_165_34_Y_u_cpu_add_163_30_g865/B                                     +0    7536   
u_cpu_add_167_30_Y_u_cpu_add_165_34_Y_u_cpu_add_163_30_g865/Y    NOR2X6            2 11.4   68   +61    7597 F 
u_cpu_add_167_30_Y_u_cpu_add_165_34_Y_u_cpu_add_163_30_g863/B                                     +0    7597   
u_cpu_add_167_30_Y_u_cpu_add_165_34_Y_u_cpu_add_163_30_g863/Y    NOR2X6            1  8.4   76   +58    7655 R 
u_cpu_add_167_30_Y_u_cpu_add_165_34_Y_u_cpu_add_163_30_g861/B                                     +0    7655   
u_cpu_add_167_30_Y_u_cpu_add_165_34_Y_u_cpu_add_163_30_g861/Y    NOR2X6            2  9.5   63   +51    7706 F 
u_cpu_add_167_30_Y_u_cpu_add_165_34_Y_u_cpu_add_163_30_g859/B0                                    +0    7706   
u_cpu_add_167_30_Y_u_cpu_add_165_34_Y_u_cpu_add_163_30_g859/Y    AOI2BB1X4         1  8.4   95   +78    7784 R 
u_cpu_add_167_30_Y_u_cpu_add_165_34_Y_u_cpu_add_163_30_g857/B                                     +0    7784   
u_cpu_add_167_30_Y_u_cpu_add_165_34_Y_u_cpu_add_163_30_g857/Y    NOR2X6            2  9.5   63   +58    7842 F 
u_cpu_add_167_30_Y_u_cpu_add_165_34_Y_u_cpu_add_163_30_g855/B0                                    +0    7843   
u_cpu_add_167_30_Y_u_cpu_add_165_34_Y_u_cpu_add_163_30_g855/Y    AOI2BB1X4         1  8.4   95   +78    7921 R 
u_cpu_add_167_30_Y_u_cpu_add_165_34_Y_u_cpu_add_163_30_g853/B                                     +0    7921   
u_cpu_add_167_30_Y_u_cpu_add_165_34_Y_u_cpu_add_163_30_g853/Y    NOR2X6            2  9.3   62   +58    7979 F 
u_cpu_add_167_30_Y_u_cpu_add_165_34_Y_u_cpu_add_163_30_g851/B                                     +0    7979   
u_cpu_add_167_30_Y_u_cpu_add_165_34_Y_u_cpu_add_163_30_g851/Y    NOR2X4            1  6.9   82   +61    8040 R 
u_cpu_add_167_30_Y_u_cpu_add_165_34_Y_u_cpu_add_163_30_g849/B                                     +0    8040   
u_cpu_add_167_30_Y_u_cpu_add_165_34_Y_u_cpu_add_163_30_g849/Y    NOR2X4            2  9.8   71   +61    8101 F 
u_cpu_add_167_30_Y_u_cpu_add_165_34_Y_u_cpu_add_163_30_g848/B                                     +0    8101   
u_cpu_add_167_30_Y_u_cpu_add_165_34_Y_u_cpu_add_163_30_g848/Y    NOR2X4            1  6.9   82   +64    8164 R 
u_cpu_add_167_30_Y_u_cpu_add_165_34_Y_u_cpu_add_163_30_g846/B                                     +0    8164   
u_cpu_add_167_30_Y_u_cpu_add_165_34_Y_u_cpu_add_163_30_g846/Y    NOR2X4            2 10.0   71   +61    8226 F 
u_cpu_add_167_30_Y_u_cpu_add_165_34_Y_u_cpu_add_163_30_g845/B0                                    +0    8226   
u_cpu_add_167_30_Y_u_cpu_add_165_34_Y_u_cpu_add_163_30_g845/Y    AOI2BB1X4         1  6.9   85   +75    8301 R 
u_cpu_add_167_30_Y_u_cpu_add_165_34_Y_u_cpu_add_163_30_g843/B                                     +0    8301   
u_cpu_add_167_30_Y_u_cpu_add_165_34_Y_u_cpu_add_163_30_g843/Y    NOR2X4            2 10.0   71   +62    8363 F 
g655480/B0                                                                                        +0    8363   
g655480/Y                                                        AOI2BB1X4         1  6.9   85   +75    8438 R 
u_cpu_add_167_30_Y_u_cpu_add_165_34_Y_u_cpu_add_163_30_g840/B                                     +0    8438   
u_cpu_add_167_30_Y_u_cpu_add_165_34_Y_u_cpu_add_163_30_g840/Y    NOR2X4            2 11.4   77   +65    8504 F 
u_cpu_add_167_30_Y_u_cpu_add_165_34_Y_u_cpu_add_163_30_g839/B                                     +0    8504   
u_cpu_add_167_30_Y_u_cpu_add_165_34_Y_u_cpu_add_163_30_g839/Y    NOR2X6            1  8.4   78   +61    8564 R 
u_cpu_add_167_30_Y_u_cpu_add_165_34_Y_u_cpu_add_163_30_g837/B                                     +0    8564   
u_cpu_add_167_30_Y_u_cpu_add_165_34_Y_u_cpu_add_163_30_g837/Y    NOR2X6            2 10.0   64   +53    8617 F 
u_cpu_add_167_30_Y_u_cpu_add_165_34_Y_u_cpu_add_163_30_g836/B0                                    +0    8617   
u_cpu_add_167_30_Y_u_cpu_add_165_34_Y_u_cpu_add_163_30_g836/Y    AOI2BB1X4         1  8.4   97   +78    8696 R 
u_cpu_add_167_30_Y_u_cpu_add_165_34_Y_u_cpu_add_163_30_g834/B                                     +0    8696   
u_cpu_add_167_30_Y_u_cpu_add_165_34_Y_u_cpu_add_163_30_g834/Y    NOR2X6            2 10.0   64   +60    8755 F 
u_cpu_add_167_30_Y_u_cpu_add_165_34_Y_u_cpu_add_163_30_g833/B0                                    +0    8755   
u_cpu_add_167_30_Y_u_cpu_add_165_34_Y_u_cpu_add_163_30_g833/Y    AOI2BB1X4         1  8.4   97   +78    8834 R 
u_cpu_add_167_30_Y_u_cpu_add_165_34_Y_u_cpu_add_163_30_g831/B                                     +0    8834   
u_cpu_add_167_30_Y_u_cpu_add_165_34_Y_u_cpu_add_163_30_g831/Y    NOR2X6            2 11.4   68   +62    8895 F 
u_cpu_add_167_30_Y_u_cpu_add_165_34_Y_u_cpu_add_163_30_g830/B                                     +0    8896   
u_cpu_add_167_30_Y_u_cpu_add_165_34_Y_u_cpu_add_163_30_g830/Y    NOR2X6            1  8.4   80   +58    8953 R 
u_cpu_add_167_30_Y_u_cpu_add_165_34_Y_u_cpu_add_163_30_g828/B                                     +0    8953   
u_cpu_add_167_30_Y_u_cpu_add_165_34_Y_u_cpu_add_163_30_g828/Y    NOR2X6            2 10.0   64   +54    9007 F 
u_cpu_add_167_30_Y_u_cpu_add_165_34_Y_u_cpu_add_163_30_g827/B0                                    +0    9007   
u_cpu_add_167_30_Y_u_cpu_add_165_34_Y_u_cpu_add_163_30_g827/Y    AOI2BB1X4         1  8.4   97   +78    9085 R 
u_cpu_add_167_30_Y_u_cpu_add_165_34_Y_u_cpu_add_163_30_g825/B                                     +0    9086   
u_cpu_add_167_30_Y_u_cpu_add_165_34_Y_u_cpu_add_163_30_g825/Y    NOR2X6            2 11.4   68   +62    9147 F 
u_cpu_add_167_30_Y_u_cpu_add_165_34_Y_u_cpu_add_163_30_g824/B                                     +0    9147   
u_cpu_add_167_30_Y_u_cpu_add_165_34_Y_u_cpu_add_163_30_g824/Y    NOR2X6            1  8.4   80   +58    9205 R 
u_cpu_add_167_30_Y_u_cpu_add_165_34_Y_u_cpu_add_163_30_g822/B                                     +0    9205   
u_cpu_add_167_30_Y_u_cpu_add_165_34_Y_u_cpu_add_163_30_g822/Y    NOR2X6            2 10.0   64   +54    9259 F 
u_cpu_add_167_30_Y_u_cpu_add_165_34_Y_u_cpu_add_163_30_g821/B0                                    +0    9259   
u_cpu_add_167_30_Y_u_cpu_add_165_34_Y_u_cpu_add_163_30_g821/Y    AOI2BB1X4         1  8.4   97   +78    9337 R 
u_cpu_add_167_30_Y_u_cpu_add_165_34_Y_u_cpu_add_163_30_g819/B                                     +0    9337   
u_cpu_add_167_30_Y_u_cpu_add_165_34_Y_u_cpu_add_163_30_g819/Y    NOR2X6            2 11.4   68   +62    9399 F 
u_cpu_add_167_30_Y_u_cpu_add_165_34_Y_u_cpu_add_163_30_g818/B                                     +0    9399   
u_cpu_add_167_30_Y_u_cpu_add_165_34_Y_u_cpu_add_163_30_g818/Y    NOR2X6            1  8.4   80   +58    9457 R 
u_cpu_add_167_30_Y_u_cpu_add_165_34_Y_u_cpu_add_163_30_g816/B                                     +0    9457   
u_cpu_add_167_30_Y_u_cpu_add_165_34_Y_u_cpu_add_163_30_g816/Y    NOR2X6            2 10.0   64   +54    9510 F 
g655057/B0                                                                                        +0    9510   
g655057/Y                                                        AOI2BB1X4         1  8.5   98   +79    9589 R 
g655056/A                                                                                         +0    9589   
g655056/Y                                                        NOR2X6            2 10.0   62   +64    9654 F 
u_cpu_add_167_30_Y_u_cpu_add_165_34_Y_u_cpu_add_163_30_g812/B0                                    +0    9654   
u_cpu_add_167_30_Y_u_cpu_add_165_34_Y_u_cpu_add_163_30_g812/Y    AOI2BB1X4         1  6.9   86   +72    9726 R 
u_cpu_add_167_30_Y_u_cpu_add_165_34_Y_u_cpu_add_163_30_g810/B                                     +0    9726   
u_cpu_add_167_30_Y_u_cpu_add_165_34_Y_u_cpu_add_163_30_g810/Y    NOR2X4            1  5.3   53   +53    9779 F 
u_cpu_add_167_30_Y_u_cpu_add_165_34_Y_u_cpu_add_163_30_g809/B                                     +0    9779   
u_cpu_add_167_30_Y_u_cpu_add_165_34_Y_u_cpu_add_163_30_g809/Y    XOR2X4            1  4.8   73  +185    9964 R 
g641353/B                                                                                         +0    9965   
g641353/Y                                                        NAND2X1           1  4.8  186  +124   10089 F 
g653712/B                                                                                         +0   10089   
g653712/Y                                                        NAND2X1           1  4.7  112  +112   10200 R 
u_cpu_pc_reg[31]/D                                               DFFRHQX1                         +0   10200   
u_cpu_pc_reg[31]/CK                                              setup                     100   +98   10298 R 
- - - - - - - - - - - - - - - - - - - - - - - - - - - - - - - - - - - - - - - - - - - - - - - - - - - - - - - -
(clock clk)                                                      capture                               10000 R 
                                                                 latency                        +500   10500 R 
                                                                 uncertainty                    -200   10300 R 
---------------------------------------------------------------------------------------------------------------
Cost Group   : 'clk' (path_group 'clk')
Timing slack :       2ps 
Start-point  : u_cpu_ir_reg[4]/CK
End-point    : u_cpu_pc_reg[31]/D

path   8:

                             Pin                                   Type       Fanout Load Slew Delay Arrival   
                                                                                     (fF) (ps)  (ps)   (ps)    
---------------------------------------------------------------------------------------------------------------
(clock clk)                                                      launch                                    0 R 
                                                                 latency                        +500     500 R 
u_cpu_ir_reg[6]/CK                                                                         100    +0     500 R 
u_cpu_ir_reg[6]/Q                                                SDFFRX2           9 26.8  231  +422     922 R 
g655025/A1N                                                                                       +0     922   
g655025/Y                                                        AOI2BB1X2         3 10.8  189  +239    1162 R 
g655023/AN                                                                                        +0    1162   
g655023/Y                                                        NOR3BX4           4 17.8  258  +280    1442 R 
g655055/A1                                                                                        +0    1442   
g655055/Y                                                        AOI21X4           1  7.0  124  +148    1590 F 
g655054/B0                                                                                        +0    1590   
g655054/Y                                                        OAI2BB1X4         3 24.1  129  +100    1691 R 
u_cpu_u_alu_srl_21_33_g2998/A                                                                     +0    1691   
u_cpu_u_alu_srl_21_33_g2998/Y                                    CLKINVX20        20 80.8   89   +90    1781 F 
u_cpu_u_alu_srl_21_33_g2991/A                                                                     +0    1781   
u_cpu_u_alu_srl_21_33_g2991/Y                                    CLKINVX12        16 51.2   78   +70    1851 R 
u_cpu_u_alu_srl_21_33_g2950/S0                                                                    +0    1851   
u_cpu_u_alu_srl_21_33_g2950/Y                                    MX2XL             2  7.1  231  +267    2118 F 
u_cpu_u_alu_srl_21_33_g2922/B                                                                     +0    2118   
u_cpu_u_alu_srl_21_33_g2922/Y                                    MX2X1             2  7.0  140  +242    2361 F 
u_cpu_u_alu_srl_21_33_g2888/B                                                                     +0    2361   
u_cpu_u_alu_srl_21_33_g2888/Y                                    MX2XL             2  6.9  225  +253    2614 F 
u_cpu_u_alu_srl_21_33_g2856/A                                                                     +0    2614   
u_cpu_u_alu_srl_21_33_g2856/Y                                    CLKMX2X2          2  7.1   94  +236    2850 F 
u_cpu_u_alu_srl_21_33_g2814/A                                                                     +0    2850   
u_cpu_u_alu_srl_21_33_g2814/Y                                    CLKMX2X3          1  4.8   62  +159    3009 F 
g165772/A1                                                                                        +0    3009   
g165772/Y                                                        AOI22X1           1  4.8  223  +139    3148 R 
g165628/B                                                                                         +0    3148   
g165628/Y                                                        NAND2X1           1  5.4  210  +183    3331 F 
g655391/B0                                                                                        +0    3331   
g655391/Y                                                        AOI21X2           2  7.0  150  +140    3471 R 
g655030/AN                                                                                        +0    3471   
g655030/Y                                                        NOR4BX2           1  7.0  312  +310    3781 R 
g655029/C                                                                                         +0    3781   
g655029/Y                                                        NAND4BX4          1  6.7  252  +242    4023 F 
g655028/B                                                                                         +0    4023   
g655028/Y                                                        NOR4BX4           1  6.8  221  +213    4236 R 
g655027/B                                                                                         +0    4236   
g655027/Y                                                        NAND4BX4          1  7.3  248  +235    4471 F 
g165561/A                                                                                         +0    4471   
g165561/Y                                                        NOR3X4            1  7.1  150  +164    4635 R 
g655403/A                                                                                         +0    4635   
g655403/Y                                                        NAND2X4           1  6.9  103  +104    4739 F 
g165559/B                                                                                         +0    4739   
g165559/Y                                                        NOR2X4            1  6.8  103   +74    4813 R 
g655026/D                                                                                         +0    4814   
g655026/Y                                                        NAND4BBX4         1  7.1  238  +150    4964 F 
g165557/A                                                                                         +0    4964   
g165557/Y                                                        NOR2X4            1  8.6  110  +129    5093 R 
g165556/A                                                                                         +0    5093   
g165556/Y                                                        NAND2X6           1  6.9   74   +82    5176 F 
g165555/B                                                                                         +0    5176   
g165555/Y                                                        NOR2X4            1  7.1   85   +66    5241 R 
g165554/B0                                                                                        +0    5241   
g165554/Y                                                        AOI2BB1X4         1 10.0   80   +66    5307 F 
g165553/B                                                                                         +0    5307   
g165553/Y                                                        NOR2X8            6 19.5  112   +78    5385 R 
g165550/S0                                                                                        +0    5385   
g165550/Y                                                        CLKMX2X3          3 10.0   88  +218    5603 F 
g655045/A1                                                                                        +0    5603   
g655045/Y                                                        OA21X2            1  6.9   91  +182    5786 F 
u_cpu_add_167_30_Y_u_cpu_add_165_34_Y_u_cpu_add_163_30_g913/B                                     +0    5786   
u_cpu_add_167_30_Y_u_cpu_add_165_34_Y_u_cpu_add_163_30_g913/Y    NOR2X4            2  9.8  103   +81    5867 R 
u_cpu_add_167_30_Y_u_cpu_add_165_34_Y_u_cpu_add_163_30_g911/B                                     +0    5867   
u_cpu_add_167_30_Y_u_cpu_add_165_34_Y_u_cpu_add_163_30_g911/Y    NOR2X4            1  8.5   68   +66    5933 F 
u_cpu_add_167_30_Y_u_cpu_add_165_34_Y_u_cpu_add_163_30_g909/B                                     +0    5933   
u_cpu_add_167_30_Y_u_cpu_add_165_34_Y_u_cpu_add_163_30_g909/Y    NOR2X6            2 10.0   82   +62    5995 R 
u_cpu_add_167_30_Y_u_cpu_add_165_34_Y_u_cpu_add_163_30_g907/B0                                    +0    5995   
u_cpu_add_167_30_Y_u_cpu_add_165_34_Y_u_cpu_add_163_30_g907/Y    AOI2BB1X4         1  6.9   68   +59    6053 F 
u_cpu_add_167_30_Y_u_cpu_add_165_34_Y_u_cpu_add_163_30_g905/B                                     +0    6054   
u_cpu_add_167_30_Y_u_cpu_add_165_34_Y_u_cpu_add_163_30_g905/Y    NOR2X4            2 10.0  104   +74    6128 R 
u_cpu_add_167_30_Y_u_cpu_add_165_34_Y_u_cpu_add_163_30_g903/B0                                    +0    6128   
u_cpu_add_167_30_Y_u_cpu_add_165_34_Y_u_cpu_add_163_30_g903/Y    AOI2BB1X4         1  6.8   67   +67    6194 F 
g655044/B0                                                                                        +0    6194   
g655044/Y                                                        AOI21X4           2  7.7   98   +69    6264 R 
u_cpu_add_167_30_Y_u_cpu_add_165_34_Y_u_cpu_add_163_30_g899/B0                                    +0    6264   
u_cpu_add_167_30_Y_u_cpu_add_165_34_Y_u_cpu_add_163_30_g899/Y    AOI2BB1X1         1  5.5  116   +97    6360 F 
u_cpu_add_167_30_Y_u_cpu_add_165_34_Y_u_cpu_add_163_30_g897/B                                     +0    6360   
u_cpu_add_167_30_Y_u_cpu_add_165_34_Y_u_cpu_add_163_30_g897/Y    NOR2X2            2  7.7  143  +111    6471 R 
g655043/A1N                                                                                       +0    6472   
g655043/Y                                                        AOI2BB1X4         2  8.5   96  +154    6626 R 
u_cpu_add_167_30_Y_u_cpu_add_165_34_Y_u_cpu_add_163_30_g891/B0                                    +0    6626   
u_cpu_add_167_30_Y_u_cpu_add_165_34_Y_u_cpu_add_163_30_g891/Y    AOI2BB1X2         1  8.5  109   +85    6711 F 
u_cpu_add_167_30_Y_u_cpu_add_165_34_Y_u_cpu_add_163_30_g889/B                                     +0    6711   
u_cpu_add_167_30_Y_u_cpu_add_165_34_Y_u_cpu_add_163_30_g889/Y    NOR2X6            2  9.8   83   +75    6786 R 
u_cpu_add_167_30_Y_u_cpu_add_165_34_Y_u_cpu_add_163_30_g887/B                                     +0    6786   
u_cpu_add_167_30_Y_u_cpu_add_165_34_Y_u_cpu_add_163_30_g887/Y    NOR2X4            1  8.5   90   +58    6844 F 
u_cpu_add_167_30_Y_u_cpu_add_165_34_Y_u_cpu_add_163_30_g885/B                                     +0    6844   
u_cpu_add_167_30_Y_u_cpu_add_165_34_Y_u_cpu_add_163_30_g885/Y    NOR2X6            2  9.8   82   +68    6913 R 
u_cpu_add_167_30_Y_u_cpu_add_165_34_Y_u_cpu_add_163_30_g883/B                                     +0    6913   
u_cpu_add_167_30_Y_u_cpu_add_165_34_Y_u_cpu_add_163_30_g883/Y    NOR2X4            1  6.9   84   +54    6967 F 
u_cpu_add_167_30_Y_u_cpu_add_165_34_Y_u_cpu_add_163_30_g881/B                                     +0    6968   
u_cpu_add_167_30_Y_u_cpu_add_165_34_Y_u_cpu_add_163_30_g881/Y    NOR2X4            2 10.0  104   +80    7047 R 
u_cpu_add_167_30_Y_u_cpu_add_165_34_Y_u_cpu_add_163_30_g879/B0                                    +0    7047   
u_cpu_add_167_30_Y_u_cpu_add_165_34_Y_u_cpu_add_163_30_g879/Y    AOI2BB1X4         1  6.9   68   +67    7114 F 
u_cpu_add_167_30_Y_u_cpu_add_165_34_Y_u_cpu_add_163_30_g877/B                                     +0    7114   
u_cpu_add_167_30_Y_u_cpu_add_165_34_Y_u_cpu_add_163_30_g877/Y    NOR2X4            2 10.0  104   +74    7188 R 
u_cpu_add_167_30_Y_u_cpu_add_165_34_Y_u_cpu_add_163_30_g875/B0                                    +0    7188   
u_cpu_add_167_30_Y_u_cpu_add_165_34_Y_u_cpu_add_163_30_g875/Y    AOI2BB1X4         1  6.9   68   +67    7255 F 
u_cpu_add_167_30_Y_u_cpu_add_165_34_Y_u_cpu_add_163_30_g873/B                                     +0    7255   
u_cpu_add_167_30_Y_u_cpu_add_165_34_Y_u_cpu_add_163_30_g873/Y    NOR2X4            2 11.3  114   +79    7334 R 
u_cpu_add_167_30_Y_u_cpu_add_165_34_Y_u_cpu_add_163_30_g871/B                                     +0    7335   
u_cpu_add_167_30_Y_u_cpu_add_165_34_Y_u_cpu_add_163_30_g871/Y    NOR2X6            1  8.5   92   +63    7398 F 
u_cpu_add_167_30_Y_u_cpu_add_165_34_Y_u_cpu_add_163_30_g869/B                                     +0    7398   
u_cpu_add_167_30_Y_u_cpu_add_165_34_Y_u_cpu_add_163_30_g869/Y    NOR2X6            2 10.0   83   +70    7468 R 
u_cpu_add_167_30_Y_u_cpu_add_165_34_Y_u_cpu_add_163_30_g867/B0                                    +0    7468   
u_cpu_add_167_30_Y_u_cpu_add_165_34_Y_u_cpu_add_163_30_g867/Y    AOI2BB1X4         1  8.5   74   +62    7530 F 
u_cpu_add_167_30_Y_u_cpu_add_165_34_Y_u_cpu_add_163_30_g865/B                                     +0    7530   
u_cpu_add_167_30_Y_u_cpu_add_165_34_Y_u_cpu_add_163_30_g865/Y    NOR2X6            2 11.3   89   +67    7597 R 
u_cpu_add_167_30_Y_u_cpu_add_165_34_Y_u_cpu_add_163_30_g863/B                                     +0    7597   
u_cpu_add_167_30_Y_u_cpu_add_165_34_Y_u_cpu_add_163_30_g863/Y    NOR2X6            1  8.5   92   +54    7652 F 
u_cpu_add_167_30_Y_u_cpu_add_165_34_Y_u_cpu_add_163_30_g861/B                                     +0    7652   
u_cpu_add_167_30_Y_u_cpu_add_165_34_Y_u_cpu_add_163_30_g861/Y    NOR2X6            2  9.5   80   +68    7720 R 
u_cpu_add_167_30_Y_u_cpu_add_165_34_Y_u_cpu_add_163_30_g859/B0                                    +0    7720   
u_cpu_add_167_30_Y_u_cpu_add_165_34_Y_u_cpu_add_163_30_g859/Y    AOI2BB1X4         1  8.5   74   +61    7782 F 
u_cpu_add_167_30_Y_u_cpu_add_165_34_Y_u_cpu_add_163_30_g857/B                                     +0    7782   
u_cpu_add_167_30_Y_u_cpu_add_165_34_Y_u_cpu_add_163_30_g857/Y    NOR2X6            2  9.5   80   +62    7844 R 
u_cpu_add_167_30_Y_u_cpu_add_165_34_Y_u_cpu_add_163_30_g855/B0                                    +0    7844   
u_cpu_add_167_30_Y_u_cpu_add_165_34_Y_u_cpu_add_163_30_g855/Y    AOI2BB1X4         1  8.5   74   +61    7905 F 
u_cpu_add_167_30_Y_u_cpu_add_165_34_Y_u_cpu_add_163_30_g853/B                                     +0    7906   
u_cpu_add_167_30_Y_u_cpu_add_165_34_Y_u_cpu_add_163_30_g853/Y    NOR2X6            2  9.3   79   +62    7968 R 
u_cpu_add_167_30_Y_u_cpu_add_165_34_Y_u_cpu_add_163_30_g851/B                                     +0    7968   
u_cpu_add_167_30_Y_u_cpu_add_165_34_Y_u_cpu_add_163_30_g851/Y    NOR2X4            1  6.9   86   +54    8021 F 
u_cpu_add_167_30_Y_u_cpu_add_165_34_Y_u_cpu_add_163_30_g849/B                                     +0    8021   
u_cpu_add_167_30_Y_u_cpu_add_165_34_Y_u_cpu_add_163_30_g849/Y    NOR2X4            2  9.8  103   +79    8101 R 
u_cpu_add_167_30_Y_u_cpu_add_165_34_Y_u_cpu_add_163_30_g848/B                                     +0    8101   
u_cpu_add_167_30_Y_u_cpu_add_165_34_Y_u_cpu_add_163_30_g848/Y    NOR2X4            1  6.9   86   +62    8163 F 
u_cpu_add_167_30_Y_u_cpu_add_165_34_Y_u_cpu_add_163_30_g846/B                                     +0    8163   
u_cpu_add_167_30_Y_u_cpu_add_165_34_Y_u_cpu_add_163_30_g846/Y    NOR2X4            2 10.0  104   +80    8243 R 
u_cpu_add_167_30_Y_u_cpu_add_165_34_Y_u_cpu_add_163_30_g845/B0                                    +0    8244   
u_cpu_add_167_30_Y_u_cpu_add_165_34_Y_u_cpu_add_163_30_g845/Y    AOI2BB1X4         1  6.9   68   +67    8310 F 
u_cpu_add_167_30_Y_u_cpu_add_165_34_Y_u_cpu_add_163_30_g843/B                                     +0    8310   
u_cpu_add_167_30_Y_u_cpu_add_165_34_Y_u_cpu_add_163_30_g843/Y    NOR2X4            2 10.0  104   +74    8385 R 
g655480/B0                                                                                        +0    8385   
g655480/Y                                                        AOI2BB1X4         1  6.9   68   +67    8452 F 
u_cpu_add_167_30_Y_u_cpu_add_165_34_Y_u_cpu_add_163_30_g840/B                                     +0    8452   
u_cpu_add_167_30_Y_u_cpu_add_165_34_Y_u_cpu_add_163_30_g840/Y    NOR2X4            2 11.3  114   +79    8531 R 
u_cpu_add_167_30_Y_u_cpu_add_165_34_Y_u_cpu_add_163_30_g839/B                                     +0    8531   
u_cpu_add_167_30_Y_u_cpu_add_165_34_Y_u_cpu_add_163_30_g839/Y    NOR2X6            1  8.5   92   +63    8595 F 
u_cpu_add_167_30_Y_u_cpu_add_165_34_Y_u_cpu_add_163_30_g837/B                                     +0    8595   
u_cpu_add_167_30_Y_u_cpu_add_165_34_Y_u_cpu_add_163_30_g837/Y    NOR2X6            2 10.0   82   +70    8664 R 
u_cpu_add_167_30_Y_u_cpu_add_165_34_Y_u_cpu_add_163_30_g836/B0                                    +0    8664   
u_cpu_add_167_30_Y_u_cpu_add_165_34_Y_u_cpu_add_163_30_g836/Y    AOI2BB1X4         1  8.5   76   +62    8726 F 
u_cpu_add_167_30_Y_u_cpu_add_165_34_Y_u_cpu_add_163_30_g834/B                                     +0    8726   
u_cpu_add_167_30_Y_u_cpu_add_165_34_Y_u_cpu_add_163_30_g834/Y    NOR2X6            2 10.0   82   +64    8791 R 
u_cpu_add_167_30_Y_u_cpu_add_165_34_Y_u_cpu_add_163_30_g833/B0                                    +0    8791   
u_cpu_add_167_30_Y_u_cpu_add_165_34_Y_u_cpu_add_163_30_g833/Y    AOI2BB1X4         1  8.5   76   +62    8853 F 
u_cpu_add_167_30_Y_u_cpu_add_165_34_Y_u_cpu_add_163_30_g831/B                                     +0    8853   
u_cpu_add_167_30_Y_u_cpu_add_165_34_Y_u_cpu_add_163_30_g831/Y    NOR2X6            2 11.3   89   +68    8920 R 
u_cpu_add_167_30_Y_u_cpu_add_165_34_Y_u_cpu_add_163_30_g830/B                                     +0    8921   
u_cpu_add_167_30_Y_u_cpu_add_165_34_Y_u_cpu_add_163_30_g830/Y    NOR2X6            1  8.5   93   +54    8975 F 
u_cpu_add_167_30_Y_u_cpu_add_165_34_Y_u_cpu_add_163_30_g828/B                                     +0    8975   
u_cpu_add_167_30_Y_u_cpu_add_165_34_Y_u_cpu_add_163_30_g828/Y    NOR2X6            2 10.0   82   +70    9045 R 
u_cpu_add_167_30_Y_u_cpu_add_165_34_Y_u_cpu_add_163_30_g827/B0                                    +0    9045   
u_cpu_add_167_30_Y_u_cpu_add_165_34_Y_u_cpu_add_163_30_g827/Y    AOI2BB1X4         1  8.5   76   +62    9107 F 
u_cpu_add_167_30_Y_u_cpu_add_165_34_Y_u_cpu_add_163_30_g825/B                                     +0    9107   
u_cpu_add_167_30_Y_u_cpu_add_165_34_Y_u_cpu_add_163_30_g825/Y    NOR2X6            2 11.3   89   +68    9175 R 
u_cpu_add_167_30_Y_u_cpu_add_165_34_Y_u_cpu_add_163_30_g824/B                                     +0    9175   
u_cpu_add_167_30_Y_u_cpu_add_165_34_Y_u_cpu_add_163_30_g824/Y    NOR2X6            1  8.5   93   +54    9229 F 
u_cpu_add_167_30_Y_u_cpu_add_165_34_Y_u_cpu_add_163_30_g822/B                                     +0    9230   
u_cpu_add_167_30_Y_u_cpu_add_165_34_Y_u_cpu_add_163_30_g822/Y    NOR2X6            2 10.0   82   +70    9300 R 
u_cpu_add_167_30_Y_u_cpu_add_165_34_Y_u_cpu_add_163_30_g821/B0                                    +0    9300   
u_cpu_add_167_30_Y_u_cpu_add_165_34_Y_u_cpu_add_163_30_g821/Y    AOI2BB1X4         1  8.5   76   +62    9362 F 
u_cpu_add_167_30_Y_u_cpu_add_165_34_Y_u_cpu_add_163_30_g819/B                                     +0    9362   
u_cpu_add_167_30_Y_u_cpu_add_165_34_Y_u_cpu_add_163_30_g819/Y    NOR2X6            2 11.3   89   +68    9429 R 
u_cpu_add_167_30_Y_u_cpu_add_165_34_Y_u_cpu_add_163_30_g818/B                                     +0    9429   
u_cpu_add_167_30_Y_u_cpu_add_165_34_Y_u_cpu_add_163_30_g818/Y    NOR2X6            1  8.5   93   +54    9484 F 
u_cpu_add_167_30_Y_u_cpu_add_165_34_Y_u_cpu_add_163_30_g816/B                                     +0    9484   
u_cpu_add_167_30_Y_u_cpu_add_165_34_Y_u_cpu_add_163_30_g816/Y    NOR2X6            2 10.0   82   +70    9554 R 
g655057/B0                                                                                        +0    9554   
g655057/Y                                                        AOI2BB1X4         1  8.5   76   +62    9616 F 
g655056/A                                                                                         +0    9616   
g655056/Y                                                        NOR2X6            2 10.0   93   +72    9688 R 
u_cpu_add_167_30_Y_u_cpu_add_165_34_Y_u_cpu_add_163_30_g812/B0                                    +0    9688   
u_cpu_add_167_30_Y_u_cpu_add_165_34_Y_u_cpu_add_163_30_g812/Y    AOI2BB1X4         1  6.9   70   +62    9751 F 
u_cpu_add_167_30_Y_u_cpu_add_165_34_Y_u_cpu_add_163_30_g810/B                                     +0    9751   
u_cpu_add_167_30_Y_u_cpu_add_165_34_Y_u_cpu_add_163_30_g810/Y    NOR2X4            1  5.3   70   +57    9808 R 
u_cpu_add_167_30_Y_u_cpu_add_165_34_Y_u_cpu_add_163_30_g809/B                                     +0    9808   
u_cpu_add_167_30_Y_u_cpu_add_165_34_Y_u_cpu_add_163_30_g809/Y    XOR2X4            1  4.8   73  +156    9964 R 
g641353/B                                                                                         +0    9964   
g641353/Y                                                        NAND2X1           1  4.8  186  +124   10088 F 
g653712/B                                                                                         +0   10088   
g653712/Y                                                        NAND2X1           1  4.7  112  +112   10200 R 
u_cpu_pc_reg[31]/D                                               DFFRHQX1                         +0   10200   
u_cpu_pc_reg[31]/CK                                              setup                     100   +98   10298 R 
- - - - - - - - - - - - - - - - - - - - - - - - - - - - - - - - - - - - - - - - - - - - - - - - - - - - - - - -
(clock clk)                                                      capture                               10000 R 
                                                                 latency                        +500   10500 R 
                                                                 uncertainty                    -200   10300 R 
---------------------------------------------------------------------------------------------------------------
Cost Group   : 'clk' (path_group 'clk')
Timing slack :       2ps 
Start-point  : u_cpu_ir_reg[6]/CK
End-point    : u_cpu_pc_reg[31]/D

path   9:

                             Pin                                   Type       Fanout Load Slew Delay Arrival   
                                                                                     (fF) (ps)  (ps)   (ps)    
---------------------------------------------------------------------------------------------------------------
(clock clk)                                                      launch                                    0 R 
                                                                 latency                        +500     500 R 
u_cpu_ir_reg[6]/CK                                                                         100    +0     500 R 
u_cpu_ir_reg[6]/Q                                                SDFFRX2           9 26.8  231  +422     922 R 
g655025/A1N                                                                                       +0     922   
g655025/Y                                                        AOI2BB1X2         3 10.8  189  +239    1162 R 
g655023/AN                                                                                        +0    1162   
g655023/Y                                                        NOR3BX4           4 17.8  258  +280    1442 R 
g655055/A1                                                                                        +0    1442   
g655055/Y                                                        AOI21X4           1  7.0  124  +148    1590 F 
g655054/B0                                                                                        +0    1590   
g655054/Y                                                        OAI2BB1X4         3 24.1  129  +100    1691 R 
u_cpu_u_alu_srl_21_33_g2998/A                                                                     +0    1691   
u_cpu_u_alu_srl_21_33_g2998/Y                                    CLKINVX20        20 80.8   89   +90    1781 F 
u_cpu_u_alu_srl_21_33_g2991/A                                                                     +0    1781   
u_cpu_u_alu_srl_21_33_g2991/Y                                    CLKINVX12        16 51.2   78   +70    1851 R 
u_cpu_u_alu_srl_21_33_g2942/S0                                                                    +0    1851   
u_cpu_u_alu_srl_21_33_g2942/Y                                    MX2XL             2  7.1  231  +267    2118 F 
u_cpu_u_alu_srl_21_33_g2906/A                                                                     +0    2118   
u_cpu_u_alu_srl_21_33_g2906/Y                                    MX2XL             2  7.1  231  +282    2400 F 
u_cpu_u_alu_srl_21_33_g2871/A                                                                     +0    2400   
u_cpu_u_alu_srl_21_33_g2871/Y                                    MX2XL             2  7.2  234  +284    2684 F 
u_cpu_u_alu_srl_21_33_g2848/B1                                                                    +0    2684   
u_cpu_u_alu_srl_21_33_g2848/Y                                    AOI22X1           1  4.7  214  +171    2855 R 
u_cpu_u_alu_srl_21_33_g2813/A1                                                                    +0    2855   
u_cpu_u_alu_srl_21_33_g2813/Y                                    OAI22X1           1  5.4  261  +216    3071 F 
g165688/A1                                                                                        +0    3071   
g165688/Y                                                        AOI21X2           1  7.1  154  +167    3238 R 
g165984/A                                                                                         +0    3238   
g165984/Y                                                        NAND2X4           3 11.0  152  +122    3360 F 
g165581/A                                                                                         +0    3360   
g165581/Y                                                        NOR2X2            1  7.1  135  +124    3485 R 
g165578/A                                                                                         +0    3485   
g165578/Y                                                        NAND2X4           1  5.4   78   +93    3578 F 
g655030/C                                                                                         +0    3578   
g655030/Y                                                        NOR4BX2           1  7.0  312  +203    3780 R 
g655029/C                                                                                         +0    3781   
g655029/Y                                                        NAND4BX4          1  6.7  252  +242    4022 F 
g655028/B                                                                                         +0    4023   
g655028/Y                                                        NOR4BX4           1  6.8  221  +213    4236 R 
g655027/B                                                                                         +0    4236   
g655027/Y                                                        NAND4BX4          1  7.3  248  +235    4471 F 
g165561/A                                                                                         +0    4471   
g165561/Y                                                        NOR3X4            1  7.1  150  +164    4635 R 
g655403/A                                                                                         +0    4635   
g655403/Y                                                        NAND2X4           1  6.9  103  +104    4739 F 
g165559/B                                                                                         +0    4739   
g165559/Y                                                        NOR2X4            1  6.8  103   +74    4813 R 
g655026/D                                                                                         +0    4813   
g655026/Y                                                        NAND4BBX4         1  7.1  238  +150    4964 F 
g165557/A                                                                                         +0    4964   
g165557/Y                                                        NOR2X4            1  8.6  110  +129    5093 R 
g165556/A                                                                                         +0    5093   
g165556/Y                                                        NAND2X6           1  6.9   74   +82    5175 F 
g165555/B                                                                                         +0    5176   
g165555/Y                                                        NOR2X4            1  7.1   85   +66    5241 R 
g165554/B0                                                                                        +0    5241   
g165554/Y                                                        AOI2BB1X4         1 10.0   80   +66    5307 F 
g165553/B                                                                                         +0    5307   
g165553/Y                                                        NOR2X8            6 19.5  112   +78    5385 R 
g165550/S0                                                                                        +0    5385   
g165550/Y                                                        CLKMX2X3          3 10.0   88  +218    5603 F 
g655045/A1                                                                                        +0    5603   
g655045/Y                                                        OA21X2            1  6.9   91  +182    5786 F 
u_cpu_add_167_30_Y_u_cpu_add_165_34_Y_u_cpu_add_163_30_g913/B                                     +0    5786   
u_cpu_add_167_30_Y_u_cpu_add_165_34_Y_u_cpu_add_163_30_g913/Y    NOR2X4            2  9.8  103   +81    5867 R 
u_cpu_add_167_30_Y_u_cpu_add_165_34_Y_u_cpu_add_163_30_g911/B                                     +0    5867   
u_cpu_add_167_30_Y_u_cpu_add_165_34_Y_u_cpu_add_163_30_g911/Y    NOR2X4            1  8.5   68   +66    5933 F 
u_cpu_add_167_30_Y_u_cpu_add_165_34_Y_u_cpu_add_163_30_g909/B                                     +0    5933   
u_cpu_add_167_30_Y_u_cpu_add_165_34_Y_u_cpu_add_163_30_g909/Y    NOR2X6            2 10.0   82   +62    5995 R 
u_cpu_add_167_30_Y_u_cpu_add_165_34_Y_u_cpu_add_163_30_g907/B0                                    +0    5995   
u_cpu_add_167_30_Y_u_cpu_add_165_34_Y_u_cpu_add_163_30_g907/Y    AOI2BB1X4         1  6.9   68   +59    6053 F 
u_cpu_add_167_30_Y_u_cpu_add_165_34_Y_u_cpu_add_163_30_g905/B                                     +0    6053   
u_cpu_add_167_30_Y_u_cpu_add_165_34_Y_u_cpu_add_163_30_g905/Y    NOR2X4            2 10.0  104   +74    6128 R 
u_cpu_add_167_30_Y_u_cpu_add_165_34_Y_u_cpu_add_163_30_g903/B0                                    +0    6128   
u_cpu_add_167_30_Y_u_cpu_add_165_34_Y_u_cpu_add_163_30_g903/Y    AOI2BB1X4         1  6.8   67   +67    6194 F 
g655044/B0                                                                                        +0    6194   
g655044/Y                                                        AOI21X4           2  7.7   98   +69    6263 R 
u_cpu_add_167_30_Y_u_cpu_add_165_34_Y_u_cpu_add_163_30_g899/B0                                    +0    6264   
u_cpu_add_167_30_Y_u_cpu_add_165_34_Y_u_cpu_add_163_30_g899/Y    AOI2BB1X1         1  5.5  116   +97    6360 F 
u_cpu_add_167_30_Y_u_cpu_add_165_34_Y_u_cpu_add_163_30_g897/B                                     +0    6360   
u_cpu_add_167_30_Y_u_cpu_add_165_34_Y_u_cpu_add_163_30_g897/Y    NOR2X2            2  7.7  143  +111    6471 R 
g655043/A1N                                                                                       +0    6471   
g655043/Y                                                        AOI2BB1X4         2  8.5   96  +154    6626 R 
u_cpu_add_167_30_Y_u_cpu_add_165_34_Y_u_cpu_add_163_30_g891/B0                                    +0    6626   
u_cpu_add_167_30_Y_u_cpu_add_165_34_Y_u_cpu_add_163_30_g891/Y    AOI2BB1X2         1  8.5  109   +85    6711 F 
u_cpu_add_167_30_Y_u_cpu_add_165_34_Y_u_cpu_add_163_30_g889/B                                     +0    6711   
u_cpu_add_167_30_Y_u_cpu_add_165_34_Y_u_cpu_add_163_30_g889/Y    NOR2X6            2  9.8   83   +75    6786 R 
u_cpu_add_167_30_Y_u_cpu_add_165_34_Y_u_cpu_add_163_30_g887/B                                     +0    6786   
u_cpu_add_167_30_Y_u_cpu_add_165_34_Y_u_cpu_add_163_30_g887/Y    NOR2X4            1  8.5   90   +58    6844 F 
u_cpu_add_167_30_Y_u_cpu_add_165_34_Y_u_cpu_add_163_30_g885/B                                     +0    6844   
u_cpu_add_167_30_Y_u_cpu_add_165_34_Y_u_cpu_add_163_30_g885/Y    NOR2X6            2  9.8   82   +68    6913 R 
u_cpu_add_167_30_Y_u_cpu_add_165_34_Y_u_cpu_add_163_30_g883/B                                     +0    6913   
u_cpu_add_167_30_Y_u_cpu_add_165_34_Y_u_cpu_add_163_30_g883/Y    NOR2X4            1  6.9   84   +54    6967 F 
u_cpu_add_167_30_Y_u_cpu_add_165_34_Y_u_cpu_add_163_30_g881/B                                     +0    6967   
u_cpu_add_167_30_Y_u_cpu_add_165_34_Y_u_cpu_add_163_30_g881/Y    NOR2X4            2 10.0  104   +80    7047 R 
u_cpu_add_167_30_Y_u_cpu_add_165_34_Y_u_cpu_add_163_30_g879/B0                                    +0    7047   
u_cpu_add_167_30_Y_u_cpu_add_165_34_Y_u_cpu_add_163_30_g879/Y    AOI2BB1X4         1  6.9   68   +67    7114 F 
u_cpu_add_167_30_Y_u_cpu_add_165_34_Y_u_cpu_add_163_30_g877/B                                     +0    7114   
u_cpu_add_167_30_Y_u_cpu_add_165_34_Y_u_cpu_add_163_30_g877/Y    NOR2X4            2 10.0  104   +74    7188 R 
u_cpu_add_167_30_Y_u_cpu_add_165_34_Y_u_cpu_add_163_30_g875/B0                                    +0    7188   
u_cpu_add_167_30_Y_u_cpu_add_165_34_Y_u_cpu_add_163_30_g875/Y    AOI2BB1X4         1  6.9   68   +67    7255 F 
u_cpu_add_167_30_Y_u_cpu_add_165_34_Y_u_cpu_add_163_30_g873/B                                     +0    7255   
u_cpu_add_167_30_Y_u_cpu_add_165_34_Y_u_cpu_add_163_30_g873/Y    NOR2X4            2 11.3  114   +79    7334 R 
u_cpu_add_167_30_Y_u_cpu_add_165_34_Y_u_cpu_add_163_30_g871/B                                     +0    7334   
u_cpu_add_167_30_Y_u_cpu_add_165_34_Y_u_cpu_add_163_30_g871/Y    NOR2X6            1  8.5   92   +63    7398 F 
u_cpu_add_167_30_Y_u_cpu_add_165_34_Y_u_cpu_add_163_30_g869/B                                     +0    7398   
u_cpu_add_167_30_Y_u_cpu_add_165_34_Y_u_cpu_add_163_30_g869/Y    NOR2X6            2 10.0   83   +70    7468 R 
u_cpu_add_167_30_Y_u_cpu_add_165_34_Y_u_cpu_add_163_30_g867/B0                                    +0    7468   
u_cpu_add_167_30_Y_u_cpu_add_165_34_Y_u_cpu_add_163_30_g867/Y    AOI2BB1X4         1  8.5   74   +62    7530 F 
u_cpu_add_167_30_Y_u_cpu_add_165_34_Y_u_cpu_add_163_30_g865/B                                     +0    7530   
u_cpu_add_167_30_Y_u_cpu_add_165_34_Y_u_cpu_add_163_30_g865/Y    NOR2X6            2 11.3   89   +67    7597 R 
u_cpu_add_167_30_Y_u_cpu_add_165_34_Y_u_cpu_add_163_30_g863/B                                     +0    7597   
u_cpu_add_167_30_Y_u_cpu_add_165_34_Y_u_cpu_add_163_30_g863/Y    NOR2X6            1  8.5   92   +54    7652 F 
u_cpu_add_167_30_Y_u_cpu_add_165_34_Y_u_cpu_add_163_30_g861/B                                     +0    7652   
u_cpu_add_167_30_Y_u_cpu_add_165_34_Y_u_cpu_add_163_30_g861/Y    NOR2X6            2  9.5   80   +68    7720 R 
u_cpu_add_167_30_Y_u_cpu_add_165_34_Y_u_cpu_add_163_30_g859/B0                                    +0    7720   
u_cpu_add_167_30_Y_u_cpu_add_165_34_Y_u_cpu_add_163_30_g859/Y    AOI2BB1X4         1  8.5   74   +61    7781 F 
u_cpu_add_167_30_Y_u_cpu_add_165_34_Y_u_cpu_add_163_30_g857/B                                     +0    7782   
u_cpu_add_167_30_Y_u_cpu_add_165_34_Y_u_cpu_add_163_30_g857/Y    NOR2X6            2  9.5   80   +62    7844 R 
u_cpu_add_167_30_Y_u_cpu_add_165_34_Y_u_cpu_add_163_30_g855/B0                                    +0    7844   
u_cpu_add_167_30_Y_u_cpu_add_165_34_Y_u_cpu_add_163_30_g855/Y    AOI2BB1X4         1  8.5   74   +61    7905 F 
u_cpu_add_167_30_Y_u_cpu_add_165_34_Y_u_cpu_add_163_30_g853/B                                     +0    7906   
u_cpu_add_167_30_Y_u_cpu_add_165_34_Y_u_cpu_add_163_30_g853/Y    NOR2X6            2  9.3   79   +62    7968 R 
u_cpu_add_167_30_Y_u_cpu_add_165_34_Y_u_cpu_add_163_30_g851/B                                     +0    7968   
u_cpu_add_167_30_Y_u_cpu_add_165_34_Y_u_cpu_add_163_30_g851/Y    NOR2X4            1  6.9   86   +54    8021 F 
u_cpu_add_167_30_Y_u_cpu_add_165_34_Y_u_cpu_add_163_30_g849/B                                     +0    8021   
u_cpu_add_167_30_Y_u_cpu_add_165_34_Y_u_cpu_add_163_30_g849/Y    NOR2X4            2  9.8  103   +79    8101 R 
u_cpu_add_167_30_Y_u_cpu_add_165_34_Y_u_cpu_add_163_30_g848/B                                     +0    8101   
u_cpu_add_167_30_Y_u_cpu_add_165_34_Y_u_cpu_add_163_30_g848/Y    NOR2X4            1  6.9   86   +62    8163 F 
u_cpu_add_167_30_Y_u_cpu_add_165_34_Y_u_cpu_add_163_30_g846/B                                     +0    8163   
u_cpu_add_167_30_Y_u_cpu_add_165_34_Y_u_cpu_add_163_30_g846/Y    NOR2X4            2 10.0  104   +80    8243 R 
u_cpu_add_167_30_Y_u_cpu_add_165_34_Y_u_cpu_add_163_30_g845/B0                                    +0    8243   
u_cpu_add_167_30_Y_u_cpu_add_165_34_Y_u_cpu_add_163_30_g845/Y    AOI2BB1X4         1  6.9   68   +67    8310 F 
u_cpu_add_167_30_Y_u_cpu_add_165_34_Y_u_cpu_add_163_30_g843/B                                     +0    8310   
u_cpu_add_167_30_Y_u_cpu_add_165_34_Y_u_cpu_add_163_30_g843/Y    NOR2X4            2 10.0  104   +74    8385 R 
g655480/B0                                                                                        +0    8385   
g655480/Y                                                        AOI2BB1X4         1  6.9   68   +67    8452 F 
u_cpu_add_167_30_Y_u_cpu_add_165_34_Y_u_cpu_add_163_30_g840/B                                     +0    8452   
u_cpu_add_167_30_Y_u_cpu_add_165_34_Y_u_cpu_add_163_30_g840/Y    NOR2X4            2 11.3  114   +79    8531 R 
u_cpu_add_167_30_Y_u_cpu_add_165_34_Y_u_cpu_add_163_30_g839/B                                     +0    8531   
u_cpu_add_167_30_Y_u_cpu_add_165_34_Y_u_cpu_add_163_30_g839/Y    NOR2X6            1  8.5   92   +63    8594 F 
u_cpu_add_167_30_Y_u_cpu_add_165_34_Y_u_cpu_add_163_30_g837/B                                     +0    8595   
u_cpu_add_167_30_Y_u_cpu_add_165_34_Y_u_cpu_add_163_30_g837/Y    NOR2X6            2 10.0   82   +70    8664 R 
u_cpu_add_167_30_Y_u_cpu_add_165_34_Y_u_cpu_add_163_30_g836/B0                                    +0    8664   
u_cpu_add_167_30_Y_u_cpu_add_165_34_Y_u_cpu_add_163_30_g836/Y    AOI2BB1X4         1  8.5   76   +62    8726 F 
u_cpu_add_167_30_Y_u_cpu_add_165_34_Y_u_cpu_add_163_30_g834/B                                     +0    8726   
u_cpu_add_167_30_Y_u_cpu_add_165_34_Y_u_cpu_add_163_30_g834/Y    NOR2X6            2 10.0   82   +64    8791 R 
u_cpu_add_167_30_Y_u_cpu_add_165_34_Y_u_cpu_add_163_30_g833/B0                                    +0    8791   
u_cpu_add_167_30_Y_u_cpu_add_165_34_Y_u_cpu_add_163_30_g833/Y    AOI2BB1X4         1  8.5   76   +62    8853 F 
u_cpu_add_167_30_Y_u_cpu_add_165_34_Y_u_cpu_add_163_30_g831/B                                     +0    8853   
u_cpu_add_167_30_Y_u_cpu_add_165_34_Y_u_cpu_add_163_30_g831/Y    NOR2X6            2 11.3   89   +68    8920 R 
u_cpu_add_167_30_Y_u_cpu_add_165_34_Y_u_cpu_add_163_30_g830/B                                     +0    8920   
u_cpu_add_167_30_Y_u_cpu_add_165_34_Y_u_cpu_add_163_30_g830/Y    NOR2X6            1  8.5   93   +54    8975 F 
u_cpu_add_167_30_Y_u_cpu_add_165_34_Y_u_cpu_add_163_30_g828/B                                     +0    8975   
u_cpu_add_167_30_Y_u_cpu_add_165_34_Y_u_cpu_add_163_30_g828/Y    NOR2X6            2 10.0   82   +70    9045 R 
u_cpu_add_167_30_Y_u_cpu_add_165_34_Y_u_cpu_add_163_30_g827/B0                                    +0    9045   
u_cpu_add_167_30_Y_u_cpu_add_165_34_Y_u_cpu_add_163_30_g827/Y    AOI2BB1X4         1  8.5   76   +62    9107 F 
u_cpu_add_167_30_Y_u_cpu_add_165_34_Y_u_cpu_add_163_30_g825/B                                     +0    9107   
u_cpu_add_167_30_Y_u_cpu_add_165_34_Y_u_cpu_add_163_30_g825/Y    NOR2X6            2 11.3   89   +68    9175 R 
u_cpu_add_167_30_Y_u_cpu_add_165_34_Y_u_cpu_add_163_30_g824/B                                     +0    9175   
u_cpu_add_167_30_Y_u_cpu_add_165_34_Y_u_cpu_add_163_30_g824/Y    NOR2X6            1  8.5   93   +54    9229 F 
u_cpu_add_167_30_Y_u_cpu_add_165_34_Y_u_cpu_add_163_30_g822/B                                     +0    9229   
u_cpu_add_167_30_Y_u_cpu_add_165_34_Y_u_cpu_add_163_30_g822/Y    NOR2X6            2 10.0   82   +70    9300 R 
u_cpu_add_167_30_Y_u_cpu_add_165_34_Y_u_cpu_add_163_30_g821/B0                                    +0    9300   
u_cpu_add_167_30_Y_u_cpu_add_165_34_Y_u_cpu_add_163_30_g821/Y    AOI2BB1X4         1  8.5   76   +62    9362 F 
u_cpu_add_167_30_Y_u_cpu_add_165_34_Y_u_cpu_add_163_30_g819/B                                     +0    9362   
u_cpu_add_167_30_Y_u_cpu_add_165_34_Y_u_cpu_add_163_30_g819/Y    NOR2X6            2 11.3   89   +68    9429 R 
u_cpu_add_167_30_Y_u_cpu_add_165_34_Y_u_cpu_add_163_30_g818/B                                     +0    9429   
u_cpu_add_167_30_Y_u_cpu_add_165_34_Y_u_cpu_add_163_30_g818/Y    NOR2X6            1  8.5   93   +54    9484 F 
u_cpu_add_167_30_Y_u_cpu_add_165_34_Y_u_cpu_add_163_30_g816/B                                     +0    9484   
u_cpu_add_167_30_Y_u_cpu_add_165_34_Y_u_cpu_add_163_30_g816/Y    NOR2X6            2 10.0   82   +70    9554 R 
g655057/B0                                                                                        +0    9554   
g655057/Y                                                        AOI2BB1X4         1  8.5   76   +62    9616 F 
g655056/A                                                                                         +0    9616   
g655056/Y                                                        NOR2X6            2 10.0   93   +72    9688 R 
u_cpu_add_167_30_Y_u_cpu_add_165_34_Y_u_cpu_add_163_30_g812/B0                                    +0    9688   
u_cpu_add_167_30_Y_u_cpu_add_165_34_Y_u_cpu_add_163_30_g812/Y    AOI2BB1X4         1  6.9   70   +62    9751 F 
u_cpu_add_167_30_Y_u_cpu_add_165_34_Y_u_cpu_add_163_30_g810/B                                     +0    9751   
u_cpu_add_167_30_Y_u_cpu_add_165_34_Y_u_cpu_add_163_30_g810/Y    NOR2X4            1  5.3   70   +57    9808 R 
u_cpu_add_167_30_Y_u_cpu_add_165_34_Y_u_cpu_add_163_30_g809/B                                     +0    9808   
u_cpu_add_167_30_Y_u_cpu_add_165_34_Y_u_cpu_add_163_30_g809/Y    XOR2X4            1  4.8   73  +156    9964 R 
g641353/B                                                                                         +0    9964   
g641353/Y                                                        NAND2X1           1  4.8  186  +124   10088 F 
g653712/B                                                                                         +0   10088   
g653712/Y                                                        NAND2X1           1  4.7  112  +112   10200 R 
u_cpu_pc_reg[31]/D                                               DFFRHQX1                         +0   10200   
u_cpu_pc_reg[31]/CK                                              setup                     100   +98   10298 R 
- - - - - - - - - - - - - - - - - - - - - - - - - - - - - - - - - - - - - - - - - - - - - - - - - - - - - - - -
(clock clk)                                                      capture                               10000 R 
                                                                 latency                        +500   10500 R 
                                                                 uncertainty                    -200   10300 R 
---------------------------------------------------------------------------------------------------------------
Cost Group   : 'clk' (path_group 'clk')
Timing slack :       2ps 
Start-point  : u_cpu_ir_reg[6]/CK
End-point    : u_cpu_pc_reg[31]/D

path  10:

                             Pin                                   Type       Fanout Load Slew Delay Arrival   
                                                                                     (fF) (ps)  (ps)   (ps)    
---------------------------------------------------------------------------------------------------------------
(clock clk)                                                      launch                                    0 R 
                                                                 latency                        +500     500 R 
u_cpu_ir_reg[4]/CK                                                                         100    +0     500 R 
u_cpu_ir_reg[4]/QN                                               SDFFRX2           8 29.1  255  +488     988 F 
g160918/B                                                                                         +0     988   
g160918/Y                                                        CLKAND2X3         2 11.0   81  +176    1164 F 
g160908/B                                                                                         +0    1164   
g160908/Y                                                        NAND2X6           4 13.4  116   +55    1219 R 
g160904/A                                                                                         +0    1219   
g160904/Y                                                        OR2X4             5 17.1   83  +142    1361 R 
g160951/A                                                                                         +0    1361   
g160951/Y                                                        INVX1             2  7.2  129   +98    1459 F 
g160862/B1                                                                                        +0    1459   
g160862/Y                                                        AOI22X1           1  5.6  232  +150    1609 R 
g655016/B0                                                                                        +0    1609   
g655016/Y                                                        OAI2BB1X2         3 10.5  208  +191    1800 F 
g655153/A                                                                                         +0    1800   
g655153/Y                                                        BUFX3            19 58.2  337  +283    2083 F 
g655121/A                                                                                         +0    2083   
g655121/Y                                                        BUFX3             9 28.2  175  +237    2320 F 
u_cpu_u_alu_sra_22_42_g3325/A                                                                     +0    2320   
u_cpu_u_alu_sra_22_42_g3325/Y                                    BUFX2            17 52.1  442  +334    2654 F 
u_cpu_u_alu_sra_22_42_g655219/A                                                                   +0    2654   
u_cpu_u_alu_sra_22_42_g655219/Y                                  INVX3            10 27.4  217  +215    2869 R 
u_cpu_u_alu_sra_22_42_g3038/S0                                                                    +0    2869   
u_cpu_u_alu_sra_22_42_g3038/Y                                    MX2X1             1  4.8  104  +255    3124 F 
g165627/B1                                                                                        +0    3125   
g165627/Y                                                        AOI221X1          1  7.1  403  +263    3388 R 
g655421/A                                                                                         +0    3388   
g655421/Y                                                        NAND2X4           3 10.8  154  +201    3590 F 
g655030/D                                                                                         +0    3590   
g655030/Y                                                        NOR4BX2           1  7.0  312  +191    3780 R 
g655029/C                                                                                         +0    3780   
g655029/Y                                                        NAND4BX4          1  6.7  252  +242    4022 F 
g655028/B                                                                                         +0    4022   
g655028/Y                                                        NOR4BX4           1  6.8  221  +213    4236 R 
g655027/B                                                                                         +0    4236   
g655027/Y                                                        NAND4BX4          1  7.3  248  +235    4471 F 
g165561/A                                                                                         +0    4471   
g165561/Y                                                        NOR3X4            1  7.1  150  +164    4635 R 
g655403/A                                                                                         +0    4635   
g655403/Y                                                        NAND2X4           1  6.9  103  +104    4739 F 
g165559/B                                                                                         +0    4739   
g165559/Y                                                        NOR2X4            1  6.8  103   +74    4813 R 
g655026/D                                                                                         +0    4813   
g655026/Y                                                        NAND4BBX4         1  7.1  238  +150    4963 F 
g165557/A                                                                                         +0    4964   
g165557/Y                                                        NOR2X4            1  8.6  110  +129    5092 R 
g165556/A                                                                                         +0    5093   
g165556/Y                                                        NAND2X6           1  6.9   74   +82    5175 F 
g165555/B                                                                                         +0    5175   
g165555/Y                                                        NOR2X4            1  7.1   85   +66    5241 R 
g165554/B0                                                                                        +0    5241   
g165554/Y                                                        AOI2BB1X4         1 10.0   80   +66    5307 F 
g165553/B                                                                                         +0    5307   
g165553/Y                                                        NOR2X8            6 19.5  112   +78    5385 R 
g165550/S0                                                                                        +0    5385   
g165550/Y                                                        CLKMX2X3          3 10.0   88  +218    5603 F 
g655045/A1                                                                                        +0    5603   
g655045/Y                                                        OA21X2            1  6.9   91  +182    5785 F 
u_cpu_add_167_30_Y_u_cpu_add_165_34_Y_u_cpu_add_163_30_g913/B                                     +0    5785   
u_cpu_add_167_30_Y_u_cpu_add_165_34_Y_u_cpu_add_163_30_g913/Y    NOR2X4            2  9.8  103   +81    5867 R 
u_cpu_add_167_30_Y_u_cpu_add_165_34_Y_u_cpu_add_163_30_g911/B                                     +0    5867   
u_cpu_add_167_30_Y_u_cpu_add_165_34_Y_u_cpu_add_163_30_g911/Y    NOR2X4            1  8.5   68   +66    5932 F 
u_cpu_add_167_30_Y_u_cpu_add_165_34_Y_u_cpu_add_163_30_g909/B                                     +0    5932   
u_cpu_add_167_30_Y_u_cpu_add_165_34_Y_u_cpu_add_163_30_g909/Y    NOR2X6            2 10.0   82   +62    5994 R 
u_cpu_add_167_30_Y_u_cpu_add_165_34_Y_u_cpu_add_163_30_g907/B0                                    +0    5994   
u_cpu_add_167_30_Y_u_cpu_add_165_34_Y_u_cpu_add_163_30_g907/Y    AOI2BB1X4         1  6.9   68   +59    6053 F 
u_cpu_add_167_30_Y_u_cpu_add_165_34_Y_u_cpu_add_163_30_g905/B                                     +0    6053   
u_cpu_add_167_30_Y_u_cpu_add_165_34_Y_u_cpu_add_163_30_g905/Y    NOR2X4            2 10.0  104   +74    6127 R 
u_cpu_add_167_30_Y_u_cpu_add_165_34_Y_u_cpu_add_163_30_g903/B0                                    +0    6127   
u_cpu_add_167_30_Y_u_cpu_add_165_34_Y_u_cpu_add_163_30_g903/Y    AOI2BB1X4         1  6.8   67   +67    6194 F 
g655044/B0                                                                                        +0    6194   
g655044/Y                                                        AOI21X4           2  7.7   98   +69    6263 R 
u_cpu_add_167_30_Y_u_cpu_add_165_34_Y_u_cpu_add_163_30_g899/B0                                    +0    6263   
u_cpu_add_167_30_Y_u_cpu_add_165_34_Y_u_cpu_add_163_30_g899/Y    AOI2BB1X1         1  5.5  116   +97    6360 F 
u_cpu_add_167_30_Y_u_cpu_add_165_34_Y_u_cpu_add_163_30_g897/B                                     +0    6360   
u_cpu_add_167_30_Y_u_cpu_add_165_34_Y_u_cpu_add_163_30_g897/Y    NOR2X2            2  7.7  143  +111    6471 R 
g655043/A1N                                                                                       +0    6471   
g655043/Y                                                        AOI2BB1X4         2  8.5   96  +154    6626 R 
u_cpu_add_167_30_Y_u_cpu_add_165_34_Y_u_cpu_add_163_30_g891/B0                                    +0    6626   
u_cpu_add_167_30_Y_u_cpu_add_165_34_Y_u_cpu_add_163_30_g891/Y    AOI2BB1X2         1  8.5  109   +85    6710 F 
u_cpu_add_167_30_Y_u_cpu_add_165_34_Y_u_cpu_add_163_30_g889/B                                     +0    6711   
u_cpu_add_167_30_Y_u_cpu_add_165_34_Y_u_cpu_add_163_30_g889/Y    NOR2X6            2  9.8   83   +75    6786 R 
u_cpu_add_167_30_Y_u_cpu_add_165_34_Y_u_cpu_add_163_30_g887/B                                     +0    6786   
u_cpu_add_167_30_Y_u_cpu_add_165_34_Y_u_cpu_add_163_30_g887/Y    NOR2X4            1  8.5   90   +58    6844 F 
u_cpu_add_167_30_Y_u_cpu_add_165_34_Y_u_cpu_add_163_30_g885/B                                     +0    6844   
u_cpu_add_167_30_Y_u_cpu_add_165_34_Y_u_cpu_add_163_30_g885/Y    NOR2X6            2  9.8   82   +68    6912 R 
u_cpu_add_167_30_Y_u_cpu_add_165_34_Y_u_cpu_add_163_30_g883/B                                     +0    6913   
u_cpu_add_167_30_Y_u_cpu_add_165_34_Y_u_cpu_add_163_30_g883/Y    NOR2X4            1  6.9   84   +54    6967 F 
u_cpu_add_167_30_Y_u_cpu_add_165_34_Y_u_cpu_add_163_30_g881/B                                     +0    6967   
u_cpu_add_167_30_Y_u_cpu_add_165_34_Y_u_cpu_add_163_30_g881/Y    NOR2X4            2 10.0  104   +80    7047 R 
u_cpu_add_167_30_Y_u_cpu_add_165_34_Y_u_cpu_add_163_30_g879/B0                                    +0    7047   
u_cpu_add_167_30_Y_u_cpu_add_165_34_Y_u_cpu_add_163_30_g879/Y    AOI2BB1X4         1  6.9   68   +67    7114 F 
u_cpu_add_167_30_Y_u_cpu_add_165_34_Y_u_cpu_add_163_30_g877/B                                     +0    7114   
u_cpu_add_167_30_Y_u_cpu_add_165_34_Y_u_cpu_add_163_30_g877/Y    NOR2X4            2 10.0  104   +74    7188 R 
u_cpu_add_167_30_Y_u_cpu_add_165_34_Y_u_cpu_add_163_30_g875/B0                                    +0    7188   
u_cpu_add_167_30_Y_u_cpu_add_165_34_Y_u_cpu_add_163_30_g875/Y    AOI2BB1X4         1  6.9   68   +67    7255 F 
u_cpu_add_167_30_Y_u_cpu_add_165_34_Y_u_cpu_add_163_30_g873/B                                     +0    7255   
u_cpu_add_167_30_Y_u_cpu_add_165_34_Y_u_cpu_add_163_30_g873/Y    NOR2X4            2 11.3  114   +79    7334 R 
u_cpu_add_167_30_Y_u_cpu_add_165_34_Y_u_cpu_add_163_30_g871/B                                     +0    7334   
u_cpu_add_167_30_Y_u_cpu_add_165_34_Y_u_cpu_add_163_30_g871/Y    NOR2X6            1  8.5   92   +63    7398 F 
u_cpu_add_167_30_Y_u_cpu_add_165_34_Y_u_cpu_add_163_30_g869/B                                     +0    7398   
u_cpu_add_167_30_Y_u_cpu_add_165_34_Y_u_cpu_add_163_30_g869/Y    NOR2X6            2 10.0   83   +70    7468 R 
u_cpu_add_167_30_Y_u_cpu_add_165_34_Y_u_cpu_add_163_30_g867/B0                                    +0    7468   
u_cpu_add_167_30_Y_u_cpu_add_165_34_Y_u_cpu_add_163_30_g867/Y    AOI2BB1X4         1  8.5   74   +62    7530 F 
u_cpu_add_167_30_Y_u_cpu_add_165_34_Y_u_cpu_add_163_30_g865/B                                     +0    7530   
u_cpu_add_167_30_Y_u_cpu_add_165_34_Y_u_cpu_add_163_30_g865/Y    NOR2X6            2 11.3   89   +67    7597 R 
u_cpu_add_167_30_Y_u_cpu_add_165_34_Y_u_cpu_add_163_30_g863/B                                     +0    7597   
u_cpu_add_167_30_Y_u_cpu_add_165_34_Y_u_cpu_add_163_30_g863/Y    NOR2X6            1  8.5   92   +54    7651 F 
u_cpu_add_167_30_Y_u_cpu_add_165_34_Y_u_cpu_add_163_30_g861/B                                     +0    7651   
u_cpu_add_167_30_Y_u_cpu_add_165_34_Y_u_cpu_add_163_30_g861/Y    NOR2X6            2  9.5   80   +68    7720 R 
u_cpu_add_167_30_Y_u_cpu_add_165_34_Y_u_cpu_add_163_30_g859/B0                                    +0    7720   
u_cpu_add_167_30_Y_u_cpu_add_165_34_Y_u_cpu_add_163_30_g859/Y    AOI2BB1X4         1  8.5   74   +61    7781 F 
u_cpu_add_167_30_Y_u_cpu_add_165_34_Y_u_cpu_add_163_30_g857/B                                     +0    7781   
u_cpu_add_167_30_Y_u_cpu_add_165_34_Y_u_cpu_add_163_30_g857/Y    NOR2X6            2  9.5   80   +62    7844 R 
u_cpu_add_167_30_Y_u_cpu_add_165_34_Y_u_cpu_add_163_30_g855/B0                                    +0    7844   
u_cpu_add_167_30_Y_u_cpu_add_165_34_Y_u_cpu_add_163_30_g855/Y    AOI2BB1X4         1  8.5   74   +61    7905 F 
u_cpu_add_167_30_Y_u_cpu_add_165_34_Y_u_cpu_add_163_30_g853/B                                     +0    7905   
u_cpu_add_167_30_Y_u_cpu_add_165_34_Y_u_cpu_add_163_30_g853/Y    NOR2X6            2  9.3   79   +62    7967 R 
u_cpu_add_167_30_Y_u_cpu_add_165_34_Y_u_cpu_add_163_30_g851/B                                     +0    7967   
u_cpu_add_167_30_Y_u_cpu_add_165_34_Y_u_cpu_add_163_30_g851/Y    NOR2X4            1  6.9   86   +54    8021 F 
u_cpu_add_167_30_Y_u_cpu_add_165_34_Y_u_cpu_add_163_30_g849/B                                     +0    8021   
u_cpu_add_167_30_Y_u_cpu_add_165_34_Y_u_cpu_add_163_30_g849/Y    NOR2X4            2  9.8  103   +79    8100 R 
u_cpu_add_167_30_Y_u_cpu_add_165_34_Y_u_cpu_add_163_30_g848/B                                     +0    8100   
u_cpu_add_167_30_Y_u_cpu_add_165_34_Y_u_cpu_add_163_30_g848/Y    NOR2X4            1  6.9   86   +62    8163 F 
u_cpu_add_167_30_Y_u_cpu_add_165_34_Y_u_cpu_add_163_30_g846/B                                     +0    8163   
u_cpu_add_167_30_Y_u_cpu_add_165_34_Y_u_cpu_add_163_30_g846/Y    NOR2X4            2 10.0  104   +80    8243 R 
u_cpu_add_167_30_Y_u_cpu_add_165_34_Y_u_cpu_add_163_30_g845/B0                                    +0    8243   
u_cpu_add_167_30_Y_u_cpu_add_165_34_Y_u_cpu_add_163_30_g845/Y    AOI2BB1X4         1  6.9   68   +67    8310 F 
u_cpu_add_167_30_Y_u_cpu_add_165_34_Y_u_cpu_add_163_30_g843/B                                     +0    8310   
u_cpu_add_167_30_Y_u_cpu_add_165_34_Y_u_cpu_add_163_30_g843/Y    NOR2X4            2 10.0  104   +74    8384 R 
g655480/B0                                                                                        +0    8385   
g655480/Y                                                        AOI2BB1X4         1  6.9   68   +67    8451 F 
u_cpu_add_167_30_Y_u_cpu_add_165_34_Y_u_cpu_add_163_30_g840/B                                     +0    8452   
u_cpu_add_167_30_Y_u_cpu_add_165_34_Y_u_cpu_add_163_30_g840/Y    NOR2X4            2 11.3  114   +79    8531 R 
u_cpu_add_167_30_Y_u_cpu_add_165_34_Y_u_cpu_add_163_30_g839/B                                     +0    8531   
u_cpu_add_167_30_Y_u_cpu_add_165_34_Y_u_cpu_add_163_30_g839/Y    NOR2X6            1  8.5   92   +63    8594 F 
u_cpu_add_167_30_Y_u_cpu_add_165_34_Y_u_cpu_add_163_30_g837/B                                     +0    8594   
u_cpu_add_167_30_Y_u_cpu_add_165_34_Y_u_cpu_add_163_30_g837/Y    NOR2X6            2 10.0   82   +70    8664 R 
u_cpu_add_167_30_Y_u_cpu_add_165_34_Y_u_cpu_add_163_30_g836/B0                                    +0    8664   
u_cpu_add_167_30_Y_u_cpu_add_165_34_Y_u_cpu_add_163_30_g836/Y    AOI2BB1X4         1  8.5   76   +62    8726 F 
u_cpu_add_167_30_Y_u_cpu_add_165_34_Y_u_cpu_add_163_30_g834/B                                     +0    8726   
u_cpu_add_167_30_Y_u_cpu_add_165_34_Y_u_cpu_add_163_30_g834/Y    NOR2X6            2 10.0   82   +64    8790 R 
u_cpu_add_167_30_Y_u_cpu_add_165_34_Y_u_cpu_add_163_30_g833/B0                                    +0    8790   
u_cpu_add_167_30_Y_u_cpu_add_165_34_Y_u_cpu_add_163_30_g833/Y    AOI2BB1X4         1  8.5   76   +62    8852 F 
u_cpu_add_167_30_Y_u_cpu_add_165_34_Y_u_cpu_add_163_30_g831/B                                     +0    8853   
u_cpu_add_167_30_Y_u_cpu_add_165_34_Y_u_cpu_add_163_30_g831/Y    NOR2X6            2 11.3   89   +68    8920 R 
u_cpu_add_167_30_Y_u_cpu_add_165_34_Y_u_cpu_add_163_30_g830/B                                     +0    8920   
u_cpu_add_167_30_Y_u_cpu_add_165_34_Y_u_cpu_add_163_30_g830/Y    NOR2X6            1  8.5   93   +54    8974 F 
u_cpu_add_167_30_Y_u_cpu_add_165_34_Y_u_cpu_add_163_30_g828/B                                     +0    8975   
u_cpu_add_167_30_Y_u_cpu_add_165_34_Y_u_cpu_add_163_30_g828/Y    NOR2X6            2 10.0   82   +70    9045 R 
u_cpu_add_167_30_Y_u_cpu_add_165_34_Y_u_cpu_add_163_30_g827/B0                                    +0    9045   
u_cpu_add_167_30_Y_u_cpu_add_165_34_Y_u_cpu_add_163_30_g827/Y    AOI2BB1X4         1  8.5   76   +62    9107 F 
u_cpu_add_167_30_Y_u_cpu_add_165_34_Y_u_cpu_add_163_30_g825/B                                     +0    9107   
u_cpu_add_167_30_Y_u_cpu_add_165_34_Y_u_cpu_add_163_30_g825/Y    NOR2X6            2 11.3   89   +68    9174 R 
u_cpu_add_167_30_Y_u_cpu_add_165_34_Y_u_cpu_add_163_30_g824/B                                     +0    9175   
u_cpu_add_167_30_Y_u_cpu_add_165_34_Y_u_cpu_add_163_30_g824/Y    NOR2X6            1  8.5   93   +54    9229 F 
u_cpu_add_167_30_Y_u_cpu_add_165_34_Y_u_cpu_add_163_30_g822/B                                     +0    9229   
u_cpu_add_167_30_Y_u_cpu_add_165_34_Y_u_cpu_add_163_30_g822/Y    NOR2X6            2 10.0   82   +70    9299 R 
u_cpu_add_167_30_Y_u_cpu_add_165_34_Y_u_cpu_add_163_30_g821/B0                                    +0    9299   
u_cpu_add_167_30_Y_u_cpu_add_165_34_Y_u_cpu_add_163_30_g821/Y    AOI2BB1X4         1  8.5   76   +62    9361 F 
u_cpu_add_167_30_Y_u_cpu_add_165_34_Y_u_cpu_add_163_30_g819/B                                     +0    9361   
u_cpu_add_167_30_Y_u_cpu_add_165_34_Y_u_cpu_add_163_30_g819/Y    NOR2X6            2 11.3   89   +68    9429 R 
u_cpu_add_167_30_Y_u_cpu_add_165_34_Y_u_cpu_add_163_30_g818/B                                     +0    9429   
u_cpu_add_167_30_Y_u_cpu_add_165_34_Y_u_cpu_add_163_30_g818/Y    NOR2X6            1  8.5   93   +54    9483 F 
u_cpu_add_167_30_Y_u_cpu_add_165_34_Y_u_cpu_add_163_30_g816/B                                     +0    9484   
u_cpu_add_167_30_Y_u_cpu_add_165_34_Y_u_cpu_add_163_30_g816/Y    NOR2X6            2 10.0   82   +70    9554 R 
g655057/B0                                                                                        +0    9554   
g655057/Y                                                        AOI2BB1X4         1  8.5   76   +62    9616 F 
g655056/A                                                                                         +0    9616   
g655056/Y                                                        NOR2X6            2 10.0   93   +72    9688 R 
u_cpu_add_167_30_Y_u_cpu_add_165_34_Y_u_cpu_add_163_30_g812/B0                                    +0    9688   
u_cpu_add_167_30_Y_u_cpu_add_165_34_Y_u_cpu_add_163_30_g812/Y    AOI2BB1X4         1  6.9   70   +62    9750 F 
u_cpu_add_167_30_Y_u_cpu_add_165_34_Y_u_cpu_add_163_30_g810/B                                     +0    9750   
u_cpu_add_167_30_Y_u_cpu_add_165_34_Y_u_cpu_add_163_30_g810/Y    NOR2X4            1  5.3   70   +57    9808 R 
u_cpu_add_167_30_Y_u_cpu_add_165_34_Y_u_cpu_add_163_30_g809/B                                     +0    9808   
u_cpu_add_167_30_Y_u_cpu_add_165_34_Y_u_cpu_add_163_30_g809/Y    XOR2X4            1  4.8   73  +156    9964 R 
g641353/B                                                                                         +0    9964   
g641353/Y                                                        NAND2X1           1  4.8  186  +124   10088 F 
g653712/B                                                                                         +0   10088   
g653712/Y                                                        NAND2X1           1  4.7  112  +112   10200 R 
u_cpu_pc_reg[31]/D                                               DFFRHQX1                         +0   10200   
u_cpu_pc_reg[31]/CK                                              setup                     100   +98   10297 R 
- - - - - - - - - - - - - - - - - - - - - - - - - - - - - - - - - - - - - - - - - - - - - - - - - - - - - - - -
(clock clk)                                                      capture                               10000 R 
                                                                 latency                        +500   10500 R 
                                                                 uncertainty                    -200   10300 R 
---------------------------------------------------------------------------------------------------------------
Cost Group   : 'clk' (path_group 'clk')
Timing slack :       3ps 
Start-point  : u_cpu_ir_reg[4]/CK
End-point    : u_cpu_pc_reg[31]/D

path  11:

                             Pin                                   Type       Fanout Load Slew Delay Arrival   
                                                                                     (fF) (ps)  (ps)   (ps)    
---------------------------------------------------------------------------------------------------------------
(clock clk)                                                      launch                                    0 R 
                                                                 latency                        +500     500 R 
u_cpu_ir_reg[4]/CK                                                                         100    +0     500 R 
u_cpu_ir_reg[4]/QN                                               SDFFRX2           8 29.1  255  +488     988 F 
g160918/B                                                                                         +0     988   
g160918/Y                                                        CLKAND2X3         2 11.0   81  +176    1164 F 
g160908/B                                                                                         +0    1164   
g160908/Y                                                        NAND2X6           4 13.4  116   +55    1219 R 
g160904/A                                                                                         +0    1219   
g160904/Y                                                        OR2X4             5 17.1   83  +142    1361 R 
g655249/B                                                                                         +0    1361   
g655249/Y                                                        NOR2BX1           1  5.4  111   +85    1446 F 
g160937/B0                                                                                        +0    1446   
g160937/Y                                                        AOI21X2           1  5.4  121   +95    1541 R 
g160840/B0                                                                                        +0    1541   
g160840/Y                                                        OAI21X2           5 16.5  304  +206    1747 F 
u_cpu_u_alu_sub_16_33_Y_u_cpu_u_alu_add_15_33_g4248/S0                                            +0    1747   
u_cpu_u_alu_sub_16_33_Y_u_cpu_u_alu_add_15_33_g4248/Y            MXI2X2            2 11.8  114  +320    2067 F 
u_cpu_u_alu_sub_16_33_Y_u_cpu_u_alu_add_15_33_g4273/B                                             +0    2067   
u_cpu_u_alu_sub_16_33_Y_u_cpu_u_alu_add_15_33_g4273/Y            NAND2X4           2  9.5   73   +68    2135 R 
u_cpu_u_alu_sub_16_33_Y_u_cpu_u_alu_add_15_33_g4039/A0                                            +0    2135   
u_cpu_u_alu_sub_16_33_Y_u_cpu_u_alu_add_15_33_g4039/Y            AOI21X4           2  9.9  126  +104    2238 F 
u_cpu_u_alu_sub_16_33_Y_u_cpu_u_alu_add_15_33_g4034/B                                             +0    2238   
u_cpu_u_alu_sub_16_33_Y_u_cpu_u_alu_add_15_33_g4034/Y            NOR2X4            1  6.9   87   +82    2321 R 
u_cpu_u_alu_sub_16_33_Y_u_cpu_u_alu_add_15_33_g4032/B                                             +0    2321   
u_cpu_u_alu_sub_16_33_Y_u_cpu_u_alu_add_15_33_g4032/Y            NOR2X4            2  9.9   76   +63    2384 F 
u_cpu_u_alu_sub_16_33_Y_u_cpu_u_alu_add_15_33_g4030/B                                             +0    2384   
u_cpu_u_alu_sub_16_33_Y_u_cpu_u_alu_add_15_33_g4030/Y            NOR2X4            1  8.4   92   +71    2455 R 
u_cpu_u_alu_sub_16_33_Y_u_cpu_u_alu_add_15_33_g4028/B                                             +0    2455   
u_cpu_u_alu_sub_16_33_Y_u_cpu_u_alu_add_15_33_g4028/Y            NOR2X6            2  9.5   56   +57    2512 F 
u_cpu_u_alu_sub_16_33_Y_u_cpu_u_alu_add_15_33_g4026/B                                             +0    2512   
u_cpu_u_alu_sub_16_33_Y_u_cpu_u_alu_add_15_33_g4026/Y            NOR2X4            1  6.9   84   +59    2571 R 
u_cpu_u_alu_sub_16_33_Y_u_cpu_u_alu_add_15_33_g4024/B                                             +0    2571   
u_cpu_u_alu_sub_16_33_Y_u_cpu_u_alu_add_15_33_g4024/Y            NOR2X4            2  9.8   69   +61    2632 F 
u_cpu_u_alu_sub_16_33_Y_u_cpu_u_alu_add_15_33_g4021/B                                             +0    2632   
u_cpu_u_alu_sub_16_33_Y_u_cpu_u_alu_add_15_33_g4021/Y            NOR2X4            2  9.3  105   +72    2704 R 
u_cpu_u_alu_sub_16_33_Y_u_cpu_u_alu_add_15_33_g4015/A1                                            +0    2704   
u_cpu_u_alu_sub_16_33_Y_u_cpu_u_alu_add_15_33_g4015/Y            AOI21X4           2  9.8  126  +108    2813 F 
u_cpu_u_alu_sub_16_33_Y_u_cpu_u_alu_add_15_33_g4011/A1                                            +0    2813   
u_cpu_u_alu_sub_16_33_Y_u_cpu_u_alu_add_15_33_g4011/Y            OAI21X4           2  7.6  104   +95    2908 R 
g655048/A1N                                                                                       +0    2908   
g655048/Y                                                        OAI2BB1X4         2  9.6   83  +172    3081 R 
u_cpu_u_alu_sub_16_33_Y_u_cpu_u_alu_add_15_33_g4007/A                                             +0    3081   
u_cpu_u_alu_sub_16_33_Y_u_cpu_u_alu_add_15_33_g4007/Y            CLKINVX4          1  6.9   45   +52    3133 F 
u_cpu_u_alu_sub_16_33_Y_u_cpu_u_alu_add_15_33_g4005/A1                                            +0    3133   
u_cpu_u_alu_sub_16_33_Y_u_cpu_u_alu_add_15_33_g4005/Y            OAI21X4           2  9.8  127   +77    3210 R 
u_cpu_u_alu_sub_16_33_Y_u_cpu_u_alu_add_15_33_g4003/A1                                            +0    3210   
u_cpu_u_alu_sub_16_33_Y_u_cpu_u_alu_add_15_33_g4003/Y            AOI21X4           2  9.8  126  +116    3326 F 
u_cpu_u_alu_sub_16_33_Y_u_cpu_u_alu_add_15_33_g4000/A1                                            +0    3326   
u_cpu_u_alu_sub_16_33_Y_u_cpu_u_alu_add_15_33_g4000/Y            OAI21X4           2  9.6  124  +103    3429 R 
u_cpu_u_alu_sub_16_33_Y_u_cpu_u_alu_add_15_33_g3999/A                                             +0    3429   
u_cpu_u_alu_sub_16_33_Y_u_cpu_u_alu_add_15_33_g3999/Y            CLKINVX4          1  8.5   58   +71    3500 F 
u_cpu_u_alu_sub_16_33_Y_u_cpu_u_alu_add_15_33_g3998/B                                             +0    3500   
u_cpu_u_alu_sub_16_33_Y_u_cpu_u_alu_add_15_33_g3998/Y            NOR2X6            1  8.4   82   +54    3554 R 
u_cpu_u_alu_sub_16_33_Y_u_cpu_u_alu_add_15_33_g3996/B                                             +0    3554   
u_cpu_u_alu_sub_16_33_Y_u_cpu_u_alu_add_15_33_g3996/Y            NOR2X6            3 13.9   81   +60    3614 F 
u_cpu_u_alu_sub_16_33_Y_u_cpu_u_alu_add_15_33_g3995/B                                             +0    3614   
u_cpu_u_alu_sub_16_33_Y_u_cpu_u_alu_add_15_33_g3995/Y            NOR2X6            2 10.4  104   +67    3681 R 
u_cpu_u_alu_sub_16_33_Y_u_cpu_u_alu_add_15_33_g3991/B                                             +0    3681   
u_cpu_u_alu_sub_16_33_Y_u_cpu_u_alu_add_15_33_g3991/Y            NAND2X4           1 10.0  126   +96    3777 F 
u_cpu_u_alu_sub_16_33_Y_u_cpu_u_alu_add_15_33_g3989/B                                             +0    3777   
u_cpu_u_alu_sub_16_33_Y_u_cpu_u_alu_add_15_33_g3989/Y            NAND2X8           4 19.3   82   +71    3848 R 
g655046/C                                                                                         +0    3848   
g655046/Y                                                        NAND3BX4          1  7.0  160  +108    3956 F 
u_cpu_u_alu_sub_16_33_Y_u_cpu_u_alu_add_15_33_g3974/A1                                            +0    3956   
u_cpu_u_alu_sub_16_33_Y_u_cpu_u_alu_add_15_33_g3974/Y            AOI21X4           1  6.9  114  +107    4063 R 
u_cpu_u_alu_sub_16_33_Y_u_cpu_u_alu_add_15_33_g3971/B                                             +0    4063   
u_cpu_u_alu_sub_16_33_Y_u_cpu_u_alu_add_15_33_g3971/Y            NOR2X4            2  8.5   69   +70    4133 F 
g655051/A1                                                                                        +0    4133   
g655051/Y                                                        OAI21X2           2  7.3  151  +103    4236 R 
g654906/A0N                                                                                       +0    4236   
g654906/Y                                                        OAI2BB1X2         1  4.5   98  +203    4439 R 
g4/A                                                                                              +0    4439   
g4/Y                                                             INVXL             2  8.4  262  +171    4610 F 
u_cpu_u_alu_sub_16_33_Y_u_cpu_u_alu_add_15_33_g3953/A1                                            +0    4610   
u_cpu_u_alu_sub_16_33_Y_u_cpu_u_alu_add_15_33_g3953/Y            OAI21X2           1  5.0  136  +150    4760 R 
u_cpu_u_alu_sub_16_33_Y_u_cpu_u_alu_add_15_33_g4345/B                                             +0    4760   
u_cpu_u_alu_sub_16_33_Y_u_cpu_u_alu_add_15_33_g4345/Y            XNOR2X1           1  5.4  108  +185    4945 R 
g165974/B                                                                                         +0    4945   
g165974/Y                                                        NAND2X2           1  7.0  144  +114    5059 F 
g165986/B                                                                                         +0    5059   
g165986/Y                                                        NAND2X4           2  9.7  116   +78    5137 R 
g165555/A                                                                                         +0    5137   
g165555/Y                                                        NOR2X4            1  7.1   58   +72    5209 F 
g165554/B0                                                                                        +0    5210   
g165554/Y                                                        AOI2BB1X4         1 10.0  107   +82    5292 R 
g165553/B                                                                                         +0    5292   
g165553/Y                                                        NOR2X8            6 19.5   79   +69    5361 F 
g165550/S0                                                                                        +0    5361   
g165550/Y                                                        CLKMX2X3          3 10.0   82  +203    5564 R 
g655045/A1                                                                                        +0    5564   
g655045/Y                                                        OA21X2            1  6.9   86  +188    5752 R 
u_cpu_add_167_30_Y_u_cpu_add_165_34_Y_u_cpu_add_163_30_g913/B                                     +0    5752   
u_cpu_add_167_30_Y_u_cpu_add_165_34_Y_u_cpu_add_163_30_g913/Y    NOR2X4            2  9.8   64   +62    5814 F 
u_cpu_add_167_30_Y_u_cpu_add_165_34_Y_u_cpu_add_163_30_g911/B                                     +0    5814   
u_cpu_add_167_30_Y_u_cpu_add_165_34_Y_u_cpu_add_163_30_g911/Y    NOR2X4            1  8.4   90   +67    5881 R 
u_cpu_add_167_30_Y_u_cpu_add_165_34_Y_u_cpu_add_163_30_g909/B                                     +0    5881   
u_cpu_add_167_30_Y_u_cpu_add_165_34_Y_u_cpu_add_163_30_g909/Y    NOR2X6            2 10.0   64   +57    5938 F 
u_cpu_add_167_30_Y_u_cpu_add_165_34_Y_u_cpu_add_163_30_g907/B0                                    +0    5938   
u_cpu_add_167_30_Y_u_cpu_add_165_34_Y_u_cpu_add_163_30_g907/Y    AOI2BB1X4         1  6.9   84   +73    6011 R 
u_cpu_add_167_30_Y_u_cpu_add_165_34_Y_u_cpu_add_163_30_g905/B                                     +0    6011   
u_cpu_add_167_30_Y_u_cpu_add_165_34_Y_u_cpu_add_163_30_g905/Y    NOR2X4            2 10.0   71   +62    6073 F 
u_cpu_add_167_30_Y_u_cpu_add_165_34_Y_u_cpu_add_163_30_g903/B0                                    +0    6073   
u_cpu_add_167_30_Y_u_cpu_add_165_34_Y_u_cpu_add_163_30_g903/Y    AOI2BB1X4         1  6.8   84   +74    6148 R 
g655044/B0                                                                                        +0    6148   
g655044/Y                                                        AOI21X4           2  7.7  113   +56    6204 F 
u_cpu_add_167_30_Y_u_cpu_add_165_34_Y_u_cpu_add_163_30_g899/B0                                    +0    6204   
u_cpu_add_167_30_Y_u_cpu_add_165_34_Y_u_cpu_add_163_30_g899/Y    AOI2BB1X1         1  5.5  194  +143    6348 R 
u_cpu_add_167_30_Y_u_cpu_add_165_34_Y_u_cpu_add_163_30_g897/B                                     +0    6348   
u_cpu_add_167_30_Y_u_cpu_add_165_34_Y_u_cpu_add_163_30_g897/Y    NOR2X2            2  7.7   98  +115    6462 F 
g655043/A1N                                                                                       +0    6463   
g655043/Y                                                        AOI2BB1X4         2  8.5   74  +164    6626 F 
u_cpu_add_167_30_Y_u_cpu_add_165_34_Y_u_cpu_add_163_30_g891/B0                                    +0    6626   
u_cpu_add_167_30_Y_u_cpu_add_165_34_Y_u_cpu_add_163_30_g891/Y    AOI2BB1X2         1  8.4  155  +112    6738 R 
u_cpu_add_167_30_Y_u_cpu_add_165_34_Y_u_cpu_add_163_30_g889/B                                     +0    6739   
u_cpu_add_167_30_Y_u_cpu_add_165_34_Y_u_cpu_add_163_30_g889/Y    NOR2X6            2  9.8   64   +79    6818 F 
u_cpu_add_167_30_Y_u_cpu_add_165_34_Y_u_cpu_add_163_30_g887/B                                     +0    6818   
u_cpu_add_167_30_Y_u_cpu_add_165_34_Y_u_cpu_add_163_30_g887/Y    NOR2X4            1  8.4   96   +67    6885 R 
u_cpu_add_167_30_Y_u_cpu_add_165_34_Y_u_cpu_add_163_30_g885/B                                     +0    6885   
u_cpu_add_167_30_Y_u_cpu_add_165_34_Y_u_cpu_add_163_30_g885/Y    NOR2X6            2  9.8   64   +59    6943 F 
u_cpu_add_167_30_Y_u_cpu_add_165_34_Y_u_cpu_add_163_30_g883/B                                     +0    6944   
u_cpu_add_167_30_Y_u_cpu_add_165_34_Y_u_cpu_add_163_30_g883/Y    NOR2X4            1  6.9   84   +61    7005 R 
u_cpu_add_167_30_Y_u_cpu_add_165_34_Y_u_cpu_add_163_30_g881/B                                     +0    7005   
u_cpu_add_167_30_Y_u_cpu_add_165_34_Y_u_cpu_add_163_30_g881/Y    NOR2X4            2 10.0   71   +62    7067 F 
u_cpu_add_167_30_Y_u_cpu_add_165_34_Y_u_cpu_add_163_30_g879/B0                                    +0    7067   
u_cpu_add_167_30_Y_u_cpu_add_165_34_Y_u_cpu_add_163_30_g879/Y    AOI2BB1X4         1  6.9   85   +75    7142 R 
u_cpu_add_167_30_Y_u_cpu_add_165_34_Y_u_cpu_add_163_30_g877/B                                     +0    7142   
u_cpu_add_167_30_Y_u_cpu_add_165_34_Y_u_cpu_add_163_30_g877/Y    NOR2X4            2 10.0   71   +62    7204 F 
u_cpu_add_167_30_Y_u_cpu_add_165_34_Y_u_cpu_add_163_30_g875/B0                                    +0    7204   
u_cpu_add_167_30_Y_u_cpu_add_165_34_Y_u_cpu_add_163_30_g875/Y    AOI2BB1X4         1  6.9   84   +75    7280 R 
u_cpu_add_167_30_Y_u_cpu_add_165_34_Y_u_cpu_add_163_30_g873/B                                     +0    7280   
u_cpu_add_167_30_Y_u_cpu_add_165_34_Y_u_cpu_add_163_30_g873/Y    NOR2X4            2 11.4   77   +65    7344 F 
u_cpu_add_167_30_Y_u_cpu_add_165_34_Y_u_cpu_add_163_30_g871/B                                     +0    7344   
u_cpu_add_167_30_Y_u_cpu_add_165_34_Y_u_cpu_add_163_30_g871/Y    NOR2X6            1  8.4   76   +61    7405 R 
u_cpu_add_167_30_Y_u_cpu_add_165_34_Y_u_cpu_add_163_30_g869/B                                     +0    7405   
u_cpu_add_167_30_Y_u_cpu_add_165_34_Y_u_cpu_add_163_30_g869/Y    NOR2X6            2 10.0   64   +52    7457 F 
u_cpu_add_167_30_Y_u_cpu_add_165_34_Y_u_cpu_add_163_30_g867/B0                                    +0    7457   
u_cpu_add_167_30_Y_u_cpu_add_165_34_Y_u_cpu_add_163_30_g867/Y    AOI2BB1X4         1  8.4   95   +78    7535 R 
u_cpu_add_167_30_Y_u_cpu_add_165_34_Y_u_cpu_add_163_30_g865/B                                     +0    7536   
u_cpu_add_167_30_Y_u_cpu_add_165_34_Y_u_cpu_add_163_30_g865/Y    NOR2X6            2 11.4   68   +61    7596 F 
u_cpu_add_167_30_Y_u_cpu_add_165_34_Y_u_cpu_add_163_30_g863/B                                     +0    7596   
u_cpu_add_167_30_Y_u_cpu_add_165_34_Y_u_cpu_add_163_30_g863/Y    NOR2X6            1  8.4   76   +58    7654 R 
u_cpu_add_167_30_Y_u_cpu_add_165_34_Y_u_cpu_add_163_30_g861/B                                     +0    7654   
u_cpu_add_167_30_Y_u_cpu_add_165_34_Y_u_cpu_add_163_30_g861/Y    NOR2X6            2  9.5   63   +51    7705 F 
u_cpu_add_167_30_Y_u_cpu_add_165_34_Y_u_cpu_add_163_30_g859/B0                                    +0    7705   
u_cpu_add_167_30_Y_u_cpu_add_165_34_Y_u_cpu_add_163_30_g859/Y    AOI2BB1X4         1  8.4   95   +78    7783 R 
u_cpu_add_167_30_Y_u_cpu_add_165_34_Y_u_cpu_add_163_30_g857/B                                     +0    7784   
u_cpu_add_167_30_Y_u_cpu_add_165_34_Y_u_cpu_add_163_30_g857/Y    NOR2X6            2  9.5   63   +58    7842 F 
u_cpu_add_167_30_Y_u_cpu_add_165_34_Y_u_cpu_add_163_30_g855/B0                                    +0    7842   
u_cpu_add_167_30_Y_u_cpu_add_165_34_Y_u_cpu_add_163_30_g855/Y    AOI2BB1X4         1  8.4   95   +78    7920 R 
u_cpu_add_167_30_Y_u_cpu_add_165_34_Y_u_cpu_add_163_30_g853/B                                     +0    7920   
u_cpu_add_167_30_Y_u_cpu_add_165_34_Y_u_cpu_add_163_30_g853/Y    NOR2X6            2  9.3   62   +58    7978 F 
u_cpu_add_167_30_Y_u_cpu_add_165_34_Y_u_cpu_add_163_30_g851/B                                     +0    7978   
u_cpu_add_167_30_Y_u_cpu_add_165_34_Y_u_cpu_add_163_30_g851/Y    NOR2X4            1  6.9   82   +61    8039 R 
u_cpu_add_167_30_Y_u_cpu_add_165_34_Y_u_cpu_add_163_30_g849/B                                     +0    8039   
u_cpu_add_167_30_Y_u_cpu_add_165_34_Y_u_cpu_add_163_30_g849/Y    NOR2X4            2  9.8   71   +61    8100 F 
u_cpu_add_167_30_Y_u_cpu_add_165_34_Y_u_cpu_add_163_30_g848/B                                     +0    8100   
u_cpu_add_167_30_Y_u_cpu_add_165_34_Y_u_cpu_add_163_30_g848/Y    NOR2X4            1  6.9   82   +64    8163 R 
u_cpu_add_167_30_Y_u_cpu_add_165_34_Y_u_cpu_add_163_30_g846/B                                     +0    8164   
u_cpu_add_167_30_Y_u_cpu_add_165_34_Y_u_cpu_add_163_30_g846/Y    NOR2X4            2 10.0   71   +61    8225 F 
u_cpu_add_167_30_Y_u_cpu_add_165_34_Y_u_cpu_add_163_30_g845/B0                                    +0    8225   
u_cpu_add_167_30_Y_u_cpu_add_165_34_Y_u_cpu_add_163_30_g845/Y    AOI2BB1X4         1  6.9   85   +75    8300 R 
u_cpu_add_167_30_Y_u_cpu_add_165_34_Y_u_cpu_add_163_30_g843/B                                     +0    8300   
u_cpu_add_167_30_Y_u_cpu_add_165_34_Y_u_cpu_add_163_30_g843/Y    NOR2X4            2 10.0   71   +62    8362 F 
g655480/B0                                                                                        +0    8362   
g655480/Y                                                        AOI2BB1X4         1  6.9   85   +75    8437 R 
u_cpu_add_167_30_Y_u_cpu_add_165_34_Y_u_cpu_add_163_30_g840/B                                     +0    8437   
u_cpu_add_167_30_Y_u_cpu_add_165_34_Y_u_cpu_add_163_30_g840/Y    NOR2X4            2 11.4   77   +65    8503 F 
u_cpu_add_167_30_Y_u_cpu_add_165_34_Y_u_cpu_add_163_30_g839/B                                     +0    8503   
u_cpu_add_167_30_Y_u_cpu_add_165_34_Y_u_cpu_add_163_30_g839/Y    NOR2X6            1  8.4   78   +61    8563 R 
u_cpu_add_167_30_Y_u_cpu_add_165_34_Y_u_cpu_add_163_30_g837/B                                     +0    8564   
u_cpu_add_167_30_Y_u_cpu_add_165_34_Y_u_cpu_add_163_30_g837/Y    NOR2X6            2 10.0   64   +53    8616 F 
u_cpu_add_167_30_Y_u_cpu_add_165_34_Y_u_cpu_add_163_30_g836/B0                                    +0    8616   
u_cpu_add_167_30_Y_u_cpu_add_165_34_Y_u_cpu_add_163_30_g836/Y    AOI2BB1X4         1  8.4   97   +78    8695 R 
u_cpu_add_167_30_Y_u_cpu_add_165_34_Y_u_cpu_add_163_30_g834/B                                     +0    8695   
u_cpu_add_167_30_Y_u_cpu_add_165_34_Y_u_cpu_add_163_30_g834/Y    NOR2X6            2 10.0   64   +60    8754 F 
u_cpu_add_167_30_Y_u_cpu_add_165_34_Y_u_cpu_add_163_30_g833/B0                                    +0    8754   
u_cpu_add_167_30_Y_u_cpu_add_165_34_Y_u_cpu_add_163_30_g833/Y    AOI2BB1X4         1  8.4   97   +78    8833 R 
u_cpu_add_167_30_Y_u_cpu_add_165_34_Y_u_cpu_add_163_30_g831/B                                     +0    8833   
u_cpu_add_167_30_Y_u_cpu_add_165_34_Y_u_cpu_add_163_30_g831/Y    NOR2X6            2 11.4   68   +62    8894 F 
u_cpu_add_167_30_Y_u_cpu_add_165_34_Y_u_cpu_add_163_30_g830/B                                     +0    8895   
u_cpu_add_167_30_Y_u_cpu_add_165_34_Y_u_cpu_add_163_30_g830/Y    NOR2X6            1  8.4   80   +58    8952 R 
u_cpu_add_167_30_Y_u_cpu_add_165_34_Y_u_cpu_add_163_30_g828/B                                     +0    8952   
u_cpu_add_167_30_Y_u_cpu_add_165_34_Y_u_cpu_add_163_30_g828/Y    NOR2X6            2 10.0   64   +54    9006 F 
u_cpu_add_167_30_Y_u_cpu_add_165_34_Y_u_cpu_add_163_30_g827/B0                                    +0    9006   
u_cpu_add_167_30_Y_u_cpu_add_165_34_Y_u_cpu_add_163_30_g827/Y    AOI2BB1X4         1  8.4   97   +78    9084 R 
u_cpu_add_167_30_Y_u_cpu_add_165_34_Y_u_cpu_add_163_30_g825/B                                     +0    9085   
u_cpu_add_167_30_Y_u_cpu_add_165_34_Y_u_cpu_add_163_30_g825/Y    NOR2X6            2 11.4   68   +62    9146 F 
u_cpu_add_167_30_Y_u_cpu_add_165_34_Y_u_cpu_add_163_30_g824/B                                     +0    9146   
u_cpu_add_167_30_Y_u_cpu_add_165_34_Y_u_cpu_add_163_30_g824/Y    NOR2X6            1  8.4   80   +58    9204 R 
u_cpu_add_167_30_Y_u_cpu_add_165_34_Y_u_cpu_add_163_30_g822/B                                     +0    9204   
u_cpu_add_167_30_Y_u_cpu_add_165_34_Y_u_cpu_add_163_30_g822/Y    NOR2X6            2 10.0   64   +54    9258 F 
u_cpu_add_167_30_Y_u_cpu_add_165_34_Y_u_cpu_add_163_30_g821/B0                                    +0    9258   
u_cpu_add_167_30_Y_u_cpu_add_165_34_Y_u_cpu_add_163_30_g821/Y    AOI2BB1X4         1  8.4   97   +78    9336 R 
u_cpu_add_167_30_Y_u_cpu_add_165_34_Y_u_cpu_add_163_30_g819/B                                     +0    9336   
u_cpu_add_167_30_Y_u_cpu_add_165_34_Y_u_cpu_add_163_30_g819/Y    NOR2X6            2 11.4   68   +62    9398 F 
u_cpu_add_167_30_Y_u_cpu_add_165_34_Y_u_cpu_add_163_30_g818/B                                     +0    9398   
u_cpu_add_167_30_Y_u_cpu_add_165_34_Y_u_cpu_add_163_30_g818/Y    NOR2X6            1  8.4   80   +58    9456 R 
u_cpu_add_167_30_Y_u_cpu_add_165_34_Y_u_cpu_add_163_30_g816/B                                     +0    9456   
u_cpu_add_167_30_Y_u_cpu_add_165_34_Y_u_cpu_add_163_30_g816/Y    NOR2X6            2 10.0   64   +54    9509 F 
g655057/B0                                                                                        +0    9510   
g655057/Y                                                        AOI2BB1X4         1  8.5   98   +79    9588 R 
g655056/A                                                                                         +0    9588   
g655056/Y                                                        NOR2X6            2 10.0   62   +64    9653 F 
u_cpu_add_167_30_Y_u_cpu_add_165_34_Y_u_cpu_add_163_30_g812/B0                                    +0    9653   
u_cpu_add_167_30_Y_u_cpu_add_165_34_Y_u_cpu_add_163_30_g812/Y    AOI2BB1X4         1  6.9   86   +72    9725 R 
u_cpu_add_167_30_Y_u_cpu_add_165_34_Y_u_cpu_add_163_30_g810/B                                     +0    9725   
u_cpu_add_167_30_Y_u_cpu_add_165_34_Y_u_cpu_add_163_30_g810/Y    NOR2X4            1  5.3   53   +53    9778 F 
u_cpu_add_167_30_Y_u_cpu_add_165_34_Y_u_cpu_add_163_30_g809/B                                     +0    9778   
u_cpu_add_167_30_Y_u_cpu_add_165_34_Y_u_cpu_add_163_30_g809/Y    XOR2X4            1  4.8   73  +185    9964 R 
g641353/B                                                                                         +0    9964   
g641353/Y                                                        NAND2X1           1  4.8  186  +124   10088 F 
g653712/B                                                                                         +0   10088   
g653712/Y                                                        NAND2X1           1  4.7  112  +112   10200 R 
u_cpu_pc_reg[31]/D                                               DFFRHQX1                         +0   10200   
u_cpu_pc_reg[31]/CK                                              setup                     100   +98   10297 R 
- - - - - - - - - - - - - - - - - - - - - - - - - - - - - - - - - - - - - - - - - - - - - - - - - - - - - - - -
(clock clk)                                                      capture                               10000 R 
                                                                 latency                        +500   10500 R 
                                                                 uncertainty                    -200   10300 R 
---------------------------------------------------------------------------------------------------------------
Cost Group   : 'clk' (path_group 'clk')
Timing slack :       3ps 
Start-point  : u_cpu_ir_reg[4]/CK
End-point    : u_cpu_pc_reg[31]/D

path  12:

                             Pin                                   Type       Fanout Load Slew Delay Arrival   
                                                                                     (fF) (ps)  (ps)   (ps)    
---------------------------------------------------------------------------------------------------------------
(clock clk)                                                      launch                                    0 R 
                                                                 latency                        +500     500 R 
u_cpu_ir_reg[6]/CK                                                                         100    +0     500 R 
u_cpu_ir_reg[6]/QN                                               SDFFRX2           6 20.4  184  +453     953 F 
g160921/B                                                                                         +0     953   
g160921/Y                                                        NOR2X2            2  8.3  160  +138    1090 R 
g655025/B0                                                                                        +0    1090   
g655025/Y                                                        AOI2BB1X2         3 10.8  125  +118    1208 F 
g160898/B                                                                                         +0    1209   
g160898/Y                                                        NOR2X2            1  8.5  156  +120    1328 R 
g160890/A                                                                                         +0    1328   
g160890/Y                                                        NOR2X6            4 17.5   85   +96    1424 F 
g160889/A                                                                                         +0    1425   
g160889/Y                                                        CLKINVX6          5 15.1   56   +56    1480 R 
g160853/A1                                                                                        +0    1480   
g160853/Y                                                        AO22X1            4 13.3  223  +258    1738 R 
u_cpu_u_alu_sub_16_33_Y_u_cpu_u_alu_add_15_33_g4249/S0                                            +0    1738   
u_cpu_u_alu_sub_16_33_Y_u_cpu_u_alu_add_15_33_g4249/Y            MXI2X1            2  8.2  291  +262    2000 R 
u_cpu_u_alu_sub_16_33_Y_u_cpu_u_alu_add_15_33_g4125/B                                             +0    2000   
u_cpu_u_alu_sub_16_33_Y_u_cpu_u_alu_add_15_33_g4125/Y            NAND2X1           3 12.9  444  +328    2329 F 
u_cpu_u_alu_sub_16_33_Y_u_cpu_u_alu_add_15_33_g4050/A                                             +0    2329   
u_cpu_u_alu_sub_16_33_Y_u_cpu_u_alu_add_15_33_g4050/Y            NAND3X4           1  7.0  139  +171    2500 R 
u_cpu_u_alu_sub_16_33_Y_u_cpu_u_alu_add_15_33_g4026/A                                             +0    2500   
u_cpu_u_alu_sub_16_33_Y_u_cpu_u_alu_add_15_33_g4026/Y            NOR2X4            1  6.9   61   +80    2580 F 
u_cpu_u_alu_sub_16_33_Y_u_cpu_u_alu_add_15_33_g4024/B                                             +0    2580   
u_cpu_u_alu_sub_16_33_Y_u_cpu_u_alu_add_15_33_g4024/Y            NOR2X4            2  9.8  101   +71    2651 R 
u_cpu_u_alu_sub_16_33_Y_u_cpu_u_alu_add_15_33_g4021/B                                             +0    2651   
u_cpu_u_alu_sub_16_33_Y_u_cpu_u_alu_add_15_33_g4021/Y            NOR2X4            2  9.4  110   +67    2718 F 
u_cpu_u_alu_sub_16_33_Y_u_cpu_u_alu_add_15_33_g4015/A1                                            +0    2718   
u_cpu_u_alu_sub_16_33_Y_u_cpu_u_alu_add_15_33_g4015/Y            AOI21X4           2  9.8  138  +102    2821 R 
u_cpu_u_alu_sub_16_33_Y_u_cpu_u_alu_add_15_33_g4011/A1                                            +0    2821   
u_cpu_u_alu_sub_16_33_Y_u_cpu_u_alu_add_15_33_g4011/Y            OAI21X4           2  7.6  109  +110    2931 F 
g655048/A1N                                                                                       +0    2931   
g655048/Y                                                        OAI2BB1X4         2  9.6  115  +152    3084 F 
u_cpu_u_alu_sub_16_33_Y_u_cpu_u_alu_add_15_33_g4007/A                                             +0    3084   
u_cpu_u_alu_sub_16_33_Y_u_cpu_u_alu_add_15_33_g4007/Y            CLKINVX4          1  6.9   49   +60    3144 R 
u_cpu_u_alu_sub_16_33_Y_u_cpu_u_alu_add_15_33_g4005/A1                                            +0    3144   
u_cpu_u_alu_sub_16_33_Y_u_cpu_u_alu_add_15_33_g4005/Y            OAI21X4           2  9.9  134   +90    3234 F 
u_cpu_u_alu_sub_16_33_Y_u_cpu_u_alu_add_15_33_g4003/A1                                            +0    3234   
u_cpu_u_alu_sub_16_33_Y_u_cpu_u_alu_add_15_33_g4003/Y            AOI21X4           2  9.8  120  +110    3344 R 
u_cpu_u_alu_sub_16_33_Y_u_cpu_u_alu_add_15_33_g4000/A1                                            +0    3344   
u_cpu_u_alu_sub_16_33_Y_u_cpu_u_alu_add_15_33_g4000/Y            OAI21X4           2  9.6  137  +113    3457 F 
u_cpu_u_alu_sub_16_33_Y_u_cpu_u_alu_add_15_33_g3999/A                                             +0    3457   
u_cpu_u_alu_sub_16_33_Y_u_cpu_u_alu_add_15_33_g3999/Y            CLKINVX4          1  8.4   59   +70    3528 R 
u_cpu_u_alu_sub_16_33_Y_u_cpu_u_alu_add_15_33_g3998/B                                             +0    3528   
u_cpu_u_alu_sub_16_33_Y_u_cpu_u_alu_add_15_33_g3998/Y            NOR2X6            1  8.5  107   +43    3571 F 
u_cpu_u_alu_sub_16_33_Y_u_cpu_u_alu_add_15_33_g3996/B                                             +0    3571   
u_cpu_u_alu_sub_16_33_Y_u_cpu_u_alu_add_15_33_g3996/Y            NOR2X6            3 13.8  105   +84    3655 R 
u_cpu_u_alu_sub_16_33_Y_u_cpu_u_alu_add_15_33_g3995/B                                             +0    3655   
u_cpu_u_alu_sub_16_33_Y_u_cpu_u_alu_add_15_33_g3995/Y            NOR2X6            2 10.4   66   +63    3718 F 
u_cpu_u_alu_sub_16_33_Y_u_cpu_u_alu_add_15_33_g3991/B                                             +0    3718   
u_cpu_u_alu_sub_16_33_Y_u_cpu_u_alu_add_15_33_g3991/Y            NAND2X4           1 10.0   75   +51    3770 R 
u_cpu_u_alu_sub_16_33_Y_u_cpu_u_alu_add_15_33_g3989/B                                             +0    3770   
u_cpu_u_alu_sub_16_33_Y_u_cpu_u_alu_add_15_33_g3989/Y            NAND2X8           4 19.3  118   +86    3856 F 
u_cpu_u_alu_sub_16_33_Y_u_cpu_u_alu_add_15_33_g3982/B                                             +0    3856   
u_cpu_u_alu_sub_16_33_Y_u_cpu_u_alu_add_15_33_g3982/Y            NAND2X6           2 10.2   69   +64    3919 R 
u_cpu_u_alu_sub_16_33_Y_u_cpu_u_alu_add_15_33_g3979/B                                             +0    3919   
u_cpu_u_alu_sub_16_33_Y_u_cpu_u_alu_add_15_33_g3979/Y            NAND2X2           2  7.6  154  +106    4025 F 
u_cpu_u_alu_sub_16_33_Y_u_cpu_u_alu_add_15_33_g655407/A                                           +0    4025   
u_cpu_u_alu_sub_16_33_Y_u_cpu_u_alu_add_15_33_g655407/Y          INVX1             1  5.5  101  +103    4128 R 
u_cpu_u_alu_sub_16_33_Y_u_cpu_u_alu_add_15_33_g3969/A1                                            +0    4128   
u_cpu_u_alu_sub_16_33_Y_u_cpu_u_alu_add_15_33_g3969/Y            OAI21X2           1  5.1  144  +110    4238 F 
u_cpu_u_alu_sub_16_33_Y_u_cpu_u_alu_add_15_33_g3962/B                                             +0    4238   
u_cpu_u_alu_sub_16_33_Y_u_cpu_u_alu_add_15_33_g3962/Y            XNOR2X2           1  4.8   77  +192    4430 F 
g165976/B                                                                                         +0    4430   
g165976/Y                                                        NAND2X1           1  5.4  105   +76    4506 R 
g655037/C                                                                                         +0    4506   
g655037/Y                                                        NAND3X2           2  7.5  256  +163    4670 F 
g655026/BN                                                                                        +0    4670   
g655026/Y                                                        NAND4BBX4         1  7.1  238  +294    4963 F 
g165557/A                                                                                         +0    4963   
g165557/Y                                                        NOR2X4            1  8.6  110  +129    5092 R 
g165556/A                                                                                         +0    5092   
g165556/Y                                                        NAND2X6           1  6.9   74   +82    5175 F 
g165555/B                                                                                         +0    5175   
g165555/Y                                                        NOR2X4            1  7.1   85   +66    5241 R 
g165554/B0                                                                                        +0    5241   
g165554/Y                                                        AOI2BB1X4         1 10.0   80   +66    5307 F 
g165553/B                                                                                         +0    5307   
g165553/Y                                                        NOR2X8            6 19.5  112   +78    5384 R 
g165550/S0                                                                                        +0    5384   
g165550/Y                                                        CLKMX2X3          3 10.0   88  +218    5603 F 
g655045/A1                                                                                        +0    5603   
g655045/Y                                                        OA21X2            1  6.9   91  +182    5785 F 
u_cpu_add_167_30_Y_u_cpu_add_165_34_Y_u_cpu_add_163_30_g913/B                                     +0    5785   
u_cpu_add_167_30_Y_u_cpu_add_165_34_Y_u_cpu_add_163_30_g913/Y    NOR2X4            2  9.8  103   +81    5866 R 
u_cpu_add_167_30_Y_u_cpu_add_165_34_Y_u_cpu_add_163_30_g911/B                                     +0    5867   
u_cpu_add_167_30_Y_u_cpu_add_165_34_Y_u_cpu_add_163_30_g911/Y    NOR2X4            1  8.5   68   +66    5932 F 
u_cpu_add_167_30_Y_u_cpu_add_165_34_Y_u_cpu_add_163_30_g909/B                                     +0    5932   
u_cpu_add_167_30_Y_u_cpu_add_165_34_Y_u_cpu_add_163_30_g909/Y    NOR2X6            2 10.0   82   +62    5994 R 
u_cpu_add_167_30_Y_u_cpu_add_165_34_Y_u_cpu_add_163_30_g907/B0                                    +0    5994   
u_cpu_add_167_30_Y_u_cpu_add_165_34_Y_u_cpu_add_163_30_g907/Y    AOI2BB1X4         1  6.9   68   +59    6053 F 
u_cpu_add_167_30_Y_u_cpu_add_165_34_Y_u_cpu_add_163_30_g905/B                                     +0    6053   
u_cpu_add_167_30_Y_u_cpu_add_165_34_Y_u_cpu_add_163_30_g905/Y    NOR2X4            2 10.0  104   +74    6127 R 
u_cpu_add_167_30_Y_u_cpu_add_165_34_Y_u_cpu_add_163_30_g903/B0                                    +0    6127   
u_cpu_add_167_30_Y_u_cpu_add_165_34_Y_u_cpu_add_163_30_g903/Y    AOI2BB1X4         1  6.8   67   +67    6194 F 
g655044/B0                                                                                        +0    6194   
g655044/Y                                                        AOI21X4           2  7.7   98   +69    6263 R 
u_cpu_add_167_30_Y_u_cpu_add_165_34_Y_u_cpu_add_163_30_g899/B0                                    +0    6263   
u_cpu_add_167_30_Y_u_cpu_add_165_34_Y_u_cpu_add_163_30_g899/Y    AOI2BB1X1         1  5.5  116   +97    6360 F 
u_cpu_add_167_30_Y_u_cpu_add_165_34_Y_u_cpu_add_163_30_g897/B                                     +0    6360   
u_cpu_add_167_30_Y_u_cpu_add_165_34_Y_u_cpu_add_163_30_g897/Y    NOR2X2            2  7.7  143  +111    6471 R 
g655043/A1N                                                                                       +0    6471   
g655043/Y                                                        AOI2BB1X4         2  8.5   96  +154    6626 R 
u_cpu_add_167_30_Y_u_cpu_add_165_34_Y_u_cpu_add_163_30_g891/B0                                    +0    6626   
u_cpu_add_167_30_Y_u_cpu_add_165_34_Y_u_cpu_add_163_30_g891/Y    AOI2BB1X2         1  8.5  109   +85    6710 F 
u_cpu_add_167_30_Y_u_cpu_add_165_34_Y_u_cpu_add_163_30_g889/B                                     +0    6710   
u_cpu_add_167_30_Y_u_cpu_add_165_34_Y_u_cpu_add_163_30_g889/Y    NOR2X6            2  9.8   83   +75    6785 R 
u_cpu_add_167_30_Y_u_cpu_add_165_34_Y_u_cpu_add_163_30_g887/B                                     +0    6786   
u_cpu_add_167_30_Y_u_cpu_add_165_34_Y_u_cpu_add_163_30_g887/Y    NOR2X4            1  8.5   90   +58    6844 F 
u_cpu_add_167_30_Y_u_cpu_add_165_34_Y_u_cpu_add_163_30_g885/B                                     +0    6844   
u_cpu_add_167_30_Y_u_cpu_add_165_34_Y_u_cpu_add_163_30_g885/Y    NOR2X6            2  9.8   82   +68    6912 R 
u_cpu_add_167_30_Y_u_cpu_add_165_34_Y_u_cpu_add_163_30_g883/B                                     +0    6912   
u_cpu_add_167_30_Y_u_cpu_add_165_34_Y_u_cpu_add_163_30_g883/Y    NOR2X4            1  6.9   84   +54    6967 F 
u_cpu_add_167_30_Y_u_cpu_add_165_34_Y_u_cpu_add_163_30_g881/B                                     +0    6967   
u_cpu_add_167_30_Y_u_cpu_add_165_34_Y_u_cpu_add_163_30_g881/Y    NOR2X4            2 10.0  104   +80    7046 R 
u_cpu_add_167_30_Y_u_cpu_add_165_34_Y_u_cpu_add_163_30_g879/B0                                    +0    7047   
u_cpu_add_167_30_Y_u_cpu_add_165_34_Y_u_cpu_add_163_30_g879/Y    AOI2BB1X4         1  6.9   68   +67    7113 F 
u_cpu_add_167_30_Y_u_cpu_add_165_34_Y_u_cpu_add_163_30_g877/B                                     +0    7114   
u_cpu_add_167_30_Y_u_cpu_add_165_34_Y_u_cpu_add_163_30_g877/Y    NOR2X4            2 10.0  104   +74    7188 R 
u_cpu_add_167_30_Y_u_cpu_add_165_34_Y_u_cpu_add_163_30_g875/B0                                    +0    7188   
u_cpu_add_167_30_Y_u_cpu_add_165_34_Y_u_cpu_add_163_30_g875/Y    AOI2BB1X4         1  6.9   68   +67    7255 F 
u_cpu_add_167_30_Y_u_cpu_add_165_34_Y_u_cpu_add_163_30_g873/B                                     +0    7255   
u_cpu_add_167_30_Y_u_cpu_add_165_34_Y_u_cpu_add_163_30_g873/Y    NOR2X4            2 11.3  114   +79    7334 R 
u_cpu_add_167_30_Y_u_cpu_add_165_34_Y_u_cpu_add_163_30_g871/B                                     +0    7334   
u_cpu_add_167_30_Y_u_cpu_add_165_34_Y_u_cpu_add_163_30_g871/Y    NOR2X6            1  8.5   92   +63    7397 F 
u_cpu_add_167_30_Y_u_cpu_add_165_34_Y_u_cpu_add_163_30_g869/B                                     +0    7398   
u_cpu_add_167_30_Y_u_cpu_add_165_34_Y_u_cpu_add_163_30_g869/Y    NOR2X6            2 10.0   83   +70    7467 R 
u_cpu_add_167_30_Y_u_cpu_add_165_34_Y_u_cpu_add_163_30_g867/B0                                    +0    7468   
u_cpu_add_167_30_Y_u_cpu_add_165_34_Y_u_cpu_add_163_30_g867/Y    AOI2BB1X4         1  8.5   74   +62    7530 F 
u_cpu_add_167_30_Y_u_cpu_add_165_34_Y_u_cpu_add_163_30_g865/B                                     +0    7530   
u_cpu_add_167_30_Y_u_cpu_add_165_34_Y_u_cpu_add_163_30_g865/Y    NOR2X6            2 11.3   89   +67    7597 R 
u_cpu_add_167_30_Y_u_cpu_add_165_34_Y_u_cpu_add_163_30_g863/B                                     +0    7597   
u_cpu_add_167_30_Y_u_cpu_add_165_34_Y_u_cpu_add_163_30_g863/Y    NOR2X6            1  8.5   92   +54    7651 F 
u_cpu_add_167_30_Y_u_cpu_add_165_34_Y_u_cpu_add_163_30_g861/B                                     +0    7651   
u_cpu_add_167_30_Y_u_cpu_add_165_34_Y_u_cpu_add_163_30_g861/Y    NOR2X6            2  9.5   80   +68    7720 R 
u_cpu_add_167_30_Y_u_cpu_add_165_34_Y_u_cpu_add_163_30_g859/B0                                    +0    7720   
u_cpu_add_167_30_Y_u_cpu_add_165_34_Y_u_cpu_add_163_30_g859/Y    AOI2BB1X4         1  8.5   74   +61    7781 F 
u_cpu_add_167_30_Y_u_cpu_add_165_34_Y_u_cpu_add_163_30_g857/B                                     +0    7781   
u_cpu_add_167_30_Y_u_cpu_add_165_34_Y_u_cpu_add_163_30_g857/Y    NOR2X6            2  9.5   80   +62    7844 R 
u_cpu_add_167_30_Y_u_cpu_add_165_34_Y_u_cpu_add_163_30_g855/B0                                    +0    7844   
u_cpu_add_167_30_Y_u_cpu_add_165_34_Y_u_cpu_add_163_30_g855/Y    AOI2BB1X4         1  8.5   74   +61    7905 F 
u_cpu_add_167_30_Y_u_cpu_add_165_34_Y_u_cpu_add_163_30_g853/B                                     +0    7905   
u_cpu_add_167_30_Y_u_cpu_add_165_34_Y_u_cpu_add_163_30_g853/Y    NOR2X6            2  9.3   79   +62    7967 R 
u_cpu_add_167_30_Y_u_cpu_add_165_34_Y_u_cpu_add_163_30_g851/B                                     +0    7967   
u_cpu_add_167_30_Y_u_cpu_add_165_34_Y_u_cpu_add_163_30_g851/Y    NOR2X4            1  6.9   86   +54    8021 F 
u_cpu_add_167_30_Y_u_cpu_add_165_34_Y_u_cpu_add_163_30_g849/B                                     +0    8021   
u_cpu_add_167_30_Y_u_cpu_add_165_34_Y_u_cpu_add_163_30_g849/Y    NOR2X4            2  9.8  103   +79    8100 R 
u_cpu_add_167_30_Y_u_cpu_add_165_34_Y_u_cpu_add_163_30_g848/B                                     +0    8100   
u_cpu_add_167_30_Y_u_cpu_add_165_34_Y_u_cpu_add_163_30_g848/Y    NOR2X4            1  6.9   86   +62    8163 F 
u_cpu_add_167_30_Y_u_cpu_add_165_34_Y_u_cpu_add_163_30_g846/B                                     +0    8163   
u_cpu_add_167_30_Y_u_cpu_add_165_34_Y_u_cpu_add_163_30_g846/Y    NOR2X4            2 10.0  104   +80    8243 R 
u_cpu_add_167_30_Y_u_cpu_add_165_34_Y_u_cpu_add_163_30_g845/B0                                    +0    8243   
u_cpu_add_167_30_Y_u_cpu_add_165_34_Y_u_cpu_add_163_30_g845/Y    AOI2BB1X4         1  6.9   68   +67    8310 F 
u_cpu_add_167_30_Y_u_cpu_add_165_34_Y_u_cpu_add_163_30_g843/B                                     +0    8310   
u_cpu_add_167_30_Y_u_cpu_add_165_34_Y_u_cpu_add_163_30_g843/Y    NOR2X4            2 10.0  104   +74    8384 R 
g655480/B0                                                                                        +0    8384   
g655480/Y                                                        AOI2BB1X4         1  6.9   68   +67    8451 F 
u_cpu_add_167_30_Y_u_cpu_add_165_34_Y_u_cpu_add_163_30_g840/B                                     +0    8451   
u_cpu_add_167_30_Y_u_cpu_add_165_34_Y_u_cpu_add_163_30_g840/Y    NOR2X4            2 11.3  114   +79    8531 R 
u_cpu_add_167_30_Y_u_cpu_add_165_34_Y_u_cpu_add_163_30_g839/B                                     +0    8531   
u_cpu_add_167_30_Y_u_cpu_add_165_34_Y_u_cpu_add_163_30_g839/Y    NOR2X6            1  8.5   92   +63    8594 F 
u_cpu_add_167_30_Y_u_cpu_add_165_34_Y_u_cpu_add_163_30_g837/B                                     +0    8594   
u_cpu_add_167_30_Y_u_cpu_add_165_34_Y_u_cpu_add_163_30_g837/Y    NOR2X6            2 10.0   82   +70    8664 R 
u_cpu_add_167_30_Y_u_cpu_add_165_34_Y_u_cpu_add_163_30_g836/B0                                    +0    8664   
u_cpu_add_167_30_Y_u_cpu_add_165_34_Y_u_cpu_add_163_30_g836/Y    AOI2BB1X4         1  8.5   76   +62    8726 F 
u_cpu_add_167_30_Y_u_cpu_add_165_34_Y_u_cpu_add_163_30_g834/B                                     +0    8726   
u_cpu_add_167_30_Y_u_cpu_add_165_34_Y_u_cpu_add_163_30_g834/Y    NOR2X6            2 10.0   82   +64    8790 R 
u_cpu_add_167_30_Y_u_cpu_add_165_34_Y_u_cpu_add_163_30_g833/B0                                    +0    8790   
u_cpu_add_167_30_Y_u_cpu_add_165_34_Y_u_cpu_add_163_30_g833/Y    AOI2BB1X4         1  8.5   76   +62    8852 F 
u_cpu_add_167_30_Y_u_cpu_add_165_34_Y_u_cpu_add_163_30_g831/B                                     +0    8852   
u_cpu_add_167_30_Y_u_cpu_add_165_34_Y_u_cpu_add_163_30_g831/Y    NOR2X6            2 11.3   89   +68    8920 R 
u_cpu_add_167_30_Y_u_cpu_add_165_34_Y_u_cpu_add_163_30_g830/B                                     +0    8920   
u_cpu_add_167_30_Y_u_cpu_add_165_34_Y_u_cpu_add_163_30_g830/Y    NOR2X6            1  8.5   93   +54    8974 F 
u_cpu_add_167_30_Y_u_cpu_add_165_34_Y_u_cpu_add_163_30_g828/B                                     +0    8975   
u_cpu_add_167_30_Y_u_cpu_add_165_34_Y_u_cpu_add_163_30_g828/Y    NOR2X6            2 10.0   82   +70    9045 R 
u_cpu_add_167_30_Y_u_cpu_add_165_34_Y_u_cpu_add_163_30_g827/B0                                    +0    9045   
u_cpu_add_167_30_Y_u_cpu_add_165_34_Y_u_cpu_add_163_30_g827/Y    AOI2BB1X4         1  8.5   76   +62    9107 F 
u_cpu_add_167_30_Y_u_cpu_add_165_34_Y_u_cpu_add_163_30_g825/B                                     +0    9107   
u_cpu_add_167_30_Y_u_cpu_add_165_34_Y_u_cpu_add_163_30_g825/Y    NOR2X6            2 11.3   89   +68    9174 R 
u_cpu_add_167_30_Y_u_cpu_add_165_34_Y_u_cpu_add_163_30_g824/B                                     +0    9174   
u_cpu_add_167_30_Y_u_cpu_add_165_34_Y_u_cpu_add_163_30_g824/Y    NOR2X6            1  8.5   93   +54    9229 F 
u_cpu_add_167_30_Y_u_cpu_add_165_34_Y_u_cpu_add_163_30_g822/B                                     +0    9229   
u_cpu_add_167_30_Y_u_cpu_add_165_34_Y_u_cpu_add_163_30_g822/Y    NOR2X6            2 10.0   82   +70    9299 R 
u_cpu_add_167_30_Y_u_cpu_add_165_34_Y_u_cpu_add_163_30_g821/B0                                    +0    9299   
u_cpu_add_167_30_Y_u_cpu_add_165_34_Y_u_cpu_add_163_30_g821/Y    AOI2BB1X4         1  8.5   76   +62    9361 F 
u_cpu_add_167_30_Y_u_cpu_add_165_34_Y_u_cpu_add_163_30_g819/B                                     +0    9361   
u_cpu_add_167_30_Y_u_cpu_add_165_34_Y_u_cpu_add_163_30_g819/Y    NOR2X6            2 11.3   89   +68    9429 R 
u_cpu_add_167_30_Y_u_cpu_add_165_34_Y_u_cpu_add_163_30_g818/B                                     +0    9429   
u_cpu_add_167_30_Y_u_cpu_add_165_34_Y_u_cpu_add_163_30_g818/Y    NOR2X6            1  8.5   93   +54    9483 F 
u_cpu_add_167_30_Y_u_cpu_add_165_34_Y_u_cpu_add_163_30_g816/B                                     +0    9483   
u_cpu_add_167_30_Y_u_cpu_add_165_34_Y_u_cpu_add_163_30_g816/Y    NOR2X6            2 10.0   82   +70    9554 R 
g655057/B0                                                                                        +0    9554   
g655057/Y                                                        AOI2BB1X4         1  8.5   76   +62    9616 F 
g655056/A                                                                                         +0    9616   
g655056/Y                                                        NOR2X6            2 10.0   93   +72    9688 R 
u_cpu_add_167_30_Y_u_cpu_add_165_34_Y_u_cpu_add_163_30_g812/B0                                    +0    9688   
u_cpu_add_167_30_Y_u_cpu_add_165_34_Y_u_cpu_add_163_30_g812/Y    AOI2BB1X4         1  6.9   70   +62    9750 F 
u_cpu_add_167_30_Y_u_cpu_add_165_34_Y_u_cpu_add_163_30_g810/B                                     +0    9750   
u_cpu_add_167_30_Y_u_cpu_add_165_34_Y_u_cpu_add_163_30_g810/Y    NOR2X4            1  5.3   70   +57    9808 R 
u_cpu_add_167_30_Y_u_cpu_add_165_34_Y_u_cpu_add_163_30_g809/B                                     +0    9808   
u_cpu_add_167_30_Y_u_cpu_add_165_34_Y_u_cpu_add_163_30_g809/Y    XOR2X4            1  4.8   73  +156    9964 R 
g641353/B                                                                                         +0    9964   
g641353/Y                                                        NAND2X1           1  4.8  186  +124   10088 F 
g653712/B                                                                                         +0   10088   
g653712/Y                                                        NAND2X1           1  4.7  112  +112   10199 R 
u_cpu_pc_reg[31]/D                                               DFFRHQX1                         +0   10200   
u_cpu_pc_reg[31]/CK                                              setup                     100   +98   10297 R 
- - - - - - - - - - - - - - - - - - - - - - - - - - - - - - - - - - - - - - - - - - - - - - - - - - - - - - - -
(clock clk)                                                      capture                               10000 R 
                                                                 latency                        +500   10500 R 
                                                                 uncertainty                    -200   10300 R 
---------------------------------------------------------------------------------------------------------------
Cost Group   : 'clk' (path_group 'clk')
Timing slack :       3ps 
Start-point  : u_cpu_ir_reg[6]/CK
End-point    : u_cpu_pc_reg[31]/D

path  13:

                             Pin                                   Type       Fanout Load Slew Delay Arrival   
                                                                                     (fF) (ps)  (ps)   (ps)    
---------------------------------------------------------------------------------------------------------------
(clock clk)                                                      launch                                    0 R 
                                                                 latency                        +500     500 R 
u_cpu_ir_reg[6]/CK                                                                         100    +0     500 R 
u_cpu_ir_reg[6]/Q                                                SDFFRX2           9 26.8  231  +422     922 R 
g655025/A1N                                                                                       +0     922   
g655025/Y                                                        AOI2BB1X2         3 10.8  189  +239    1162 R 
g655023/AN                                                                                        +0    1162   
g655023/Y                                                        NOR3BX4           4 17.8  258  +280    1442 R 
g655055/A1                                                                                        +0    1442   
g655055/Y                                                        AOI21X4           1  7.0  124  +148    1590 F 
g655054/B0                                                                                        +0    1590   
g655054/Y                                                        OAI2BB1X4         3 24.1  129  +100    1691 R 
u_cpu_u_alu_srl_21_33_g2998/A                                                                     +0    1691   
u_cpu_u_alu_srl_21_33_g2998/Y                                    CLKINVX20        20 80.8   89   +90    1781 F 
u_cpu_u_alu_sra_22_42_fopt3271/A                                                                  +0    1781   
u_cpu_u_alu_sra_22_42_fopt3271/Y                                 CLKINVX6         11 31.6   95   +77    1858 R 
u_cpu_u_alu_sra_22_42_g3167/S0                                                                    +0    1858   
u_cpu_u_alu_sra_22_42_g3167/Y                                    MX2XL             2  7.9  254  +285    2143 F 
u_cpu_u_alu_sra_22_42_g3126/B                                                                     +0    2143   
u_cpu_u_alu_sra_22_42_g3126/Y                                    MX2X1             2  7.9  154  +257    2400 F 
u_cpu_u_alu_sra_22_42_g3112/A1                                                                    +0    2400   
u_cpu_u_alu_sra_22_42_g3112/Y                                    AOI22X2           2  7.3  168  +152    2552 R 
u_cpu_u_alu_sra_22_42_g3074/B                                                                     +0    2552   
u_cpu_u_alu_sra_22_42_g3074/Y                                    CLKMX2X3          2  7.2   69  +196    2748 R 
g654903/B                                                                                         +0    2748   
g654903/Y                                                        MXI2XL            1  4.8  333  +213    2962 F 
g165676/B1                                                                                        +0    2962   
g165676/Y                                                        AOI22X1           1  7.0  283  +238    3200 R 
g165984/B                                                                                         +0    3200   
g165984/Y                                                        NAND2X4           3 11.0  152  +159    3359 F 
g165581/A                                                                                         +0    3359   
g165581/Y                                                        NOR2X2            1  7.1  135  +124    3484 R 
g165578/A                                                                                         +0    3484   
g165578/Y                                                        NAND2X4           1  5.4   78   +93    3577 F 
g655030/C                                                                                         +0    3577   
g655030/Y                                                        NOR4BX2           1  7.0  312  +203    3780 R 
g655029/C                                                                                         +0    3780   
g655029/Y                                                        NAND4BX4          1  6.7  252  +242    4022 F 
g655028/B                                                                                         +0    4022   
g655028/Y                                                        NOR4BX4           1  6.8  221  +213    4235 R 
g655027/B                                                                                         +0    4235   
g655027/Y                                                        NAND4BX4          1  7.3  248  +235    4470 F 
g165561/A                                                                                         +0    4470   
g165561/Y                                                        NOR3X4            1  7.1  150  +164    4634 R 
g655403/A                                                                                         +0    4634   
g655403/Y                                                        NAND2X4           1  6.9  103  +104    4738 F 
g165559/B                                                                                         +0    4738   
g165559/Y                                                        NOR2X4            1  6.8  103   +74    4812 R 
g655026/D                                                                                         +0    4812   
g655026/Y                                                        NAND4BBX4         1  7.1  238  +150    4963 F 
g165557/A                                                                                         +0    4963   
g165557/Y                                                        NOR2X4            1  8.6  110  +129    5092 R 
g165556/A                                                                                         +0    5092   
g165556/Y                                                        NAND2X6           1  6.9   74   +82    5174 F 
g165555/B                                                                                         +0    5174   
g165555/Y                                                        NOR2X4            1  7.1   85   +66    5240 R 
g165554/B0                                                                                        +0    5240   
g165554/Y                                                        AOI2BB1X4         1 10.0   80   +66    5306 F 
g165553/B                                                                                         +0    5306   
g165553/Y                                                        NOR2X8            6 19.5  112   +78    5384 R 
g165550/S0                                                                                        +0    5384   
g165550/Y                                                        CLKMX2X3          3 10.0   88  +218    5602 F 
g655045/A1                                                                                        +0    5602   
g655045/Y                                                        OA21X2            1  6.9   91  +182    5785 F 
u_cpu_add_167_30_Y_u_cpu_add_165_34_Y_u_cpu_add_163_30_g913/B                                     +0    5785   
u_cpu_add_167_30_Y_u_cpu_add_165_34_Y_u_cpu_add_163_30_g913/Y    NOR2X4            2  9.8  103   +81    5866 R 
u_cpu_add_167_30_Y_u_cpu_add_165_34_Y_u_cpu_add_163_30_g911/B                                     +0    5866   
u_cpu_add_167_30_Y_u_cpu_add_165_34_Y_u_cpu_add_163_30_g911/Y    NOR2X4            1  8.5   68   +66    5932 F 
u_cpu_add_167_30_Y_u_cpu_add_165_34_Y_u_cpu_add_163_30_g909/B                                     +0    5932   
u_cpu_add_167_30_Y_u_cpu_add_165_34_Y_u_cpu_add_163_30_g909/Y    NOR2X6            2 10.0   82   +62    5994 R 
u_cpu_add_167_30_Y_u_cpu_add_165_34_Y_u_cpu_add_163_30_g907/B0                                    +0    5994   
u_cpu_add_167_30_Y_u_cpu_add_165_34_Y_u_cpu_add_163_30_g907/Y    AOI2BB1X4         1  6.9   68   +59    6052 F 
u_cpu_add_167_30_Y_u_cpu_add_165_34_Y_u_cpu_add_163_30_g905/B                                     +0    6052   
u_cpu_add_167_30_Y_u_cpu_add_165_34_Y_u_cpu_add_163_30_g905/Y    NOR2X4            2 10.0  104   +74    6127 R 
u_cpu_add_167_30_Y_u_cpu_add_165_34_Y_u_cpu_add_163_30_g903/B0                                    +0    6127   
u_cpu_add_167_30_Y_u_cpu_add_165_34_Y_u_cpu_add_163_30_g903/Y    AOI2BB1X4         1  6.8   67   +67    6193 F 
g655044/B0                                                                                        +0    6193   
g655044/Y                                                        AOI21X4           2  7.7   98   +69    6262 R 
u_cpu_add_167_30_Y_u_cpu_add_165_34_Y_u_cpu_add_163_30_g899/B0                                    +0    6262   
u_cpu_add_167_30_Y_u_cpu_add_165_34_Y_u_cpu_add_163_30_g899/Y    AOI2BB1X1         1  5.5  116   +97    6359 F 
u_cpu_add_167_30_Y_u_cpu_add_165_34_Y_u_cpu_add_163_30_g897/B                                     +0    6359   
u_cpu_add_167_30_Y_u_cpu_add_165_34_Y_u_cpu_add_163_30_g897/Y    NOR2X2            2  7.7  143  +111    6470 R 
g655043/A1N                                                                                       +0    6470   
g655043/Y                                                        AOI2BB1X4         2  8.5   96  +154    6625 R 
u_cpu_add_167_30_Y_u_cpu_add_165_34_Y_u_cpu_add_163_30_g891/B0                                    +0    6625   
u_cpu_add_167_30_Y_u_cpu_add_165_34_Y_u_cpu_add_163_30_g891/Y    AOI2BB1X2         1  8.5  109   +85    6710 F 
u_cpu_add_167_30_Y_u_cpu_add_165_34_Y_u_cpu_add_163_30_g889/B                                     +0    6710   
u_cpu_add_167_30_Y_u_cpu_add_165_34_Y_u_cpu_add_163_30_g889/Y    NOR2X6            2  9.8   83   +75    6785 R 
u_cpu_add_167_30_Y_u_cpu_add_165_34_Y_u_cpu_add_163_30_g887/B                                     +0    6785   
u_cpu_add_167_30_Y_u_cpu_add_165_34_Y_u_cpu_add_163_30_g887/Y    NOR2X4            1  8.5   90   +58    6843 F 
u_cpu_add_167_30_Y_u_cpu_add_165_34_Y_u_cpu_add_163_30_g885/B                                     +0    6843   
u_cpu_add_167_30_Y_u_cpu_add_165_34_Y_u_cpu_add_163_30_g885/Y    NOR2X6            2  9.8   82   +68    6912 R 
u_cpu_add_167_30_Y_u_cpu_add_165_34_Y_u_cpu_add_163_30_g883/B                                     +0    6912   
u_cpu_add_167_30_Y_u_cpu_add_165_34_Y_u_cpu_add_163_30_g883/Y    NOR2X4            1  6.9   84   +54    6966 F 
u_cpu_add_167_30_Y_u_cpu_add_165_34_Y_u_cpu_add_163_30_g881/B                                     +0    6966   
u_cpu_add_167_30_Y_u_cpu_add_165_34_Y_u_cpu_add_163_30_g881/Y    NOR2X4            2 10.0  104   +80    7046 R 
u_cpu_add_167_30_Y_u_cpu_add_165_34_Y_u_cpu_add_163_30_g879/B0                                    +0    7046   
u_cpu_add_167_30_Y_u_cpu_add_165_34_Y_u_cpu_add_163_30_g879/Y    AOI2BB1X4         1  6.9   68   +67    7113 F 
u_cpu_add_167_30_Y_u_cpu_add_165_34_Y_u_cpu_add_163_30_g877/B                                     +0    7113   
u_cpu_add_167_30_Y_u_cpu_add_165_34_Y_u_cpu_add_163_30_g877/Y    NOR2X4            2 10.0  104   +74    7187 R 
u_cpu_add_167_30_Y_u_cpu_add_165_34_Y_u_cpu_add_163_30_g875/B0                                    +0    7187   
u_cpu_add_167_30_Y_u_cpu_add_165_34_Y_u_cpu_add_163_30_g875/Y    AOI2BB1X4         1  6.9   68   +67    7254 F 
u_cpu_add_167_30_Y_u_cpu_add_165_34_Y_u_cpu_add_163_30_g873/B                                     +0    7254   
u_cpu_add_167_30_Y_u_cpu_add_165_34_Y_u_cpu_add_163_30_g873/Y    NOR2X4            2 11.3  114   +79    7333 R 
u_cpu_add_167_30_Y_u_cpu_add_165_34_Y_u_cpu_add_163_30_g871/B                                     +0    7334   
u_cpu_add_167_30_Y_u_cpu_add_165_34_Y_u_cpu_add_163_30_g871/Y    NOR2X6            1  8.5   92   +63    7397 F 
u_cpu_add_167_30_Y_u_cpu_add_165_34_Y_u_cpu_add_163_30_g869/B                                     +0    7397   
u_cpu_add_167_30_Y_u_cpu_add_165_34_Y_u_cpu_add_163_30_g869/Y    NOR2X6            2 10.0   83   +70    7467 R 
u_cpu_add_167_30_Y_u_cpu_add_165_34_Y_u_cpu_add_163_30_g867/B0                                    +0    7467   
u_cpu_add_167_30_Y_u_cpu_add_165_34_Y_u_cpu_add_163_30_g867/Y    AOI2BB1X4         1  8.5   74   +62    7529 F 
u_cpu_add_167_30_Y_u_cpu_add_165_34_Y_u_cpu_add_163_30_g865/B                                     +0    7529   
u_cpu_add_167_30_Y_u_cpu_add_165_34_Y_u_cpu_add_163_30_g865/Y    NOR2X6            2 11.3   89   +67    7596 R 
u_cpu_add_167_30_Y_u_cpu_add_165_34_Y_u_cpu_add_163_30_g863/B                                     +0    7596   
u_cpu_add_167_30_Y_u_cpu_add_165_34_Y_u_cpu_add_163_30_g863/Y    NOR2X6            1  8.5   92   +54    7650 F 
u_cpu_add_167_30_Y_u_cpu_add_165_34_Y_u_cpu_add_163_30_g861/B                                     +0    7651   
u_cpu_add_167_30_Y_u_cpu_add_165_34_Y_u_cpu_add_163_30_g861/Y    NOR2X6            2  9.5   80   +68    7719 R 
u_cpu_add_167_30_Y_u_cpu_add_165_34_Y_u_cpu_add_163_30_g859/B0                                    +0    7719   
u_cpu_add_167_30_Y_u_cpu_add_165_34_Y_u_cpu_add_163_30_g859/Y    AOI2BB1X4         1  8.5   74   +61    7780 F 
u_cpu_add_167_30_Y_u_cpu_add_165_34_Y_u_cpu_add_163_30_g857/B                                     +0    7781   
u_cpu_add_167_30_Y_u_cpu_add_165_34_Y_u_cpu_add_163_30_g857/Y    NOR2X6            2  9.5   80   +62    7843 R 
u_cpu_add_167_30_Y_u_cpu_add_165_34_Y_u_cpu_add_163_30_g855/B0                                    +0    7843   
u_cpu_add_167_30_Y_u_cpu_add_165_34_Y_u_cpu_add_163_30_g855/Y    AOI2BB1X4         1  8.5   74   +61    7904 F 
u_cpu_add_167_30_Y_u_cpu_add_165_34_Y_u_cpu_add_163_30_g853/B                                     +0    7904   
u_cpu_add_167_30_Y_u_cpu_add_165_34_Y_u_cpu_add_163_30_g853/Y    NOR2X6            2  9.3   79   +62    7966 R 
u_cpu_add_167_30_Y_u_cpu_add_165_34_Y_u_cpu_add_163_30_g851/B                                     +0    7967   
u_cpu_add_167_30_Y_u_cpu_add_165_34_Y_u_cpu_add_163_30_g851/Y    NOR2X4            1  6.9   86   +54    8020 F 
u_cpu_add_167_30_Y_u_cpu_add_165_34_Y_u_cpu_add_163_30_g849/B                                     +0    8020   
u_cpu_add_167_30_Y_u_cpu_add_165_34_Y_u_cpu_add_163_30_g849/Y    NOR2X4            2  9.8  103   +79    8100 R 
u_cpu_add_167_30_Y_u_cpu_add_165_34_Y_u_cpu_add_163_30_g848/B                                     +0    8100   
u_cpu_add_167_30_Y_u_cpu_add_165_34_Y_u_cpu_add_163_30_g848/Y    NOR2X4            1  6.9   86   +62    8162 F 
u_cpu_add_167_30_Y_u_cpu_add_165_34_Y_u_cpu_add_163_30_g846/B                                     +0    8162   
u_cpu_add_167_30_Y_u_cpu_add_165_34_Y_u_cpu_add_163_30_g846/Y    NOR2X4            2 10.0  104   +80    8242 R 
u_cpu_add_167_30_Y_u_cpu_add_165_34_Y_u_cpu_add_163_30_g845/B0                                    +0    8242   
u_cpu_add_167_30_Y_u_cpu_add_165_34_Y_u_cpu_add_163_30_g845/Y    AOI2BB1X4         1  6.9   68   +67    8309 F 
u_cpu_add_167_30_Y_u_cpu_add_165_34_Y_u_cpu_add_163_30_g843/B                                     +0    8309   
u_cpu_add_167_30_Y_u_cpu_add_165_34_Y_u_cpu_add_163_30_g843/Y    NOR2X4            2 10.0  104   +74    8384 R 
g655480/B0                                                                                        +0    8384   
g655480/Y                                                        AOI2BB1X4         1  6.9   68   +67    8451 F 
u_cpu_add_167_30_Y_u_cpu_add_165_34_Y_u_cpu_add_163_30_g840/B                                     +0    8451   
u_cpu_add_167_30_Y_u_cpu_add_165_34_Y_u_cpu_add_163_30_g840/Y    NOR2X4            2 11.3  114   +79    8530 R 
u_cpu_add_167_30_Y_u_cpu_add_165_34_Y_u_cpu_add_163_30_g839/B                                     +0    8530   
u_cpu_add_167_30_Y_u_cpu_add_165_34_Y_u_cpu_add_163_30_g839/Y    NOR2X6            1  8.5   92   +63    8594 F 
u_cpu_add_167_30_Y_u_cpu_add_165_34_Y_u_cpu_add_163_30_g837/B                                     +0    8594   
u_cpu_add_167_30_Y_u_cpu_add_165_34_Y_u_cpu_add_163_30_g837/Y    NOR2X6            2 10.0   82   +70    8663 R 
u_cpu_add_167_30_Y_u_cpu_add_165_34_Y_u_cpu_add_163_30_g836/B0                                    +0    8663   
u_cpu_add_167_30_Y_u_cpu_add_165_34_Y_u_cpu_add_163_30_g836/Y    AOI2BB1X4         1  8.5   76   +62    8725 F 
u_cpu_add_167_30_Y_u_cpu_add_165_34_Y_u_cpu_add_163_30_g834/B                                     +0    8725   
u_cpu_add_167_30_Y_u_cpu_add_165_34_Y_u_cpu_add_163_30_g834/Y    NOR2X6            2 10.0   82   +64    8790 R 
u_cpu_add_167_30_Y_u_cpu_add_165_34_Y_u_cpu_add_163_30_g833/B0                                    +0    8790   
u_cpu_add_167_30_Y_u_cpu_add_165_34_Y_u_cpu_add_163_30_g833/Y    AOI2BB1X4         1  8.5   76   +62    8852 F 
u_cpu_add_167_30_Y_u_cpu_add_165_34_Y_u_cpu_add_163_30_g831/B                                     +0    8852   
u_cpu_add_167_30_Y_u_cpu_add_165_34_Y_u_cpu_add_163_30_g831/Y    NOR2X6            2 11.3   89   +68    8919 R 
u_cpu_add_167_30_Y_u_cpu_add_165_34_Y_u_cpu_add_163_30_g830/B                                     +0    8920   
u_cpu_add_167_30_Y_u_cpu_add_165_34_Y_u_cpu_add_163_30_g830/Y    NOR2X6            1  8.5   93   +54    8974 F 
u_cpu_add_167_30_Y_u_cpu_add_165_34_Y_u_cpu_add_163_30_g828/B                                     +0    8974   
u_cpu_add_167_30_Y_u_cpu_add_165_34_Y_u_cpu_add_163_30_g828/Y    NOR2X6            2 10.0   82   +70    9044 R 
u_cpu_add_167_30_Y_u_cpu_add_165_34_Y_u_cpu_add_163_30_g827/B0                                    +0    9044   
u_cpu_add_167_30_Y_u_cpu_add_165_34_Y_u_cpu_add_163_30_g827/Y    AOI2BB1X4         1  8.5   76   +62    9106 F 
u_cpu_add_167_30_Y_u_cpu_add_165_34_Y_u_cpu_add_163_30_g825/B                                     +0    9106   
u_cpu_add_167_30_Y_u_cpu_add_165_34_Y_u_cpu_add_163_30_g825/Y    NOR2X6            2 11.3   89   +68    9174 R 
u_cpu_add_167_30_Y_u_cpu_add_165_34_Y_u_cpu_add_163_30_g824/B                                     +0    9174   
u_cpu_add_167_30_Y_u_cpu_add_165_34_Y_u_cpu_add_163_30_g824/Y    NOR2X6            1  8.5   93   +54    9228 F 
u_cpu_add_167_30_Y_u_cpu_add_165_34_Y_u_cpu_add_163_30_g822/B                                     +0    9228   
u_cpu_add_167_30_Y_u_cpu_add_165_34_Y_u_cpu_add_163_30_g822/Y    NOR2X6            2 10.0   82   +70    9298 R 
u_cpu_add_167_30_Y_u_cpu_add_165_34_Y_u_cpu_add_163_30_g821/B0                                    +0    9299   
u_cpu_add_167_30_Y_u_cpu_add_165_34_Y_u_cpu_add_163_30_g821/Y    AOI2BB1X4         1  8.5   76   +62    9360 F 
u_cpu_add_167_30_Y_u_cpu_add_165_34_Y_u_cpu_add_163_30_g819/B                                     +0    9361   
u_cpu_add_167_30_Y_u_cpu_add_165_34_Y_u_cpu_add_163_30_g819/Y    NOR2X6            2 11.3   89   +68    9428 R 
u_cpu_add_167_30_Y_u_cpu_add_165_34_Y_u_cpu_add_163_30_g818/B                                     +0    9428   
u_cpu_add_167_30_Y_u_cpu_add_165_34_Y_u_cpu_add_163_30_g818/Y    NOR2X6            1  8.5   93   +54    9483 F 
u_cpu_add_167_30_Y_u_cpu_add_165_34_Y_u_cpu_add_163_30_g816/B                                     +0    9483   
u_cpu_add_167_30_Y_u_cpu_add_165_34_Y_u_cpu_add_163_30_g816/Y    NOR2X6            2 10.0   82   +70    9553 R 
g655057/B0                                                                                        +0    9553   
g655057/Y                                                        AOI2BB1X4         1  8.5   76   +62    9615 F 
g655056/A                                                                                         +0    9615   
g655056/Y                                                        NOR2X6            2 10.0   93   +72    9687 R 
u_cpu_add_167_30_Y_u_cpu_add_165_34_Y_u_cpu_add_163_30_g812/B0                                    +0    9687   
u_cpu_add_167_30_Y_u_cpu_add_165_34_Y_u_cpu_add_163_30_g812/Y    AOI2BB1X4         1  6.9   70   +62    9750 F 
u_cpu_add_167_30_Y_u_cpu_add_165_34_Y_u_cpu_add_163_30_g810/B                                     +0    9750   
u_cpu_add_167_30_Y_u_cpu_add_165_34_Y_u_cpu_add_163_30_g810/Y    NOR2X4            1  5.3   70   +57    9807 R 
u_cpu_add_167_30_Y_u_cpu_add_165_34_Y_u_cpu_add_163_30_g809/B                                     +0    9807   
u_cpu_add_167_30_Y_u_cpu_add_165_34_Y_u_cpu_add_163_30_g809/Y    XOR2X4            1  4.8   73  +156    9963 R 
g641353/B                                                                                         +0    9963   
g641353/Y                                                        NAND2X1           1  4.8  186  +124   10087 F 
g653712/B                                                                                         +0   10087   
g653712/Y                                                        NAND2X1           1  4.7  112  +112   10199 R 
u_cpu_pc_reg[31]/D                                               DFFRHQX1                         +0   10199   
u_cpu_pc_reg[31]/CK                                              setup                     100   +98   10297 R 
- - - - - - - - - - - - - - - - - - - - - - - - - - - - - - - - - - - - - - - - - - - - - - - - - - - - - - - -
(clock clk)                                                      capture                               10000 R 
                                                                 latency                        +500   10500 R 
                                                                 uncertainty                    -200   10300 R 
---------------------------------------------------------------------------------------------------------------
Cost Group   : 'clk' (path_group 'clk')
Timing slack :       3ps 
Start-point  : u_cpu_ir_reg[6]/CK
End-point    : u_cpu_pc_reg[31]/D

path  14:

                             Pin                                   Type       Fanout Load Slew Delay Arrival   
                                                                                     (fF) (ps)  (ps)   (ps)    
---------------------------------------------------------------------------------------------------------------
(clock clk)                                                      launch                                    0 R 
                                                                 latency                        +500     500 R 
u_cpu_ir_reg[4]/CK                                                                         100    +0     500 R 
u_cpu_ir_reg[4]/QN                                               SDFFRX2           8 29.1  255  +488     988 F 
g160912/B1                                                                                        +0     988   
g160912/Y                                                        OAI22X2           2  9.5  217  +175    1163 R 
g160892/A0                                                                                        +0    1163   
g160892/Y                                                        OAI21X4           1  8.5  118  +150    1314 F 
g160890/B                                                                                         +0    1314   
g160890/Y                                                        NOR2X6            4 17.5  121   +97    1411 R 
g160889/A                                                                                         +0    1411   
g160889/Y                                                        CLKINVX6          5 15.1   67   +73    1484 F 
g655506/A                                                                                         +0    1484   
g655506/Y                                                        BUFX4             7 19.2   98  +120    1604 F 
g655016/A1N                                                                                       +0    1604   
g655016/Y                                                        OAI2BB1X2         3 10.5  208  +195    1799 F 
g655153/A                                                                                         +0    1799   
g655153/Y                                                        BUFX3            19 58.2  337  +283    2082 F 
g655121/A                                                                                         +0    2082   
g655121/Y                                                        BUFX3             9 28.2  175  +237    2319 F 
u_cpu_u_alu_sra_22_42_g3325/A                                                                     +0    2319   
u_cpu_u_alu_sra_22_42_g3325/Y                                    BUFX2            17 52.1  442  +334    2653 F 
u_cpu_u_alu_sra_22_42_g655219/A                                                                   +0    2653   
u_cpu_u_alu_sra_22_42_g655219/Y                                  INVX3            10 27.4  217  +215    2868 R 
u_cpu_u_alu_sra_22_42_g3038/S0                                                                    +0    2868   
u_cpu_u_alu_sra_22_42_g3038/Y                                    MX2X1             1  4.8  104  +255    3123 F 
g165627/B1                                                                                        +0    3123   
g165627/Y                                                        AOI221X1          1  7.1  403  +263    3387 R 
g655421/A                                                                                         +0    3387   
g655421/Y                                                        NAND2X4           3 10.8  154  +201    3588 F 
g655030/D                                                                                         +0    3588   
g655030/Y                                                        NOR4BX2           1  7.0  312  +191    3779 R 
g655029/C                                                                                         +0    3779   
g655029/Y                                                        NAND4BX4          1  6.7  252  +242    4021 F 
g655028/B                                                                                         +0    4021   
g655028/Y                                                        NOR4BX4           1  6.8  221  +213    4234 R 
g655027/B                                                                                         +0    4234   
g655027/Y                                                        NAND4BX4          1  7.3  248  +235    4469 F 
g165561/A                                                                                         +0    4470   
g165561/Y                                                        NOR3X4            1  7.1  150  +164    4634 R 
g655403/A                                                                                         +0    4634   
g655403/Y                                                        NAND2X4           1  6.9  103  +104    4738 F 
g165559/B                                                                                         +0    4738   
g165559/Y                                                        NOR2X4            1  6.8  103   +74    4812 R 
g655026/D                                                                                         +0    4812   
g655026/Y                                                        NAND4BBX4         1  7.1  238  +150    4962 F 
g165557/A                                                                                         +0    4962   
g165557/Y                                                        NOR2X4            1  8.6  110  +129    5091 R 
g165556/A                                                                                         +0    5091   
g165556/Y                                                        NAND2X6           1  6.9   74   +82    5174 F 
g165555/B                                                                                         +0    5174   
g165555/Y                                                        NOR2X4            1  7.1   85   +66    5239 R 
g165554/B0                                                                                        +0    5239   
g165554/Y                                                        AOI2BB1X4         1 10.0   80   +66    5305 F 
g165553/B                                                                                         +0    5306   
g165553/Y                                                        NOR2X8            6 19.5  112   +78    5383 R 
g165550/S0                                                                                        +0    5383   
g165550/Y                                                        CLKMX2X3          3 10.0   88  +218    5602 F 
g655045/A1                                                                                        +0    5602   
g655045/Y                                                        OA21X2            1  6.9   91  +182    5784 F 
u_cpu_add_167_30_Y_u_cpu_add_165_34_Y_u_cpu_add_163_30_g913/B                                     +0    5784   
u_cpu_add_167_30_Y_u_cpu_add_165_34_Y_u_cpu_add_163_30_g913/Y    NOR2X4            2  9.8  103   +81    5865 R 
u_cpu_add_167_30_Y_u_cpu_add_165_34_Y_u_cpu_add_163_30_g911/B                                     +0    5865   
u_cpu_add_167_30_Y_u_cpu_add_165_34_Y_u_cpu_add_163_30_g911/Y    NOR2X4            1  8.5   68   +66    5931 F 
u_cpu_add_167_30_Y_u_cpu_add_165_34_Y_u_cpu_add_163_30_g909/B                                     +0    5931   
u_cpu_add_167_30_Y_u_cpu_add_165_34_Y_u_cpu_add_163_30_g909/Y    NOR2X6            2 10.0   82   +62    5993 R 
u_cpu_add_167_30_Y_u_cpu_add_165_34_Y_u_cpu_add_163_30_g907/B0                                    +0    5993   
u_cpu_add_167_30_Y_u_cpu_add_165_34_Y_u_cpu_add_163_30_g907/Y    AOI2BB1X4         1  6.9   68   +59    6052 F 
u_cpu_add_167_30_Y_u_cpu_add_165_34_Y_u_cpu_add_163_30_g905/B                                     +0    6052   
u_cpu_add_167_30_Y_u_cpu_add_165_34_Y_u_cpu_add_163_30_g905/Y    NOR2X4            2 10.0  104   +74    6126 R 
u_cpu_add_167_30_Y_u_cpu_add_165_34_Y_u_cpu_add_163_30_g903/B0                                    +0    6126   
u_cpu_add_167_30_Y_u_cpu_add_165_34_Y_u_cpu_add_163_30_g903/Y    AOI2BB1X4         1  6.8   67   +67    6193 F 
g655044/B0                                                                                        +0    6193   
g655044/Y                                                        AOI21X4           2  7.7   98   +69    6262 R 
u_cpu_add_167_30_Y_u_cpu_add_165_34_Y_u_cpu_add_163_30_g899/B0                                    +0    6262   
u_cpu_add_167_30_Y_u_cpu_add_165_34_Y_u_cpu_add_163_30_g899/Y    AOI2BB1X1         1  5.5  116   +97    6359 F 
u_cpu_add_167_30_Y_u_cpu_add_165_34_Y_u_cpu_add_163_30_g897/B                                     +0    6359   
u_cpu_add_167_30_Y_u_cpu_add_165_34_Y_u_cpu_add_163_30_g897/Y    NOR2X2            2  7.7  143  +111    6470 R 
g655043/A1N                                                                                       +0    6470   
g655043/Y                                                        AOI2BB1X4         2  8.5   96  +154    6624 R 
u_cpu_add_167_30_Y_u_cpu_add_165_34_Y_u_cpu_add_163_30_g891/B0                                    +0    6624   
u_cpu_add_167_30_Y_u_cpu_add_165_34_Y_u_cpu_add_163_30_g891/Y    AOI2BB1X2         1  8.5  109   +85    6709 F 
u_cpu_add_167_30_Y_u_cpu_add_165_34_Y_u_cpu_add_163_30_g889/B                                     +0    6709   
u_cpu_add_167_30_Y_u_cpu_add_165_34_Y_u_cpu_add_163_30_g889/Y    NOR2X6            2  9.8   83   +75    6784 R 
u_cpu_add_167_30_Y_u_cpu_add_165_34_Y_u_cpu_add_163_30_g887/B                                     +0    6784   
u_cpu_add_167_30_Y_u_cpu_add_165_34_Y_u_cpu_add_163_30_g887/Y    NOR2X4            1  8.5   90   +58    6842 F 
u_cpu_add_167_30_Y_u_cpu_add_165_34_Y_u_cpu_add_163_30_g885/B                                     +0    6843   
u_cpu_add_167_30_Y_u_cpu_add_165_34_Y_u_cpu_add_163_30_g885/Y    NOR2X6            2  9.8   82   +68    6911 R 
u_cpu_add_167_30_Y_u_cpu_add_165_34_Y_u_cpu_add_163_30_g883/B                                     +0    6911   
u_cpu_add_167_30_Y_u_cpu_add_165_34_Y_u_cpu_add_163_30_g883/Y    NOR2X4            1  6.9   84   +54    6966 F 
u_cpu_add_167_30_Y_u_cpu_add_165_34_Y_u_cpu_add_163_30_g881/B                                     +0    6966   
u_cpu_add_167_30_Y_u_cpu_add_165_34_Y_u_cpu_add_163_30_g881/Y    NOR2X4            2 10.0  104   +80    7045 R 
u_cpu_add_167_30_Y_u_cpu_add_165_34_Y_u_cpu_add_163_30_g879/B0                                    +0    7045   
u_cpu_add_167_30_Y_u_cpu_add_165_34_Y_u_cpu_add_163_30_g879/Y    AOI2BB1X4         1  6.9   68   +67    7112 F 
u_cpu_add_167_30_Y_u_cpu_add_165_34_Y_u_cpu_add_163_30_g877/B                                     +0    7112   
u_cpu_add_167_30_Y_u_cpu_add_165_34_Y_u_cpu_add_163_30_g877/Y    NOR2X4            2 10.0  104   +74    7187 R 
u_cpu_add_167_30_Y_u_cpu_add_165_34_Y_u_cpu_add_163_30_g875/B0                                    +0    7187   
u_cpu_add_167_30_Y_u_cpu_add_165_34_Y_u_cpu_add_163_30_g875/Y    AOI2BB1X4         1  6.9   68   +67    7254 F 
u_cpu_add_167_30_Y_u_cpu_add_165_34_Y_u_cpu_add_163_30_g873/B                                     +0    7254   
u_cpu_add_167_30_Y_u_cpu_add_165_34_Y_u_cpu_add_163_30_g873/Y    NOR2X4            2 11.3  114   +79    7333 R 
u_cpu_add_167_30_Y_u_cpu_add_165_34_Y_u_cpu_add_163_30_g871/B                                     +0    7333   
u_cpu_add_167_30_Y_u_cpu_add_165_34_Y_u_cpu_add_163_30_g871/Y    NOR2X6            1  8.5   92   +63    7396 F 
u_cpu_add_167_30_Y_u_cpu_add_165_34_Y_u_cpu_add_163_30_g869/B                                     +0    7396   
u_cpu_add_167_30_Y_u_cpu_add_165_34_Y_u_cpu_add_163_30_g869/Y    NOR2X6            2 10.0   83   +70    7466 R 
u_cpu_add_167_30_Y_u_cpu_add_165_34_Y_u_cpu_add_163_30_g867/B0                                    +0    7466   
u_cpu_add_167_30_Y_u_cpu_add_165_34_Y_u_cpu_add_163_30_g867/Y    AOI2BB1X4         1  8.5   74   +62    7528 F 
u_cpu_add_167_30_Y_u_cpu_add_165_34_Y_u_cpu_add_163_30_g865/B                                     +0    7528   
u_cpu_add_167_30_Y_u_cpu_add_165_34_Y_u_cpu_add_163_30_g865/Y    NOR2X6            2 11.3   89   +67    7595 R 
u_cpu_add_167_30_Y_u_cpu_add_165_34_Y_u_cpu_add_163_30_g863/B                                     +0    7596   
u_cpu_add_167_30_Y_u_cpu_add_165_34_Y_u_cpu_add_163_30_g863/Y    NOR2X6            1  8.5   92   +54    7650 F 
u_cpu_add_167_30_Y_u_cpu_add_165_34_Y_u_cpu_add_163_30_g861/B                                     +0    7650   
u_cpu_add_167_30_Y_u_cpu_add_165_34_Y_u_cpu_add_163_30_g861/Y    NOR2X6            2  9.5   80   +68    7718 R 
u_cpu_add_167_30_Y_u_cpu_add_165_34_Y_u_cpu_add_163_30_g859/B0                                    +0    7719   
u_cpu_add_167_30_Y_u_cpu_add_165_34_Y_u_cpu_add_163_30_g859/Y    AOI2BB1X4         1  8.5   74   +61    7780 F 
u_cpu_add_167_30_Y_u_cpu_add_165_34_Y_u_cpu_add_163_30_g857/B                                     +0    7780   
u_cpu_add_167_30_Y_u_cpu_add_165_34_Y_u_cpu_add_163_30_g857/Y    NOR2X6            2  9.5   80   +62    7842 R 
u_cpu_add_167_30_Y_u_cpu_add_165_34_Y_u_cpu_add_163_30_g855/B0                                    +0    7842   
u_cpu_add_167_30_Y_u_cpu_add_165_34_Y_u_cpu_add_163_30_g855/Y    AOI2BB1X4         1  8.5   74   +61    7904 F 
u_cpu_add_167_30_Y_u_cpu_add_165_34_Y_u_cpu_add_163_30_g853/B                                     +0    7904   
u_cpu_add_167_30_Y_u_cpu_add_165_34_Y_u_cpu_add_163_30_g853/Y    NOR2X6            2  9.3   79   +62    7966 R 
u_cpu_add_167_30_Y_u_cpu_add_165_34_Y_u_cpu_add_163_30_g851/B                                     +0    7966   
u_cpu_add_167_30_Y_u_cpu_add_165_34_Y_u_cpu_add_163_30_g851/Y    NOR2X4            1  6.9   86   +54    8020 F 
u_cpu_add_167_30_Y_u_cpu_add_165_34_Y_u_cpu_add_163_30_g849/B                                     +0    8020   
u_cpu_add_167_30_Y_u_cpu_add_165_34_Y_u_cpu_add_163_30_g849/Y    NOR2X4            2  9.8  103   +79    8099 R 
u_cpu_add_167_30_Y_u_cpu_add_165_34_Y_u_cpu_add_163_30_g848/B                                     +0    8099   
u_cpu_add_167_30_Y_u_cpu_add_165_34_Y_u_cpu_add_163_30_g848/Y    NOR2X4            1  6.9   86   +62    8161 F 
u_cpu_add_167_30_Y_u_cpu_add_165_34_Y_u_cpu_add_163_30_g846/B                                     +0    8161   
u_cpu_add_167_30_Y_u_cpu_add_165_34_Y_u_cpu_add_163_30_g846/Y    NOR2X4            2 10.0  104   +80    8242 R 
u_cpu_add_167_30_Y_u_cpu_add_165_34_Y_u_cpu_add_163_30_g845/B0                                    +0    8242   
u_cpu_add_167_30_Y_u_cpu_add_165_34_Y_u_cpu_add_163_30_g845/Y    AOI2BB1X4         1  6.9   68   +67    8309 F 
u_cpu_add_167_30_Y_u_cpu_add_165_34_Y_u_cpu_add_163_30_g843/B                                     +0    8309   
u_cpu_add_167_30_Y_u_cpu_add_165_34_Y_u_cpu_add_163_30_g843/Y    NOR2X4            2 10.0  104   +74    8383 R 
g655480/B0                                                                                        +0    8383   
g655480/Y                                                        AOI2BB1X4         1  6.9   68   +67    8450 F 
u_cpu_add_167_30_Y_u_cpu_add_165_34_Y_u_cpu_add_163_30_g840/B                                     +0    8450   
u_cpu_add_167_30_Y_u_cpu_add_165_34_Y_u_cpu_add_163_30_g840/Y    NOR2X4            2 11.3  114   +79    8529 R 
u_cpu_add_167_30_Y_u_cpu_add_165_34_Y_u_cpu_add_163_30_g839/B                                     +0    8530   
u_cpu_add_167_30_Y_u_cpu_add_165_34_Y_u_cpu_add_163_30_g839/Y    NOR2X6            1  8.5   92   +63    8593 F 
u_cpu_add_167_30_Y_u_cpu_add_165_34_Y_u_cpu_add_163_30_g837/B                                     +0    8593   
u_cpu_add_167_30_Y_u_cpu_add_165_34_Y_u_cpu_add_163_30_g837/Y    NOR2X6            2 10.0   82   +70    8662 R 
u_cpu_add_167_30_Y_u_cpu_add_165_34_Y_u_cpu_add_163_30_g836/B0                                    +0    8663   
u_cpu_add_167_30_Y_u_cpu_add_165_34_Y_u_cpu_add_163_30_g836/Y    AOI2BB1X4         1  8.5   76   +62    8724 F 
u_cpu_add_167_30_Y_u_cpu_add_165_34_Y_u_cpu_add_163_30_g834/B                                     +0    8725   
u_cpu_add_167_30_Y_u_cpu_add_165_34_Y_u_cpu_add_163_30_g834/Y    NOR2X6            2 10.0   82   +64    8789 R 
u_cpu_add_167_30_Y_u_cpu_add_165_34_Y_u_cpu_add_163_30_g833/B0                                    +0    8789   
u_cpu_add_167_30_Y_u_cpu_add_165_34_Y_u_cpu_add_163_30_g833/Y    AOI2BB1X4         1  8.5   76   +62    8851 F 
u_cpu_add_167_30_Y_u_cpu_add_165_34_Y_u_cpu_add_163_30_g831/B                                     +0    8851   
u_cpu_add_167_30_Y_u_cpu_add_165_34_Y_u_cpu_add_163_30_g831/Y    NOR2X6            2 11.3   89   +68    8919 R 
u_cpu_add_167_30_Y_u_cpu_add_165_34_Y_u_cpu_add_163_30_g830/B                                     +0    8919   
u_cpu_add_167_30_Y_u_cpu_add_165_34_Y_u_cpu_add_163_30_g830/Y    NOR2X6            1  8.5   93   +54    8973 F 
u_cpu_add_167_30_Y_u_cpu_add_165_34_Y_u_cpu_add_163_30_g828/B                                     +0    8973   
u_cpu_add_167_30_Y_u_cpu_add_165_34_Y_u_cpu_add_163_30_g828/Y    NOR2X6            2 10.0   82   +70    9043 R 
u_cpu_add_167_30_Y_u_cpu_add_165_34_Y_u_cpu_add_163_30_g827/B0                                    +0    9044   
u_cpu_add_167_30_Y_u_cpu_add_165_34_Y_u_cpu_add_163_30_g827/Y    AOI2BB1X4         1  8.5   76   +62    9105 F 
u_cpu_add_167_30_Y_u_cpu_add_165_34_Y_u_cpu_add_163_30_g825/B                                     +0    9106   
u_cpu_add_167_30_Y_u_cpu_add_165_34_Y_u_cpu_add_163_30_g825/Y    NOR2X6            2 11.3   89   +68    9173 R 
u_cpu_add_167_30_Y_u_cpu_add_165_34_Y_u_cpu_add_163_30_g824/B                                     +0    9173   
u_cpu_add_167_30_Y_u_cpu_add_165_34_Y_u_cpu_add_163_30_g824/Y    NOR2X6            1  8.5   93   +54    9228 F 
u_cpu_add_167_30_Y_u_cpu_add_165_34_Y_u_cpu_add_163_30_g822/B                                     +0    9228   
u_cpu_add_167_30_Y_u_cpu_add_165_34_Y_u_cpu_add_163_30_g822/Y    NOR2X6            2 10.0   82   +70    9298 R 
u_cpu_add_167_30_Y_u_cpu_add_165_34_Y_u_cpu_add_163_30_g821/B0                                    +0    9298   
u_cpu_add_167_30_Y_u_cpu_add_165_34_Y_u_cpu_add_163_30_g821/Y    AOI2BB1X4         1  8.5   76   +62    9360 F 
u_cpu_add_167_30_Y_u_cpu_add_165_34_Y_u_cpu_add_163_30_g819/B                                     +0    9360   
u_cpu_add_167_30_Y_u_cpu_add_165_34_Y_u_cpu_add_163_30_g819/Y    NOR2X6            2 11.3   89   +68    9428 R 
u_cpu_add_167_30_Y_u_cpu_add_165_34_Y_u_cpu_add_163_30_g818/B                                     +0    9428   
u_cpu_add_167_30_Y_u_cpu_add_165_34_Y_u_cpu_add_163_30_g818/Y    NOR2X6            1  8.5   93   +54    9482 F 
u_cpu_add_167_30_Y_u_cpu_add_165_34_Y_u_cpu_add_163_30_g816/B                                     +0    9482   
u_cpu_add_167_30_Y_u_cpu_add_165_34_Y_u_cpu_add_163_30_g816/Y    NOR2X6            2 10.0   82   +70    9552 R 
g655057/B0                                                                                        +0    9552   
g655057/Y                                                        AOI2BB1X4         1  8.5   76   +62    9614 F 
g655056/A                                                                                         +0    9614   
g655056/Y                                                        NOR2X6            2 10.0   93   +72    9686 R 
u_cpu_add_167_30_Y_u_cpu_add_165_34_Y_u_cpu_add_163_30_g812/B0                                    +0    9686   
u_cpu_add_167_30_Y_u_cpu_add_165_34_Y_u_cpu_add_163_30_g812/Y    AOI2BB1X4         1  6.9   70   +62    9749 F 
u_cpu_add_167_30_Y_u_cpu_add_165_34_Y_u_cpu_add_163_30_g810/B                                     +0    9749   
u_cpu_add_167_30_Y_u_cpu_add_165_34_Y_u_cpu_add_163_30_g810/Y    NOR2X4            1  5.3   70   +57    9806 R 
u_cpu_add_167_30_Y_u_cpu_add_165_34_Y_u_cpu_add_163_30_g809/B                                     +0    9806   
u_cpu_add_167_30_Y_u_cpu_add_165_34_Y_u_cpu_add_163_30_g809/Y    XOR2X4            1  4.8   73  +156    9962 R 
g641353/B                                                                                         +0    9962   
g641353/Y                                                        NAND2X1           1  4.8  186  +124   10086 F 
g653712/B                                                                                         +0   10087   
g653712/Y                                                        NAND2X1           1  4.7  112  +112   10198 R 
u_cpu_pc_reg[31]/D                                               DFFRHQX1                         +0   10198   
u_cpu_pc_reg[31]/CK                                              setup                     100   +98   10296 R 
- - - - - - - - - - - - - - - - - - - - - - - - - - - - - - - - - - - - - - - - - - - - - - - - - - - - - - - -
(clock clk)                                                      capture                               10000 R 
                                                                 latency                        +500   10500 R 
                                                                 uncertainty                    -200   10300 R 
---------------------------------------------------------------------------------------------------------------
Cost Group   : 'clk' (path_group 'clk')
Timing slack :       4ps 
Start-point  : u_cpu_ir_reg[4]/CK
End-point    : u_cpu_pc_reg[31]/D

path  15:

                             Pin                                   Type       Fanout Load Slew Delay Arrival   
                                                                                     (fF) (ps)  (ps)   (ps)    
---------------------------------------------------------------------------------------------------------------
(clock clk)                                                      launch                                    0 R 
                                                                 latency                        +500     500 R 
u_cpu_ir_reg[6]/CK                                                                         100    +0     500 R 
u_cpu_ir_reg[6]/Q                                                SDFFRX2           9 26.8  231  +422     922 R 
g655025/A1N                                                                                       +0     922   
g655025/Y                                                        AOI2BB1X2         3 10.8  189  +239    1162 R 
g655023/AN                                                                                        +0    1162   
g655023/Y                                                        NOR3BX4           4 17.8  258  +280    1442 R 
g655055/A1                                                                                        +0    1442   
g655055/Y                                                        AOI21X4           1  7.0  124  +148    1590 F 
g655054/B0                                                                                        +0    1590   
g655054/Y                                                        OAI2BB1X4         3 24.1  129  +100    1691 R 
u_cpu_u_alu_srl_21_33_g2998/A                                                                     +0    1691   
u_cpu_u_alu_srl_21_33_g2998/Y                                    CLKINVX20        20 80.8   89   +90    1781 F 
u_cpu_u_alu_srl_21_33_g2991/A                                                                     +0    1781   
u_cpu_u_alu_srl_21_33_g2991/Y                                    CLKINVX12        16 51.2   78   +70    1851 R 
u_cpu_u_alu_srl_21_33_g2947/S0                                                                    +0    1851   
u_cpu_u_alu_srl_21_33_g2947/Y                                    MX2XL             2  7.0  228  +266    2116 F 
u_cpu_u_alu_srl_21_33_g2920/B                                                                     +0    2117   
u_cpu_u_alu_srl_21_33_g2920/Y                                    MX2X1             2  7.1  142  +242    2359 F 
u_cpu_u_alu_srl_21_33_g2888/A                                                                     +0    2359   
u_cpu_u_alu_srl_21_33_g2888/Y                                    MX2XL             2  6.9  225  +252    2611 F 
u_cpu_u_alu_srl_21_33_g2856/A                                                                     +0    2611   
u_cpu_u_alu_srl_21_33_g2856/Y                                    CLKMX2X2          2  7.1   94  +236    2847 F 
u_cpu_u_alu_srl_21_33_g2814/A                                                                     +0    2848   
u_cpu_u_alu_srl_21_33_g2814/Y                                    CLKMX2X3          1  4.8   62  +159    3006 F 
g165772/A1                                                                                        +0    3007   
g165772/Y                                                        AOI22X1           1  4.8  223  +139    3146 R 
g165628/B                                                                                         +0    3146   
g165628/Y                                                        NAND2X1           1  5.4  210  +183    3329 F 
g655391/B0                                                                                        +0    3329   
g655391/Y                                                        AOI21X2           2  7.0  150  +140    3469 R 
g655030/AN                                                                                        +0    3469   
g655030/Y                                                        NOR4BX2           1  7.0  312  +310    3778 R 
g655029/C                                                                                         +0    3778   
g655029/Y                                                        NAND4BX4          1  6.7  252  +242    4020 F 
g655028/B                                                                                         +0    4020   
g655028/Y                                                        NOR4BX4           1  6.8  221  +213    4234 R 
g655027/B                                                                                         +0    4234   
g655027/Y                                                        NAND4BX4          1  7.3  248  +235    4469 F 
g165561/A                                                                                         +0    4469   
g165561/Y                                                        NOR3X4            1  7.1  150  +164    4633 R 
g655403/A                                                                                         +0    4633   
g655403/Y                                                        NAND2X4           1  6.9  103  +104    4737 F 
g165559/B                                                                                         +0    4737   
g165559/Y                                                        NOR2X4            1  6.8  103   +74    4811 R 
g655026/D                                                                                         +0    4811   
g655026/Y                                                        NAND4BBX4         1  7.1  238  +150    4962 F 
g165557/A                                                                                         +0    4962   
g165557/Y                                                        NOR2X4            1  8.6  110  +129    5090 R 
g165556/A                                                                                         +0    5091   
g165556/Y                                                        NAND2X6           1  6.9   74   +82    5173 F 
g165555/B                                                                                         +0    5173   
g165555/Y                                                        NOR2X4            1  7.1   85   +66    5239 R 
g165554/B0                                                                                        +0    5239   
g165554/Y                                                        AOI2BB1X4         1 10.0   80   +66    5305 F 
g165553/B                                                                                         +0    5305   
g165553/Y                                                        NOR2X8            6 19.5  112   +78    5383 R 
g165550/S0                                                                                        +0    5383   
g165550/Y                                                        CLKMX2X3          3 10.0   88  +218    5601 F 
g655045/A1                                                                                        +0    5601   
g655045/Y                                                        OA21X2            1  6.9   91  +182    5783 F 
u_cpu_add_167_30_Y_u_cpu_add_165_34_Y_u_cpu_add_163_30_g913/B                                     +0    5784   
u_cpu_add_167_30_Y_u_cpu_add_165_34_Y_u_cpu_add_163_30_g913/Y    NOR2X4            2  9.8  103   +81    5865 R 
u_cpu_add_167_30_Y_u_cpu_add_165_34_Y_u_cpu_add_163_30_g911/B                                     +0    5865   
u_cpu_add_167_30_Y_u_cpu_add_165_34_Y_u_cpu_add_163_30_g911/Y    NOR2X4            1  8.5   68   +66    5930 F 
u_cpu_add_167_30_Y_u_cpu_add_165_34_Y_u_cpu_add_163_30_g909/B                                     +0    5931   
u_cpu_add_167_30_Y_u_cpu_add_165_34_Y_u_cpu_add_163_30_g909/Y    NOR2X6            2 10.0   82   +62    5992 R 
u_cpu_add_167_30_Y_u_cpu_add_165_34_Y_u_cpu_add_163_30_g907/B0                                    +0    5992   
u_cpu_add_167_30_Y_u_cpu_add_165_34_Y_u_cpu_add_163_30_g907/Y    AOI2BB1X4         1  6.9   68   +59    6051 F 
u_cpu_add_167_30_Y_u_cpu_add_165_34_Y_u_cpu_add_163_30_g905/B                                     +0    6051   
u_cpu_add_167_30_Y_u_cpu_add_165_34_Y_u_cpu_add_163_30_g905/Y    NOR2X4            2 10.0  104   +74    6125 R 
u_cpu_add_167_30_Y_u_cpu_add_165_34_Y_u_cpu_add_163_30_g903/B0                                    +0    6126   
u_cpu_add_167_30_Y_u_cpu_add_165_34_Y_u_cpu_add_163_30_g903/Y    AOI2BB1X4         1  6.8   67   +67    6192 F 
g655044/B0                                                                                        +0    6192   
g655044/Y                                                        AOI21X4           2  7.7   98   +69    6261 R 
u_cpu_add_167_30_Y_u_cpu_add_165_34_Y_u_cpu_add_163_30_g899/B0                                    +0    6261   
u_cpu_add_167_30_Y_u_cpu_add_165_34_Y_u_cpu_add_163_30_g899/Y    AOI2BB1X1         1  5.5  116   +97    6358 F 
u_cpu_add_167_30_Y_u_cpu_add_165_34_Y_u_cpu_add_163_30_g897/B                                     +0    6358   
u_cpu_add_167_30_Y_u_cpu_add_165_34_Y_u_cpu_add_163_30_g897/Y    NOR2X2            2  7.7  143  +111    6469 R 
g655043/A1N                                                                                       +0    6469   
g655043/Y                                                        AOI2BB1X4         2  8.5   96  +154    6624 R 
u_cpu_add_167_30_Y_u_cpu_add_165_34_Y_u_cpu_add_163_30_g891/B0                                    +0    6624   
u_cpu_add_167_30_Y_u_cpu_add_165_34_Y_u_cpu_add_163_30_g891/Y    AOI2BB1X2         1  8.5  109   +85    6708 F 
u_cpu_add_167_30_Y_u_cpu_add_165_34_Y_u_cpu_add_163_30_g889/B                                     +0    6709   
u_cpu_add_167_30_Y_u_cpu_add_165_34_Y_u_cpu_add_163_30_g889/Y    NOR2X6            2  9.8   83   +75    6784 R 
u_cpu_add_167_30_Y_u_cpu_add_165_34_Y_u_cpu_add_163_30_g887/B                                     +0    6784   
u_cpu_add_167_30_Y_u_cpu_add_165_34_Y_u_cpu_add_163_30_g887/Y    NOR2X4            1  8.5   90   +58    6842 F 
u_cpu_add_167_30_Y_u_cpu_add_165_34_Y_u_cpu_add_163_30_g885/B                                     +0    6842   
u_cpu_add_167_30_Y_u_cpu_add_165_34_Y_u_cpu_add_163_30_g885/Y    NOR2X6            2  9.8   82   +68    6911 R 
u_cpu_add_167_30_Y_u_cpu_add_165_34_Y_u_cpu_add_163_30_g883/B                                     +0    6911   
u_cpu_add_167_30_Y_u_cpu_add_165_34_Y_u_cpu_add_163_30_g883/Y    NOR2X4            1  6.9   84   +54    6965 F 
u_cpu_add_167_30_Y_u_cpu_add_165_34_Y_u_cpu_add_163_30_g881/B                                     +0    6965   
u_cpu_add_167_30_Y_u_cpu_add_165_34_Y_u_cpu_add_163_30_g881/Y    NOR2X4            2 10.0  104   +80    7045 R 
u_cpu_add_167_30_Y_u_cpu_add_165_34_Y_u_cpu_add_163_30_g879/B0                                    +0    7045   
u_cpu_add_167_30_Y_u_cpu_add_165_34_Y_u_cpu_add_163_30_g879/Y    AOI2BB1X4         1  6.9   68   +67    7112 F 
u_cpu_add_167_30_Y_u_cpu_add_165_34_Y_u_cpu_add_163_30_g877/B                                     +0    7112   
u_cpu_add_167_30_Y_u_cpu_add_165_34_Y_u_cpu_add_163_30_g877/Y    NOR2X4            2 10.0  104   +74    7186 R 
u_cpu_add_167_30_Y_u_cpu_add_165_34_Y_u_cpu_add_163_30_g875/B0                                    +0    7186   
u_cpu_add_167_30_Y_u_cpu_add_165_34_Y_u_cpu_add_163_30_g875/Y    AOI2BB1X4         1  6.9   68   +67    7253 F 
u_cpu_add_167_30_Y_u_cpu_add_165_34_Y_u_cpu_add_163_30_g873/B                                     +0    7253   
u_cpu_add_167_30_Y_u_cpu_add_165_34_Y_u_cpu_add_163_30_g873/Y    NOR2X4            2 11.3  114   +79    7332 R 
u_cpu_add_167_30_Y_u_cpu_add_165_34_Y_u_cpu_add_163_30_g871/B                                     +0    7332   
u_cpu_add_167_30_Y_u_cpu_add_165_34_Y_u_cpu_add_163_30_g871/Y    NOR2X6            1  8.5   92   +63    7396 F 
u_cpu_add_167_30_Y_u_cpu_add_165_34_Y_u_cpu_add_163_30_g869/B                                     +0    7396   
u_cpu_add_167_30_Y_u_cpu_add_165_34_Y_u_cpu_add_163_30_g869/Y    NOR2X6            2 10.0   83   +70    7466 R 
u_cpu_add_167_30_Y_u_cpu_add_165_34_Y_u_cpu_add_163_30_g867/B0                                    +0    7466   
u_cpu_add_167_30_Y_u_cpu_add_165_34_Y_u_cpu_add_163_30_g867/Y    AOI2BB1X4         1  8.5   74   +62    7528 F 
u_cpu_add_167_30_Y_u_cpu_add_165_34_Y_u_cpu_add_163_30_g865/B                                     +0    7528   
u_cpu_add_167_30_Y_u_cpu_add_165_34_Y_u_cpu_add_163_30_g865/Y    NOR2X6            2 11.3   89   +67    7595 R 
u_cpu_add_167_30_Y_u_cpu_add_165_34_Y_u_cpu_add_163_30_g863/B                                     +0    7595   
u_cpu_add_167_30_Y_u_cpu_add_165_34_Y_u_cpu_add_163_30_g863/Y    NOR2X6            1  8.5   92   +54    7649 F 
u_cpu_add_167_30_Y_u_cpu_add_165_34_Y_u_cpu_add_163_30_g861/B                                     +0    7650   
u_cpu_add_167_30_Y_u_cpu_add_165_34_Y_u_cpu_add_163_30_g861/Y    NOR2X6            2  9.5   80   +68    7718 R 
u_cpu_add_167_30_Y_u_cpu_add_165_34_Y_u_cpu_add_163_30_g859/B0                                    +0    7718   
u_cpu_add_167_30_Y_u_cpu_add_165_34_Y_u_cpu_add_163_30_g859/Y    AOI2BB1X4         1  8.5   74   +61    7779 F 
u_cpu_add_167_30_Y_u_cpu_add_165_34_Y_u_cpu_add_163_30_g857/B                                     +0    7779   
u_cpu_add_167_30_Y_u_cpu_add_165_34_Y_u_cpu_add_163_30_g857/Y    NOR2X6            2  9.5   80   +62    7842 R 
u_cpu_add_167_30_Y_u_cpu_add_165_34_Y_u_cpu_add_163_30_g855/B0                                    +0    7842   
u_cpu_add_167_30_Y_u_cpu_add_165_34_Y_u_cpu_add_163_30_g855/Y    AOI2BB1X4         1  8.5   74   +61    7903 F 
u_cpu_add_167_30_Y_u_cpu_add_165_34_Y_u_cpu_add_163_30_g853/B                                     +0    7903   
u_cpu_add_167_30_Y_u_cpu_add_165_34_Y_u_cpu_add_163_30_g853/Y    NOR2X6            2  9.3   79   +62    7965 R 
u_cpu_add_167_30_Y_u_cpu_add_165_34_Y_u_cpu_add_163_30_g851/B                                     +0    7965   
u_cpu_add_167_30_Y_u_cpu_add_165_34_Y_u_cpu_add_163_30_g851/Y    NOR2X4            1  6.9   86   +54    8019 F 
u_cpu_add_167_30_Y_u_cpu_add_165_34_Y_u_cpu_add_163_30_g849/B                                     +0    8019   
u_cpu_add_167_30_Y_u_cpu_add_165_34_Y_u_cpu_add_163_30_g849/Y    NOR2X4            2  9.8  103   +79    8098 R 
u_cpu_add_167_30_Y_u_cpu_add_165_34_Y_u_cpu_add_163_30_g848/B                                     +0    8099   
u_cpu_add_167_30_Y_u_cpu_add_165_34_Y_u_cpu_add_163_30_g848/Y    NOR2X4            1  6.9   86   +62    8161 F 
u_cpu_add_167_30_Y_u_cpu_add_165_34_Y_u_cpu_add_163_30_g846/B                                     +0    8161   
u_cpu_add_167_30_Y_u_cpu_add_165_34_Y_u_cpu_add_163_30_g846/Y    NOR2X4            2 10.0  104   +80    8241 R 
u_cpu_add_167_30_Y_u_cpu_add_165_34_Y_u_cpu_add_163_30_g845/B0                                    +0    8241   
u_cpu_add_167_30_Y_u_cpu_add_165_34_Y_u_cpu_add_163_30_g845/Y    AOI2BB1X4         1  6.9   68   +67    8308 F 
u_cpu_add_167_30_Y_u_cpu_add_165_34_Y_u_cpu_add_163_30_g843/B                                     +0    8308   
u_cpu_add_167_30_Y_u_cpu_add_165_34_Y_u_cpu_add_163_30_g843/Y    NOR2X4            2 10.0  104   +74    8383 R 
g655480/B0                                                                                        +0    8383   
g655480/Y                                                        AOI2BB1X4         1  6.9   68   +67    8450 F 
u_cpu_add_167_30_Y_u_cpu_add_165_34_Y_u_cpu_add_163_30_g840/B                                     +0    8450   
u_cpu_add_167_30_Y_u_cpu_add_165_34_Y_u_cpu_add_163_30_g840/Y    NOR2X4            2 11.3  114   +79    8529 R 
u_cpu_add_167_30_Y_u_cpu_add_165_34_Y_u_cpu_add_163_30_g839/B                                     +0    8529   
u_cpu_add_167_30_Y_u_cpu_add_165_34_Y_u_cpu_add_163_30_g839/Y    NOR2X6            1  8.5   92   +63    8592 F 
u_cpu_add_167_30_Y_u_cpu_add_165_34_Y_u_cpu_add_163_30_g837/B                                     +0    8592   
u_cpu_add_167_30_Y_u_cpu_add_165_34_Y_u_cpu_add_163_30_g837/Y    NOR2X6            2 10.0   82   +70    8662 R 
u_cpu_add_167_30_Y_u_cpu_add_165_34_Y_u_cpu_add_163_30_g836/B0                                    +0    8662   
u_cpu_add_167_30_Y_u_cpu_add_165_34_Y_u_cpu_add_163_30_g836/Y    AOI2BB1X4         1  8.5   76   +62    8724 F 
u_cpu_add_167_30_Y_u_cpu_add_165_34_Y_u_cpu_add_163_30_g834/B                                     +0    8724   
u_cpu_add_167_30_Y_u_cpu_add_165_34_Y_u_cpu_add_163_30_g834/Y    NOR2X6            2 10.0   82   +64    8788 R 
u_cpu_add_167_30_Y_u_cpu_add_165_34_Y_u_cpu_add_163_30_g833/B0                                    +0    8789   
u_cpu_add_167_30_Y_u_cpu_add_165_34_Y_u_cpu_add_163_30_g833/Y    AOI2BB1X4         1  8.5   76   +62    8850 F 
u_cpu_add_167_30_Y_u_cpu_add_165_34_Y_u_cpu_add_163_30_g831/B                                     +0    8851   
u_cpu_add_167_30_Y_u_cpu_add_165_34_Y_u_cpu_add_163_30_g831/Y    NOR2X6            2 11.3   89   +68    8918 R 
u_cpu_add_167_30_Y_u_cpu_add_165_34_Y_u_cpu_add_163_30_g830/B                                     +0    8918   
u_cpu_add_167_30_Y_u_cpu_add_165_34_Y_u_cpu_add_163_30_g830/Y    NOR2X6            1  8.5   93   +54    8973 F 
u_cpu_add_167_30_Y_u_cpu_add_165_34_Y_u_cpu_add_163_30_g828/B                                     +0    8973   
u_cpu_add_167_30_Y_u_cpu_add_165_34_Y_u_cpu_add_163_30_g828/Y    NOR2X6            2 10.0   82   +70    9043 R 
u_cpu_add_167_30_Y_u_cpu_add_165_34_Y_u_cpu_add_163_30_g827/B0                                    +0    9043   
u_cpu_add_167_30_Y_u_cpu_add_165_34_Y_u_cpu_add_163_30_g827/Y    AOI2BB1X4         1  8.5   76   +62    9105 F 
u_cpu_add_167_30_Y_u_cpu_add_165_34_Y_u_cpu_add_163_30_g825/B                                     +0    9105   
u_cpu_add_167_30_Y_u_cpu_add_165_34_Y_u_cpu_add_163_30_g825/Y    NOR2X6            2 11.3   89   +68    9173 R 
u_cpu_add_167_30_Y_u_cpu_add_165_34_Y_u_cpu_add_163_30_g824/B                                     +0    9173   
u_cpu_add_167_30_Y_u_cpu_add_165_34_Y_u_cpu_add_163_30_g824/Y    NOR2X6            1  8.5   93   +54    9227 F 
u_cpu_add_167_30_Y_u_cpu_add_165_34_Y_u_cpu_add_163_30_g822/B                                     +0    9227   
u_cpu_add_167_30_Y_u_cpu_add_165_34_Y_u_cpu_add_163_30_g822/Y    NOR2X6            2 10.0   82   +70    9297 R 
u_cpu_add_167_30_Y_u_cpu_add_165_34_Y_u_cpu_add_163_30_g821/B0                                    +0    9297   
u_cpu_add_167_30_Y_u_cpu_add_165_34_Y_u_cpu_add_163_30_g821/Y    AOI2BB1X4         1  8.5   76   +62    9359 F 
u_cpu_add_167_30_Y_u_cpu_add_165_34_Y_u_cpu_add_163_30_g819/B                                     +0    9360   
u_cpu_add_167_30_Y_u_cpu_add_165_34_Y_u_cpu_add_163_30_g819/Y    NOR2X6            2 11.3   89   +68    9427 R 
u_cpu_add_167_30_Y_u_cpu_add_165_34_Y_u_cpu_add_163_30_g818/B                                     +0    9427   
u_cpu_add_167_30_Y_u_cpu_add_165_34_Y_u_cpu_add_163_30_g818/Y    NOR2X6            1  8.5   93   +54    9481 F 
u_cpu_add_167_30_Y_u_cpu_add_165_34_Y_u_cpu_add_163_30_g816/B                                     +0    9482   
u_cpu_add_167_30_Y_u_cpu_add_165_34_Y_u_cpu_add_163_30_g816/Y    NOR2X6            2 10.0   82   +70    9552 R 
g655057/B0                                                                                        +0    9552   
g655057/Y                                                        AOI2BB1X4         1  8.5   76   +62    9614 F 
g655056/A                                                                                         +0    9614   
g655056/Y                                                        NOR2X6            2 10.0   93   +72    9686 R 
u_cpu_add_167_30_Y_u_cpu_add_165_34_Y_u_cpu_add_163_30_g812/B0                                    +0    9686   
u_cpu_add_167_30_Y_u_cpu_add_165_34_Y_u_cpu_add_163_30_g812/Y    AOI2BB1X4         1  6.9   70   +62    9748 F 
u_cpu_add_167_30_Y_u_cpu_add_165_34_Y_u_cpu_add_163_30_g810/B                                     +0    9749   
u_cpu_add_167_30_Y_u_cpu_add_165_34_Y_u_cpu_add_163_30_g810/Y    NOR2X4            1  5.3   70   +57    9806 R 
u_cpu_add_167_30_Y_u_cpu_add_165_34_Y_u_cpu_add_163_30_g809/B                                     +0    9806   
u_cpu_add_167_30_Y_u_cpu_add_165_34_Y_u_cpu_add_163_30_g809/Y    XOR2X4            1  4.8   73  +156    9962 R 
g641353/B                                                                                         +0    9962   
g641353/Y                                                        NAND2X1           1  4.8  186  +124   10086 F 
g653712/B                                                                                         +0   10086   
g653712/Y                                                        NAND2X1           1  4.7  112  +112   10198 R 
u_cpu_pc_reg[31]/D                                               DFFRHQX1                         +0   10198   
u_cpu_pc_reg[31]/CK                                              setup                     100   +98   10295 R 
- - - - - - - - - - - - - - - - - - - - - - - - - - - - - - - - - - - - - - - - - - - - - - - - - - - - - - - -
(clock clk)                                                      capture                               10000 R 
                                                                 latency                        +500   10500 R 
                                                                 uncertainty                    -200   10300 R 
---------------------------------------------------------------------------------------------------------------
Cost Group   : 'clk' (path_group 'clk')
Timing slack :       5ps 
Start-point  : u_cpu_ir_reg[6]/CK
End-point    : u_cpu_pc_reg[31]/D

path  16:

                             Pin                                   Type       Fanout Load Slew Delay Arrival   
                                                                                     (fF) (ps)  (ps)   (ps)    
---------------------------------------------------------------------------------------------------------------
(clock clk)                                                      launch                                    0 R 
                                                                 latency                        +500     500 R 
u_cpu_ir_reg[6]/CK                                                                         100    +0     500 R 
u_cpu_ir_reg[6]/Q                                                SDFFRX2           9 26.8  231  +422     922 R 
g655025/A1N                                                                                       +0     922   
g655025/Y                                                        AOI2BB1X2         3 10.8  189  +239    1162 R 
g655023/AN                                                                                        +0    1162   
g655023/Y                                                        NOR3BX4           4 17.8  258  +280    1442 R 
g655055/A1                                                                                        +0    1442   
g655055/Y                                                        AOI21X4           1  7.0  124  +148    1590 F 
g655054/B0                                                                                        +0    1590   
g655054/Y                                                        OAI2BB1X4         3 24.1  129  +100    1691 R 
u_cpu_u_alu_srl_21_33_g2998/A                                                                     +0    1691   
u_cpu_u_alu_srl_21_33_g2998/Y                                    CLKINVX20        20 80.8   89   +90    1781 F 
u_cpu_u_alu_srl_21_33_g2991/A                                                                     +0    1781   
u_cpu_u_alu_srl_21_33_g2991/Y                                    CLKINVX12        16 51.2   78   +70    1851 R 
u_cpu_u_alu_srl_21_33_g2949/S0                                                                    +0    1851   
u_cpu_u_alu_srl_21_33_g2949/Y                                    MX2XL             2  7.1  231  +267    2118 F 
u_cpu_u_alu_srl_21_33_g2918/A                                                                     +0    2118   
u_cpu_u_alu_srl_21_33_g2918/Y                                    MX2XL             2  6.9  225  +279    2397 F 
u_cpu_u_alu_srl_21_33_g2868/B                                                                     +0    2397   
u_cpu_u_alu_srl_21_33_g2868/Y                                    CLKMX2X2          2  6.9   92  +237    2634 F 
g654904/B                                                                                         +0    2634   
g654904/Y                                                        MXI2XL            1  4.7  311  +191    2825 R 
u_cpu_u_alu_srl_21_33_g2828/A1                                                                    +0    2825   
u_cpu_u_alu_srl_21_33_g2828/Y                                    OAI22X1           1  5.4  261  +248    3073 F 
g165740/B1                                                                                        +0    3073   
g165740/Y                                                        AOI22X2           1  7.1  193  +164    3237 R 
g165988/A                                                                                         +0    3237   
g165988/Y                                                        NAND2X4           3 10.9  128  +135    3372 F 
g165581/B                                                                                         +0    3372   
g165581/Y                                                        NOR2X2            1  7.1  135  +110    3482 R 
g165578/A                                                                                         +0    3482   
g165578/Y                                                        NAND2X4           1  5.4   78   +93    3575 F 
g655030/C                                                                                         +0    3575   
g655030/Y                                                        NOR4BX2           1  7.0  312  +203    3778 R 
g655029/C                                                                                         +0    3778   
g655029/Y                                                        NAND4BX4          1  6.7  252  +242    4020 F 
g655028/B                                                                                         +0    4020   
g655028/Y                                                        NOR4BX4           1  6.8  221  +213    4234 R 
g655027/B                                                                                         +0    4234   
g655027/Y                                                        NAND4BX4          1  7.3  248  +235    4469 F 
g165561/A                                                                                         +0    4469   
g165561/Y                                                        NOR3X4            1  7.1  150  +164    4633 R 
g655403/A                                                                                         +0    4633   
g655403/Y                                                        NAND2X4           1  6.9  103  +104    4737 F 
g165559/B                                                                                         +0    4737   
g165559/Y                                                        NOR2X4            1  6.8  103   +74    4811 R 
g655026/D                                                                                         +0    4811   
g655026/Y                                                        NAND4BBX4         1  7.1  238  +150    4961 F 
g165557/A                                                                                         +0    4962   
g165557/Y                                                        NOR2X4            1  8.6  110  +129    5090 R 
g165556/A                                                                                         +0    5091   
g165556/Y                                                        NAND2X6           1  6.9   74   +82    5173 F 
g165555/B                                                                                         +0    5173   
g165555/Y                                                        NOR2X4            1  7.1   85   +66    5239 R 
g165554/B0                                                                                        +0    5239   
g165554/Y                                                        AOI2BB1X4         1 10.0   80   +66    5305 F 
g165553/B                                                                                         +0    5305   
g165553/Y                                                        NOR2X8            6 19.5  112   +78    5383 R 
g165550/S0                                                                                        +0    5383   
g165550/Y                                                        CLKMX2X3          3 10.0   88  +218    5601 F 
g655045/A1                                                                                        +0    5601   
g655045/Y                                                        OA21X2            1  6.9   91  +182    5783 F 
u_cpu_add_167_30_Y_u_cpu_add_165_34_Y_u_cpu_add_163_30_g913/B                                     +0    5783   
u_cpu_add_167_30_Y_u_cpu_add_165_34_Y_u_cpu_add_163_30_g913/Y    NOR2X4            2  9.8  103   +81    5865 R 
u_cpu_add_167_30_Y_u_cpu_add_165_34_Y_u_cpu_add_163_30_g911/B                                     +0    5865   
u_cpu_add_167_30_Y_u_cpu_add_165_34_Y_u_cpu_add_163_30_g911/Y    NOR2X4            1  8.5   68   +66    5930 F 
u_cpu_add_167_30_Y_u_cpu_add_165_34_Y_u_cpu_add_163_30_g909/B                                     +0    5930   
u_cpu_add_167_30_Y_u_cpu_add_165_34_Y_u_cpu_add_163_30_g909/Y    NOR2X6            2 10.0   82   +62    5992 R 
u_cpu_add_167_30_Y_u_cpu_add_165_34_Y_u_cpu_add_163_30_g907/B0                                    +0    5992   
u_cpu_add_167_30_Y_u_cpu_add_165_34_Y_u_cpu_add_163_30_g907/Y    AOI2BB1X4         1  6.9   68   +59    6051 F 
u_cpu_add_167_30_Y_u_cpu_add_165_34_Y_u_cpu_add_163_30_g905/B                                     +0    6051   
u_cpu_add_167_30_Y_u_cpu_add_165_34_Y_u_cpu_add_163_30_g905/Y    NOR2X4            2 10.0  104   +74    6125 R 
u_cpu_add_167_30_Y_u_cpu_add_165_34_Y_u_cpu_add_163_30_g903/B0                                    +0    6125   
u_cpu_add_167_30_Y_u_cpu_add_165_34_Y_u_cpu_add_163_30_g903/Y    AOI2BB1X4         1  6.8   67   +67    6192 F 
g655044/B0                                                                                        +0    6192   
g655044/Y                                                        AOI21X4           2  7.7   98   +69    6261 R 
u_cpu_add_167_30_Y_u_cpu_add_165_34_Y_u_cpu_add_163_30_g899/B0                                    +0    6261   
u_cpu_add_167_30_Y_u_cpu_add_165_34_Y_u_cpu_add_163_30_g899/Y    AOI2BB1X1         1  5.5  116   +97    6358 F 
u_cpu_add_167_30_Y_u_cpu_add_165_34_Y_u_cpu_add_163_30_g897/B                                     +0    6358   
u_cpu_add_167_30_Y_u_cpu_add_165_34_Y_u_cpu_add_163_30_g897/Y    NOR2X2            2  7.7  143  +111    6469 R 
g655043/A1N                                                                                       +0    6469   
g655043/Y                                                        AOI2BB1X4         2  8.5   96  +154    6624 R 
u_cpu_add_167_30_Y_u_cpu_add_165_34_Y_u_cpu_add_163_30_g891/B0                                    +0    6624   
u_cpu_add_167_30_Y_u_cpu_add_165_34_Y_u_cpu_add_163_30_g891/Y    AOI2BB1X2         1  8.5  109   +85    6708 F 
u_cpu_add_167_30_Y_u_cpu_add_165_34_Y_u_cpu_add_163_30_g889/B                                     +0    6709   
u_cpu_add_167_30_Y_u_cpu_add_165_34_Y_u_cpu_add_163_30_g889/Y    NOR2X6            2  9.8   83   +75    6784 R 
u_cpu_add_167_30_Y_u_cpu_add_165_34_Y_u_cpu_add_163_30_g887/B                                     +0    6784   
u_cpu_add_167_30_Y_u_cpu_add_165_34_Y_u_cpu_add_163_30_g887/Y    NOR2X4            1  8.5   90   +58    6842 F 
u_cpu_add_167_30_Y_u_cpu_add_165_34_Y_u_cpu_add_163_30_g885/B                                     +0    6842   
u_cpu_add_167_30_Y_u_cpu_add_165_34_Y_u_cpu_add_163_30_g885/Y    NOR2X6            2  9.8   82   +68    6910 R 
u_cpu_add_167_30_Y_u_cpu_add_165_34_Y_u_cpu_add_163_30_g883/B                                     +0    6911   
u_cpu_add_167_30_Y_u_cpu_add_165_34_Y_u_cpu_add_163_30_g883/Y    NOR2X4            1  6.9   84   +54    6965 F 
u_cpu_add_167_30_Y_u_cpu_add_165_34_Y_u_cpu_add_163_30_g881/B                                     +0    6965   
u_cpu_add_167_30_Y_u_cpu_add_165_34_Y_u_cpu_add_163_30_g881/Y    NOR2X4            2 10.0  104   +80    7045 R 
u_cpu_add_167_30_Y_u_cpu_add_165_34_Y_u_cpu_add_163_30_g879/B0                                    +0    7045   
u_cpu_add_167_30_Y_u_cpu_add_165_34_Y_u_cpu_add_163_30_g879/Y    AOI2BB1X4         1  6.9   68   +67    7112 F 
u_cpu_add_167_30_Y_u_cpu_add_165_34_Y_u_cpu_add_163_30_g877/B                                     +0    7112   
u_cpu_add_167_30_Y_u_cpu_add_165_34_Y_u_cpu_add_163_30_g877/Y    NOR2X4            2 10.0  104   +74    7186 R 
u_cpu_add_167_30_Y_u_cpu_add_165_34_Y_u_cpu_add_163_30_g875/B0                                    +0    7186   
u_cpu_add_167_30_Y_u_cpu_add_165_34_Y_u_cpu_add_163_30_g875/Y    AOI2BB1X4         1  6.9   68   +67    7253 F 
u_cpu_add_167_30_Y_u_cpu_add_165_34_Y_u_cpu_add_163_30_g873/B                                     +0    7253   
u_cpu_add_167_30_Y_u_cpu_add_165_34_Y_u_cpu_add_163_30_g873/Y    NOR2X4            2 11.3  114   +79    7332 R 
u_cpu_add_167_30_Y_u_cpu_add_165_34_Y_u_cpu_add_163_30_g871/B                                     +0    7332   
u_cpu_add_167_30_Y_u_cpu_add_165_34_Y_u_cpu_add_163_30_g871/Y    NOR2X6            1  8.5   92   +63    7396 F 
u_cpu_add_167_30_Y_u_cpu_add_165_34_Y_u_cpu_add_163_30_g869/B                                     +0    7396   
u_cpu_add_167_30_Y_u_cpu_add_165_34_Y_u_cpu_add_163_30_g869/Y    NOR2X6            2 10.0   83   +70    7466 R 
u_cpu_add_167_30_Y_u_cpu_add_165_34_Y_u_cpu_add_163_30_g867/B0                                    +0    7466   
u_cpu_add_167_30_Y_u_cpu_add_165_34_Y_u_cpu_add_163_30_g867/Y    AOI2BB1X4         1  8.5   74   +62    7528 F 
u_cpu_add_167_30_Y_u_cpu_add_165_34_Y_u_cpu_add_163_30_g865/B                                     +0    7528   
u_cpu_add_167_30_Y_u_cpu_add_165_34_Y_u_cpu_add_163_30_g865/Y    NOR2X6            2 11.3   89   +67    7595 R 
u_cpu_add_167_30_Y_u_cpu_add_165_34_Y_u_cpu_add_163_30_g863/B                                     +0    7595   
u_cpu_add_167_30_Y_u_cpu_add_165_34_Y_u_cpu_add_163_30_g863/Y    NOR2X6            1  8.5   92   +54    7649 F 
u_cpu_add_167_30_Y_u_cpu_add_165_34_Y_u_cpu_add_163_30_g861/B                                     +0    7649   
u_cpu_add_167_30_Y_u_cpu_add_165_34_Y_u_cpu_add_163_30_g861/Y    NOR2X6            2  9.5   80   +68    7718 R 
u_cpu_add_167_30_Y_u_cpu_add_165_34_Y_u_cpu_add_163_30_g859/B0                                    +0    7718   
u_cpu_add_167_30_Y_u_cpu_add_165_34_Y_u_cpu_add_163_30_g859/Y    AOI2BB1X4         1  8.5   74   +61    7779 F 
u_cpu_add_167_30_Y_u_cpu_add_165_34_Y_u_cpu_add_163_30_g857/B                                     +0    7779   
u_cpu_add_167_30_Y_u_cpu_add_165_34_Y_u_cpu_add_163_30_g857/Y    NOR2X6            2  9.5   80   +62    7842 R 
u_cpu_add_167_30_Y_u_cpu_add_165_34_Y_u_cpu_add_163_30_g855/B0                                    +0    7842   
u_cpu_add_167_30_Y_u_cpu_add_165_34_Y_u_cpu_add_163_30_g855/Y    AOI2BB1X4         1  8.5   74   +61    7903 F 
u_cpu_add_167_30_Y_u_cpu_add_165_34_Y_u_cpu_add_163_30_g853/B                                     +0    7903   
u_cpu_add_167_30_Y_u_cpu_add_165_34_Y_u_cpu_add_163_30_g853/Y    NOR2X6            2  9.3   79   +62    7965 R 
u_cpu_add_167_30_Y_u_cpu_add_165_34_Y_u_cpu_add_163_30_g851/B                                     +0    7965   
u_cpu_add_167_30_Y_u_cpu_add_165_34_Y_u_cpu_add_163_30_g851/Y    NOR2X4            1  6.9   86   +54    8019 F 
u_cpu_add_167_30_Y_u_cpu_add_165_34_Y_u_cpu_add_163_30_g849/B                                     +0    8019   
u_cpu_add_167_30_Y_u_cpu_add_165_34_Y_u_cpu_add_163_30_g849/Y    NOR2X4            2  9.8  103   +79    8098 R 
u_cpu_add_167_30_Y_u_cpu_add_165_34_Y_u_cpu_add_163_30_g848/B                                     +0    8098   
u_cpu_add_167_30_Y_u_cpu_add_165_34_Y_u_cpu_add_163_30_g848/Y    NOR2X4            1  6.9   86   +62    8161 F 
u_cpu_add_167_30_Y_u_cpu_add_165_34_Y_u_cpu_add_163_30_g846/B                                     +0    8161   
u_cpu_add_167_30_Y_u_cpu_add_165_34_Y_u_cpu_add_163_30_g846/Y    NOR2X4            2 10.0  104   +80    8241 R 
u_cpu_add_167_30_Y_u_cpu_add_165_34_Y_u_cpu_add_163_30_g845/B0                                    +0    8241   
u_cpu_add_167_30_Y_u_cpu_add_165_34_Y_u_cpu_add_163_30_g845/Y    AOI2BB1X4         1  6.9   68   +67    8308 F 
u_cpu_add_167_30_Y_u_cpu_add_165_34_Y_u_cpu_add_163_30_g843/B                                     +0    8308   
u_cpu_add_167_30_Y_u_cpu_add_165_34_Y_u_cpu_add_163_30_g843/Y    NOR2X4            2 10.0  104   +74    8382 R 
g655480/B0                                                                                        +0    8383   
g655480/Y                                                        AOI2BB1X4         1  6.9   68   +67    8449 F 
u_cpu_add_167_30_Y_u_cpu_add_165_34_Y_u_cpu_add_163_30_g840/B                                     +0    8450   
u_cpu_add_167_30_Y_u_cpu_add_165_34_Y_u_cpu_add_163_30_g840/Y    NOR2X4            2 11.3  114   +79    8529 R 
u_cpu_add_167_30_Y_u_cpu_add_165_34_Y_u_cpu_add_163_30_g839/B                                     +0    8529   
u_cpu_add_167_30_Y_u_cpu_add_165_34_Y_u_cpu_add_163_30_g839/Y    NOR2X6            1  8.5   92   +63    8592 F 
u_cpu_add_167_30_Y_u_cpu_add_165_34_Y_u_cpu_add_163_30_g837/B                                     +0    8592   
u_cpu_add_167_30_Y_u_cpu_add_165_34_Y_u_cpu_add_163_30_g837/Y    NOR2X6            2 10.0   82   +70    8662 R 
u_cpu_add_167_30_Y_u_cpu_add_165_34_Y_u_cpu_add_163_30_g836/B0                                    +0    8662   
u_cpu_add_167_30_Y_u_cpu_add_165_34_Y_u_cpu_add_163_30_g836/Y    AOI2BB1X4         1  8.5   76   +62    8724 F 
u_cpu_add_167_30_Y_u_cpu_add_165_34_Y_u_cpu_add_163_30_g834/B                                     +0    8724   
u_cpu_add_167_30_Y_u_cpu_add_165_34_Y_u_cpu_add_163_30_g834/Y    NOR2X6            2 10.0   82   +64    8788 R 
u_cpu_add_167_30_Y_u_cpu_add_165_34_Y_u_cpu_add_163_30_g833/B0                                    +0    8788   
u_cpu_add_167_30_Y_u_cpu_add_165_34_Y_u_cpu_add_163_30_g833/Y    AOI2BB1X4         1  8.5   76   +62    8850 F 
u_cpu_add_167_30_Y_u_cpu_add_165_34_Y_u_cpu_add_163_30_g831/B                                     +0    8851   
u_cpu_add_167_30_Y_u_cpu_add_165_34_Y_u_cpu_add_163_30_g831/Y    NOR2X6            2 11.3   89   +68    8918 R 
u_cpu_add_167_30_Y_u_cpu_add_165_34_Y_u_cpu_add_163_30_g830/B                                     +0    8918   
u_cpu_add_167_30_Y_u_cpu_add_165_34_Y_u_cpu_add_163_30_g830/Y    NOR2X6            1  8.5   93   +54    8972 F 
u_cpu_add_167_30_Y_u_cpu_add_165_34_Y_u_cpu_add_163_30_g828/B                                     +0    8973   
u_cpu_add_167_30_Y_u_cpu_add_165_34_Y_u_cpu_add_163_30_g828/Y    NOR2X6            2 10.0   82   +70    9043 R 
u_cpu_add_167_30_Y_u_cpu_add_165_34_Y_u_cpu_add_163_30_g827/B0                                    +0    9043   
u_cpu_add_167_30_Y_u_cpu_add_165_34_Y_u_cpu_add_163_30_g827/Y    AOI2BB1X4         1  8.5   76   +62    9105 F 
u_cpu_add_167_30_Y_u_cpu_add_165_34_Y_u_cpu_add_163_30_g825/B                                     +0    9105   
u_cpu_add_167_30_Y_u_cpu_add_165_34_Y_u_cpu_add_163_30_g825/Y    NOR2X6            2 11.3   89   +68    9172 R 
u_cpu_add_167_30_Y_u_cpu_add_165_34_Y_u_cpu_add_163_30_g824/B                                     +0    9173   
u_cpu_add_167_30_Y_u_cpu_add_165_34_Y_u_cpu_add_163_30_g824/Y    NOR2X6            1  8.5   93   +54    9227 F 
u_cpu_add_167_30_Y_u_cpu_add_165_34_Y_u_cpu_add_163_30_g822/B                                     +0    9227   
u_cpu_add_167_30_Y_u_cpu_add_165_34_Y_u_cpu_add_163_30_g822/Y    NOR2X6            2 10.0   82   +70    9297 R 
u_cpu_add_167_30_Y_u_cpu_add_165_34_Y_u_cpu_add_163_30_g821/B0                                    +0    9297   
u_cpu_add_167_30_Y_u_cpu_add_165_34_Y_u_cpu_add_163_30_g821/Y    AOI2BB1X4         1  8.5   76   +62    9359 F 
u_cpu_add_167_30_Y_u_cpu_add_165_34_Y_u_cpu_add_163_30_g819/B                                     +0    9359   
u_cpu_add_167_30_Y_u_cpu_add_165_34_Y_u_cpu_add_163_30_g819/Y    NOR2X6            2 11.3   89   +68    9427 R 
u_cpu_add_167_30_Y_u_cpu_add_165_34_Y_u_cpu_add_163_30_g818/B                                     +0    9427   
u_cpu_add_167_30_Y_u_cpu_add_165_34_Y_u_cpu_add_163_30_g818/Y    NOR2X6            1  8.5   93   +54    9481 F 
u_cpu_add_167_30_Y_u_cpu_add_165_34_Y_u_cpu_add_163_30_g816/B                                     +0    9482   
u_cpu_add_167_30_Y_u_cpu_add_165_34_Y_u_cpu_add_163_30_g816/Y    NOR2X6            2 10.0   82   +70    9552 R 
g655057/B0                                                                                        +0    9552   
g655057/Y                                                        AOI2BB1X4         1  8.5   76   +62    9614 F 
g655056/A                                                                                         +0    9614   
g655056/Y                                                        NOR2X6            2 10.0   93   +72    9686 R 
u_cpu_add_167_30_Y_u_cpu_add_165_34_Y_u_cpu_add_163_30_g812/B0                                    +0    9686   
u_cpu_add_167_30_Y_u_cpu_add_165_34_Y_u_cpu_add_163_30_g812/Y    AOI2BB1X4         1  6.9   70   +62    9748 F 
u_cpu_add_167_30_Y_u_cpu_add_165_34_Y_u_cpu_add_163_30_g810/B                                     +0    9748   
u_cpu_add_167_30_Y_u_cpu_add_165_34_Y_u_cpu_add_163_30_g810/Y    NOR2X4            1  5.3   70   +57    9806 R 
u_cpu_add_167_30_Y_u_cpu_add_165_34_Y_u_cpu_add_163_30_g809/B                                     +0    9806   
u_cpu_add_167_30_Y_u_cpu_add_165_34_Y_u_cpu_add_163_30_g809/Y    XOR2X4            1  4.8   73  +156    9962 R 
g641353/B                                                                                         +0    9962   
g641353/Y                                                        NAND2X1           1  4.8  186  +124   10086 F 
g653712/B                                                                                         +0   10086   
g653712/Y                                                        NAND2X1           1  4.7  112  +112   10198 R 
u_cpu_pc_reg[31]/D                                               DFFRHQX1                         +0   10198   
u_cpu_pc_reg[31]/CK                                              setup                     100   +98   10295 R 
- - - - - - - - - - - - - - - - - - - - - - - - - - - - - - - - - - - - - - - - - - - - - - - - - - - - - - - -
(clock clk)                                                      capture                               10000 R 
                                                                 latency                        +500   10500 R 
                                                                 uncertainty                    -200   10300 R 
---------------------------------------------------------------------------------------------------------------
Cost Group   : 'clk' (path_group 'clk')
Timing slack :       5ps 
Start-point  : u_cpu_ir_reg[6]/CK
End-point    : u_cpu_pc_reg[31]/D

path  17:

                             Pin                                   Type       Fanout Load Slew Delay Arrival   
                                                                                     (fF) (ps)  (ps)   (ps)    
---------------------------------------------------------------------------------------------------------------
(clock clk)                                                      launch                                    0 R 
                                                                 latency                        +500     500 R 
u_cpu_ir_reg[6]/CK                                                                         100    +0     500 R 
u_cpu_ir_reg[6]/Q                                                SDFFRX2           9 26.8  231  +422     922 R 
g655025/A1N                                                                                       +0     922   
g655025/Y                                                        AOI2BB1X2         3 10.8  189  +239    1162 R 
g655023/AN                                                                                        +0    1162   
g655023/Y                                                        NOR3BX4           4 17.8  258  +280    1442 R 
g655055/A1                                                                                        +0    1442   
g655055/Y                                                        AOI21X4           1  7.0  124  +148    1590 F 
g655054/B0                                                                                        +0    1590   
g655054/Y                                                        OAI2BB1X4         3 24.1  129  +100    1691 R 
u_cpu_u_alu_srl_21_33_g2998/A                                                                     +0    1691   
u_cpu_u_alu_srl_21_33_g2998/Y                                    CLKINVX20        20 80.8   89   +90    1781 F 
u_cpu_u_alu_srl_21_33_g2991/A                                                                     +0    1781   
u_cpu_u_alu_srl_21_33_g2991/Y                                    CLKINVX12        16 51.2   78   +70    1851 R 
u_cpu_u_alu_srl_21_33_g2939/S0                                                                    +0    1851   
u_cpu_u_alu_srl_21_33_g2939/Y                                    MX2XL             2  7.0  228  +266    2116 F 
u_cpu_u_alu_srl_21_33_g2920/A                                                                     +0    2116   
u_cpu_u_alu_srl_21_33_g2920/Y                                    MX2X1             2  7.1  142  +241    2358 F 
u_cpu_u_alu_srl_21_33_g2888/A                                                                     +0    2358   
u_cpu_u_alu_srl_21_33_g2888/Y                                    MX2XL             2  6.9  225  +252    2610 F 
u_cpu_u_alu_srl_21_33_g2856/A                                                                     +0    2610   
u_cpu_u_alu_srl_21_33_g2856/Y                                    CLKMX2X2          2  7.1   94  +236    2846 F 
u_cpu_u_alu_srl_21_33_g2814/A                                                                     +0    2846   
u_cpu_u_alu_srl_21_33_g2814/Y                                    CLKMX2X3          1  4.8   62  +159    3005 F 
g165772/A1                                                                                        +0    3006   
g165772/Y                                                        AOI22X1           1  4.8  223  +139    3144 R 
g165628/B                                                                                         +0    3144   
g165628/Y                                                        NAND2X1           1  5.4  210  +183    3328 F 
g655391/B0                                                                                        +0    3328   
g655391/Y                                                        AOI21X2           2  7.0  150  +140    3468 R 
g655030/AN                                                                                        +0    3468   
g655030/Y                                                        NOR4BX2           1  7.0  312  +310    3777 R 
g655029/C                                                                                         +0    3777   
g655029/Y                                                        NAND4BX4          1  6.7  252  +242    4019 F 
g655028/B                                                                                         +0    4019   
g655028/Y                                                        NOR4BX4           1  6.8  221  +213    4233 R 
g655027/B                                                                                         +0    4233   
g655027/Y                                                        NAND4BX4          1  7.3  248  +235    4468 F 
g165561/A                                                                                         +0    4468   
g165561/Y                                                        NOR3X4            1  7.1  150  +164    4632 R 
g655403/A                                                                                         +0    4632   
g655403/Y                                                        NAND2X4           1  6.9  103  +104    4736 F 
g165559/B                                                                                         +0    4736   
g165559/Y                                                        NOR2X4            1  6.8  103   +74    4810 R 
g655026/D                                                                                         +0    4810   
g655026/Y                                                        NAND4BBX4         1  7.1  238  +150    4960 F 
g165557/A                                                                                         +0    4960   
g165557/Y                                                        NOR2X4            1  8.6  110  +129    5089 R 
g165556/A                                                                                         +0    5090   
g165556/Y                                                        NAND2X6           1  6.9   74   +82    5172 F 
g165555/B                                                                                         +0    5172   
g165555/Y                                                        NOR2X4            1  7.1   85   +66    5238 R 
g165554/B0                                                                                        +0    5238   
g165554/Y                                                        AOI2BB1X4         1 10.0   80   +66    5304 F 
g165553/B                                                                                         +0    5304   
g165553/Y                                                        NOR2X8            6 19.5  112   +78    5382 R 
g165550/S0                                                                                        +0    5382   
g165550/Y                                                        CLKMX2X3          3 10.0   88  +218    5600 F 
g655045/A1                                                                                        +0    5600   
g655045/Y                                                        OA21X2            1  6.9   91  +182    5782 F 
u_cpu_add_167_30_Y_u_cpu_add_165_34_Y_u_cpu_add_163_30_g913/B                                     +0    5782   
u_cpu_add_167_30_Y_u_cpu_add_165_34_Y_u_cpu_add_163_30_g913/Y    NOR2X4            2  9.8  103   +81    5864 R 
u_cpu_add_167_30_Y_u_cpu_add_165_34_Y_u_cpu_add_163_30_g911/B                                     +0    5864   
u_cpu_add_167_30_Y_u_cpu_add_165_34_Y_u_cpu_add_163_30_g911/Y    NOR2X4            1  8.5   68   +66    5929 F 
u_cpu_add_167_30_Y_u_cpu_add_165_34_Y_u_cpu_add_163_30_g909/B                                     +0    5930   
u_cpu_add_167_30_Y_u_cpu_add_165_34_Y_u_cpu_add_163_30_g909/Y    NOR2X6            2 10.0   82   +62    5991 R 
u_cpu_add_167_30_Y_u_cpu_add_165_34_Y_u_cpu_add_163_30_g907/B0                                    +0    5991   
u_cpu_add_167_30_Y_u_cpu_add_165_34_Y_u_cpu_add_163_30_g907/Y    AOI2BB1X4         1  6.9   68   +59    6050 F 
u_cpu_add_167_30_Y_u_cpu_add_165_34_Y_u_cpu_add_163_30_g905/B                                     +0    6050   
u_cpu_add_167_30_Y_u_cpu_add_165_34_Y_u_cpu_add_163_30_g905/Y    NOR2X4            2 10.0  104   +74    6124 R 
u_cpu_add_167_30_Y_u_cpu_add_165_34_Y_u_cpu_add_163_30_g903/B0                                    +0    6124   
u_cpu_add_167_30_Y_u_cpu_add_165_34_Y_u_cpu_add_163_30_g903/Y    AOI2BB1X4         1  6.8   67   +67    6191 F 
g655044/B0                                                                                        +0    6191   
g655044/Y                                                        AOI21X4           2  7.7   98   +69    6260 R 
u_cpu_add_167_30_Y_u_cpu_add_165_34_Y_u_cpu_add_163_30_g899/B0                                    +0    6260   
u_cpu_add_167_30_Y_u_cpu_add_165_34_Y_u_cpu_add_163_30_g899/Y    AOI2BB1X1         1  5.5  116   +97    6357 F 
u_cpu_add_167_30_Y_u_cpu_add_165_34_Y_u_cpu_add_163_30_g897/B                                     +0    6357   
u_cpu_add_167_30_Y_u_cpu_add_165_34_Y_u_cpu_add_163_30_g897/Y    NOR2X2            2  7.7  143  +111    6468 R 
g655043/A1N                                                                                       +0    6468   
g655043/Y                                                        AOI2BB1X4         2  8.5   96  +154    6623 R 
u_cpu_add_167_30_Y_u_cpu_add_165_34_Y_u_cpu_add_163_30_g891/B0                                    +0    6623   
u_cpu_add_167_30_Y_u_cpu_add_165_34_Y_u_cpu_add_163_30_g891/Y    AOI2BB1X2         1  8.5  109   +85    6707 F 
u_cpu_add_167_30_Y_u_cpu_add_165_34_Y_u_cpu_add_163_30_g889/B                                     +0    6708   
u_cpu_add_167_30_Y_u_cpu_add_165_34_Y_u_cpu_add_163_30_g889/Y    NOR2X6            2  9.8   83   +75    6782 R 
u_cpu_add_167_30_Y_u_cpu_add_165_34_Y_u_cpu_add_163_30_g887/B                                     +0    6783   
u_cpu_add_167_30_Y_u_cpu_add_165_34_Y_u_cpu_add_163_30_g887/Y    NOR2X4            1  8.5   90   +58    6841 F 
u_cpu_add_167_30_Y_u_cpu_add_165_34_Y_u_cpu_add_163_30_g885/B                                     +0    6841   
u_cpu_add_167_30_Y_u_cpu_add_165_34_Y_u_cpu_add_163_30_g885/Y    NOR2X6            2  9.8   82   +68    6910 R 
u_cpu_add_167_30_Y_u_cpu_add_165_34_Y_u_cpu_add_163_30_g883/B                                     +0    6910   
u_cpu_add_167_30_Y_u_cpu_add_165_34_Y_u_cpu_add_163_30_g883/Y    NOR2X4            1  6.9   84   +54    6964 F 
u_cpu_add_167_30_Y_u_cpu_add_165_34_Y_u_cpu_add_163_30_g881/B                                     +0    6964   
u_cpu_add_167_30_Y_u_cpu_add_165_34_Y_u_cpu_add_163_30_g881/Y    NOR2X4            2 10.0  104   +80    7044 R 
u_cpu_add_167_30_Y_u_cpu_add_165_34_Y_u_cpu_add_163_30_g879/B0                                    +0    7044   
u_cpu_add_167_30_Y_u_cpu_add_165_34_Y_u_cpu_add_163_30_g879/Y    AOI2BB1X4         1  6.9   68   +67    7110 F 
u_cpu_add_167_30_Y_u_cpu_add_165_34_Y_u_cpu_add_163_30_g877/B                                     +0    7111   
u_cpu_add_167_30_Y_u_cpu_add_165_34_Y_u_cpu_add_163_30_g877/Y    NOR2X4            2 10.0  104   +74    7185 R 
u_cpu_add_167_30_Y_u_cpu_add_165_34_Y_u_cpu_add_163_30_g875/B0                                    +0    7185   
u_cpu_add_167_30_Y_u_cpu_add_165_34_Y_u_cpu_add_163_30_g875/Y    AOI2BB1X4         1  6.9   68   +67    7252 F 
u_cpu_add_167_30_Y_u_cpu_add_165_34_Y_u_cpu_add_163_30_g873/B                                     +0    7252   
u_cpu_add_167_30_Y_u_cpu_add_165_34_Y_u_cpu_add_163_30_g873/Y    NOR2X4            2 11.3  114   +79    7331 R 
u_cpu_add_167_30_Y_u_cpu_add_165_34_Y_u_cpu_add_163_30_g871/B                                     +0    7331   
u_cpu_add_167_30_Y_u_cpu_add_165_34_Y_u_cpu_add_163_30_g871/Y    NOR2X6            1  8.5   92   +63    7394 F 
u_cpu_add_167_30_Y_u_cpu_add_165_34_Y_u_cpu_add_163_30_g869/B                                     +0    7395   
u_cpu_add_167_30_Y_u_cpu_add_165_34_Y_u_cpu_add_163_30_g869/Y    NOR2X6            2 10.0   83   +70    7464 R 
u_cpu_add_167_30_Y_u_cpu_add_165_34_Y_u_cpu_add_163_30_g867/B0                                    +0    7465   
u_cpu_add_167_30_Y_u_cpu_add_165_34_Y_u_cpu_add_163_30_g867/Y    AOI2BB1X4         1  8.5   74   +62    7527 F 
u_cpu_add_167_30_Y_u_cpu_add_165_34_Y_u_cpu_add_163_30_g865/B                                     +0    7527   
u_cpu_add_167_30_Y_u_cpu_add_165_34_Y_u_cpu_add_163_30_g865/Y    NOR2X6            2 11.3   89   +67    7594 R 
u_cpu_add_167_30_Y_u_cpu_add_165_34_Y_u_cpu_add_163_30_g863/B                                     +0    7594   
u_cpu_add_167_30_Y_u_cpu_add_165_34_Y_u_cpu_add_163_30_g863/Y    NOR2X6            1  8.5   92   +54    7648 F 
u_cpu_add_167_30_Y_u_cpu_add_165_34_Y_u_cpu_add_163_30_g861/B                                     +0    7648   
u_cpu_add_167_30_Y_u_cpu_add_165_34_Y_u_cpu_add_163_30_g861/Y    NOR2X6            2  9.5   80   +68    7717 R 
u_cpu_add_167_30_Y_u_cpu_add_165_34_Y_u_cpu_add_163_30_g859/B0                                    +0    7717   
u_cpu_add_167_30_Y_u_cpu_add_165_34_Y_u_cpu_add_163_30_g859/Y    AOI2BB1X4         1  8.5   74   +61    7778 F 
u_cpu_add_167_30_Y_u_cpu_add_165_34_Y_u_cpu_add_163_30_g857/B                                     +0    7778   
u_cpu_add_167_30_Y_u_cpu_add_165_34_Y_u_cpu_add_163_30_g857/Y    NOR2X6            2  9.5   80   +62    7841 R 
u_cpu_add_167_30_Y_u_cpu_add_165_34_Y_u_cpu_add_163_30_g855/B0                                    +0    7841   
u_cpu_add_167_30_Y_u_cpu_add_165_34_Y_u_cpu_add_163_30_g855/Y    AOI2BB1X4         1  8.5   74   +61    7902 F 
u_cpu_add_167_30_Y_u_cpu_add_165_34_Y_u_cpu_add_163_30_g853/B                                     +0    7902   
u_cpu_add_167_30_Y_u_cpu_add_165_34_Y_u_cpu_add_163_30_g853/Y    NOR2X6            2  9.3   79   +62    7964 R 
u_cpu_add_167_30_Y_u_cpu_add_165_34_Y_u_cpu_add_163_30_g851/B                                     +0    7964   
u_cpu_add_167_30_Y_u_cpu_add_165_34_Y_u_cpu_add_163_30_g851/Y    NOR2X4            1  6.9   86   +54    8018 F 
u_cpu_add_167_30_Y_u_cpu_add_165_34_Y_u_cpu_add_163_30_g849/B                                     +0    8018   
u_cpu_add_167_30_Y_u_cpu_add_165_34_Y_u_cpu_add_163_30_g849/Y    NOR2X4            2  9.8  103   +79    8097 R 
u_cpu_add_167_30_Y_u_cpu_add_165_34_Y_u_cpu_add_163_30_g848/B                                     +0    8098   
u_cpu_add_167_30_Y_u_cpu_add_165_34_Y_u_cpu_add_163_30_g848/Y    NOR2X4            1  6.9   86   +62    8160 F 
u_cpu_add_167_30_Y_u_cpu_add_165_34_Y_u_cpu_add_163_30_g846/B                                     +0    8160   
u_cpu_add_167_30_Y_u_cpu_add_165_34_Y_u_cpu_add_163_30_g846/Y    NOR2X4            2 10.0  104   +80    8240 R 
u_cpu_add_167_30_Y_u_cpu_add_165_34_Y_u_cpu_add_163_30_g845/B0                                    +0    8240   
u_cpu_add_167_30_Y_u_cpu_add_165_34_Y_u_cpu_add_163_30_g845/Y    AOI2BB1X4         1  6.9   68   +67    8307 F 
u_cpu_add_167_30_Y_u_cpu_add_165_34_Y_u_cpu_add_163_30_g843/B                                     +0    8307   
u_cpu_add_167_30_Y_u_cpu_add_165_34_Y_u_cpu_add_163_30_g843/Y    NOR2X4            2 10.0  104   +74    8382 R 
g655480/B0                                                                                        +0    8382   
g655480/Y                                                        AOI2BB1X4         1  6.9   68   +67    8448 F 
u_cpu_add_167_30_Y_u_cpu_add_165_34_Y_u_cpu_add_163_30_g840/B                                     +0    8448   
u_cpu_add_167_30_Y_u_cpu_add_165_34_Y_u_cpu_add_163_30_g840/Y    NOR2X4            2 11.3  114   +79    8528 R 
u_cpu_add_167_30_Y_u_cpu_add_165_34_Y_u_cpu_add_163_30_g839/B                                     +0    8528   
u_cpu_add_167_30_Y_u_cpu_add_165_34_Y_u_cpu_add_163_30_g839/Y    NOR2X6            1  8.5   92   +63    8591 F 
u_cpu_add_167_30_Y_u_cpu_add_165_34_Y_u_cpu_add_163_30_g837/B                                     +0    8591   
u_cpu_add_167_30_Y_u_cpu_add_165_34_Y_u_cpu_add_163_30_g837/Y    NOR2X6            2 10.0   82   +70    8661 R 
u_cpu_add_167_30_Y_u_cpu_add_165_34_Y_u_cpu_add_163_30_g836/B0                                    +0    8661   
u_cpu_add_167_30_Y_u_cpu_add_165_34_Y_u_cpu_add_163_30_g836/Y    AOI2BB1X4         1  8.5   76   +62    8723 F 
u_cpu_add_167_30_Y_u_cpu_add_165_34_Y_u_cpu_add_163_30_g834/B                                     +0    8723   
u_cpu_add_167_30_Y_u_cpu_add_165_34_Y_u_cpu_add_163_30_g834/Y    NOR2X6            2 10.0   82   +64    8787 R 
u_cpu_add_167_30_Y_u_cpu_add_165_34_Y_u_cpu_add_163_30_g833/B0                                    +0    8788   
u_cpu_add_167_30_Y_u_cpu_add_165_34_Y_u_cpu_add_163_30_g833/Y    AOI2BB1X4         1  8.5   76   +62    8849 F 
u_cpu_add_167_30_Y_u_cpu_add_165_34_Y_u_cpu_add_163_30_g831/B                                     +0    8850   
u_cpu_add_167_30_Y_u_cpu_add_165_34_Y_u_cpu_add_163_30_g831/Y    NOR2X6            2 11.3   89   +68    8917 R 
u_cpu_add_167_30_Y_u_cpu_add_165_34_Y_u_cpu_add_163_30_g830/B                                     +0    8917   
u_cpu_add_167_30_Y_u_cpu_add_165_34_Y_u_cpu_add_163_30_g830/Y    NOR2X6            1  8.5   93   +54    8972 F 
u_cpu_add_167_30_Y_u_cpu_add_165_34_Y_u_cpu_add_163_30_g828/B                                     +0    8972   
u_cpu_add_167_30_Y_u_cpu_add_165_34_Y_u_cpu_add_163_30_g828/Y    NOR2X6            2 10.0   82   +70    9042 R 
u_cpu_add_167_30_Y_u_cpu_add_165_34_Y_u_cpu_add_163_30_g827/B0                                    +0    9042   
u_cpu_add_167_30_Y_u_cpu_add_165_34_Y_u_cpu_add_163_30_g827/Y    AOI2BB1X4         1  8.5   76   +62    9104 F 
u_cpu_add_167_30_Y_u_cpu_add_165_34_Y_u_cpu_add_163_30_g825/B                                     +0    9104   
u_cpu_add_167_30_Y_u_cpu_add_165_34_Y_u_cpu_add_163_30_g825/Y    NOR2X6            2 11.3   89   +68    9172 R 
u_cpu_add_167_30_Y_u_cpu_add_165_34_Y_u_cpu_add_163_30_g824/B                                     +0    9172   
u_cpu_add_167_30_Y_u_cpu_add_165_34_Y_u_cpu_add_163_30_g824/Y    NOR2X6            1  8.5   93   +54    9226 F 
u_cpu_add_167_30_Y_u_cpu_add_165_34_Y_u_cpu_add_163_30_g822/B                                     +0    9226   
u_cpu_add_167_30_Y_u_cpu_add_165_34_Y_u_cpu_add_163_30_g822/Y    NOR2X6            2 10.0   82   +70    9296 R 
u_cpu_add_167_30_Y_u_cpu_add_165_34_Y_u_cpu_add_163_30_g821/B0                                    +0    9296   
u_cpu_add_167_30_Y_u_cpu_add_165_34_Y_u_cpu_add_163_30_g821/Y    AOI2BB1X4         1  8.5   76   +62    9358 F 
u_cpu_add_167_30_Y_u_cpu_add_165_34_Y_u_cpu_add_163_30_g819/B                                     +0    9358   
u_cpu_add_167_30_Y_u_cpu_add_165_34_Y_u_cpu_add_163_30_g819/Y    NOR2X6            2 11.3   89   +68    9426 R 
u_cpu_add_167_30_Y_u_cpu_add_165_34_Y_u_cpu_add_163_30_g818/B                                     +0    9426   
u_cpu_add_167_30_Y_u_cpu_add_165_34_Y_u_cpu_add_163_30_g818/Y    NOR2X6            1  8.5   93   +54    9480 F 
u_cpu_add_167_30_Y_u_cpu_add_165_34_Y_u_cpu_add_163_30_g816/B                                     +0    9480   
u_cpu_add_167_30_Y_u_cpu_add_165_34_Y_u_cpu_add_163_30_g816/Y    NOR2X6            2 10.0   82   +70    9551 R 
g655057/B0                                                                                        +0    9551   
g655057/Y                                                        AOI2BB1X4         1  8.5   76   +62    9613 F 
g655056/A                                                                                         +0    9613   
g655056/Y                                                        NOR2X6            2 10.0   93   +72    9685 R 
u_cpu_add_167_30_Y_u_cpu_add_165_34_Y_u_cpu_add_163_30_g812/B0                                    +0    9685   
u_cpu_add_167_30_Y_u_cpu_add_165_34_Y_u_cpu_add_163_30_g812/Y    AOI2BB1X4         1  6.9   70   +62    9747 F 
u_cpu_add_167_30_Y_u_cpu_add_165_34_Y_u_cpu_add_163_30_g810/B                                     +0    9748   
u_cpu_add_167_30_Y_u_cpu_add_165_34_Y_u_cpu_add_163_30_g810/Y    NOR2X4            1  5.3   70   +57    9805 R 
u_cpu_add_167_30_Y_u_cpu_add_165_34_Y_u_cpu_add_163_30_g809/B                                     +0    9805   
u_cpu_add_167_30_Y_u_cpu_add_165_34_Y_u_cpu_add_163_30_g809/Y    XOR2X4            1  4.8   73  +156    9961 R 
g641353/B                                                                                         +0    9961   
g641353/Y                                                        NAND2X1           1  4.8  186  +124   10085 F 
g653712/B                                                                                         +0   10085   
g653712/Y                                                        NAND2X1           1  4.7  112  +112   10196 R 
u_cpu_pc_reg[31]/D                                               DFFRHQX1                         +0   10197   
u_cpu_pc_reg[31]/CK                                              setup                     100   +98   10294 R 
- - - - - - - - - - - - - - - - - - - - - - - - - - - - - - - - - - - - - - - - - - - - - - - - - - - - - - - -
(clock clk)                                                      capture                               10000 R 
                                                                 latency                        +500   10500 R 
                                                                 uncertainty                    -200   10300 R 
---------------------------------------------------------------------------------------------------------------
Cost Group   : 'clk' (path_group 'clk')
Timing slack :       6ps 
Start-point  : u_cpu_ir_reg[6]/CK
End-point    : u_cpu_pc_reg[31]/D

path  18:

                             Pin                                   Type       Fanout Load Slew Delay Arrival   
                                                                                     (fF) (ps)  (ps)   (ps)    
---------------------------------------------------------------------------------------------------------------
(clock clk)                                                      launch                                    0 R 
                                                                 latency                        +500     500 R 
u_cpu_ir_reg[6]/CK                                                                         100    +0     500 R 
u_cpu_ir_reg[6]/Q                                                SDFFRX2           9 26.8  231  +422     922 R 
g655025/A1N                                                                                       +0     922   
g655025/Y                                                        AOI2BB1X2         3 10.8  189  +239    1162 R 
g655023/AN                                                                                        +0    1162   
g655023/Y                                                        NOR3BX4           4 17.8  258  +280    1442 R 
g655055/A1                                                                                        +0    1442   
g655055/Y                                                        AOI21X4           1  7.0  124  +148    1590 F 
g655054/B0                                                                                        +0    1590   
g655054/Y                                                        OAI2BB1X4         3 24.1  129  +100    1691 R 
u_cpu_u_alu_srl_21_33_g2998/A                                                                     +0    1691   
u_cpu_u_alu_srl_21_33_g2998/Y                                    CLKINVX20        20 80.8   89   +90    1781 F 
u_cpu_u_alu_srl_21_33_g2991/A                                                                     +0    1781   
u_cpu_u_alu_srl_21_33_g2991/Y                                    CLKINVX12        16 51.2   78   +70    1851 R 
u_cpu_u_alu_srl_21_33_g2958/S0                                                                    +0    1851   
u_cpu_u_alu_srl_21_33_g2958/Y                                    MX2XL             2  7.0  228  +266    2116 F 
u_cpu_u_alu_srl_21_33_g2922/A                                                                     +0    2116   
u_cpu_u_alu_srl_21_33_g2922/Y                                    MX2X1             2  7.0  140  +241    2357 F 
u_cpu_u_alu_srl_21_33_g2888/B                                                                     +0    2357   
u_cpu_u_alu_srl_21_33_g2888/Y                                    MX2XL             2  6.9  225  +253    2610 F 
u_cpu_u_alu_srl_21_33_g2856/A                                                                     +0    2610   
u_cpu_u_alu_srl_21_33_g2856/Y                                    CLKMX2X2          2  7.1   94  +236    2846 F 
u_cpu_u_alu_srl_21_33_g2814/A                                                                     +0    2846   
u_cpu_u_alu_srl_21_33_g2814/Y                                    CLKMX2X3          1  4.8   62  +159    3005 F 
g165772/A1                                                                                        +0    3005   
g165772/Y                                                        AOI22X1           1  4.8  223  +139    3144 R 
g165628/B                                                                                         +0    3144   
g165628/Y                                                        NAND2X1           1  5.4  210  +183    3327 F 
g655391/B0                                                                                        +0    3328   
g655391/Y                                                        AOI21X2           2  7.0  150  +140    3467 R 
g655030/AN                                                                                        +0    3467   
g655030/Y                                                        NOR4BX2           1  7.0  312  +310    3777 R 
g655029/C                                                                                         +0    3777   
g655029/Y                                                        NAND4BX4          1  6.7  252  +242    4019 F 
g655028/B                                                                                         +0    4019   
g655028/Y                                                        NOR4BX4           1  6.8  221  +213    4233 R 
g655027/B                                                                                         +0    4233   
g655027/Y                                                        NAND4BX4          1  7.3  248  +235    4468 F 
g165561/A                                                                                         +0    4468   
g165561/Y                                                        NOR3X4            1  7.1  150  +164    4632 R 
g655403/A                                                                                         +0    4632   
g655403/Y                                                        NAND2X4           1  6.9  103  +104    4736 F 
g165559/B                                                                                         +0    4736   
g165559/Y                                                        NOR2X4            1  6.8  103   +74    4810 R 
g655026/D                                                                                         +0    4810   
g655026/Y                                                        NAND4BBX4         1  7.1  238  +150    4960 F 
g165557/A                                                                                         +0    4960   
g165557/Y                                                        NOR2X4            1  8.6  110  +129    5089 R 
g165556/A                                                                                         +0    5090   
g165556/Y                                                        NAND2X6           1  6.9   74   +82    5172 F 
g165555/B                                                                                         +0    5172   
g165555/Y                                                        NOR2X4            1  7.1   85   +66    5238 R 
g165554/B0                                                                                        +0    5238   
g165554/Y                                                        AOI2BB1X4         1 10.0   80   +66    5304 F 
g165553/B                                                                                         +0    5304   
g165553/Y                                                        NOR2X8            6 19.5  112   +78    5382 R 
g165550/S0                                                                                        +0    5382   
g165550/Y                                                        CLKMX2X3          3 10.0   88  +218    5600 F 
g655045/A1                                                                                        +0    5600   
g655045/Y                                                        OA21X2            1  6.9   91  +182    5782 F 
u_cpu_add_167_30_Y_u_cpu_add_165_34_Y_u_cpu_add_163_30_g913/B                                     +0    5782   
u_cpu_add_167_30_Y_u_cpu_add_165_34_Y_u_cpu_add_163_30_g913/Y    NOR2X4            2  9.8  103   +81    5864 R 
u_cpu_add_167_30_Y_u_cpu_add_165_34_Y_u_cpu_add_163_30_g911/B                                     +0    5864   
u_cpu_add_167_30_Y_u_cpu_add_165_34_Y_u_cpu_add_163_30_g911/Y    NOR2X4            1  8.5   68   +66    5929 F 
u_cpu_add_167_30_Y_u_cpu_add_165_34_Y_u_cpu_add_163_30_g909/B                                     +0    5929   
u_cpu_add_167_30_Y_u_cpu_add_165_34_Y_u_cpu_add_163_30_g909/Y    NOR2X6            2 10.0   82   +62    5991 R 
u_cpu_add_167_30_Y_u_cpu_add_165_34_Y_u_cpu_add_163_30_g907/B0                                    +0    5991   
u_cpu_add_167_30_Y_u_cpu_add_165_34_Y_u_cpu_add_163_30_g907/Y    AOI2BB1X4         1  6.9   68   +59    6050 F 
u_cpu_add_167_30_Y_u_cpu_add_165_34_Y_u_cpu_add_163_30_g905/B                                     +0    6050   
u_cpu_add_167_30_Y_u_cpu_add_165_34_Y_u_cpu_add_163_30_g905/Y    NOR2X4            2 10.0  104   +74    6124 R 
u_cpu_add_167_30_Y_u_cpu_add_165_34_Y_u_cpu_add_163_30_g903/B0                                    +0    6124   
u_cpu_add_167_30_Y_u_cpu_add_165_34_Y_u_cpu_add_163_30_g903/Y    AOI2BB1X4         1  6.8   67   +67    6191 F 
g655044/B0                                                                                        +0    6191   
g655044/Y                                                        AOI21X4           2  7.7   98   +69    6260 R 
u_cpu_add_167_30_Y_u_cpu_add_165_34_Y_u_cpu_add_163_30_g899/B0                                    +0    6260   
u_cpu_add_167_30_Y_u_cpu_add_165_34_Y_u_cpu_add_163_30_g899/Y    AOI2BB1X1         1  5.5  116   +97    6357 F 
u_cpu_add_167_30_Y_u_cpu_add_165_34_Y_u_cpu_add_163_30_g897/B                                     +0    6357   
u_cpu_add_167_30_Y_u_cpu_add_165_34_Y_u_cpu_add_163_30_g897/Y    NOR2X2            2  7.7  143  +111    6468 R 
g655043/A1N                                                                                       +0    6468   
g655043/Y                                                        AOI2BB1X4         2  8.5   96  +154    6622 R 
u_cpu_add_167_30_Y_u_cpu_add_165_34_Y_u_cpu_add_163_30_g891/B0                                    +0    6623   
u_cpu_add_167_30_Y_u_cpu_add_165_34_Y_u_cpu_add_163_30_g891/Y    AOI2BB1X2         1  8.5  109   +85    6707 F 
u_cpu_add_167_30_Y_u_cpu_add_165_34_Y_u_cpu_add_163_30_g889/B                                     +0    6708   
u_cpu_add_167_30_Y_u_cpu_add_165_34_Y_u_cpu_add_163_30_g889/Y    NOR2X6            2  9.8   83   +75    6782 R 
u_cpu_add_167_30_Y_u_cpu_add_165_34_Y_u_cpu_add_163_30_g887/B                                     +0    6782   
u_cpu_add_167_30_Y_u_cpu_add_165_34_Y_u_cpu_add_163_30_g887/Y    NOR2X4            1  8.5   90   +58    6841 F 
u_cpu_add_167_30_Y_u_cpu_add_165_34_Y_u_cpu_add_163_30_g885/B                                     +0    6841   
u_cpu_add_167_30_Y_u_cpu_add_165_34_Y_u_cpu_add_163_30_g885/Y    NOR2X6            2  9.8   82   +68    6909 R 
u_cpu_add_167_30_Y_u_cpu_add_165_34_Y_u_cpu_add_163_30_g883/B                                     +0    6910   
u_cpu_add_167_30_Y_u_cpu_add_165_34_Y_u_cpu_add_163_30_g883/Y    NOR2X4            1  6.9   84   +54    6964 F 
u_cpu_add_167_30_Y_u_cpu_add_165_34_Y_u_cpu_add_163_30_g881/B                                     +0    6964   
u_cpu_add_167_30_Y_u_cpu_add_165_34_Y_u_cpu_add_163_30_g881/Y    NOR2X4            2 10.0  104   +80    7044 R 
u_cpu_add_167_30_Y_u_cpu_add_165_34_Y_u_cpu_add_163_30_g879/B0                                    +0    7044   
u_cpu_add_167_30_Y_u_cpu_add_165_34_Y_u_cpu_add_163_30_g879/Y    AOI2BB1X4         1  6.9   68   +67    7110 F 
u_cpu_add_167_30_Y_u_cpu_add_165_34_Y_u_cpu_add_163_30_g877/B                                     +0    7110   
u_cpu_add_167_30_Y_u_cpu_add_165_34_Y_u_cpu_add_163_30_g877/Y    NOR2X4            2 10.0  104   +74    7185 R 
u_cpu_add_167_30_Y_u_cpu_add_165_34_Y_u_cpu_add_163_30_g875/B0                                    +0    7185   
u_cpu_add_167_30_Y_u_cpu_add_165_34_Y_u_cpu_add_163_30_g875/Y    AOI2BB1X4         1  6.9   68   +67    7252 F 
u_cpu_add_167_30_Y_u_cpu_add_165_34_Y_u_cpu_add_163_30_g873/B                                     +0    7252   
u_cpu_add_167_30_Y_u_cpu_add_165_34_Y_u_cpu_add_163_30_g873/Y    NOR2X4            2 11.3  114   +79    7331 R 
u_cpu_add_167_30_Y_u_cpu_add_165_34_Y_u_cpu_add_163_30_g871/B                                     +0    7331   
u_cpu_add_167_30_Y_u_cpu_add_165_34_Y_u_cpu_add_163_30_g871/Y    NOR2X6            1  8.5   92   +63    7394 F 
u_cpu_add_167_30_Y_u_cpu_add_165_34_Y_u_cpu_add_163_30_g869/B                                     +0    7395   
u_cpu_add_167_30_Y_u_cpu_add_165_34_Y_u_cpu_add_163_30_g869/Y    NOR2X6            2 10.0   83   +70    7464 R 
u_cpu_add_167_30_Y_u_cpu_add_165_34_Y_u_cpu_add_163_30_g867/B0                                    +0    7464   
u_cpu_add_167_30_Y_u_cpu_add_165_34_Y_u_cpu_add_163_30_g867/Y    AOI2BB1X4         1  8.5   74   +62    7526 F 
u_cpu_add_167_30_Y_u_cpu_add_165_34_Y_u_cpu_add_163_30_g865/B                                     +0    7527   
u_cpu_add_167_30_Y_u_cpu_add_165_34_Y_u_cpu_add_163_30_g865/Y    NOR2X6            2 11.3   89   +67    7594 R 
u_cpu_add_167_30_Y_u_cpu_add_165_34_Y_u_cpu_add_163_30_g863/B                                     +0    7594   
u_cpu_add_167_30_Y_u_cpu_add_165_34_Y_u_cpu_add_163_30_g863/Y    NOR2X6            1  8.5   92   +54    7648 F 
u_cpu_add_167_30_Y_u_cpu_add_165_34_Y_u_cpu_add_163_30_g861/B                                     +0    7648   
u_cpu_add_167_30_Y_u_cpu_add_165_34_Y_u_cpu_add_163_30_g861/Y    NOR2X6            2  9.5   80   +68    7717 R 
u_cpu_add_167_30_Y_u_cpu_add_165_34_Y_u_cpu_add_163_30_g859/B0                                    +0    7717   
u_cpu_add_167_30_Y_u_cpu_add_165_34_Y_u_cpu_add_163_30_g859/Y    AOI2BB1X4         1  8.5   74   +61    7778 F 
u_cpu_add_167_30_Y_u_cpu_add_165_34_Y_u_cpu_add_163_30_g857/B                                     +0    7778   
u_cpu_add_167_30_Y_u_cpu_add_165_34_Y_u_cpu_add_163_30_g857/Y    NOR2X6            2  9.5   80   +62    7841 R 
u_cpu_add_167_30_Y_u_cpu_add_165_34_Y_u_cpu_add_163_30_g855/B0                                    +0    7841   
u_cpu_add_167_30_Y_u_cpu_add_165_34_Y_u_cpu_add_163_30_g855/Y    AOI2BB1X4         1  8.5   74   +61    7902 F 
u_cpu_add_167_30_Y_u_cpu_add_165_34_Y_u_cpu_add_163_30_g853/B                                     +0    7902   
u_cpu_add_167_30_Y_u_cpu_add_165_34_Y_u_cpu_add_163_30_g853/Y    NOR2X6            2  9.3   79   +62    7964 R 
u_cpu_add_167_30_Y_u_cpu_add_165_34_Y_u_cpu_add_163_30_g851/B                                     +0    7964   
u_cpu_add_167_30_Y_u_cpu_add_165_34_Y_u_cpu_add_163_30_g851/Y    NOR2X4            1  6.9   86   +54    8018 F 
u_cpu_add_167_30_Y_u_cpu_add_165_34_Y_u_cpu_add_163_30_g849/B                                     +0    8018   
u_cpu_add_167_30_Y_u_cpu_add_165_34_Y_u_cpu_add_163_30_g849/Y    NOR2X4            2  9.8  103   +79    8097 R 
u_cpu_add_167_30_Y_u_cpu_add_165_34_Y_u_cpu_add_163_30_g848/B                                     +0    8097   
u_cpu_add_167_30_Y_u_cpu_add_165_34_Y_u_cpu_add_163_30_g848/Y    NOR2X4            1  6.9   86   +62    8160 F 
u_cpu_add_167_30_Y_u_cpu_add_165_34_Y_u_cpu_add_163_30_g846/B                                     +0    8160   
u_cpu_add_167_30_Y_u_cpu_add_165_34_Y_u_cpu_add_163_30_g846/Y    NOR2X4            2 10.0  104   +80    8240 R 
u_cpu_add_167_30_Y_u_cpu_add_165_34_Y_u_cpu_add_163_30_g845/B0                                    +0    8240   
u_cpu_add_167_30_Y_u_cpu_add_165_34_Y_u_cpu_add_163_30_g845/Y    AOI2BB1X4         1  6.9   68   +67    8307 F 
u_cpu_add_167_30_Y_u_cpu_add_165_34_Y_u_cpu_add_163_30_g843/B                                     +0    8307   
u_cpu_add_167_30_Y_u_cpu_add_165_34_Y_u_cpu_add_163_30_g843/Y    NOR2X4            2 10.0  104   +74    8381 R 
g655480/B0                                                                                        +0    8382   
g655480/Y                                                        AOI2BB1X4         1  6.9   68   +67    8448 F 
u_cpu_add_167_30_Y_u_cpu_add_165_34_Y_u_cpu_add_163_30_g840/B                                     +0    8448   
u_cpu_add_167_30_Y_u_cpu_add_165_34_Y_u_cpu_add_163_30_g840/Y    NOR2X4            2 11.3  114   +79    8528 R 
u_cpu_add_167_30_Y_u_cpu_add_165_34_Y_u_cpu_add_163_30_g839/B                                     +0    8528   
u_cpu_add_167_30_Y_u_cpu_add_165_34_Y_u_cpu_add_163_30_g839/Y    NOR2X6            1  8.5   92   +63    8591 F 
u_cpu_add_167_30_Y_u_cpu_add_165_34_Y_u_cpu_add_163_30_g837/B                                     +0    8591   
u_cpu_add_167_30_Y_u_cpu_add_165_34_Y_u_cpu_add_163_30_g837/Y    NOR2X6            2 10.0   82   +70    8661 R 
u_cpu_add_167_30_Y_u_cpu_add_165_34_Y_u_cpu_add_163_30_g836/B0                                    +0    8661   
u_cpu_add_167_30_Y_u_cpu_add_165_34_Y_u_cpu_add_163_30_g836/Y    AOI2BB1X4         1  8.5   76   +62    8723 F 
u_cpu_add_167_30_Y_u_cpu_add_165_34_Y_u_cpu_add_163_30_g834/B                                     +0    8723   
u_cpu_add_167_30_Y_u_cpu_add_165_34_Y_u_cpu_add_163_30_g834/Y    NOR2X6            2 10.0   82   +64    8787 R 
u_cpu_add_167_30_Y_u_cpu_add_165_34_Y_u_cpu_add_163_30_g833/B0                                    +0    8787   
u_cpu_add_167_30_Y_u_cpu_add_165_34_Y_u_cpu_add_163_30_g833/Y    AOI2BB1X4         1  8.5   76   +62    8849 F 
u_cpu_add_167_30_Y_u_cpu_add_165_34_Y_u_cpu_add_163_30_g831/B                                     +0    8850   
u_cpu_add_167_30_Y_u_cpu_add_165_34_Y_u_cpu_add_163_30_g831/Y    NOR2X6            2 11.3   89   +68    8917 R 
u_cpu_add_167_30_Y_u_cpu_add_165_34_Y_u_cpu_add_163_30_g830/B                                     +0    8917   
u_cpu_add_167_30_Y_u_cpu_add_165_34_Y_u_cpu_add_163_30_g830/Y    NOR2X6            1  8.5   93   +54    8971 F 
u_cpu_add_167_30_Y_u_cpu_add_165_34_Y_u_cpu_add_163_30_g828/B                                     +0    8972   
u_cpu_add_167_30_Y_u_cpu_add_165_34_Y_u_cpu_add_163_30_g828/Y    NOR2X6            2 10.0   82   +70    9042 R 
u_cpu_add_167_30_Y_u_cpu_add_165_34_Y_u_cpu_add_163_30_g827/B0                                    +0    9042   
u_cpu_add_167_30_Y_u_cpu_add_165_34_Y_u_cpu_add_163_30_g827/Y    AOI2BB1X4         1  8.5   76   +62    9104 F 
u_cpu_add_167_30_Y_u_cpu_add_165_34_Y_u_cpu_add_163_30_g825/B                                     +0    9104   
u_cpu_add_167_30_Y_u_cpu_add_165_34_Y_u_cpu_add_163_30_g825/Y    NOR2X6            2 11.3   89   +68    9171 R 
u_cpu_add_167_30_Y_u_cpu_add_165_34_Y_u_cpu_add_163_30_g824/B                                     +0    9172   
u_cpu_add_167_30_Y_u_cpu_add_165_34_Y_u_cpu_add_163_30_g824/Y    NOR2X6            1  8.5   93   +54    9226 F 
u_cpu_add_167_30_Y_u_cpu_add_165_34_Y_u_cpu_add_163_30_g822/B                                     +0    9226   
u_cpu_add_167_30_Y_u_cpu_add_165_34_Y_u_cpu_add_163_30_g822/Y    NOR2X6            2 10.0   82   +70    9296 R 
u_cpu_add_167_30_Y_u_cpu_add_165_34_Y_u_cpu_add_163_30_g821/B0                                    +0    9296   
u_cpu_add_167_30_Y_u_cpu_add_165_34_Y_u_cpu_add_163_30_g821/Y    AOI2BB1X4         1  8.5   76   +62    9358 F 
u_cpu_add_167_30_Y_u_cpu_add_165_34_Y_u_cpu_add_163_30_g819/B                                     +0    9358   
u_cpu_add_167_30_Y_u_cpu_add_165_34_Y_u_cpu_add_163_30_g819/Y    NOR2X6            2 11.3   89   +68    9426 R 
u_cpu_add_167_30_Y_u_cpu_add_165_34_Y_u_cpu_add_163_30_g818/B                                     +0    9426   
u_cpu_add_167_30_Y_u_cpu_add_165_34_Y_u_cpu_add_163_30_g818/Y    NOR2X6            1  8.5   93   +54    9480 F 
u_cpu_add_167_30_Y_u_cpu_add_165_34_Y_u_cpu_add_163_30_g816/B                                     +0    9480   
u_cpu_add_167_30_Y_u_cpu_add_165_34_Y_u_cpu_add_163_30_g816/Y    NOR2X6            2 10.0   82   +70    9550 R 
g655057/B0                                                                                        +0    9551   
g655057/Y                                                        AOI2BB1X4         1  8.5   76   +62    9612 F 
g655056/A                                                                                         +0    9613   
g655056/Y                                                        NOR2X6            2 10.0   93   +72    9685 R 
u_cpu_add_167_30_Y_u_cpu_add_165_34_Y_u_cpu_add_163_30_g812/B0                                    +0    9685   
u_cpu_add_167_30_Y_u_cpu_add_165_34_Y_u_cpu_add_163_30_g812/Y    AOI2BB1X4         1  6.9   70   +62    9747 F 
u_cpu_add_167_30_Y_u_cpu_add_165_34_Y_u_cpu_add_163_30_g810/B                                     +0    9747   
u_cpu_add_167_30_Y_u_cpu_add_165_34_Y_u_cpu_add_163_30_g810/Y    NOR2X4            1  5.3   70   +57    9805 R 
u_cpu_add_167_30_Y_u_cpu_add_165_34_Y_u_cpu_add_163_30_g809/B                                     +0    9805   
u_cpu_add_167_30_Y_u_cpu_add_165_34_Y_u_cpu_add_163_30_g809/Y    XOR2X4            1  4.8   73  +156    9960 R 
g641353/B                                                                                         +0    9961   
g641353/Y                                                        NAND2X1           1  4.8  186  +124   10085 F 
g653712/B                                                                                         +0   10085   
g653712/Y                                                        NAND2X1           1  4.7  112  +112   10196 R 
u_cpu_pc_reg[31]/D                                               DFFRHQX1                         +0   10196   
u_cpu_pc_reg[31]/CK                                              setup                     100   +98   10294 R 
- - - - - - - - - - - - - - - - - - - - - - - - - - - - - - - - - - - - - - - - - - - - - - - - - - - - - - - -
(clock clk)                                                      capture                               10000 R 
                                                                 latency                        +500   10500 R 
                                                                 uncertainty                    -200   10300 R 
---------------------------------------------------------------------------------------------------------------
Cost Group   : 'clk' (path_group 'clk')
Timing slack :       6ps 
Start-point  : u_cpu_ir_reg[6]/CK
End-point    : u_cpu_pc_reg[31]/D

path  19:

                             Pin                                   Type       Fanout Load Slew Delay Arrival   
                                                                                     (fF) (ps)  (ps)   (ps)    
---------------------------------------------------------------------------------------------------------------
(clock clk)                                                      launch                                    0 R 
                                                                 latency                        +500     500 R 
u_cpu_ir_reg[4]/CK                                                                         100    +0     500 R 
u_cpu_ir_reg[4]/QN                                               SDFFRX2           8 29.1  255  +488     988 F 
g160912/B1                                                                                        +0     988   
g160912/Y                                                        OAI22X2           2  9.5  217  +175    1163 R 
g160892/A0                                                                                        +0    1163   
g160892/Y                                                        OAI21X4           1  8.5  118  +150    1314 F 
g160890/B                                                                                         +0    1314   
g160890/Y                                                        NOR2X6            4 17.5  121   +97    1411 R 
g160889/A                                                                                         +0    1411   
g160889/Y                                                        CLKINVX6          5 15.1   67   +73    1484 F 
g655053/A1N                                                                                       +0    1484   
g655053/Y                                                        OAI2BB1X4         7 25.5  239  +202    1686 F 
u_cpu_u_alu_sub_16_33_Y_u_cpu_u_alu_add_15_33_g4299/A                                             +0    1686   
u_cpu_u_alu_sub_16_33_Y_u_cpu_u_alu_add_15_33_g4299/Y            INVX2             1  7.0   94  +117    1803 R 
u_cpu_u_alu_sub_16_33_Y_u_cpu_u_alu_add_15_33_g4170/A0                                            +0    1803   
u_cpu_u_alu_sub_16_33_Y_u_cpu_u_alu_add_15_33_g4170/Y            OAI22X4           2 10.2  145  +134    1937 F 
u_cpu_u_alu_sub_16_33_Y_u_cpu_u_alu_add_15_33_g4110/B                                             +0    1937   
u_cpu_u_alu_sub_16_33_Y_u_cpu_u_alu_add_15_33_g4110/Y            NAND2X2           2  9.2  122   +96    2034 R 
u_cpu_u_alu_sub_16_33_Y_u_cpu_u_alu_add_15_33_g4046/B0                                            +0    2034   
u_cpu_u_alu_sub_16_33_Y_u_cpu_u_alu_add_15_33_g4046/Y            OAI21X4           2 10.0  132  +112    2145 F 
u_cpu_u_alu_sub_16_33_Y_u_cpu_u_alu_add_15_33_g4039/A1                                            +0    2146   
u_cpu_u_alu_sub_16_33_Y_u_cpu_u_alu_add_15_33_g4039/Y            AOI21X4           2  9.9  107  +110    2255 R 
u_cpu_u_alu_sub_16_33_Y_u_cpu_u_alu_add_15_33_g4034/B                                             +0    2255   
u_cpu_u_alu_sub_16_33_Y_u_cpu_u_alu_add_15_33_g4034/Y            NOR2X4            1  6.9   70   +64    2319 F 
u_cpu_u_alu_sub_16_33_Y_u_cpu_u_alu_add_15_33_g4032/B                                             +0    2319   
u_cpu_u_alu_sub_16_33_Y_u_cpu_u_alu_add_15_33_g4032/Y            NOR2X4            2  9.9  107   +74    2394 R 
u_cpu_u_alu_sub_16_33_Y_u_cpu_u_alu_add_15_33_g4030/B                                             +0    2394   
u_cpu_u_alu_sub_16_33_Y_u_cpu_u_alu_add_15_33_g4030/Y            NOR2X4            1  8.5   76   +67    2461 F 
u_cpu_u_alu_sub_16_33_Y_u_cpu_u_alu_add_15_33_g4028/B                                             +0    2461   
u_cpu_u_alu_sub_16_33_Y_u_cpu_u_alu_add_15_33_g4028/Y            NOR2X6            2  9.5   76   +63    2524 R 
u_cpu_u_alu_sub_16_33_Y_u_cpu_u_alu_add_15_33_g4026/B                                             +0    2524   
u_cpu_u_alu_sub_16_33_Y_u_cpu_u_alu_add_15_33_g4026/Y            NOR2X4            1  6.9   61   +52    2577 F 
u_cpu_u_alu_sub_16_33_Y_u_cpu_u_alu_add_15_33_g4024/B                                             +0    2577   
u_cpu_u_alu_sub_16_33_Y_u_cpu_u_alu_add_15_33_g4024/Y            NOR2X4            2  9.8  101   +71    2648 R 
u_cpu_u_alu_sub_16_33_Y_u_cpu_u_alu_add_15_33_g4021/B                                             +0    2648   
u_cpu_u_alu_sub_16_33_Y_u_cpu_u_alu_add_15_33_g4021/Y            NOR2X4            2  9.4  110   +67    2715 F 
u_cpu_u_alu_sub_16_33_Y_u_cpu_u_alu_add_15_33_g4015/A1                                            +0    2715   
u_cpu_u_alu_sub_16_33_Y_u_cpu_u_alu_add_15_33_g4015/Y            AOI21X4           2  9.8  138  +102    2818 R 
u_cpu_u_alu_sub_16_33_Y_u_cpu_u_alu_add_15_33_g4011/A1                                            +0    2818   
u_cpu_u_alu_sub_16_33_Y_u_cpu_u_alu_add_15_33_g4011/Y            OAI21X4           2  7.6  109  +110    2928 F 
g655048/A1N                                                                                       +0    2928   
g655048/Y                                                        OAI2BB1X4         2  9.6  115  +152    3080 F 
u_cpu_u_alu_sub_16_33_Y_u_cpu_u_alu_add_15_33_g4007/A                                             +0    3081   
u_cpu_u_alu_sub_16_33_Y_u_cpu_u_alu_add_15_33_g4007/Y            CLKINVX4          1  6.9   49   +60    3141 R 
u_cpu_u_alu_sub_16_33_Y_u_cpu_u_alu_add_15_33_g4005/A1                                            +0    3141   
u_cpu_u_alu_sub_16_33_Y_u_cpu_u_alu_add_15_33_g4005/Y            OAI21X4           2  9.9  134   +90    3231 F 
u_cpu_u_alu_sub_16_33_Y_u_cpu_u_alu_add_15_33_g4003/A1                                            +0    3231   
u_cpu_u_alu_sub_16_33_Y_u_cpu_u_alu_add_15_33_g4003/Y            AOI21X4           2  9.8  120  +110    3341 R 
u_cpu_u_alu_sub_16_33_Y_u_cpu_u_alu_add_15_33_g4000/A1                                            +0    3341   
u_cpu_u_alu_sub_16_33_Y_u_cpu_u_alu_add_15_33_g4000/Y            OAI21X4           2  9.6  137  +113    3454 F 
u_cpu_u_alu_sub_16_33_Y_u_cpu_u_alu_add_15_33_g3999/A                                             +0    3454   
u_cpu_u_alu_sub_16_33_Y_u_cpu_u_alu_add_15_33_g3999/Y            CLKINVX4          1  8.4   59   +70    3524 R 
u_cpu_u_alu_sub_16_33_Y_u_cpu_u_alu_add_15_33_g3998/B                                             +0    3525   
u_cpu_u_alu_sub_16_33_Y_u_cpu_u_alu_add_15_33_g3998/Y            NOR2X6            1  8.5  107   +43    3568 F 
u_cpu_u_alu_sub_16_33_Y_u_cpu_u_alu_add_15_33_g3996/B                                             +0    3568   
u_cpu_u_alu_sub_16_33_Y_u_cpu_u_alu_add_15_33_g3996/Y            NOR2X6            3 13.8  105   +84    3652 R 
u_cpu_u_alu_sub_16_33_Y_u_cpu_u_alu_add_15_33_g3995/B                                             +0    3652   
u_cpu_u_alu_sub_16_33_Y_u_cpu_u_alu_add_15_33_g3995/Y            NOR2X6            2 10.4   66   +63    3715 F 
u_cpu_u_alu_sub_16_33_Y_u_cpu_u_alu_add_15_33_g3991/B                                             +0    3715   
u_cpu_u_alu_sub_16_33_Y_u_cpu_u_alu_add_15_33_g3991/Y            NAND2X4           1 10.0   75   +51    3766 R 
u_cpu_u_alu_sub_16_33_Y_u_cpu_u_alu_add_15_33_g3989/B                                             +0    3767   
u_cpu_u_alu_sub_16_33_Y_u_cpu_u_alu_add_15_33_g3989/Y            NAND2X8           4 19.3  118   +86    3852 F 
u_cpu_u_alu_sub_16_33_Y_u_cpu_u_alu_add_15_33_g3982/B                                             +0    3853   
u_cpu_u_alu_sub_16_33_Y_u_cpu_u_alu_add_15_33_g3982/Y            NAND2X6           2 10.2   69   +64    3916 R 
u_cpu_u_alu_sub_16_33_Y_u_cpu_u_alu_add_15_33_g3979/B                                             +0    3916   
u_cpu_u_alu_sub_16_33_Y_u_cpu_u_alu_add_15_33_g3979/Y            NAND2X2           2  7.6  154  +106    4022 F 
u_cpu_u_alu_sub_16_33_Y_u_cpu_u_alu_add_15_33_g655407/A                                           +0    4022   
u_cpu_u_alu_sub_16_33_Y_u_cpu_u_alu_add_15_33_g655407/Y          INVX1             1  5.5  101  +103    4125 R 
u_cpu_u_alu_sub_16_33_Y_u_cpu_u_alu_add_15_33_g3969/A1                                            +0    4125   
u_cpu_u_alu_sub_16_33_Y_u_cpu_u_alu_add_15_33_g3969/Y            OAI21X2           1  5.1  144  +110    4235 F 
u_cpu_u_alu_sub_16_33_Y_u_cpu_u_alu_add_15_33_g3962/B                                             +0    4235   
u_cpu_u_alu_sub_16_33_Y_u_cpu_u_alu_add_15_33_g3962/Y            XNOR2X2           1  4.8   77  +192    4427 F 
g165976/B                                                                                         +0    4427   
g165976/Y                                                        NAND2X1           1  5.4  105   +76    4503 R 
g655037/C                                                                                         +0    4503   
g655037/Y                                                        NAND3X2           2  7.5  256  +163    4667 F 
g655026/BN                                                                                        +0    4667   
g655026/Y                                                        NAND4BBX4         1  7.1  238  +294    4960 F 
g165557/A                                                                                         +0    4960   
g165557/Y                                                        NOR2X4            1  8.6  110  +129    5089 R 
g165556/A                                                                                         +0    5090   
g165556/Y                                                        NAND2X6           1  6.9   74   +82    5172 F 
g165555/B                                                                                         +0    5172   
g165555/Y                                                        NOR2X4            1  7.1   85   +66    5238 R 
g165554/B0                                                                                        +0    5238   
g165554/Y                                                        AOI2BB1X4         1 10.0   80   +66    5304 F 
g165553/B                                                                                         +0    5304   
g165553/Y                                                        NOR2X8            6 19.5  112   +78    5382 R 
g165550/S0                                                                                        +0    5382   
g165550/Y                                                        CLKMX2X3          3 10.0   88  +218    5600 F 
g655045/A1                                                                                        +0    5600   
g655045/Y                                                        OA21X2            1  6.9   91  +182    5782 F 
u_cpu_add_167_30_Y_u_cpu_add_165_34_Y_u_cpu_add_163_30_g913/B                                     +0    5782   
u_cpu_add_167_30_Y_u_cpu_add_165_34_Y_u_cpu_add_163_30_g913/Y    NOR2X4            2  9.8  103   +81    5864 R 
u_cpu_add_167_30_Y_u_cpu_add_165_34_Y_u_cpu_add_163_30_g911/B                                     +0    5864   
u_cpu_add_167_30_Y_u_cpu_add_165_34_Y_u_cpu_add_163_30_g911/Y    NOR2X4            1  8.5   68   +66    5929 F 
u_cpu_add_167_30_Y_u_cpu_add_165_34_Y_u_cpu_add_163_30_g909/B                                     +0    5929   
u_cpu_add_167_30_Y_u_cpu_add_165_34_Y_u_cpu_add_163_30_g909/Y    NOR2X6            2 10.0   82   +62    5991 R 
u_cpu_add_167_30_Y_u_cpu_add_165_34_Y_u_cpu_add_163_30_g907/B0                                    +0    5991   
u_cpu_add_167_30_Y_u_cpu_add_165_34_Y_u_cpu_add_163_30_g907/Y    AOI2BB1X4         1  6.9   68   +59    6050 F 
u_cpu_add_167_30_Y_u_cpu_add_165_34_Y_u_cpu_add_163_30_g905/B                                     +0    6050   
u_cpu_add_167_30_Y_u_cpu_add_165_34_Y_u_cpu_add_163_30_g905/Y    NOR2X4            2 10.0  104   +74    6124 R 
u_cpu_add_167_30_Y_u_cpu_add_165_34_Y_u_cpu_add_163_30_g903/B0                                    +0    6124   
u_cpu_add_167_30_Y_u_cpu_add_165_34_Y_u_cpu_add_163_30_g903/Y    AOI2BB1X4         1  6.8   67   +67    6191 F 
g655044/B0                                                                                        +0    6191   
g655044/Y                                                        AOI21X4           2  7.7   98   +69    6260 R 
u_cpu_add_167_30_Y_u_cpu_add_165_34_Y_u_cpu_add_163_30_g899/B0                                    +0    6260   
u_cpu_add_167_30_Y_u_cpu_add_165_34_Y_u_cpu_add_163_30_g899/Y    AOI2BB1X1         1  5.5  116   +97    6357 F 
u_cpu_add_167_30_Y_u_cpu_add_165_34_Y_u_cpu_add_163_30_g897/B                                     +0    6357   
u_cpu_add_167_30_Y_u_cpu_add_165_34_Y_u_cpu_add_163_30_g897/Y    NOR2X2            2  7.7  143  +111    6468 R 
g655043/A1N                                                                                       +0    6468   
g655043/Y                                                        AOI2BB1X4         2  8.5   96  +154    6622 R 
u_cpu_add_167_30_Y_u_cpu_add_165_34_Y_u_cpu_add_163_30_g891/B0                                    +0    6623   
u_cpu_add_167_30_Y_u_cpu_add_165_34_Y_u_cpu_add_163_30_g891/Y    AOI2BB1X2         1  8.5  109   +85    6707 F 
u_cpu_add_167_30_Y_u_cpu_add_165_34_Y_u_cpu_add_163_30_g889/B                                     +0    6708   
u_cpu_add_167_30_Y_u_cpu_add_165_34_Y_u_cpu_add_163_30_g889/Y    NOR2X6            2  9.8   83   +75    6782 R 
u_cpu_add_167_30_Y_u_cpu_add_165_34_Y_u_cpu_add_163_30_g887/B                                     +0    6782   
u_cpu_add_167_30_Y_u_cpu_add_165_34_Y_u_cpu_add_163_30_g887/Y    NOR2X4            1  8.5   90   +58    6841 F 
u_cpu_add_167_30_Y_u_cpu_add_165_34_Y_u_cpu_add_163_30_g885/B                                     +0    6841   
u_cpu_add_167_30_Y_u_cpu_add_165_34_Y_u_cpu_add_163_30_g885/Y    NOR2X6            2  9.8   82   +68    6909 R 
u_cpu_add_167_30_Y_u_cpu_add_165_34_Y_u_cpu_add_163_30_g883/B                                     +0    6910   
u_cpu_add_167_30_Y_u_cpu_add_165_34_Y_u_cpu_add_163_30_g883/Y    NOR2X4            1  6.9   84   +54    6964 F 
u_cpu_add_167_30_Y_u_cpu_add_165_34_Y_u_cpu_add_163_30_g881/B                                     +0    6964   
u_cpu_add_167_30_Y_u_cpu_add_165_34_Y_u_cpu_add_163_30_g881/Y    NOR2X4            2 10.0  104   +80    7044 R 
u_cpu_add_167_30_Y_u_cpu_add_165_34_Y_u_cpu_add_163_30_g879/B0                                    +0    7044   
u_cpu_add_167_30_Y_u_cpu_add_165_34_Y_u_cpu_add_163_30_g879/Y    AOI2BB1X4         1  6.9   68   +67    7110 F 
u_cpu_add_167_30_Y_u_cpu_add_165_34_Y_u_cpu_add_163_30_g877/B                                     +0    7110   
u_cpu_add_167_30_Y_u_cpu_add_165_34_Y_u_cpu_add_163_30_g877/Y    NOR2X4            2 10.0  104   +74    7185 R 
u_cpu_add_167_30_Y_u_cpu_add_165_34_Y_u_cpu_add_163_30_g875/B0                                    +0    7185   
u_cpu_add_167_30_Y_u_cpu_add_165_34_Y_u_cpu_add_163_30_g875/Y    AOI2BB1X4         1  6.9   68   +67    7252 F 
u_cpu_add_167_30_Y_u_cpu_add_165_34_Y_u_cpu_add_163_30_g873/B                                     +0    7252   
u_cpu_add_167_30_Y_u_cpu_add_165_34_Y_u_cpu_add_163_30_g873/Y    NOR2X4            2 11.3  114   +79    7331 R 
u_cpu_add_167_30_Y_u_cpu_add_165_34_Y_u_cpu_add_163_30_g871/B                                     +0    7331   
u_cpu_add_167_30_Y_u_cpu_add_165_34_Y_u_cpu_add_163_30_g871/Y    NOR2X6            1  8.5   92   +63    7394 F 
u_cpu_add_167_30_Y_u_cpu_add_165_34_Y_u_cpu_add_163_30_g869/B                                     +0    7395   
u_cpu_add_167_30_Y_u_cpu_add_165_34_Y_u_cpu_add_163_30_g869/Y    NOR2X6            2 10.0   83   +70    7464 R 
u_cpu_add_167_30_Y_u_cpu_add_165_34_Y_u_cpu_add_163_30_g867/B0                                    +0    7464   
u_cpu_add_167_30_Y_u_cpu_add_165_34_Y_u_cpu_add_163_30_g867/Y    AOI2BB1X4         1  8.5   74   +62    7526 F 
u_cpu_add_167_30_Y_u_cpu_add_165_34_Y_u_cpu_add_163_30_g865/B                                     +0    7527   
u_cpu_add_167_30_Y_u_cpu_add_165_34_Y_u_cpu_add_163_30_g865/Y    NOR2X6            2 11.3   89   +67    7594 R 
u_cpu_add_167_30_Y_u_cpu_add_165_34_Y_u_cpu_add_163_30_g863/B                                     +0    7594   
u_cpu_add_167_30_Y_u_cpu_add_165_34_Y_u_cpu_add_163_30_g863/Y    NOR2X6            1  8.5   92   +54    7648 F 
u_cpu_add_167_30_Y_u_cpu_add_165_34_Y_u_cpu_add_163_30_g861/B                                     +0    7648   
u_cpu_add_167_30_Y_u_cpu_add_165_34_Y_u_cpu_add_163_30_g861/Y    NOR2X6            2  9.5   80   +68    7717 R 
u_cpu_add_167_30_Y_u_cpu_add_165_34_Y_u_cpu_add_163_30_g859/B0                                    +0    7717   
u_cpu_add_167_30_Y_u_cpu_add_165_34_Y_u_cpu_add_163_30_g859/Y    AOI2BB1X4         1  8.5   74   +61    7778 F 
u_cpu_add_167_30_Y_u_cpu_add_165_34_Y_u_cpu_add_163_30_g857/B                                     +0    7778   
u_cpu_add_167_30_Y_u_cpu_add_165_34_Y_u_cpu_add_163_30_g857/Y    NOR2X6            2  9.5   80   +62    7841 R 
u_cpu_add_167_30_Y_u_cpu_add_165_34_Y_u_cpu_add_163_30_g855/B0                                    +0    7841   
u_cpu_add_167_30_Y_u_cpu_add_165_34_Y_u_cpu_add_163_30_g855/Y    AOI2BB1X4         1  8.5   74   +61    7902 F 
u_cpu_add_167_30_Y_u_cpu_add_165_34_Y_u_cpu_add_163_30_g853/B                                     +0    7902   
u_cpu_add_167_30_Y_u_cpu_add_165_34_Y_u_cpu_add_163_30_g853/Y    NOR2X6            2  9.3   79   +62    7964 R 
u_cpu_add_167_30_Y_u_cpu_add_165_34_Y_u_cpu_add_163_30_g851/B                                     +0    7964   
u_cpu_add_167_30_Y_u_cpu_add_165_34_Y_u_cpu_add_163_30_g851/Y    NOR2X4            1  6.9   86   +54    8018 F 
u_cpu_add_167_30_Y_u_cpu_add_165_34_Y_u_cpu_add_163_30_g849/B                                     +0    8018   
u_cpu_add_167_30_Y_u_cpu_add_165_34_Y_u_cpu_add_163_30_g849/Y    NOR2X4            2  9.8  103   +79    8097 R 
u_cpu_add_167_30_Y_u_cpu_add_165_34_Y_u_cpu_add_163_30_g848/B                                     +0    8097   
u_cpu_add_167_30_Y_u_cpu_add_165_34_Y_u_cpu_add_163_30_g848/Y    NOR2X4            1  6.9   86   +62    8160 F 
u_cpu_add_167_30_Y_u_cpu_add_165_34_Y_u_cpu_add_163_30_g846/B                                     +0    8160   
u_cpu_add_167_30_Y_u_cpu_add_165_34_Y_u_cpu_add_163_30_g846/Y    NOR2X4            2 10.0  104   +80    8240 R 
u_cpu_add_167_30_Y_u_cpu_add_165_34_Y_u_cpu_add_163_30_g845/B0                                    +0    8240   
u_cpu_add_167_30_Y_u_cpu_add_165_34_Y_u_cpu_add_163_30_g845/Y    AOI2BB1X4         1  6.9   68   +67    8307 F 
u_cpu_add_167_30_Y_u_cpu_add_165_34_Y_u_cpu_add_163_30_g843/B                                     +0    8307   
u_cpu_add_167_30_Y_u_cpu_add_165_34_Y_u_cpu_add_163_30_g843/Y    NOR2X4            2 10.0  104   +74    8381 R 
g655480/B0                                                                                        +0    8382   
g655480/Y                                                        AOI2BB1X4         1  6.9   68   +67    8448 F 
u_cpu_add_167_30_Y_u_cpu_add_165_34_Y_u_cpu_add_163_30_g840/B                                     +0    8448   
u_cpu_add_167_30_Y_u_cpu_add_165_34_Y_u_cpu_add_163_30_g840/Y    NOR2X4            2 11.3  114   +79    8528 R 
u_cpu_add_167_30_Y_u_cpu_add_165_34_Y_u_cpu_add_163_30_g839/B                                     +0    8528   
u_cpu_add_167_30_Y_u_cpu_add_165_34_Y_u_cpu_add_163_30_g839/Y    NOR2X6            1  8.5   92   +63    8591 F 
u_cpu_add_167_30_Y_u_cpu_add_165_34_Y_u_cpu_add_163_30_g837/B                                     +0    8591   
u_cpu_add_167_30_Y_u_cpu_add_165_34_Y_u_cpu_add_163_30_g837/Y    NOR2X6            2 10.0   82   +70    8661 R 
u_cpu_add_167_30_Y_u_cpu_add_165_34_Y_u_cpu_add_163_30_g836/B0                                    +0    8661   
u_cpu_add_167_30_Y_u_cpu_add_165_34_Y_u_cpu_add_163_30_g836/Y    AOI2BB1X4         1  8.5   76   +62    8723 F 
u_cpu_add_167_30_Y_u_cpu_add_165_34_Y_u_cpu_add_163_30_g834/B                                     +0    8723   
u_cpu_add_167_30_Y_u_cpu_add_165_34_Y_u_cpu_add_163_30_g834/Y    NOR2X6            2 10.0   82   +64    8787 R 
u_cpu_add_167_30_Y_u_cpu_add_165_34_Y_u_cpu_add_163_30_g833/B0                                    +0    8787   
u_cpu_add_167_30_Y_u_cpu_add_165_34_Y_u_cpu_add_163_30_g833/Y    AOI2BB1X4         1  8.5   76   +62    8849 F 
u_cpu_add_167_30_Y_u_cpu_add_165_34_Y_u_cpu_add_163_30_g831/B                                     +0    8850   
u_cpu_add_167_30_Y_u_cpu_add_165_34_Y_u_cpu_add_163_30_g831/Y    NOR2X6            2 11.3   89   +68    8917 R 
u_cpu_add_167_30_Y_u_cpu_add_165_34_Y_u_cpu_add_163_30_g830/B                                     +0    8917   
u_cpu_add_167_30_Y_u_cpu_add_165_34_Y_u_cpu_add_163_30_g830/Y    NOR2X6            1  8.5   93   +54    8971 F 
u_cpu_add_167_30_Y_u_cpu_add_165_34_Y_u_cpu_add_163_30_g828/B                                     +0    8972   
u_cpu_add_167_30_Y_u_cpu_add_165_34_Y_u_cpu_add_163_30_g828/Y    NOR2X6            2 10.0   82   +70    9042 R 
u_cpu_add_167_30_Y_u_cpu_add_165_34_Y_u_cpu_add_163_30_g827/B0                                    +0    9042   
u_cpu_add_167_30_Y_u_cpu_add_165_34_Y_u_cpu_add_163_30_g827/Y    AOI2BB1X4         1  8.5   76   +62    9104 F 
u_cpu_add_167_30_Y_u_cpu_add_165_34_Y_u_cpu_add_163_30_g825/B                                     +0    9104   
u_cpu_add_167_30_Y_u_cpu_add_165_34_Y_u_cpu_add_163_30_g825/Y    NOR2X6            2 11.3   89   +68    9171 R 
u_cpu_add_167_30_Y_u_cpu_add_165_34_Y_u_cpu_add_163_30_g824/B                                     +0    9172   
u_cpu_add_167_30_Y_u_cpu_add_165_34_Y_u_cpu_add_163_30_g824/Y    NOR2X6            1  8.5   93   +54    9226 F 
u_cpu_add_167_30_Y_u_cpu_add_165_34_Y_u_cpu_add_163_30_g822/B                                     +0    9226   
u_cpu_add_167_30_Y_u_cpu_add_165_34_Y_u_cpu_add_163_30_g822/Y    NOR2X6            2 10.0   82   +70    9296 R 
u_cpu_add_167_30_Y_u_cpu_add_165_34_Y_u_cpu_add_163_30_g821/B0                                    +0    9296   
u_cpu_add_167_30_Y_u_cpu_add_165_34_Y_u_cpu_add_163_30_g821/Y    AOI2BB1X4         1  8.5   76   +62    9358 F 
u_cpu_add_167_30_Y_u_cpu_add_165_34_Y_u_cpu_add_163_30_g819/B                                     +0    9358   
u_cpu_add_167_30_Y_u_cpu_add_165_34_Y_u_cpu_add_163_30_g819/Y    NOR2X6            2 11.3   89   +68    9426 R 
u_cpu_add_167_30_Y_u_cpu_add_165_34_Y_u_cpu_add_163_30_g818/B                                     +0    9426   
u_cpu_add_167_30_Y_u_cpu_add_165_34_Y_u_cpu_add_163_30_g818/Y    NOR2X6            1  8.5   93   +54    9480 F 
u_cpu_add_167_30_Y_u_cpu_add_165_34_Y_u_cpu_add_163_30_g816/B                                     +0    9480   
u_cpu_add_167_30_Y_u_cpu_add_165_34_Y_u_cpu_add_163_30_g816/Y    NOR2X6            2 10.0   82   +70    9550 R 
g655057/B0                                                                                        +0    9551   
g655057/Y                                                        AOI2BB1X4         1  8.5   76   +62    9612 F 
g655056/A                                                                                         +0    9613   
g655056/Y                                                        NOR2X6            2 10.0   93   +72    9685 R 
u_cpu_add_167_30_Y_u_cpu_add_165_34_Y_u_cpu_add_163_30_g812/B0                                    +0    9685   
u_cpu_add_167_30_Y_u_cpu_add_165_34_Y_u_cpu_add_163_30_g812/Y    AOI2BB1X4         1  6.9   70   +62    9747 F 
u_cpu_add_167_30_Y_u_cpu_add_165_34_Y_u_cpu_add_163_30_g810/B                                     +0    9747   
u_cpu_add_167_30_Y_u_cpu_add_165_34_Y_u_cpu_add_163_30_g810/Y    NOR2X4            1  5.3   70   +57    9805 R 
u_cpu_add_167_30_Y_u_cpu_add_165_34_Y_u_cpu_add_163_30_g809/B                                     +0    9805   
u_cpu_add_167_30_Y_u_cpu_add_165_34_Y_u_cpu_add_163_30_g809/Y    XOR2X4            1  4.8   73  +156    9960 R 
g641353/B                                                                                         +0    9961   
g641353/Y                                                        NAND2X1           1  4.8  186  +124   10085 F 
g653712/B                                                                                         +0   10085   
g653712/Y                                                        NAND2X1           1  4.7  112  +112   10196 R 
u_cpu_pc_reg[31]/D                                               DFFRHQX1                         +0   10196   
u_cpu_pc_reg[31]/CK                                              setup                     100   +98   10294 R 
- - - - - - - - - - - - - - - - - - - - - - - - - - - - - - - - - - - - - - - - - - - - - - - - - - - - - - - -
(clock clk)                                                      capture                               10000 R 
                                                                 latency                        +500   10500 R 
                                                                 uncertainty                    -200   10300 R 
---------------------------------------------------------------------------------------------------------------
Cost Group   : 'clk' (path_group 'clk')
Timing slack :       6ps 
Start-point  : u_cpu_ir_reg[4]/CK
End-point    : u_cpu_pc_reg[31]/D

path  20:

                             Pin                                   Type       Fanout Load Slew Delay Arrival   
                                                                                     (fF) (ps)  (ps)   (ps)    
---------------------------------------------------------------------------------------------------------------
(clock clk)                                                      launch                                    0 R 
                                                                 latency                        +500     500 R 
u_cpu_ir_reg[6]/CK                                                                         100    +0     500 R 
u_cpu_ir_reg[6]/Q                                                SDFFRX2           9 26.8  231  +422     922 R 
g655025/A1N                                                                                       +0     922   
g655025/Y                                                        AOI2BB1X2         3 10.8  189  +239    1162 R 
g655023/AN                                                                                        +0    1162   
g655023/Y                                                        NOR3BX4           4 17.8  258  +280    1442 R 
g655055/A1                                                                                        +0    1442   
g655055/Y                                                        AOI21X4           1  7.0  124  +148    1590 F 
g655054/B0                                                                                        +0    1590   
g655054/Y                                                        OAI2BB1X4         3 24.1  129  +100    1691 R 
u_cpu_u_alu_srl_21_33_g2998/A                                                                     +0    1691   
u_cpu_u_alu_srl_21_33_g2998/Y                                    CLKINVX20        20 80.8   89   +90    1781 F 
u_cpu_u_alu_srl_21_33_g2991/A                                                                     +0    1781   
u_cpu_u_alu_srl_21_33_g2991/Y                                    CLKINVX12        16 51.2   78   +70    1851 R 
u_cpu_u_alu_srl_21_33_g2954/S0                                                                    +0    1851   
u_cpu_u_alu_srl_21_33_g2954/Y                                    MX2XL             2  7.0  228  +266    2116 F 
u_cpu_u_alu_srl_21_33_g2918/B                                                                     +0    2117   
u_cpu_u_alu_srl_21_33_g2918/Y                                    MX2XL             2  6.9  225  +279    2396 F 
u_cpu_u_alu_srl_21_33_g2868/B                                                                     +0    2396   
u_cpu_u_alu_srl_21_33_g2868/Y                                    CLKMX2X2          2  6.9   92  +237    2633 F 
g654904/B                                                                                         +0    2633   
g654904/Y                                                        MXI2XL            1  4.7  311  +191    2823 R 
u_cpu_u_alu_srl_21_33_g2828/A1                                                                    +0    2823   
u_cpu_u_alu_srl_21_33_g2828/Y                                    OAI22X1           1  5.4  261  +248    3072 F 
g165740/B1                                                                                        +0    3072   
g165740/Y                                                        AOI22X2           1  7.1  193  +164    3236 R 
g165988/A                                                                                         +0    3236   
g165988/Y                                                        NAND2X4           3 10.9  128  +135    3371 F 
g165581/B                                                                                         +0    3371   
g165581/Y                                                        NOR2X2            1  7.1  135  +110    3481 R 
g165578/A                                                                                         +0    3481   
g165578/Y                                                        NAND2X4           1  5.4   78   +93    3574 F 
g655030/C                                                                                         +0    3574   
g655030/Y                                                        NOR4BX2           1  7.0  312  +203    3777 R 
g655029/C                                                                                         +0    3777   
g655029/Y                                                        NAND4BX4          1  6.7  252  +242    4019 F 
g655028/B                                                                                         +0    4019   
g655028/Y                                                        NOR4BX4           1  6.8  221  +213    4232 R 
g655027/B                                                                                         +0    4232   
g655027/Y                                                        NAND4BX4          1  7.3  248  +235    4468 F 
g165561/A                                                                                         +0    4468   
g165561/Y                                                        NOR3X4            1  7.1  150  +164    4632 R 
g655403/A                                                                                         +0    4632   
g655403/Y                                                        NAND2X4           1  6.9  103  +104    4736 F 
g165559/B                                                                                         +0    4736   
g165559/Y                                                        NOR2X4            1  6.8  103   +74    4810 R 
g655026/D                                                                                         +0    4810   
g655026/Y                                                        NAND4BBX4         1  7.1  238  +150    4960 F 
g165557/A                                                                                         +0    4960   
g165557/Y                                                        NOR2X4            1  8.6  110  +129    5089 R 
g165556/A                                                                                         +0    5089   
g165556/Y                                                        NAND2X6           1  6.9   74   +82    5172 F 
g165555/B                                                                                         +0    5172   
g165555/Y                                                        NOR2X4            1  7.1   85   +66    5237 R 
g165554/B0                                                                                        +0    5238   
g165554/Y                                                        AOI2BB1X4         1 10.0   80   +66    5304 F 
g165553/B                                                                                         +0    5304   
g165553/Y                                                        NOR2X8            6 19.5  112   +78    5381 R 
g165550/S0                                                                                        +0    5381   
g165550/Y                                                        CLKMX2X3          3 10.0   88  +218    5600 F 
g655045/A1                                                                                        +0    5600   
g655045/Y                                                        OA21X2            1  6.9   91  +182    5782 F 
u_cpu_add_167_30_Y_u_cpu_add_165_34_Y_u_cpu_add_163_30_g913/B                                     +0    5782   
u_cpu_add_167_30_Y_u_cpu_add_165_34_Y_u_cpu_add_163_30_g913/Y    NOR2X4            2  9.8  103   +81    5863 R 
u_cpu_add_167_30_Y_u_cpu_add_165_34_Y_u_cpu_add_163_30_g911/B                                     +0    5863   
u_cpu_add_167_30_Y_u_cpu_add_165_34_Y_u_cpu_add_163_30_g911/Y    NOR2X4            1  8.5   68   +66    5929 F 
u_cpu_add_167_30_Y_u_cpu_add_165_34_Y_u_cpu_add_163_30_g909/B                                     +0    5929   
u_cpu_add_167_30_Y_u_cpu_add_165_34_Y_u_cpu_add_163_30_g909/Y    NOR2X6            2 10.0   82   +62    5991 R 
u_cpu_add_167_30_Y_u_cpu_add_165_34_Y_u_cpu_add_163_30_g907/B0                                    +0    5991   
u_cpu_add_167_30_Y_u_cpu_add_165_34_Y_u_cpu_add_163_30_g907/Y    AOI2BB1X4         1  6.9   68   +59    6050 F 
u_cpu_add_167_30_Y_u_cpu_add_165_34_Y_u_cpu_add_163_30_g905/B                                     +0    6050   
u_cpu_add_167_30_Y_u_cpu_add_165_34_Y_u_cpu_add_163_30_g905/Y    NOR2X4            2 10.0  104   +74    6124 R 
u_cpu_add_167_30_Y_u_cpu_add_165_34_Y_u_cpu_add_163_30_g903/B0                                    +0    6124   
u_cpu_add_167_30_Y_u_cpu_add_165_34_Y_u_cpu_add_163_30_g903/Y    AOI2BB1X4         1  6.8   67   +67    6191 F 
g655044/B0                                                                                        +0    6191   
g655044/Y                                                        AOI21X4           2  7.7   98   +69    6260 R 
u_cpu_add_167_30_Y_u_cpu_add_165_34_Y_u_cpu_add_163_30_g899/B0                                    +0    6260   
u_cpu_add_167_30_Y_u_cpu_add_165_34_Y_u_cpu_add_163_30_g899/Y    AOI2BB1X1         1  5.5  116   +97    6357 F 
u_cpu_add_167_30_Y_u_cpu_add_165_34_Y_u_cpu_add_163_30_g897/B                                     +0    6357   
u_cpu_add_167_30_Y_u_cpu_add_165_34_Y_u_cpu_add_163_30_g897/Y    NOR2X2            2  7.7  143  +111    6468 R 
g655043/A1N                                                                                       +0    6468   
g655043/Y                                                        AOI2BB1X4         2  8.5   96  +154    6622 R 
u_cpu_add_167_30_Y_u_cpu_add_165_34_Y_u_cpu_add_163_30_g891/B0                                    +0    6622   
u_cpu_add_167_30_Y_u_cpu_add_165_34_Y_u_cpu_add_163_30_g891/Y    AOI2BB1X2         1  8.5  109   +85    6707 F 
u_cpu_add_167_30_Y_u_cpu_add_165_34_Y_u_cpu_add_163_30_g889/B                                     +0    6707   
u_cpu_add_167_30_Y_u_cpu_add_165_34_Y_u_cpu_add_163_30_g889/Y    NOR2X6            2  9.8   83   +75    6782 R 
u_cpu_add_167_30_Y_u_cpu_add_165_34_Y_u_cpu_add_163_30_g887/B                                     +0    6782   
u_cpu_add_167_30_Y_u_cpu_add_165_34_Y_u_cpu_add_163_30_g887/Y    NOR2X4            1  8.5   90   +58    6840 F 
u_cpu_add_167_30_Y_u_cpu_add_165_34_Y_u_cpu_add_163_30_g885/B                                     +0    6841   
u_cpu_add_167_30_Y_u_cpu_add_165_34_Y_u_cpu_add_163_30_g885/Y    NOR2X6            2  9.8   82   +68    6909 R 
u_cpu_add_167_30_Y_u_cpu_add_165_34_Y_u_cpu_add_163_30_g883/B                                     +0    6909   
u_cpu_add_167_30_Y_u_cpu_add_165_34_Y_u_cpu_add_163_30_g883/Y    NOR2X4            1  6.9   84   +54    6964 F 
u_cpu_add_167_30_Y_u_cpu_add_165_34_Y_u_cpu_add_163_30_g881/B                                     +0    6964   
u_cpu_add_167_30_Y_u_cpu_add_165_34_Y_u_cpu_add_163_30_g881/Y    NOR2X4            2 10.0  104   +80    7043 R 
u_cpu_add_167_30_Y_u_cpu_add_165_34_Y_u_cpu_add_163_30_g879/B0                                    +0    7043   
u_cpu_add_167_30_Y_u_cpu_add_165_34_Y_u_cpu_add_163_30_g879/Y    AOI2BB1X4         1  6.9   68   +67    7110 F 
u_cpu_add_167_30_Y_u_cpu_add_165_34_Y_u_cpu_add_163_30_g877/B                                     +0    7110   
u_cpu_add_167_30_Y_u_cpu_add_165_34_Y_u_cpu_add_163_30_g877/Y    NOR2X4            2 10.0  104   +74    7185 R 
u_cpu_add_167_30_Y_u_cpu_add_165_34_Y_u_cpu_add_163_30_g875/B0                                    +0    7185   
u_cpu_add_167_30_Y_u_cpu_add_165_34_Y_u_cpu_add_163_30_g875/Y    AOI2BB1X4         1  6.9   68   +67    7252 F 
u_cpu_add_167_30_Y_u_cpu_add_165_34_Y_u_cpu_add_163_30_g873/B                                     +0    7252   
u_cpu_add_167_30_Y_u_cpu_add_165_34_Y_u_cpu_add_163_30_g873/Y    NOR2X4            2 11.3  114   +79    7331 R 
u_cpu_add_167_30_Y_u_cpu_add_165_34_Y_u_cpu_add_163_30_g871/B                                     +0    7331   
u_cpu_add_167_30_Y_u_cpu_add_165_34_Y_u_cpu_add_163_30_g871/Y    NOR2X6            1  8.5   92   +63    7394 F 
u_cpu_add_167_30_Y_u_cpu_add_165_34_Y_u_cpu_add_163_30_g869/B                                     +0    7394   
u_cpu_add_167_30_Y_u_cpu_add_165_34_Y_u_cpu_add_163_30_g869/Y    NOR2X6            2 10.0   83   +70    7464 R 
u_cpu_add_167_30_Y_u_cpu_add_165_34_Y_u_cpu_add_163_30_g867/B0                                    +0    7464   
u_cpu_add_167_30_Y_u_cpu_add_165_34_Y_u_cpu_add_163_30_g867/Y    AOI2BB1X4         1  8.5   74   +62    7526 F 
u_cpu_add_167_30_Y_u_cpu_add_165_34_Y_u_cpu_add_163_30_g865/B                                     +0    7526   
u_cpu_add_167_30_Y_u_cpu_add_165_34_Y_u_cpu_add_163_30_g865/Y    NOR2X6            2 11.3   89   +67    7594 R 
u_cpu_add_167_30_Y_u_cpu_add_165_34_Y_u_cpu_add_163_30_g863/B                                     +0    7594   
u_cpu_add_167_30_Y_u_cpu_add_165_34_Y_u_cpu_add_163_30_g863/Y    NOR2X6            1  8.5   92   +54    7648 F 
u_cpu_add_167_30_Y_u_cpu_add_165_34_Y_u_cpu_add_163_30_g861/B                                     +0    7648   
u_cpu_add_167_30_Y_u_cpu_add_165_34_Y_u_cpu_add_163_30_g861/Y    NOR2X6            2  9.5   80   +68    7717 R 
u_cpu_add_167_30_Y_u_cpu_add_165_34_Y_u_cpu_add_163_30_g859/B0                                    +0    7717   
u_cpu_add_167_30_Y_u_cpu_add_165_34_Y_u_cpu_add_163_30_g859/Y    AOI2BB1X4         1  8.5   74   +61    7778 F 
u_cpu_add_167_30_Y_u_cpu_add_165_34_Y_u_cpu_add_163_30_g857/B                                     +0    7778   
u_cpu_add_167_30_Y_u_cpu_add_165_34_Y_u_cpu_add_163_30_g857/Y    NOR2X6            2  9.5   80   +62    7840 R 
u_cpu_add_167_30_Y_u_cpu_add_165_34_Y_u_cpu_add_163_30_g855/B0                                    +0    7841   
u_cpu_add_167_30_Y_u_cpu_add_165_34_Y_u_cpu_add_163_30_g855/Y    AOI2BB1X4         1  8.5   74   +61    7902 F 
u_cpu_add_167_30_Y_u_cpu_add_165_34_Y_u_cpu_add_163_30_g853/B                                     +0    7902   
u_cpu_add_167_30_Y_u_cpu_add_165_34_Y_u_cpu_add_163_30_g853/Y    NOR2X6            2  9.3   79   +62    7964 R 
u_cpu_add_167_30_Y_u_cpu_add_165_34_Y_u_cpu_add_163_30_g851/B                                     +0    7964   
u_cpu_add_167_30_Y_u_cpu_add_165_34_Y_u_cpu_add_163_30_g851/Y    NOR2X4            1  6.9   86   +54    8018 F 
u_cpu_add_167_30_Y_u_cpu_add_165_34_Y_u_cpu_add_163_30_g849/B                                     +0    8018   
u_cpu_add_167_30_Y_u_cpu_add_165_34_Y_u_cpu_add_163_30_g849/Y    NOR2X4            2  9.8  103   +79    8097 R 
u_cpu_add_167_30_Y_u_cpu_add_165_34_Y_u_cpu_add_163_30_g848/B                                     +0    8097   
u_cpu_add_167_30_Y_u_cpu_add_165_34_Y_u_cpu_add_163_30_g848/Y    NOR2X4            1  6.9   86   +62    8159 F 
u_cpu_add_167_30_Y_u_cpu_add_165_34_Y_u_cpu_add_163_30_g846/B                                     +0    8160   
u_cpu_add_167_30_Y_u_cpu_add_165_34_Y_u_cpu_add_163_30_g846/Y    NOR2X4            2 10.0  104   +80    8240 R 
u_cpu_add_167_30_Y_u_cpu_add_165_34_Y_u_cpu_add_163_30_g845/B0                                    +0    8240   
u_cpu_add_167_30_Y_u_cpu_add_165_34_Y_u_cpu_add_163_30_g845/Y    AOI2BB1X4         1  6.9   68   +67    8307 F 
u_cpu_add_167_30_Y_u_cpu_add_165_34_Y_u_cpu_add_163_30_g843/B                                     +0    8307   
u_cpu_add_167_30_Y_u_cpu_add_165_34_Y_u_cpu_add_163_30_g843/Y    NOR2X4            2 10.0  104   +74    8381 R 
g655480/B0                                                                                        +0    8381   
g655480/Y                                                        AOI2BB1X4         1  6.9   68   +67    8448 F 
u_cpu_add_167_30_Y_u_cpu_add_165_34_Y_u_cpu_add_163_30_g840/B                                     +0    8448   
u_cpu_add_167_30_Y_u_cpu_add_165_34_Y_u_cpu_add_163_30_g840/Y    NOR2X4            2 11.3  114   +79    8528 R 
u_cpu_add_167_30_Y_u_cpu_add_165_34_Y_u_cpu_add_163_30_g839/B                                     +0    8528   
u_cpu_add_167_30_Y_u_cpu_add_165_34_Y_u_cpu_add_163_30_g839/Y    NOR2X6            1  8.5   92   +63    8591 F 
u_cpu_add_167_30_Y_u_cpu_add_165_34_Y_u_cpu_add_163_30_g837/B                                     +0    8591   
u_cpu_add_167_30_Y_u_cpu_add_165_34_Y_u_cpu_add_163_30_g837/Y    NOR2X6            2 10.0   82   +70    8661 R 
u_cpu_add_167_30_Y_u_cpu_add_165_34_Y_u_cpu_add_163_30_g836/B0                                    +0    8661   
u_cpu_add_167_30_Y_u_cpu_add_165_34_Y_u_cpu_add_163_30_g836/Y    AOI2BB1X4         1  8.5   76   +62    8723 F 
u_cpu_add_167_30_Y_u_cpu_add_165_34_Y_u_cpu_add_163_30_g834/B                                     +0    8723   
u_cpu_add_167_30_Y_u_cpu_add_165_34_Y_u_cpu_add_163_30_g834/Y    NOR2X6            2 10.0   82   +64    8787 R 
u_cpu_add_167_30_Y_u_cpu_add_165_34_Y_u_cpu_add_163_30_g833/B0                                    +0    8787   
u_cpu_add_167_30_Y_u_cpu_add_165_34_Y_u_cpu_add_163_30_g833/Y    AOI2BB1X4         1  8.5   76   +62    8849 F 
u_cpu_add_167_30_Y_u_cpu_add_165_34_Y_u_cpu_add_163_30_g831/B                                     +0    8849   
u_cpu_add_167_30_Y_u_cpu_add_165_34_Y_u_cpu_add_163_30_g831/Y    NOR2X6            2 11.3   89   +68    8917 R 
u_cpu_add_167_30_Y_u_cpu_add_165_34_Y_u_cpu_add_163_30_g830/B                                     +0    8917   
u_cpu_add_167_30_Y_u_cpu_add_165_34_Y_u_cpu_add_163_30_g830/Y    NOR2X6            1  8.5   93   +54    8971 F 
u_cpu_add_167_30_Y_u_cpu_add_165_34_Y_u_cpu_add_163_30_g828/B                                     +0    8971   
u_cpu_add_167_30_Y_u_cpu_add_165_34_Y_u_cpu_add_163_30_g828/Y    NOR2X6            2 10.0   82   +70    9042 R 
u_cpu_add_167_30_Y_u_cpu_add_165_34_Y_u_cpu_add_163_30_g827/B0                                    +0    9042   
u_cpu_add_167_30_Y_u_cpu_add_165_34_Y_u_cpu_add_163_30_g827/Y    AOI2BB1X4         1  8.5   76   +62    9104 F 
u_cpu_add_167_30_Y_u_cpu_add_165_34_Y_u_cpu_add_163_30_g825/B                                     +0    9104   
u_cpu_add_167_30_Y_u_cpu_add_165_34_Y_u_cpu_add_163_30_g825/Y    NOR2X6            2 11.3   89   +68    9171 R 
u_cpu_add_167_30_Y_u_cpu_add_165_34_Y_u_cpu_add_163_30_g824/B                                     +0    9171   
u_cpu_add_167_30_Y_u_cpu_add_165_34_Y_u_cpu_add_163_30_g824/Y    NOR2X6            1  8.5   93   +54    9226 F 
u_cpu_add_167_30_Y_u_cpu_add_165_34_Y_u_cpu_add_163_30_g822/B                                     +0    9226   
u_cpu_add_167_30_Y_u_cpu_add_165_34_Y_u_cpu_add_163_30_g822/Y    NOR2X6            2 10.0   82   +70    9296 R 
u_cpu_add_167_30_Y_u_cpu_add_165_34_Y_u_cpu_add_163_30_g821/B0                                    +0    9296   
u_cpu_add_167_30_Y_u_cpu_add_165_34_Y_u_cpu_add_163_30_g821/Y    AOI2BB1X4         1  8.5   76   +62    9358 F 
u_cpu_add_167_30_Y_u_cpu_add_165_34_Y_u_cpu_add_163_30_g819/B                                     +0    9358   
u_cpu_add_167_30_Y_u_cpu_add_165_34_Y_u_cpu_add_163_30_g819/Y    NOR2X6            2 11.3   89   +68    9426 R 
u_cpu_add_167_30_Y_u_cpu_add_165_34_Y_u_cpu_add_163_30_g818/B                                     +0    9426   
u_cpu_add_167_30_Y_u_cpu_add_165_34_Y_u_cpu_add_163_30_g818/Y    NOR2X6            1  8.5   93   +54    9480 F 
u_cpu_add_167_30_Y_u_cpu_add_165_34_Y_u_cpu_add_163_30_g816/B                                     +0    9480   
u_cpu_add_167_30_Y_u_cpu_add_165_34_Y_u_cpu_add_163_30_g816/Y    NOR2X6            2 10.0   82   +70    9550 R 
g655057/B0                                                                                        +0    9550   
g655057/Y                                                        AOI2BB1X4         1  8.5   76   +62    9612 F 
g655056/A                                                                                         +0    9612   
g655056/Y                                                        NOR2X6            2 10.0   93   +72    9684 R 
u_cpu_add_167_30_Y_u_cpu_add_165_34_Y_u_cpu_add_163_30_g812/B0                                    +0    9685   
u_cpu_add_167_30_Y_u_cpu_add_165_34_Y_u_cpu_add_163_30_g812/Y    AOI2BB1X4         1  6.9   70   +62    9747 F 
u_cpu_add_167_30_Y_u_cpu_add_165_34_Y_u_cpu_add_163_30_g810/B                                     +0    9747   
u_cpu_add_167_30_Y_u_cpu_add_165_34_Y_u_cpu_add_163_30_g810/Y    NOR2X4            1  5.3   70   +57    9804 R 
u_cpu_add_167_30_Y_u_cpu_add_165_34_Y_u_cpu_add_163_30_g809/B                                     +0    9805   
u_cpu_add_167_30_Y_u_cpu_add_165_34_Y_u_cpu_add_163_30_g809/Y    XOR2X4            1  4.8   73  +156    9960 R 
g641353/B                                                                                         +0    9960   
g641353/Y                                                        NAND2X1           1  4.8  186  +124   10085 F 
g653712/B                                                                                         +0   10085   
g653712/Y                                                        NAND2X1           1  4.7  112  +112   10196 R 
u_cpu_pc_reg[31]/D                                               DFFRHQX1                         +0   10196   
u_cpu_pc_reg[31]/CK                                              setup                     100   +98   10294 R 
- - - - - - - - - - - - - - - - - - - - - - - - - - - - - - - - - - - - - - - - - - - - - - - - - - - - - - - -
(clock clk)                                                      capture                               10000 R 
                                                                 latency                        +500   10500 R 
                                                                 uncertainty                    -200   10300 R 
---------------------------------------------------------------------------------------------------------------
Cost Group   : 'clk' (path_group 'clk')
Timing slack :       6ps 
Start-point  : u_cpu_ir_reg[6]/CK
End-point    : u_cpu_pc_reg[31]/D

